0,0,0,0,0,0,0,0,0,0,0,1.5708,25,24.9964,-5.51751e-21,5.5183e-21
0.000157641,-1.11672e-09,2.73584e-06,-8.05645e-09,3.05318e-06,2.21773e-09,2.58948e-11,3.94385e-06,7.38329e-08,-2.58786e-10,7.91382e-08,1.5708,25,24.9962,2.66547e-21,-2.66587e-21
0.000511654,-4.29632e-09,7.56196e-06,-1.14124e-08,9.24489e-06,6.61206e-09,1.60719e-10,2.06826e-05,3.43437e-07,-7.76726e-10,3.9286e-07,1.5708,25,25.0024,-6.90297e-23,6.90231e-23
0.0009923,-5.58252e-09,1.17206e-05,1.93049e-08,1.64295e-05,5.30769e-09,4.16275e-10,5.829e-05,8.41273e-07,-3.71167e-10,1.04298e-06,1.5708,25,25.0024,-4.6344e-23,4.63396e-23
0.00154238,-3.51853e-09,1.3496e-05,1.6516e-08,2.30748e-05,3.14831e-09,6.43196e-10,0.000121667,1.48783e-06,5.21683e-10,2.03945e-06,1.5708,25,25.0038,-1.11079e-22,1.11062e-22
0.00212775,9.16491e-10,1.23542e-05,7.35432e-09,2.84279e-05,-1.44058e-09,7.05151e-10,0.00021343,2.14812e-06,1.06819e-09,3.33551e-06,1.5708,24.9999,25.0031,2.77524e-21,-2.77489e-21
0.00272998,5.77226e-09,8.57287e-06,-1.59754e-09,3.22585e-05,-6.7215e-09,5.34443e-10,0.000334884,2.68161e-06,1.15533e-09,4.86021e-06,1.5708,24.9999,24.9954,-2.73312e-21,2.73361e-21
0.00333944,5.53316e-09,2.88338e-06,-3.59405e-08,3.46289e-05,-3.17068e-09,2.41987e-10,0.000486629,2.97381e-06,-2.87228e-11,6.53871e-06,1.5708,24.9998,24.9958,3.94963e-23,-3.95028e-23
0.00395136,5.57026e-10,-3.79637e-06,-1.74398e-08,3.57458e-05,1.10759e-09,9.47592e-11,0.000668909,2.95212e-06,-1.26373e-09,8.30309e-06,1.5708,24.9998,25.0012,-1.3624e-23,1.36233e-23
0.00456344,-2.16133e-09,-1.05564e-05,2.80573e-08,3.58635e-05,-1.11065e-11,1.47687e-10,0.000881788,2.59015e-06,-6.90365e-10,1.00971e-05,1.5708,24.9997,25.0041,-4.2553e-23,4.25455e-23
0.00517451,9.4211e-10,-1.66214e-05,3.08036e-08,3.52269e-05,-4.14512e-09,1.79165e-10,0.00112525,1.90393e-06,8.25646e-10,1.18772e-05,1.5708,24.9996,24.9985,-6.63032e-22,6.6306e-22
0.0057839,3.63718e-09,-2.14217e-05,-2.02316e-08,3.40419e-05,-2.4903e-09,5.06576e-11,0.00139922,9.43331e-07,7.54413e-10,1.36109e-05,1.5708,24.9994,24.9945,4.75214e-23,-4.75308e-23
0.00639131,4.95305e-10,-2.46147e-05,-3.63179e-08,3.24682e-05,2.97825e-09,-5.72451e-11,0.00170361,-2.18981e-07,-7.91775e-10,1.5275e-05,1.5708,24.9993,24.9983,-9.83289e-24,9.83329e-24
0.0069967,-3.97974e-09,-2.60783e-05,9.15348e-09,3.06189e-05,4.08672e-09,4.24206e-11,0.00203831,-1.49878e-06,-1.17991e-09,1.68532e-05,1.5708,24.9991,24.9997,5.12192e-24,-5.12181e-24
0.00760002,-5.2391e-09,-2.58835e-05,2.28663e-08,2.85631e-05,4.43569e-09,2.77273e-10,0.00240324,-2.81072e-06,-2.73949e-10,1.83335e-05,1.5708,24.999,24.9975,-1.39234e-23,1.39242e-23
0.0082012,-5.48299e-09,-2.42488e-05,-4.72034e-09,2.63377e-05,7.66119e-09,5.38153e-10,0.00279828,-4.07691e-06,3.66294e-12,1.97067e-05,1.5708,24.9988,24.9964,-4.60041e-23,4.60085e-23
0.00880023,-7.53382e-09,-2.14865e-05,-1.39757e-08,2.39602e-05,1.13502e-08,8.60837e-10,0.00322333,-5.23289e-06,-5.33878e-10,2.09648e-05,1.5708,24.9986,24.9939,-1.80303e-22,1.80336e-22
0.00939709,-1.22967e-08,-1.7954e-05,-1.2934e-08,2.14389e-05,1.75068e-08,1.35678e-09,0.00367827,-6.23115e-06,-1.21191e-09,2.21003e-05,1.5708,24.9984,24.9945,-1.11694e-22,1.11711e-22
0.00999181,-1.78737e-08,-1.40085e-05,9.24659e-10,1.87836e-05,2.35616e-08,2.11462e-09,0.004163,-7.0422e-06,-1.42545e-09,2.31064e-05,1.5708,24.9982,24.9968,2.70742e-23,-2.70757e-23
0.0105844,-2.14376e-08,-9.97379e-06,1.46126e-08,1.60105e-05,2.72584e-08,3.10032e-09,0.00467741,-7.65366e-06,-9.39165e-10,2.39767e-05,1.5708,24.9979,25,-1.9961e-23,1.99593e-23
0.011175,-2.08973e-08,-6.11701e-06,2.19675e-08,1.3146e-05,2.65032e-08,4.15854e-09,0.00522141,-8.06799e-06,4.0546e-11,2.47059e-05,1.5708,24.9977,25.001,9.6267e-23,-9.62542e-23
0.0117635,-1.68465e-08,-2.63682e-06,1.33552e-08,1.02267e-05,2.28821e-08,5.09601e-09,0.00579488,-8.29932e-06,8.82042e-10,2.52904e-05,1.5708,24.9974,24.9972,1.48199e-24,-1.482e-24
0.0123499,-1.36092e-08,3.3963e-07,-1.40837e-08,7.29823e-06,2.20434e-08,5.84492e-09,0.00639773,-8.36991e-06,6.80729e-10,2.57284e-05,1.5708,24.9971,24.994,-3.01482e-23,3.0152e-23
0.0129342,-1.43466e-08,2.75368e-06,-2.32584e-08,4.4144e-06,2.43103e-08,6.5355e-09,0.00702984,-8.30658e-06,-3.3054e-10,2.60209e-05,1.5708,24.9968,24.9926,3.95607e-23,-3.95673e-23
0.0135164,-1.83281e-08,4.60417e-06,-1.09477e-08,1.6333e-06,2.85602e-08,7.3495e-09,0.00769111,-8.13764e-06,-1.11897e-09,2.61716e-05,1.5708,24.9965,24.9974,-9.19125e-24,9.19091e-24
0.0140966,-2.00525e-08,5.934e-06,2.35793e-08,-9.86326e-07,2.78592e-08,8.31115e-09,0.00838145,-7.89023e-06,-5.6744e-10,2.6187e-05,1.5708,24.9962,24.9966,-4.10189e-24,4.10182e-24
0.0146749,-1.87812e-08,6.81149e-06,1.18296e-08,-3.39288e-06,2.804e-08,9.27022e-09,0.00910074,-7.58869e-06,2.55111e-10,2.60765e-05,1.5708,24.9958,25.0002,-4.26615e-23,4.2654e-23
0.0152511,-1.43691e-08,7.32072e-06,1.43197e-08,-5.54107e-06,2.27845e-08,1.00887e-08,0.0098489,-7.25346e-06,9.37328e-10,2.5852e-05,1.5708,24.9954,24.9929,-2.47467e-23,2.47493e-23
0.0158253,-1.22913e-08,7.54507e-06,-2.40607e-08,-7.399e-06,2.44257e-08,1.07327e-08,0.0106258,-6.90077e-06,4.33652e-10,2.55272e-05,1.5708,24.9951,24.9904,4.53466e-23,-4.53551e-23
0.0163975,-1.53139e-08,7.56443e-06,-2.71598e-08,-8.94347e-06,2.89338e-08,1.14086e-08,0.0114314,-6.54274e-06,-8.90353e-10,2.51173e-05,1.5708,24.9947,24.9919,-5.52185e-23,5.52248e-23
0.0169677,-1.98722e-08,7.44695e-06,4.01374e-09,-1.01622e-05,3.20571e-08,1.22823e-08,0.0122655,-6.18775e-06,-1.27162e-09,2.46383e-05,1.5708,24.9943,24.994,2.46632e-24,-2.46635e-24
0.017536,-2.16847e-08,7.24438e-06,2.06035e-08,-1.10551e-05,3.33023e-08,1.33098e-08,0.0131281,-5.84122e-06,-5.34823e-10,2.41066e-05,1.5708,24.9939,24.9906,-3.16714e-23,3.16755e-23
0.0181022,-2.30477e-08,6.99057e-06,-7.18685e-09,-1.1634e-05,3.84638e-08,1.44026e-08,0.0140191,-5.5064e-06,-3.78985e-10,2.35381e-05,1.5708,24.9934,24.9918,0,0
0.0186666,-2.49548e-08,6.70665e-06,-3.66416e-09,-1.19176e-05,4.12278e-08,1.55827e-08,0.0149383,-5.18523e-06,-6.31703e-10,2.29481e-05,1.5708,24.993,24.9901,8.32711e-23,-8.32806e-23
0.0192289,-2.74177e-08,6.40083e-06,-1.7681e-09,-1.19325e-05,4.49154e-08,1.68693e-08,0.0158857,-4.87892e-06,-7.5746e-10,2.23508e-05,1.5708,24.9925,24.9967,0,0
0.0197894,-2.56435e-08,6.07516e-06,3.13346e-08,-1.17077e-05,4.02014e-08,1.81783e-08,0.0168612,-4.58843e-06,2.1569e-10,2.17589e-05,1.5708,24.9921,24.9893,2.69751e-23,-2.69781e-23
0.0203479,-2.37991e-08,5.72228e-06,-1.33147e-08,-1.12796e-05,4.3105e-08,1.9373e-08,0.0178646,-4.31492e-06,3.76425e-10,2.11834e-05,1.5708,24.9916,24.9869,-4.53535e-23,4.5362e-23
0.0209044,-2.62025e-08,5.3367e-06,-2.82913e-08,-1.0683e-05,4.8362e-08,2.05865e-08,0.0188959,-4.05986e-06,-7.82176e-10,2.06337e-05,1.5708,24.9911,24.9957,4.52092e-23,-4.52008e-23
0.021459,-2.55845e-08,4.9165e-06,3.61008e-08,-9.94922e-06,4.19465e-08,2.18625e-08,0.019955,-3.82495e-06,-1.53909e-10,2.01174e-05,1.5708,24.9906,24.9887,7.21799e-23,-7.21853e-23
0.0220116,-2.32477e-08,4.4567e-06,-3.18979e-10,-9.11432e-06,4.34012e-08,2.30347e-08,0.0210418,-3.61206e-06,5.13641e-10,1.96404e-05,1.5708,24.99,24.9917,5.0135e-23,-5.01315e-23
0.0225623,-2.05886e-08,3.96056e-06,-1.85413e-09,-8.2077e-06,4.08917e-08,2.40871e-08,0.0221562,-3.42313e-06,4.48318e-10,1.92072e-05,1.5708,24.9895,24.9935,-3.93727e-23,3.93663e-23
0.023111,-1.60197e-08,3.43406e-06,1.5252e-08,-7.25723e-06,3.4023e-08,2.49603e-08,0.023298,-3.25986e-06,9.03643e-10,1.88204e-05,1.5708,24.9889,24.991,1.98055e-23,-1.98039e-23
0.0236578,-1.06257e-08,2.88552e-06,1.61027e-10,-6.28907e-06,2.91844e-08,2.55726e-08,0.0244672,-3.12361e-06,1.19552e-09,1.84817e-05,1.5708,24.9884,24.9902,-1.75932e-23,1.75919e-23
0.0242027,-6.11672e-09,2.32723e-06,-7.32717e-09,-5.32519e-06,2.45405e-08,2.59362e-08,0.0256638,-3.01521e-06,9.63619e-10,1.81914e-05,1.5708,24.9878,24.9858,0,0
0.0247455,-4.8813e-09,1.7724e-06,-1.92734e-08,-4.38535e-06,2.43452e-08,2.61527e-08,0.0268875,-2.93488e-06,2.07287e-10,1.79488e-05,1.5708,24.9872,24.9848,2.31203e-23,-2.31225e-23
0.0252864,-6.51691e-09,1.23614e-06,-1.05694e-08,-3.48499e-06,2.56832e-08,2.63825e-08,0.0281383,-2.88211e-06,-4.94001e-10,1.77522e-05,1.5708,24.9866,24.9819,-1.34374e-22,1.34399e-22
0.0258253,-1.05424e-08,7.32139e-07,-1.01343e-08,-2.63756e-06,3.09204e-08,2.67495e-08,0.0294161,-2.85565e-06,-1.01813e-09,1.75994e-05,1.5708,24.9859,24.9866,6.68594e-22,-6.68576e-22
0.0263623,-1.26201e-08,2.74249e-07,1.92649e-08,-1.85201e-06,3.09247e-08,2.72736e-08,0.0307208,-2.85358e-06,-5.89881e-10,1.74874e-05,1.5708,24.9853,24.9832,-1.99263e-23,1.99279e-23
0.0268974,-1.34478e-08,-1.29359e-07,1.04233e-09,-1.13816e-06,3.41645e-08,2.78542e-08,0.0320523,-2.87344e-06,-1.94869e-10,1.7413e-05,1.5708,24.9846,24.9812,-2.71249e-21,2.71287e-21
0.0274305,-1.58312e-08,-4.72024e-07,-1.44567e-08,-5.02597e-07,3.91238e-08,2.85119e-08,0.0334105,-2.91236e-06,-6.39727e-10,1.73723e-05,1.5708,24.984,24.9882,-4.14168e-23,4.14097e-23
0.0279617,-1.49462e-08,-7.47759e-07,2.95827e-08,5.25199e-08,3.40768e-08,2.92187e-08,0.0347953,-2.96718e-06,3.8953e-11,1.73614e-05,1.5708,24.9833,24.9883,9.6569e-23,-9.65498e-23
0.0284911,-8.87678e-09,-9.56781e-07,2.588e-08,5.23654e-07,2.72101e-08,2.97347e-08,0.0362066,-3.03457e-06,1.42577e-09,1.73761e-05,1.5708,24.9826,24.9875,0,0
0.0290186,-6.68381e-10,-1.10136e-06,8.47542e-10,9.09313e-07,1.95801e-08,2.98836e-08,0.0376444,-3.1113e-06,1.93941e-09,1.74123e-05,1.5708,24.9819,24.981,1.70406e-23,-1.70412e-23
0.0295441,3.5357e-09,-1.18651e-06,-3.09575e-08,1.20869e-06,1.74408e-08,2.97172e-08,0.0391084,-3.19427e-06,9.61556e-10,1.74656e-05,1.5708,24.9812,24.978,9.10713e-23,-9.10828e-23
0.0300677,2.22713e-09,-1.21653e-06,-2.46867e-08,1.42454e-06,1.83466e-08,2.94865e-08,0.0405988,-3.28065e-06,-4.12346e-10,1.75318e-05,1.5708,24.9804,24.9761,4.19059e-23,-4.19132e-23
0.0305894,-2.31461e-09,-1.19665e-06,-8.07182e-09,1.56123e-06,2.23513e-08,2.94031e-08,0.0421152,-3.36782e-06,-1.13526e-09,1.76067e-05,1.5708,24.9797,24.9748,-4.78218e-23,4.78312e-23
0.0311091,-8.10177e-09,-1.13288e-06,-2.93508e-09,1.62424e-06,2.92161e-08,2.95721e-08,0.0436577,-3.45346e-06,-1.38147e-09,1.76867e-05,1.5708,24.9789,24.9812,1.36763e-21,-1.3675e-21
0.031627,-9.82127e-09,-1.03019e-06,3.05181e-08,1.62176e-06,2.82839e-08,2.99324e-08,0.0452261,-3.53548e-06,-4.56676e-10,1.77681e-05,1.5708,24.9782,24.9732,-4.79141e-23,4.79236e-23
0.032143,-1.16925e-08,-8.98536e-07,-1.51396e-08,1.55776e-06,3.5492e-08,3.03573e-08,0.0468203,-3.6122e-06,-3.7016e-10,1.78478e-05,1.5708,24.9774,24.9749,-2.41254e-23,2.41278e-23
0.0326572,-1.51961e-08,-7.43307e-07,-9.28112e-09,1.44098e-06,3.96767e-08,3.09254e-08,0.0484403,-3.68231e-06,-9.52642e-10,1.7923e-05,1.5708,24.9766,24.9792,-5.53625e-21,5.53567e-21
0.0331695,-1.5527e-08,-5.69834e-07,2.84316e-08,1.28042e-06,3.67744e-08,3.15931e-08,0.050086,-3.74475e-06,-2.13863e-10,1.79912e-05,1.5708,24.9758,24.973,2.69225e-23,-2.69255e-23
0.03368,-1.515e-08,-3.86245e-07,-6.8282e-09,1.08185e-06,4.02704e-08,3.22352e-08,0.0517573,-3.79881e-06,1.00563e-10,1.80504e-05,1.5708,24.975,24.9772,1.36843e-21,-1.36831e-21
0.0341886,-1.3741e-08,-1.95992e-07,6.86694e-09,8.55042e-07,3.75602e-08,3.28399e-08,0.053454,-3.84406e-06,1.93029e-10,1.80989e-05,1.5708,24.9741,24.9785,-4.34146e-23,4.3407e-23
0.0346955,-9.20971e-09,-3.8703e-09,2.05703e-08,6.07728e-07,3.0857e-08,3.3291e-08,0.0551761,-3.88025e-06,9.82852e-10,1.81355e-05,1.5708,24.9733,24.9739,-2.37802e-23,2.37796e-23
0.0352006,-4.62329e-09,1.84631e-07,-9.02566e-09,3.45862e-07,2.82683e-08,3.34977e-08,0.0569235,-3.90743e-06,1.07949e-09,1.81594e-05,1.5708,24.9724,24.9768,0,0
0.0357038,3.27538e-10,3.67555e-07,5.02455e-09,7.77883e-08,2.07218e-08,3.34728e-08,0.0586961,-3.9258e-06,1.07184e-09,1.817e-05,1.5708,24.9715,24.9751,6.86224e-23,-6.86127e-23
0.0362053,6.02888e-09,5.41506e-07,5.37156e-09,-1.90669e-07,1.34451e-08,3.31744e-08,0.0604939,-3.9357e-06,1.33912e-09,1.81672e-05,1.5708,24.9707,24.9735,1.09735e-22,-1.09723e-22
0.0367049,1.14725e-08,7.04115e-07,-3.77909e-09,-4.53912e-07,7.27043e-09,3.25914e-08,0.0623166,-3.93761e-06,1.31905e-09,1.8151e-05,1.5708,24.9698,24.9745,9.11627e-23,-9.11456e-23
0.0372027,1.72655e-08,8.54245e-07,4.71303e-09,-7.0627e-07,-1.27115e-09,3.17296e-08,0.0641643,-3.93211e-06,1.39995e-09,1.81219e-05,1.5708,24.9688,24.972,6.18449e-23,-6.1837e-23
0.0376988,2.28123e-08,9.89963e-07,-2.19691e-09,-9.44028e-07,-8.1374e-09,3.05784e-08,0.0660369,-3.91985e-06,1.41835e-09,1.80806e-05,1.5708,24.9679,24.9639,-4.50002e-25,4.50075e-25
0.0381929,2.30281e-08,1.10893e-06,-3.68674e-08,-1.16525e-06,-5.6563e-09,2.92749e-08,0.0679342,-3.90157e-06,1.93257e-10,1.80278e-05,1.5708,24.967,24.9684,1.38192e-23,-1.38184e-23
0.0386853,2.15124e-08,1.21338e-06,4.84703e-09,-1.36448e-06,-8.61524e-09,2.80235e-08,0.0698561,-3.87805e-06,-3.43167e-10,1.79645e-05,1.5708,24.966,24.9683,0,0
0.039176,2.2442e-08,1.30278e-06,2.00025e-08,-1.53977e-06,-1.19668e-08,2.67791e-08,0.0718027,-3.84998e-06,3.90264e-10,1.78917e-05,1.5708,24.9651,24.9681,-5.92051e-23,5.91979e-23
0.0396649,2.57274e-08,1.37678e-06,7.31282e-09,-1.68997e-06,-1.55461e-08,2.54207e-08,0.0737737,-3.81811e-06,1.00085e-09,1.78109e-05,1.5708,24.9641,24.9623,1.70771e-23,-1.70783e-23
0.040152,2.63755e-08,1.43407e-06,-2.43627e-08,-1.81591e-06,-1.39938e-08,2.39583e-08,0.0757691,-3.78324e-06,3.55846e-10,1.77231e-05,1.5708,24.9631,24.9584,4.54352e-23,-4.54437e-23
0.0406372,2.18376e-08,1.47522e-06,-2.70071e-08,-1.9176e-06,-8.79925e-09,2.26009e-08,0.0777889,-3.74615e-06,-9.69033e-10,1.76297e-05,1.5708,24.9621,24.9577,2.65624e-21,-2.6567e-21
0.0411207,1.47239e-08,1.50196e-06,-3.84098e-09,-1.99461e-06,-2.78452e-09,2.15417e-08,0.0798328,-3.70761e-06,-1.59982e-09,1.75318e-05,1.5708,24.9611,24.9597,1.34098e-23,-1.34106e-23
0.0416025,9.55395e-09,1.51619e-06,1.78683e-08,-2.04686e-06,1.13312e-09,2.07882e-08,0.0819009,-3.66826e-06,-1.09849e-09,1.74306e-05,1.5708,24.9601,24.9611,6.96062e-22,-6.96034e-22
0.0420825,8.18823e-09,1.51891e-06,1.85937e-08,-2.07552e-06,2.48932e-09,2.01901e-08,0.083993,-3.62869e-06,-1.66091e-10,1.73275e-05,1.5708,24.959,24.9576,0,0
0.0425609,7.37171e-09,1.50994e-06,-7.29825e-09,-2.08351e-06,5.8474e-09,1.96369e-08,0.0861091,-3.58949e-06,-5.14988e-11,1.72234e-05,1.5708,24.958,24.9582,0,0
0.0430375,6.30544e-09,1.491e-06,-1.10191e-09,-2.0723e-06,6.34148e-09,1.91366e-08,0.0882491,-3.55118e-06,-2.23935e-10,1.71194e-05,1.5708,24.9569,24.9572,2.59998e-24,-2.59995e-24
0.0435123,5.842e-09,1.46326e-06,5.60108e-09,-2.04421e-06,6.05523e-09,1.86724e-08,0.0904128,-3.51422e-06,-6.47654e-11,1.70165e-05,1.5708,24.9559,24.9544,-1.39974e-23,1.39982e-23
0.0439855,5.00589e-09,1.4277e-06,-5.22202e-09,-2.00206e-06,8.00373e-09,1.82335e-08,0.0926003,-3.47903e-06,-1.27376e-10,1.69152e-05,1.5708,24.9548,24.9548,-1.1307e-23,1.1307e-23
0.0444569,4.15131e-09,1.38649e-06,1.34389e-09,-1.94753e-06,8.2645e-09,1.78387e-08,0.0948114,-3.44595e-06,-1.82285e-10,1.68165e-05,1.5708,24.9537,24.9581,4.21479e-23,-4.21405e-23
0.0449267,6.56896e-09,1.34203e-06,2.34879e-08,-1.882e-06,2.8581e-09,1.74063e-08,0.097046,-3.4152e-06,5.97421e-10,1.67207e-05,1.5708,24.9526,24.953,4.15705e-24,-4.15698e-24
0.0453948,9.63647e-09,1.29399e-06,-5.80403e-09,-1.80954e-06,1.69182e-09,1.68205e-08,0.099304,-3.38694e-06,8.52163e-10,1.66284e-05,1.5708,24.9515,24.9522,0,0
0.0458611,1.11681e-08,1.24427e-06,-1.0885e-08,-1.73196e-06,-4.19967e-11,1.6124e-08,0.101585,-3.36132e-06,3.93812e-10,1.65398e-05,1.5708,24.9503,24.9548,4.25742e-23,-4.25666e-23
0.0463258,1.41403e-08,1.19525e-06,1.65061e-08,-1.65029e-06,-6.88336e-09,1.53219e-08,0.10389,-3.33836e-06,7.19828e-10,1.64552e-05,1.5708,24.9492,24.9469,2.21521e-23,-2.21541e-23
0.0467887,1.53741e-08,1.14597e-06,-1.80507e-08,-1.56869e-06,-5.4301e-09,1.43973e-08,0.106218,-3.31806e-06,4.50102e-10,1.63747e-05,1.5708,24.9481,24.9488,7.24687e-24,-7.24665e-24
0.04725,1.50699e-08,1.09933e-06,-4.71524e-09,-1.48727e-06,-6.84982e-09,1.34611e-08,0.108569,-3.30035e-06,-4.01259e-11,1.62983e-05,1.5708,24.9469,24.9439,-2.94532e-23,2.94568e-23
0.0477095,1.26737e-08,1.05531e-06,-1.05617e-08,-1.40859e-06,-3.69808e-09,1.25869e-08,0.110943,-3.28511e-06,-4.67965e-10,1.6226e-05,1.5708,24.9457,24.941,-4.53966e-23,4.54051e-23
0.0481674,7.56846e-09,1.01504e-06,-1.4548e-08,-1.3338e-06,2.7661e-09,1.18998e-08,0.11334,-3.27219e-06,-1.13377e-09,1.61574e-05,1.5708,24.9445,24.9475,0,0
0.0486236,5.60034e-09,9.81401e-07,2.96417e-08,-1.26161e-06,6.07601e-10,1.14005e-08,0.11576,-3.26132e-06,-4.55079e-10,1.60925e-05,1.5708,24.9433,24.9476,4.01632e-23,-4.01564e-23
0.0490782,9.02323e-09,9.53616e-07,2.67274e-08,-1.19377e-06,-3.60659e-09,1.08501e-08,0.118202,-3.2522e-06,9.59888e-10,1.60312e-05,1.5708,24.9421,24.9468,4.57739e-23,-4.57652e-23
0.0495312,1.51833e-08,9.30931e-07,4.17785e-09,-1.13168e-06,-9.4263e-09,1.00526e-08,0.120667,-3.24456e-06,1.59623e-09,1.59731e-05,1.5708,24.9409,24.9395,-2.74879e-23,2.74894e-23
0.0499824,1.76369e-08,9.11426e-07,-3.09077e-08,-1.07787e-06,-9.49265e-09,9.03548e-09,0.123155,-3.23819e-06,6.82312e-10,1.59178e-05,1.5708,24.9397,24.9433,1.40406e-22,-1.40386e-22
0.0504321,1.91319e-08,8.97186e-07,7.29719e-09,-1.03059e-06,-1.57343e-08,7.93908e-09,0.125666,-3.23289e-06,3.36666e-10,1.58652e-05,1.5708,24.9384,24.9417,-3.62949e-25,3.62902e-25
0.0508801,2.24947e-08,8.87466e-07,1.45545e-08,-9.90541e-07,-2.12896e-08,6.71374e-09,0.128198,-3.22842e-06,9.41325e-10,1.58146e-05,1.5708,24.9372,24.9336,2.78954e-21,-2.78994e-21
0.0513264,2.26152e-08,8.80412e-07,-3.03464e-08,-9.59528e-07,-1.76381e-08,5.38834e-09,0.130754,-3.22459e-06,2.40019e-10,1.57659e-05,1.5708,24.9359,24.9392,-9.69265e-23,9.69136e-23
0.0517711,2.23537e-08,8.78702e-07,9.30796e-09,-9.34559e-07,-2.19471e-08,4.08978e-09,0.133331,-3.22121e-06,-3.06515e-11,1.57186e-05,1.5708,24.9346,24.9361,-1.42069e-23,1.4206e-23
0.0522142,2.35912e-08,8.80852e-07,1.05158e-08,-9.16431e-07,-2.43024e-08,2.75824e-09,0.135931,-3.21805e-06,4.81886e-10,1.56723e-05,1.5708,24.9333,24.9307,2.55072e-23,-2.55099e-23
0.0526556,2.27637e-08,8.85616e-07,-2.07203e-08,-9.0572e-07,-2.08446e-08,1.40922e-09,0.138552,-3.21493e-06,1.3825e-11,1.56268e-05,1.5708,24.932,24.9318,-5.19235e-24,5.1924e-24
0.0530954,2.0308e-08,8.93988e-07,-3.77545e-09,-9.00632e-07,-2.01124e-08,1.56488e-10,0.141196,-3.21172e-06,-4.96498e-10,1.55817e-05,1.5708,24.9307,24.9294,1.24246e-23,-1.24252e-23
0.0535335,1.76739e-08,9.05222e-07,2.69669e-09,-9.00908e-07,-1.80336e-08,-9.70149e-10,0.143862,-3.20823e-06,-4.80942e-10,1.55366e-05,1.5708,24.9294,24.9248,-2.74794e-21,2.74844e-21
0.05397,1.31152e-08,9.18261e-07,-1.51791e-08,-9.06605e-07,-1.10119e-08,-1.92238e-09,0.14655,-3.20436e-06,-9.18119e-10,1.54915e-05,1.5708,24.9281,24.931,2.86256e-23,-2.86222e-23
0.054405,1.11141e-08,9.35014e-07,2.40966e-08,-9.14597e-07,-1.27933e-08,-2.69532e-09,0.149259,-3.19995e-06,-4.29331e-10,1.54459e-05,1.5708,24.9267,24.9258,2.51943e-31,-2.51953e-31
0.0548384,1.07596e-08,9.5281e-07,2.36481e-09,-9.26219e-07,-1.05063e-08,-3.42543e-09,0.15199,-3.19489e-06,9.88884e-11,1.53999e-05,1.5708,24.9254,24.9214,0,0
0.0552701,7.75063e-09,9.70659e-07,-2.35277e-08,-9.41379e-07,-4.4392e-09,-4.0729e-09,0.154743,-3.18914e-06,-6.12512e-10,1.53532e-05,1.5708,24.924,24.9206,3.27861e-23,-3.27906e-23
0.0557002,2.25583e-09,9.8894e-07,-8.03592e-09,-9.58693e-07,7.29437e-10,-4.49714e-09,0.157517,-3.18268e-06,-1.31261e-09,1.53057e-05,1.5708,24.9226,24.9177,-4.8331e-23,4.83407e-23
0.0561287,-4.34166e-09,1.00711e-06,-2.27057e-09,-9.77722e-07,8.42774e-09,-4.62255e-09,0.160313,-3.17551e-06,-1.53687e-09,1.52573e-05,1.5708,24.9212,24.9209,3.69794e-24,-3.698e-24
0.0565557,-8.39009e-09,1.0262e-06,1.90908e-08,-9.96409e-07,1.15415e-08,-4.48018e-09,0.16313,-3.1676e-06,-9.66731e-10,1.5208e-05,1.5708,24.9198,24.9216,0,0
0.0569812,-8.28914e-09,1.0455e-06,2.05545e-08,-1.01434e-06,1.15139e-08,-4.24787e-09,0.165968,-3.1589e-06,5.16876e-11,1.51577e-05,1.5708,24.9184,24.9187,-2.989e-24,2.98896e-24
0.0574051,-6.79848e-09,1.06349e-06,-1.98639e-09,-1.0321e-06,1.21196e-08,-4.0655e-09,0.168828,-3.14945e-06,3.73811e-10,1.51065e-05,1.5708,24.917,24.9202,2.73178e-21,-2.73143e-21
0.0578274,-4.10045e-09,1.08045e-06,7.18894e-09,-1.04863e-06,7.98666e-09,-3.98296e-09,0.171709,-3.13929e-06,5.67601e-10,1.50545e-05,1.5708,24.9156,24.9123,3.1598e-23,-3.16021e-23
0.0582482,-3.97965e-09,1.09419e-06,-2.105e-08,-1.06566e-06,1.07671e-08,-3.98336e-09,0.174611,-3.12853e-06,2.65407e-11,1.50016e-05,1.5708,24.9141,24.9138,-5.91101e-24,5.91108e-24
0.0586674,-5.33989e-09,1.10639e-06,-1.90885e-09,-1.08127e-06,1.06865e-08,-3.94291e-09,0.177534,-3.11729e-06,-4.29972e-10,1.49479e-05,1.5708,24.9127,24.9113,1.34836e-23,-1.34844e-23
0.059085,-6.757e-09,1.11678e-06,2.99709e-09,-1.09552e-06,1.21406e-08,-3.83937e-09,0.180477,-3.10563e-06,-3.69667e-10,1.48935e-05,1.5708,24.9112,24.9137,-2.38591e-23,2.38567e-23
0.0595012,-5.67721e-09,1.12647e-06,1.65726e-08,-1.10709e-06,9.6139e-09,-3.72842e-09,0.183442,-3.09363e-06,2.18884e-10,1.48384e-05,1.5708,24.9098,24.9089,-1.64767e-23,1.64772e-23
0.0599158,-4.4491e-09,1.13411e-06,-6.73906e-09,-1.11723e-06,1.0549e-08,-3.68817e-09,0.186427,-3.08133e-06,3.13622e-10,1.47828e-05,1.5708,24.9083,24.9096,1.2894e-23,-1.28934e-23
0.0603289,-3.35378e-09,1.14063e-06,1.94823e-10,-1.12503e-06,8.59496e-09,-3.70117e-09,0.189434,-3.06881e-06,1.93473e-10,1.47267e-05,1.5708,24.9068,24.905,1.74839e-23,-1.74852e-23
0.0607404,-3.65179e-09,1.14517e-06,-8.99807e-09,-1.13144e-06,9.98049e-09,-3.74094e-09,0.19246,-3.05616e-06,-9.18598e-11,1.46703e-05,1.5708,24.9053,24.9064,1.09486e-23,-1.09481e-23
0.0611504,-3.55538e-09,1.14904e-06,6.90171e-09,-1.13532e-06,8.37141e-09,-3.77185e-09,0.195508,-3.04342e-06,-3.91001e-11,1.46136e-05,1.5708,24.9038,24.9054,0,0
0.0615589,-1.82932e-09,1.1521e-06,9.79086e-09,-1.1369e-06,5.9985e-09,-3.85451e-09,0.198575,-3.03064e-06,4.05005e-10,1.45568e-05,1.5708,24.9022,24.8984,-1.12543e-22,1.12561e-22
0.0619659,-2.62353e-09,1.15296e-06,-2.32349e-08,-1.13784e-06,1.03449e-08,-3.97257e-09,0.201663,-3.01788e-06,-1.57456e-10,1.44999e-05,1.5708,24.9007,24.9011,-6.92232e-24,6.92222e-24
0.0623713,-4.28886e-09,1.15368e-06,2.95209e-09,-1.13641e-06,9.90478e-09,-4.01624e-09,0.204772,-3.00521e-06,-4.98893e-10,1.44431e-05,1.5708,24.8992,24.9005,0,0
0.0627753,-3.84846e-09,1.15419e-06,1.65722e-08,-1.13284e-06,8.1079e-09,-4.03533e-09,0.207901,-2.99261e-06,8.87579e-11,1.43863e-05,1.5708,24.8976,24.8974,1.7254e-22,-1.72541e-22
0.0631778,-2.64889e-09,1.15379e-06,-2.46625e-09,-1.12803e-06,8.5973e-09,-4.10719e-09,0.211049,-2.98013e-06,3.20705e-10,1.43298e-05,1.5708,24.896,24.895,0,0
0.0635788,-2.82712e-09,1.15252e-06,-1.07553e-08,-1.12224e-06,9.71845e-09,-4.20476e-09,0.214218,-2.96779e-06,-7.09973e-11,1.42735e-05,1.5708,24.8945,24.8941,-3.74707e-24,3.74713e-24
0.0639782,-3.69785e-09,1.15085e-06,2.58154e-10,-1.11532e-06,9.79386e-09,-4.27375e-09,0.217407,-2.95564e-06,-2.64647e-10,1.42176e-05,1.5708,24.8929,24.8941,-1.14643e-23,1.14638e-23
0.0643762,-3.22176e-09,1.14918e-06,1.08431e-08,-1.10711e-06,8.23584e-09,-4.33588e-09,0.220616,-2.94368e-06,8.84576e-11,1.4162e-05,1.5708,24.8913,24.8886,-5.3241e-23,5.32469e-23
0.0647727,-3.88752e-09,1.1464e-06,-1.31605e-08,-1.09903e-06,1.15593e-08,-4.40541e-09,0.223845,-2.93193e-06,-1.30717e-10,1.41068e-05,1.5708,24.8897,24.8858,-3.83961e-23,3.84021e-23
0.0651677,-7.53416e-09,1.14302e-06,-1.70108e-08,-1.091e-06,1.66577e-08,-4.36501e-09,0.227093,-2.92044e-06,-9.24317e-10,1.40521e-05,1.5708,24.8881,24.8916,-3.51088e-23,3.51038e-23
0.0655613,-8.13405e-09,1.14133e-06,3.07884e-08,-1.08092e-06,1.2857e-08,-4.20851e-09,0.230362,-2.90918e-06,-2.549e-10,1.39978e-05,1.5708,24.8865,24.8885,-5.90635e-23,5.90587e-23
0.0659535,-4.96089e-09,1.13973e-06,1.51548e-08,-1.07039e-06,1.06366e-08,-4.13713e-09,0.233649,-2.89809e-06,8.09921e-10,1.3944e-05,1.5708,24.8848,24.8846,-1.73059e-22,1.73061e-22
0.0663441,-2.49137e-09,1.13745e-06,-1.54989e-08,-1.0604e-06,1.07081e-08,-4.21486e-09,0.236957,-2.8872e-06,5.96825e-10,1.38907e-05,1.5708,24.8832,24.8871,-1.16237e-22,1.16219e-22
0.0667334,4.41076e-10,1.13581e-06,8.97815e-09,-1.04979e-06,4.61799e-09,-4.4163e-09,0.240284,-2.8765e-06,5.94481e-10,1.38379e-05,1.5708,24.8815,24.8815,3.25351e-25,-3.25351e-25
0.0671212,2.90342e-09,1.1333e-06,-4.83186e-09,-1.04025e-06,2.85981e-09,-4.7649e-09,0.24363,-2.866e-06,6.08024e-10,1.37857e-05,1.5708,24.8799,24.8837,1.12091e-22,-1.12073e-22
0.0675075,6.35194e-09,1.1314e-06,8.65595e-09,-1.0305e-06,-2.9422e-09,-5.25611e-09,0.246996,-2.8557e-06,7.95595e-10,1.37339e-05,1.5708,24.8782,24.8732,4.87846e-23,-4.87943e-23
0.0678923,5.74024e-09,1.12775e-06,-3.18783e-08,-1.02323e-06,1.6806e-09,-5.83354e-09,0.250381,-2.84563e-06,-6.57338e-11,1.36825e-05,1.5708,24.8765,24.8781,1.543e-23,-1.54291e-23
0.0682758,4.2695e-09,1.12554e-06,7.21203e-09,-1.01555e-06,-5.4055e-10,-6.33912e-09,0.253785,-2.8358e-06,-4.32569e-10,1.36316e-05,1.5708,24.8748,24.8787,3.79044e-23,-3.78985e-23
0.0686578,6.57298e-09,1.12475e-06,2.78286e-08,-1.00744e-06,-5.64194e-09,-6.87147e-09,0.257209,-2.82613e-06,5.96699e-10,1.3581e-05,1.5708,24.8731,24.8727,3.60371e-24,-3.60377e-24
0.0690384,9.20872e-09,1.12368e-06,-1.09088e-08,-1.00061e-06,-5.30707e-09,-7.54422e-09,0.260651,-2.81659e-06,7.68917e-10,1.35308e-05,1.5708,24.8714,24.8697,-3.27615e-23,3.27637e-23
0.0694175,8.59283e-09,1.12258e-06,-2.15732e-08,-9.94969e-07,-3.74329e-09,-8.26077e-09,0.264112,-2.8072e-06,-1.28688e-10,1.34809e-05,1.5708,24.8697,24.8689,7.9784e-24,-7.97866e-24
0.0697952,6.38985e-09,1.12216e-06,-1.70419e-10,-9.89872e-07,-3.35394e-09,-8.89853e-09,0.267593,-2.79792e-06,-5.39239e-10,1.34313e-05,1.5708,24.8679,24.8658,0,0
0.0701714,3.85227e-09,1.12215e-06,8.30206e-11,-9.85585e-07,-3.63717e-10,-9.42387e-09,0.271092,-2.78874e-06,-5.3996e-10,1.33819e-05,1.5708,24.8662,24.8663,0,0
0.0705463,2.37695e-09,1.12329e-06,7.10228e-09,-9.81279e-07,6.82411e-10,-9.84851e-09,0.27461,-2.7796e-06,-3.1042e-10,1.33327e-05,1.5708,24.8645,24.8683,-7.59684e-23,7.59566e-23
0.0709198,4.35745e-09,1.12594e-06,2.13099e-08,-9.76295e-07,-3.31428e-09,-1.02856e-08,0.278146,-2.77044e-06,5.07413e-10,1.32838e-05,1.5708,24.8627,24.8641,-4.17184e-23,4.1716e-23
0.0712919,7.5685e-09,1.12845e-06,-1.48365e-09,-9.72022e-07,-5.23174e-09,-1.08638e-08,0.281702,-2.76123e-06,8.60004e-10,1.3235e-05,1.5708,24.8609,24.8585,-7.24822e-23,7.24894e-23
0.0716626,7.46192e-09,1.12988e-06,-2.53987e-08,-9.69345e-07,-2.93913e-09,-1.15206e-08,0.285276,-2.752e-06,1.64836e-11,1.31865e-05,1.5708,24.8591,24.8572,1.92142e-23,-1.92157e-23
0.0720319,4.5216e-09,1.13115e-06,-8.54409e-09,-9.67391e-07,-1.12979e-09,-1.20908e-08,0.288868,-2.74276e-06,-7.34851e-10,1.31381e-05,1.5708,24.8574,24.8551,2.20154e-23,-2.20174e-23
0.0723997,1.07928e-09,1.1325e-06,3.09201e-09,-9.65914e-07,1.92373e-09,-1.25033e-08,0.292479,-2.73353e-06,-7.96182e-10,1.30897e-05,1.5708,24.8556,24.8563,-7.14266e-24,7.14245e-24
0.0727662,-1.99032e-10,1.13473e-06,1.45851e-08,-9.6396e-07,2.35709e-09,-1.27996e-08,0.296108,-2.72428e-06,-2.69842e-10,1.30415e-05,1.5708,24.8538,24.8579,0,0
0.0731314,2.54129e-09,1.138e-06,2.15573e-08,-9.61087e-07,-1.80133e-09,-1.31359e-08,0.299755,-2.71495e-06,6.96446e-10,1.29933e-05,1.5708,24.8519,24.8564,2.76447e-21,-2.76398e-21
0.0734952,8.03842e-09,1.14128e-06,8.56252e-09,-9.58011e-07,-7.53272e-09,-1.36852e-08,0.303421,-2.70551e-06,1.37649e-09,1.29454e-05,1.5708,24.8501,24.852,-1.8621e-23,1.86196e-23
0.0738577,1.26012e-08,1.14345e-06,-1.2402e-08,-9.55738e-07,-1.14492e-08,-1.44887e-08,0.307105,-2.696e-06,1.13929e-09,1.28975e-05,1.5708,24.8483,24.8478,-4.71526e-24,4.71535e-24
0.0742187,1.38967e-08,1.14432e-06,-1.80155e-08,-9.54554e-07,-1.29003e-08,-1.54336e-08,0.310807,-2.68647e-06,3.28062e-10,1.28497e-05,1.5708,24.8464,24.8472,0,0
0.0745784,1.39226e-08,1.14494e-06,1.08054e-09,-9.53538e-07,-1.52476e-08,-1.64033e-08,0.314527,-2.67695e-06,2.46445e-11,1.2802e-05,1.5708,24.8446,24.8413,-6.58683e-23,6.58771e-23
0.0749367,1.18357e-08,1.14456e-06,-1.33149e-08,-9.53571e-07,-1.15793e-08,-1.73286e-08,0.318265,-2.66749e-06,-3.82829e-10,1.27543e-05,1.5708,24.8427,24.8462,3.3768e-23,-3.37633e-23
0.0752936,1.17417e-08,1.14569e-06,1.99098e-08,-9.52185e-07,-1.51214e-08,-1.81857e-08,0.32202,-2.65806e-06,6.67235e-12,1.27067e-05,1.5708,24.8409,24.8363,-4.64095e-23,4.64181e-23
0.0756492,9.92767e-09,1.14557e-06,-1.9814e-08,-9.5213e-07,-9.20408e-09,-1.9013e-08,0.325794,-2.64864e-06,-2.56088e-10,1.26591e-05,1.5708,24.839,24.8418,-5.55909e-23,5.55846e-23
0.0760035,9.02296e-09,1.14703e-06,1.26374e-08,-9.50569e-07,-1.15889e-08,-1.97528e-08,0.329585,-2.63924e-06,-2.22192e-10,1.26115e-05,1.5708,24.8371,24.8329,2.77046e-21,-2.77094e-21
0.0763563,6.63892e-09,1.14749e-06,-1.40302e-08,-9.5002e-07,-6.17439e-09,-2.04249e-08,0.333394,-2.62984e-06,-4.35754e-10,1.2564e-05,1.5708,24.8352,24.8317,3.42213e-23,-3.42262e-23
0.0767078,1.91107e-09,1.14803e-06,-1.26196e-08,-9.49475e-07,-5.32255e-10,-2.09118e-08,0.337221,-2.62045e-06,-1.10474e-09,1.25165e-05,1.5708,24.8333,24.8347,0,0
0.0770581,-6.43852e-10,1.14997e-06,2.23525e-08,-9.47467e-07,-8.47578e-10,-2.12085e-08,0.341065,-2.61103e-06,-6.23944e-10,1.2469e-05,1.5708,24.8314,24.8342,0,0
0.077407,1.09803e-09,1.15258e-06,2.18124e-08,-9.44415e-07,-2.97413e-09,-2.14956e-08,0.344927,-2.60153e-06,4.9625e-10,1.24217e-05,1.5708,24.8295,24.8307,-2.47945e-23,2.47933e-23
0.0777546,3.97412e-09,1.15464e-06,-4.49882e-09,-9.41321e-07,-4.01549e-09,-2.19065e-08,0.348806,-2.59195e-06,7.61404e-10,1.23746e-05,1.5708,24.8275,24.8279,0,0
0.0781009,5.29774e-09,1.15583e-06,-1.14247e-08,-9.38461e-07,-5.11501e-09,-2.2418e-08,0.352702,-2.58232e-06,3.10166e-10,1.23276e-05,1.5708,24.8256,24.8233,-2.54851e-25,2.54874e-25
0.0784459,3.9178e-09,1.15576e-06,-1.33394e-08,-9.36326e-07,-3.3348e-09,-2.29266e-08,0.356616,-2.57269e-06,-3.32771e-10,1.22807e-05,1.5708,24.8236,24.8238,-1.01307e-24,1.01307e-24
0.0787895,2.40748e-09,1.15565e-06,6.44265e-09,-9.3381e-07,-3.51355e-09,-2.33574e-08,0.360547,-2.56309e-06,-3.76351e-10,1.22339e-05,1.5708,24.8217,24.8221,3.69489e-34,-3.69483e-34
0.0791318,2.23609e-09,1.15545e-06,8.1438e-09,-9.30991e-07,-3.53453e-09,-2.37513e-08,0.364495,-2.55353e-06,6.10566e-12,1.21873e-05,1.5708,24.8197,24.8241,8.5083e-23,-8.50681e-23
0.0794729,5.22274e-09,1.15594e-06,1.81075e-08,-9.27026e-07,-8.36727e-09,-2.42142e-08,0.36846,-2.54398e-06,7.4073e-10,1.21409e-05,1.5708,24.8178,24.8167,-2.00228e-23,2.00237e-23
0.0798127,7.24007e-09,1.15509e-06,-1.57906e-08,-9.23968e-07,-7.68418e-09,-2.48138e-08,0.372442,-2.53447e-06,5.7364e-10,1.20946e-05,1.5708,24.8158,24.8208,2.71761e-21,-2.71706e-21
0.0801512,1.02446e-08,1.15501e-06,1.23945e-08,-9.19789e-07,-1.45048e-08,-2.55222e-08,0.376441,-2.525e-06,6.75559e-10,1.20485e-05,1.5708,24.8138,24.8114,4.60388e-23,-4.60431e-23
0.0804884,1.12504e-08,1.15325e-06,-1.73758e-08,-9.17032e-07,-1.30987e-08,-2.63445e-08,0.380457,-2.5156e-06,3.50256e-10,1.20025e-05,1.5708,24.8118,24.8149,2.75485e-21,-2.7545e-21
0.0808243,1.2393e-08,1.15223e-06,7.54612e-09,-9.13449e-07,-1.73537e-08,-2.72043e-08,0.38449,-2.50628e-06,2.66574e-10,1.19568e-05,1.5708,24.8098,24.8076,2.15226e-23,-2.15245e-23
0.0811589,1.2075e-08,1.15026e-06,-1.14443e-08,-9.10844e-07,-1.54097e-08,-2.80938e-08,0.388539,-2.49706e-06,4.06619e-11,1.19112e-05,1.5708,24.8078,24.8105,2.69558e-23,-2.69528e-23
0.0814922,1.25646e-08,1.14933e-06,1.00153e-08,-9.0734e-07,-1.85145e-08,-2.89748e-08,0.392606,-2.48792e-06,1.47561e-10,1.18657e-05,1.5708,24.8057,24.8078,-2.01421e-23,2.01404e-23
0.0818243,1.4589e-08,1.14867e-06,8.0732e-09,-9.03638e-07,-2.12349e-08,-2.99222e-08,0.396689,-2.47883e-06,5.94992e-10,1.18204e-05,1.5708,24.8037,24.8079,4.13866e-23,-4.13795e-23
0.0821551,1.84843e-08,1.14859e-06,8.84524e-09,-8.99365e-07,-2.66491e-08,-3.10139e-08,0.400788,-2.46977e-06,1.03092e-09,1.17753e-05,1.5708,24.8017,24.7969,4.64868e-23,-4.64957e-23
0.0824846,1.78628e-08,1.14657e-06,-3.689e-08,-8.97157e-07,-2.18251e-08,-3.21957e-08,0.404904,-2.46078e-06,1.21651e-11,1.17304e-05,1.5708,24.7996,24.7947,9.66873e-23,-9.67064e-23
0.0828128,1.16993e-08,1.14425e-06,-2.42536e-08,-8.9572e-07,-1.58051e-08,-3.31883e-08,0.409037,-2.4519e-06,-1.45962e-09,1.16856e-05,1.5708,24.7975,24.7945,2.96711e-23,-2.96748e-23
0.0831397,4.85404e-09,1.14287e-06,9.89378e-09,-8.93903e-07,-1.08874e-08,-3.38465e-08,0.413185,-2.44313e-06,-1.59763e-09,1.16408e-05,1.5708,24.7955,24.7965,7.0524e-22,-7.05212e-22
0.0834654,2.19416e-09,1.14323e-06,2.74006e-08,-8.90755e-07,-9.3983e-09,-3.42701e-08,0.417351,-2.43438e-06,-5.32145e-10,1.15962e-05,1.5708,24.7934,24.7977,-9.67612e-25,9.67446e-25
0.0837899,4.76659e-09,1.14499e-06,2.31953e-08,-8.86243e-07,-1.22799e-08,-3.46971e-08,0.421532,-2.42558e-06,7.27284e-10,1.15518e-05,1.5708,24.7913,24.7877,-2.75196e-21,2.75236e-21
0.0841131,5.00699e-09,1.14514e-06,-3.06155e-08,-8.83244e-07,-7.34126e-09,-3.52069e-08,0.42573,-2.41673e-06,1.79428e-10,1.15075e-05,1.5708,24.7892,24.7871,0,0
0.0844351,1.59615e-09,1.145e-06,-1.52526e-08,-8.80507e-07,-4.70182e-09,-3.56183e-08,0.429943,-2.40788e-06,-8.85321e-10,1.14634e-05,1.5708,24.7871,24.7859,0,0
0.0847558,-1.83341e-09,1.14493e-06,1.02674e-08,-8.77647e-07,-2.95008e-09,-3.5855e-08,0.434173,-2.39904e-06,-8.42128e-10,1.14194e-05,1.5708,24.785,24.7872,2.15191e-23,-2.15172e-23
0.0850754,-1.69e-09,1.14555e-06,2.23331e-08,-8.7391e-07,-4.27065e-09,-3.60135e-08,0.438419,-2.39017e-06,6.7835e-11,1.13756e-05,1.5708,24.7829,24.7825,-4.27518e-24,4.27525e-24
0.0853937,-6.31119e-10,1.1455e-06,-5.03605e-09,-8.70564e-07,-2.81838e-09,-3.62132e-08,0.442681,-2.38129e-06,3.25354e-10,1.1332e-05,1.5708,24.7808,24.778,2.79783e-21,-2.79814e-21
0.0857107,-2.28859e-09,1.14445e-06,-2.00143e-08,-8.68021e-07,7.96283e-10,-3.63953e-08,0.446958,-2.37243e-06,-4.12078e-10,1.12886e-05,1.5708,24.7787,24.7812,7.64816e-23,-7.64736e-23
0.0860266,-2.79004e-09,1.14421e-06,1.78785e-08,-8.645e-07,-2.27836e-09,-3.65099e-08,0.451252,-2.3636e-06,-2.13594e-10,1.12452e-05,1.5708,24.7765,24.7739,-2.5609e-23,2.56117e-23
0.0863412,-3.37914e-09,1.14285e-06,-6.30071e-09,-8.61937e-07,9.69604e-10,-3.66142e-08,0.455561,-2.35479e-06,-8.04314e-11,1.12021e-05,1.5708,24.7744,24.7724,3.90823e-23,-3.90854e-23
0.0866545,-5.49894e-09,1.14126e-06,-1.06377e-08,-8.59603e-07,4.18551e-09,-3.66468e-08,0.459886,-2.34606e-06,-5.40506e-10,1.1159e-05,1.5708,24.7722,24.7763,4.00172e-23,-4.00106e-23
0.0869668,-4.70231e-09,1.14103e-06,2.63156e-08,-8.55851e-07,-3.4363e-10,-3.6637e-08,0.464226,-2.33735e-06,1.05032e-10,1.11161e-05,1.5708,24.7701,24.7738,-3.7394e-23,3.73883e-23
0.0872779,-8.70694e-11,1.14095e-06,1.6979e-08,-8.51708e-07,-5.10004e-09,-3.67759e-08,0.468582,-2.32864e-06,1.14461e-09,1.10734e-05,1.5708,24.7679,24.7637,-7.29499e-25,7.29623e-25
0.0875876,7.11907e-10,1.1388e-06,-3.78702e-08,-8.49537e-07,-6.27592e-10,-3.70628e-08,0.472954,-2.31997e-06,2.47117e-10,1.10309e-05,1.5708,24.7657,24.766,-9.58711e-24,9.58698e-24
0.0878962,-1.13957e-09,1.1371e-06,-3.748e-09,-8.4703e-07,-1.71032e-09,-3.73e-08,0.477341,-2.31138e-06,-5.84201e-10,1.09885e-05,1.5708,24.7635,24.7627,7.07212e-22,-7.07236e-22
0.0882036,-2.57908e-09,1.13543e-06,9.36699e-09,-8.44654e-07,-1.15853e-09,-3.74604e-08,0.481744,-2.30286e-06,-3.53835e-10,1.09462e-05,1.5708,24.7613,24.7599,2.88183e-23,-2.882e-23
0.0885098,-3.70057e-09,1.13383e-06,-1.82522e-09,-8.42442e-07,1.45855e-09,-3.75639e-08,0.486161,-2.29441e-06,-2.36736e-10,1.0904e-05,1.5708,24.7591,24.7546,4.48627e-23,-4.4871e-23
0.0888148,-7.37384e-09,1.1318e-06,-1.90314e-08,-8.40987e-07,7.93053e-09,-3.75505e-08,0.490595,-2.28603e-06,-8.82504e-10,1.08619e-05,1.5708,24.7569,24.7614,4.3545e-23,-4.35371e-23
0.0891186,-7.72042e-09,1.13205e-06,3.22164e-08,-8.37478e-07,3.47161e-09,-3.74207e-08,0.495043,-2.27766e-06,-2.05088e-10,1.08199e-05,1.5708,24.7547,24.7526,2.10108e-23,-2.10126e-23
0.0894213,-6.955e-09,1.13149e-06,-4.36097e-09,-8.34825e-07,6.38451e-09,-3.73267e-08,0.499506,-2.26929e-06,2.59581e-10,1.07781e-05,1.5708,24.7525,24.7519,-5.83278e-24,5.83291e-24
0.0897228,-7.36528e-09,1.13099e-06,-1.06031e-08,-8.32154e-07,7.72827e-09,-3.72363e-08,0.503985,-2.26091e-06,-1.62844e-10,1.07364e-05,1.5708,24.7502,24.7548,-4.45904e-23,4.45823e-23
0.0900231,-5.25345e-09,1.13159e-06,2.35576e-08,-8.2825e-07,1.86487e-09,-3.71801e-08,0.508479,-2.25251e-06,3.94877e-10,1.06949e-05,1.5708,24.748,24.7485,-5.24149e-24,5.24138e-24
0.0903223,-2.04866e-09,1.13129e-06,-1.11972e-09,-8.24984e-07,4.3352e-10,-3.7274e-08,0.512987,-2.24407e-06,8.0132e-10,1.06535e-05,1.5708,24.7458,24.7433,2.39536e-23,-2.3956e-23
0.0906203,-1.97682e-09,1.12975e-06,-2.45329e-08,-8.22811e-07,2.73979e-09,-3.74508e-08,0.517511,-2.23565e-06,-7.59736e-12,1.06123e-05,1.5708,24.7435,24.7408,2.64334e-23,-2.64363e-23
0.0909171,-5.05415e-09,1.12776e-06,-1.12207e-08,-8.21129e-07,5.35829e-09,-3.75438e-08,0.522049,-2.22729e-06,-8.28676e-10,1.05712e-05,1.5708,24.7412,24.7395,-1.39997e-21,1.40007e-21
0.0912127,-8.26446e-09,1.12603e-06,6.84653e-09,-8.19326e-07,7.76128e-09,-3.74797e-08,0.526603,-2.219e-06,-8.19657e-10,1.05302e-05,1.5708,24.739,24.7436,0,0
0.0915073,-6.57303e-09,1.12596e-06,3.29927e-08,-8.15845e-07,3.25662e-09,-3.73781e-08,0.531171,-2.21072e-06,3.68569e-10,1.04893e-05,1.5708,24.7367,24.7333,-3.44298e-23,3.44346e-23
0.0918006,-5.67591e-09,1.12446e-06,-2.14847e-08,-8.13741e-07,7.75191e-09,-3.73652e-08,0.535753,-2.20244e-06,2.97872e-10,1.04486e-05,1.5708,24.7344,24.733,-1.43578e-23,1.43587e-23
0.0920928,-7.60891e-09,1.12298e-06,-1.4709e-08,-8.11674e-07,9.67919e-09,-3.73128e-08,0.540351,-2.19421e-06,-5.7794e-10,1.04079e-05,1.5708,24.7321,24.7368,4.66177e-23,-4.66088e-23
0.0923839,-6.31854e-09,1.12296e-06,3.24705e-08,-8.08073e-07,3.55923e-09,-3.72361e-08,0.544962,-2.18598e-06,1.88905e-10,1.03674e-05,1.5708,24.7298,24.7284,-1.40396e-21,1.40404e-21
0.0926739,-4.21777e-09,1.12179e-06,-6.88655e-09,-8.05468e-07,5.01659e-09,-3.72693e-08,0.549589,-2.17774e-06,5.77338e-10,1.03271e-05,1.5708,24.7275,24.7321,-4.5064e-23,4.50557e-23
0.0929627,-8.35725e-10,1.12145e-06,8.50881e-09,-8.01844e-07,-6.74213e-10,-3.74275e-08,0.55423,-2.1695e-06,7.21613e-10,1.02869e-05,1.5708,24.7252,24.7292,7.84844e-23,-7.84718e-23
0.0932505,4.22256e-09,1.1209e-06,9.78435e-09,-7.98101e-07,-7.16863e-09,-3.78012e-08,0.558885,-2.16124e-06,1.19595e-09,1.02469e-05,1.5708,24.7229,24.7228,-1.10884e-24,1.10885e-24
0.0935371,7.56503e-09,1.11901e-06,-1.69509e-08,-7.9547e-07,-8.84407e-09,-3.8392e-08,0.563555,-2.15301e-06,8.35464e-10,1.0207e-05,1.5708,24.7206,24.718,2.5145e-23,-2.51476e-23
0.0938225,6.64717e-09,1.11602e-06,-2.34952e-08,-7.9395e-07,-7.24709e-09,-3.90366e-08,0.568239,-2.14486e-06,-2.37334e-10,1.01673e-05,1.5708,24.7182,24.716,-1.39743e-21,1.39756e-21
0.0941068,3.31004e-09,1.11302e-06,-4.53436e-09,-7.92722e-07,-5.10929e-09,-3.95664e-08,0.572937,-2.13683e-06,-8.24202e-10,1.01276e-05,1.5708,24.7159,24.713,2.84372e-23,-2.84405e-23
0.0943899,-5.37658e-10,1.11031e-06,8.50124e-10,-7.91604e-07,-8.72954e-10,-3.99194e-08,0.57765,-2.12889e-06,-8.82305e-10,1.0088e-05,1.5708,24.7135,24.7156,0,0
0.094672,-1.43379e-09,1.10928e-06,2.06756e-08,-7.89155e-07,-1.69752e-09,-4.01506e-08,0.582376,-2.121e-06,-2.02394e-10,1.00484e-05,1.5708,24.7112,24.7112,4.67704e-26,-4.67704e-26
0.094953,-6.99902e-10,1.1085e-06,1.91673e-09,-7.86619e-07,-7.06036e-10,-4.03888e-08,0.587117,-2.11311e-06,2.47285e-10,1.0009e-05,1.5708,24.7088,24.7135,4.67517e-23,-4.67428e-23
0.0952329,2.56464e-09,1.10887e-06,1.47421e-08,-7.82896e-07,-6.0882e-09,-4.07198e-08,0.591871,-2.10518e-06,7.56977e-10,9.96979e-06,1.5708,24.7064,24.7109,8.70811e-23,-8.70655e-23
0.0955117,8.05051e-09,1.1092e-06,9.63687e-09,-7.7891e-07,-1.258e-08,-4.12739e-08,0.59664,-2.09718e-06,1.34361e-09,9.93073e-06,1.5708,24.7041,24.7071,-2.98812e-23,2.98775e-23
0.0957895,1.33954e-08,1.1087e-06,-6.28152e-09,-7.75373e-07,-1.79714e-08,-4.21e-08,0.601423,-2.08914e-06,1.32318e-09,9.89187e-06,1.5708,24.7017,24.7055,-4.34574e-25,4.34508e-25
0.0960661,1.81096e-08,1.10765e-06,-1.82411e-09,-7.72018e-07,-2.47509e-08,-4.31686e-08,0.606219,-2.08109e-06,1.14708e-09,9.85317e-06,1.5708,24.6993,24.7025,-3.19704e-23,3.19662e-23
0.0963417,2.24511e-08,1.10592e-06,-2.74175e-11,-7.69042e-07,-3.09244e-08,-4.4459e-08,0.611029,-2.07307e-06,1.11233e-09,9.81464e-06,1.5708,24.6969,24.7007,-3.77111e-23,3.77053e-23
0.0966161,2.68999e-08,1.10383e-06,1.92995e-09,-7.66209e-07,-3.73702e-08,-4.59625e-08,0.615853,-2.06508e-06,1.17418e-09,9.77625e-06,1.5708,24.6945,24.6936,-1.73116e-26,1.73122e-26
0.0968895,2.8488e-08,1.10045e-06,-2.05769e-08,-7.64676e-07,-3.78836e-08,-4.76151e-08,0.620691,-2.05719e-06,5.49701e-10,9.73796e-06,1.5708,24.6921,24.6894,2.60831e-23,-2.60859e-23
0.0971617,2.5895e-08,1.09652e-06,-2.05763e-08,-7.64029e-07,-3.54035e-08,-4.92277e-08,0.625542,-2.04943e-06,-4.97518e-10,9.69973e-06,1.5708,24.6897,24.687,-2.63904e-23,2.63932e-23
0.0974328,2.11195e-08,1.09301e-06,-4.04464e-09,-7.63546e-07,-3.17369e-08,-5.06431e-08,0.630407,-2.0418e-06,-1.01396e-09,9.66153e-06,1.5708,24.6872,24.6868,-3.51133e-22,3.5114e-22
0.0977028,1.75196e-08,1.09081e-06,1.2078e-08,-7.62349e-07,-2.93751e-08,-5.18417e-08,0.635285,-2.03426e-06,-7.02227e-10,9.62337e-06,1.5708,24.6848,24.6817,2.84687e-21,-2.84722e-21
0.0979718,1.38357e-08,1.089e-06,-6.38741e-09,-7.61309e-07,-2.33519e-08,-5.2861e-08,0.640177,-2.02676e-06,-6.80943e-10,9.58527e-06,1.5708,24.6824,24.6826,1.737e-22,-1.73698e-22
0.0982397,1.09498e-08,1.08855e-06,6.30701e-09,-7.5932e-07,-2.13438e-08,-5.37029e-08,0.645082,-2.01926e-06,-5.98482e-10,9.54724e-06,1.5708,24.6799,24.6839,-3.91377e-23,3.91315e-23
0.0985066,1.1877e-08,1.08953e-06,2.48129e-08,-7.55951e-07,-2.46499e-08,-5.44896e-08,0.650001,-2.01168e-06,3.16886e-10,9.50935e-06,1.5708,24.6775,24.6739,2.81287e-21,-2.81328e-21
0.0987723,1.1319e-08,1.08902e-06,-2.27857e-08,-7.53932e-07,-1.95091e-08,-5.52983e-08,0.654933,-2.00404e-06,5.07719e-11,9.47159e-06,1.5708,24.675,24.6707,-8.55609e-23,8.55757e-23
0.099037,6.40175e-09,1.08781e-06,-2.4341e-08,-7.52576e-07,-1.34433e-08,-5.59536e-08,0.659878,-1.99638e-06,-1.15902e-09,9.43391e-06,1.5708,24.6725,24.669,2.81506e-21,-2.81546e-21
0.0993006,-7.5111e-11,1.08663e-06,1.99521e-09,-7.51166e-07,-8.04771e-09,-5.63129e-08,0.664837,-1.98871e-06,-1.55231e-09,9.39631e-06,1.5708,24.6701,24.6688,1.42515e-21,-1.42522e-21
0.0995632,-4.34438e-09,1.08601e-06,1.68853e-08,-7.49057e-07,-4.11247e-09,-5.64049e-08,0.669808,-1.98103e-06,-9.72902e-10,9.35879e-06,1.5708,24.6676,24.6666,-9.75134e-24,9.75173e-24
0.0998248,-6.43071e-09,1.08555e-06,6.79156e-09,-7.46528e-07,-3.22564e-10,-5.63445e-08,0.674793,-1.9733e-06,-4.3803e-10,9.32139e-06,1.5708,24.6651,24.6612,-3.83812e-23,3.83872e-23
0.100085,-9.75311e-09,1.08426e-06,-1.47219e-08,-7.44511e-07,6.2237e-09,-5.61529e-08,0.679791,-1.96556e-06,-7.83653e-10,9.2841e-06,1.5708,24.6626,24.6629,5.74731e-24,-5.74724e-24
0.100345,-1.23485e-08,1.08348e-06,1.04254e-08,-7.41629e-07,7.28646e-09,-5.58028e-08,0.684802,-1.95781e-06,-7.25365e-10,9.24694e-06,1.5708,24.6601,24.6627,2.55589e-23,-2.55563e-23
0.100603,-1.12852e-08,1.08306e-06,2.29837e-08,-7.37873e-07,5.05785e-09,-5.54201e-08,0.689825,-1.95001e-06,2.08533e-10,9.20994e-06,1.5708,24.6576,24.6535,2.85267e-21,-2.85315e-21
0.100861,-1.1776e-08,1.08074e-06,-2.29533e-08,-7.35526e-07,1.05974e-08,-5.50698e-08,0.694862,-1.94222e-06,-9.73287e-11,9.17309e-06,1.5708,24.6551,24.6589,1.52645e-22,-1.52622e-22
0.101117,-1.11306e-08,1.07938e-06,1.55941e-08,-7.31812e-07,6.27946e-09,-5.4704e-08,0.699911,-1.93445e-06,-2.72804e-11,9.1364e-06,1.5708,24.6526,24.6547,1.40577e-21,-1.40565e-21
0.101373,-8.05555e-09,1.07753e-06,1.35224e-08,-7.28094e-07,2.93049e-09,-5.4444e-08,0.704974,-1.92669e-06,6.99927e-10,9.09989e-06,1.5708,24.65,24.6549,-4.80094e-23,4.8e-23
0.101627,-2.48192e-09,1.07568e-06,1.03306e-08,-7.23884e-07,-3.55294e-09,-5.44024e-08,0.710049,-1.91896e-06,1.28594e-09,9.06358e-06,1.5708,24.6475,24.6463,1.21737e-23,-1.21743e-23
0.10188,5.19709e-10,1.07205e-06,-2.39333e-08,-7.21157e-07,-3.84534e-09,-5.45835e-08,0.715136,-1.9113e-06,7.11401e-10,9.02745e-06,1.5708,24.645,24.6496,-4.5675e-23,4.56666e-23
0.102133,3.51322e-09,1.06904e-06,1.02147e-08,-7.17693e-07,-1.10404e-08,-5.48956e-08,0.720237,-1.90373e-06,5.90491e-10,8.99147e-06,1.5708,24.6424,24.64,-2.43346e-23,2.4337e-23
0.102384,4.51785e-09,1.06459e-06,-1.52171e-08,-7.15757e-07,-9.8566e-09,-5.53209e-08,0.725349,-1.89628e-06,2.93567e-10,8.95562e-06,1.5708,24.6399,24.6408,9.02459e-24,-9.02426e-24
0.102634,4.50077e-09,1.06074e-06,-1.5052e-09,-7.13587e-07,-1.13179e-08,-5.57584e-08,0.730475,-1.88897e-06,-4.03847e-11,8.91987e-06,1.5708,24.6373,24.6389,0,0
0.102884,5.42834e-09,1.05761e-06,9.5258e-09,-7.11114e-07,-1.37015e-08,-5.62167e-08,0.735613,-1.88177e-06,2.37379e-10,8.88425e-06,1.5708,24.6348,24.6373,-2.83303e-21,2.83273e-21
0.103132,7.99557e-09,1.05521e-06,7.81546e-09,-7.0829e-07,-1.69103e-08,-5.67629e-08,0.740763,-1.87462e-06,6.67385e-10,8.84875e-06,1.5708,24.6322,24.6328,-6.24132e-24,6.24116e-24
0.103379,1.00506e-08,1.05282e-06,-8.03088e-09,-7.0584e-07,-1.81344e-08,-5.74249e-08,0.745926,-1.86753e-06,5.56316e-10,8.81338e-06,1.5708,24.6296,24.6307,7.04446e-22,-7.04416e-22
0.103626,1.1078e-08,1.05072e-06,-4.32264e-09,-7.03464e-07,-2.00697e-08,-5.81545e-08,0.751101,-1.86047e-06,2.66844e-10,8.77814e-06,1.5708,24.627,24.6276,0,0
0.103871,1.15799e-08,1.04881e-06,-5.10764e-10,-7.01255e-07,-2.1378e-08,-5.89173e-08,0.756289,-1.85344e-06,1.69359e-10,8.74301e-06,1.5708,24.6244,24.6239,-5.96041e-24,5.96056e-24
0.104115,1.12279e-08,1.04688e-06,-5.23895e-09,-6.99407e-07,-2.07676e-08,-5.9681e-08,0.761488,-1.84643e-06,-8.50203e-12,8.70798e-06,1.5708,24.6219,24.6211,0,0
0.104359,9.96734e-09,1.04511e-06,-4.1393e-09,-6.97713e-07,-1.95803e-08,-6.03978e-08,0.7667,-1.83944e-06,-2.39862e-10,8.67304e-06,1.5708,24.6193,24.6186,-1.25882e-23,1.25886e-23
0.104601,8.37867e-09,1.04362e-06,-2.26526e-11,-6.96014e-07,-1.82425e-08,-6.10376e-08,0.771924,-1.83245e-06,-3.18395e-10,8.63819e-06,1.5708,24.6166,24.6202,-2.82771e-21,2.8273e-21
0.104842,9.43132e-09,1.04325e-06,1.92581e-08,-6.9328e-07,-2.17088e-08,-6.16556e-08,0.77716,-1.82543e-06,2.99783e-10,8.60344e-06,1.5708,24.614,24.6157,-3.28735e-23,3.28713e-23
0.105083,1.19802e-08,1.04264e-06,2.12438e-09,-6.9067e-07,-2.346e-08,-6.23684e-08,0.782408,-1.81835e-06,7.29678e-10,8.56884e-06,1.5708,24.6114,24.6131,-9.96459e-26,9.96389e-26
0.105322,1.41496e-08,1.04171e-06,-5.75731e-09,-6.88195e-07,-2.5729e-08,-6.31914e-08,0.787668,-1.81124e-06,5.84825e-10,8.53435e-06,1.5708,24.6088,24.6068,1.96445e-23,-1.96461e-23
0.105561,1.34747e-08,1.0396e-06,-1.76753e-08,-6.86756e-07,-2.40619e-08,-6.40462e-08,0.79294,-1.80412e-06,-9.09518e-11,8.49997e-06,1.5708,24.6062,24.6097,-4.10926e-25,4.10867e-25
0.105798,1.39117e-08,1.0383e-06,1.67784e-08,-6.84385e-07,-2.84059e-08,-6.48763e-08,0.798224,-1.797e-06,1.16221e-10,8.46568e-06,1.5708,24.6035,24.6005,-6.17913e-23,6.1799e-23
0.106035,1.31142e-08,1.03562e-06,-1.41776e-08,-6.83292e-07,-2.4671e-08,-6.57077e-08,0.80352,-1.78991e-06,-2.42556e-11,8.43147e-06,1.5708,24.6009,24.5979,-2.80621e-21,2.80655e-21
0.10627,9.38287e-09,1.03262e-06,-1.70119e-08,-6.82619e-07,-2.00161e-08,-6.64122e-08,0.808828,-1.78288e-06,-8.37011e-10,8.39731e-06,1.5708,24.5982,24.6032,0,0
0.106505,9.1025e-09,1.03155e-06,3.38125e-08,-6.80038e-07,-2.49675e-08,-6.69965e-08,0.814147,-1.77586e-06,-7.03616e-11,8.36323e-06,1.5708,24.5956,24.5933,-4.6539e-23,4.65434e-23
0.106738,9.46514e-09,1.02937e-06,-8.73695e-09,-6.78478e-07,-2.14018e-08,-6.76018e-08,0.819478,-1.76884e-06,2.83699e-10,8.32926e-06,1.5708,24.5929,24.5914,1.50126e-23,-1.50135e-23
0.106971,7.57055e-09,1.02706e-06,-1.66764e-08,-6.77076e-07,-1.84541e-08,-6.81545e-08,0.824821,-1.76186e-06,-4.16026e-10,8.29536e-06,1.5708,24.5903,24.5889,0,0
0.107203,4.47471e-09,1.02487e-06,-1.99309e-10,-6.75601e-07,-1.63703e-08,-6.85708e-08,0.830175,-1.7549e-06,-7.35666e-10,8.26153e-06,1.5708,24.5876,24.5893,-9.88509e-26,9.88441e-26
0.107433,3.69986e-09,1.0235e-06,1.83937e-08,-6.7327e-07,-1.73398e-08,-6.88854e-08,0.835541,-1.74794e-06,-1.48712e-10,8.2278e-06,1.5708,24.5849,24.5845,-3.67031e-24,3.67037e-24
0.107663,3.97529e-09,1.02185e-06,-1.04419e-09,-6.7109e-07,-1.58191e-08,-6.91935e-08,0.840919,-1.74097e-06,1.63005e-10,8.19417e-06,1.5708,24.5822,24.5862,-3.959e-23,3.95836e-23
0.107892,6.15773e-09,1.02093e-06,1.18192e-08,-6.67927e-07,-1.99414e-08,-6.95508e-08,0.846308,-1.73398e-06,5.23178e-10,8.16069e-06,1.5708,24.5795,24.5788,0,0
0.10812,7.49935e-09,1.01888e-06,-1.0912e-08,-6.6561e-07,-1.95098e-08,-7.00007e-08,0.851708,-1.72697e-06,3.94659e-10,8.12734e-06,1.5708,24.5768,24.5773,4.88676e-24,-4.88667e-24
0.108347,7.55966e-09,1.01655e-06,-5.50398e-09,-6.63372e-07,-2.03066e-08,-7.04731e-08,0.85712,-1.71999e-06,1.30868e-11,8.0941e-06,1.5708,24.5741,24.5769,0,0
0.108573,8.86295e-09,1.01453e-06,1.29566e-08,-6.60627e-07,-2.39751e-08,-7.09704e-08,0.862543,-1.71303e-06,3.26019e-10,8.06099e-06,1.5708,24.5714,24.5678,-1.09106e-22,1.09122e-22
0.108798,7.96412e-09,1.01102e-06,-2.08302e-08,-6.59288e-07,-1.96827e-08,-7.14857e-08,0.867977,-1.70612e-06,-9.98737e-11,8.02798e-06,1.5708,24.5687,24.569,-3.10994e-24,3.1099e-24
0.109022,5.96953e-09,1.00807e-06,-2.14482e-10,-6.57479e-07,-1.94117e-08,-7.19088e-08,0.873422,-1.69928e-06,-4.97878e-10,7.99505e-06,1.5708,24.566,24.5626,1.03354e-22,-1.03368e-22
0.109246,2.66881e-09,1.00465e-06,-6.94481e-09,-6.56314e-07,-1.47021e-08,-7.22012e-08,0.878879,-1.69251e-06,-7.2521e-10,7.96219e-06,1.5708,24.5633,24.5593,-4.0419e-23,4.04257e-23
0.109468,-2.33156e-09,1.00129e-06,-9.70022e-09,-6.55403e-07,-8.15021e-09,-7.22812e-08,0.884347,-1.68583e-06,-1.1675e-09,7.92938e-06,1.5708,24.5606,24.5634,8.63556e-23,-8.63456e-23
0.109689,-4.05049e-09,9.99907e-07,2.79981e-08,-6.5274e-07,-9.6399e-09,-7.21799e-08,0.889826,-1.67916e-06,-4.50482e-10,7.89667e-06,1.5708,24.5578,24.5603,0,0
0.10991,-1.73382e-09,9.99062e-07,1.71105e-08,-6.49469e-07,-1.13296e-08,-7.21044e-08,0.895316,-1.67246e-06,6.24729e-10,7.8641e-06,1.5708,24.5551,24.5577,-5.1887e-23,5.18815e-23
0.11013,1.9058e-09,9.98137e-07,-1.6096e-09,-6.46036e-07,-1.39787e-08,-7.21777e-08,0.900817,-1.66571e-06,8.94457e-10,7.8317e-06,1.5708,24.5523,24.5528,-8.50786e-24,8.50772e-24
0.110348,3.89295e-09,9.96322e-07,-1.26915e-08,-6.43214e-07,-1.5407e-08,-7.23862e-08,0.906329,-1.65894e-06,4.56781e-10,7.79946e-06,1.5708,24.5496,24.5477,1.9083e-23,-1.90844e-23
0.110566,2.96094e-09,9.9345e-07,-1.45547e-08,-6.413e-07,-1.41226e-08,-7.26143e-08,0.911852,-1.6522e-06,-2.48959e-10,7.76733e-06,1.5708,24.5468,24.5455,2.75409e-23,-2.75424e-23
0.110783,6.67727e-10,9.90348e-07,-1.59928e-09,-6.39619e-07,-1.25689e-08,-7.27534e-08,0.917385,-1.64551e-06,-5.73684e-10,7.7353e-06,1.5708,24.5441,24.5401,-4.02673e-23,4.02739e-23
0.110999,-3.20332e-09,9.86729e-07,-9.16134e-09,-6.38615e-07,-6.90827e-09,-7.27403e-08,0.92293,-1.63889e-06,-8.98249e-10,7.70333e-06,1.5708,24.5413,24.5438,-7.54626e-23,7.54549e-23
0.111214,-4.49241e-09,9.84694e-07,2.22324e-08,-6.36176e-07,-8.28882e-09,-7.25857e-08,0.928485,-1.63233e-06,-3.56263e-10,7.67145e-06,1.5708,24.5385,24.5414,0,0
0.111428,-2.00692e-09,9.83263e-07,1.79037e-08,-6.33078e-07,-1.08353e-08,-7.24686e-08,0.934051,-1.62575e-06,6.36222e-10,7.63971e-06,1.5708,24.5358,24.5361,3.65517e-24,-3.65511e-24
0.111642,4.74842e-10,9.81249e-07,-1.07271e-08,-6.30437e-07,-1.10255e-08,-7.248e-08,0.939628,-1.61917e-06,6.27915e-10,7.60811e-06,1.5708,24.533,24.534,0,0
0.111854,1.61276e-09,9.79024e-07,-6.61309e-09,-6.27907e-07,-1.28581e-08,-7.25702e-08,0.945216,-1.61259e-06,2.14265e-10,7.57664e-06,1.5708,24.5302,24.5297,3.51079e-22,-3.51085e-22
0.112066,1.5895e-09,9.76286e-07,-3.65031e-09,-6.25847e-07,-1.31386e-08,-7.26848e-08,0.950814,-1.60605e-06,-2.71017e-11,7.54528e-06,1.5708,24.5274,24.5245,-8.8587e-23,8.85976e-23
0.112277,-5.0277e-10,9.72855e-07,-1.2344e-08,-6.24587e-07,-9.64043e-09,-7.27458e-08,0.956422,-1.59956e-06,-4.92243e-10,7.51401e-06,1.5708,24.5246,24.5286,8.13618e-23,-8.13484e-23
0.112486,-1.95814e-11,9.70948e-07,2.42931e-08,-6.21894e-07,-1.38601e-08,-7.27514e-08,0.962041,-1.59311e-06,5.63375e-11,7.48283e-06,1.5708,24.5218,24.5199,-3.88854e-23,3.88885e-23
0.112695,5.8989e-10,9.68153e-07,-8.535e-09,-6.20131e-07,-1.13186e-08,-7.27994e-08,0.967671,-1.58669e-06,2.38214e-10,7.45177e-06,1.5708,24.519,24.518,-7.1143e-22,7.11459e-22
0.112903,-5.48685e-10,9.65369e-07,-1.17751e-08,-6.18501e-07,-9.54326e-09,-7.28234e-08,0.973311,-1.5803e-06,-3.00261e-10,7.42079e-06,1.5708,24.5162,24.5122,2.76588e-21,-2.76633e-21
0.11311,-4.37734e-09,9.62104e-07,-1.3048e-08,-6.17597e-07,-4.53333e-09,-7.27197e-08,0.978961,-1.57397e-06,-9.40645e-10,7.38987e-06,1.5708,24.5133,24.5113,1.98874e-23,-1.9889e-23
0.113317,-8.52198e-09,9.59466e-07,4.51638e-09,-6.16371e-07,-8.96045e-10,-7.24099e-08,0.984622,-1.56769e-06,-1.04083e-09,7.35901e-06,1.5708,24.5105,24.5122,-1.70198e-23,1.70187e-23
0.113522,-9.41402e-09,9.58111e-07,2.22349e-08,-6.14017e-07,-1.2658e-09,-7.19737e-08,0.990293,-1.56141e-06,-2.42016e-10,7.32824e-06,1.5708,24.5077,24.5072,1.48594e-23,-1.48597e-23
0.113727,-8.8323e-09,9.5665e-07,-4.12238e-10,-6.1175e-07,5.53878e-10,-7.15408e-08,0.995974,-1.5551e-06,1.62096e-10,7.29758e-06,1.5708,24.5049,24.5065,-1.67962e-23,1.6795e-23
0.11393,-7.62739e-09,9.55504e-07,1.83512e-09,-6.09034e-07,-9.19004e-10,-7.11464e-08,1.00167,-1.54875e-06,2.13373e-10,7.26705e-06,1.5708,24.502,24.5004,1.63952e-23,-1.63963e-23
0.114133,-7.73099e-09,9.53473e-07,-9.96346e-09,-6.07025e-07,6.28487e-10,-7.07832e-08,1.00737,-1.54239e-06,-7.22122e-11,7.23664e-06,1.5708,24.4992,24.5033,-4.17713e-23,4.17642e-23
0.114335,-5.77615e-09,9.52265e-07,1.9154e-08,-6.03948e-07,-4.50496e-09,-7.04553e-08,1.01308,-1.536e-06,3.561e-10,7.20635e-06,1.5708,24.4963,24.4969,6.24925e-24,-6.24909e-24
0.114537,-2.93216e-09,9.50164e-07,-6.83767e-10,-6.01439e-07,-5.92899e-09,-7.02594e-08,1.0188,-1.5296e-06,6.93848e-10,7.17621e-06,1.5708,24.4935,24.4961,5.32155e-23,-5.32098e-23
0.114737,1.03715e-10,9.47924e-07,-2.69537e-10,-5.98786e-07,-9.69899e-09,-7.02037e-08,1.02453,-1.5232e-06,6.72585e-10,7.14619e-06,1.5708,24.4906,24.4902,-3.71895e-24,3.71901e-24
0.114936,1.57482e-09,9.44707e-07,-1.04275e-08,-5.96919e-07,-1.05215e-08,-7.02608e-08,1.03027,-1.51684e-06,3.3273e-10,7.11628e-06,1.5708,24.4877,24.4861,-3.21711e-23,3.21732e-23
0.115135,7.1964e-10,9.40868e-07,-1.1612e-08,-5.95695e-07,-9.34171e-09,-7.03276e-08,1.03603,-1.51056e-06,-2.36005e-10,7.08645e-06,1.5708,24.4849,24.4889,0,0
0.115333,2.02187e-09,9.38241e-07,2.21042e-08,-5.93324e-07,-1.43436e-08,-7.03932e-08,1.04179,-1.50434e-06,2.56083e-10,7.05672e-06,1.5708,24.482,24.4869,-9.98132e-23,9.97931e-23
0.11553,7.18939e-09,9.36166e-07,1.94758e-08,-5.90333e-07,-2.06343e-08,-7.06263e-08,1.04756,-1.49814e-06,1.29688e-09,7.02711e-06,1.5708,24.4791,24.4791,-2.83619e-25,2.8362e-25
0.115726,1.09275e-08,9.32973e-07,-2.11527e-08,-5.88433e-07,-2.14743e-08,-7.1087e-08,1.05334,-1.49196e-06,9.83339e-10,6.99763e-06,1.5708,24.4762,24.4812,-5.04709e-23,5.04606e-23
0.115921,1.4412e-08,9.30536e-07,6.08941e-09,-5.85808e-07,-2.88728e-08,-7.17038e-08,1.05913,-1.48583e-06,7.82187e-10,6.96827e-06,1.5708,24.4733,24.4761,2.896e-21,-2.89567e-21
0.116116,1.84192e-08,9.27759e-07,4.4965e-09,-5.83531e-07,-3.41448e-08,-7.2507e-08,1.06493,-1.47972e-06,1.04123e-09,6.93902e-06,1.5708,24.4704,24.4679,7.74661e-23,-7.74742e-23
0.11631,1.89449e-08,9.23675e-07,-2.71382e-08,-5.82766e-07,-3.21322e-08,-7.34217e-08,1.07074,-1.47368e-06,2.54064e-10,6.90985e-06,1.5708,24.4675,24.4701,2.89768e-21,-2.89737e-21
0.116502,1.8677e-08,9.20647e-07,6.2893e-09,-5.81286e-07,-3.56234e-08,-7.43157e-08,1.07656,-1.46772e-06,-5.3292e-11,6.88073e-06,1.5708,24.4646,24.4629,-5.35588e-23,5.35627e-23
0.116694,1.76354e-08,9.17274e-07,-4.91146e-09,-5.8052e-07,-3.36696e-08,-7.51781e-08,1.08239,-1.46182e-06,-9.30528e-11,6.85168e-06,1.5708,24.4617,24.4623,5.5066e-24,-5.50648e-24
0.116886,1.654e-08,9.14692e-07,8.15659e-10,-5.79368e-07,-3.33082e-08,-7.59726e-08,1.08823,-1.45596e-06,-1.59104e-10,6.82266e-06,1.5708,24.4588,24.455,-3.88101e-23,3.88161e-23
0.117076,1.32269e-08,9.11735e-07,-1.59258e-08,-5.79008e-07,-2.78712e-08,-7.66531e-08,1.09408,-1.45014e-06,-6.55538e-10,6.79369e-06,1.5708,24.4559,24.4551,7.81606e-24,-7.8163e-24
0.117265,9.4596e-09,9.09769e-07,3.2681e-09,-5.78059e-07,-2.53541e-08,-7.71383e-08,1.09994,-1.44433e-06,-8.49766e-10,6.76475e-06,1.5708,24.453,24.451,1.97511e-23,-1.97527e-23
0.117454,6.11993e-09,9.08155e-07,2.91871e-09,-5.77022e-07,-2.13191e-08,-7.74434e-08,1.10581,-1.43851e-06,-6.94938e-10,6.73586e-06,1.5708,24.45,24.4541,-9.74696e-25,9.74533e-25
0.117642,6.60369e-09,9.08136e-07,2.50668e-08,-5.74386e-07,-2.42661e-08,-7.76647e-08,1.11169,-1.43262e-06,1.64976e-10,6.70706e-06,1.5708,24.4471,24.4517,0,0
0.117829,1.09687e-08,9.08413e-07,1.61149e-08,-5.71074e-07,-2.9025e-08,-7.80087e-08,1.11757,-1.42661e-06,1.15338e-09,6.67841e-06,1.5708,24.4442,24.4482,-8.22009e-23,8.21873e-23
0.118016,1.64098e-08,9.08033e-07,-2.12032e-09,-5.6782e-07,-3.43411e-08,-7.85925e-08,1.12347,-1.4205e-06,1.38817e-09,6.64993e-06,1.5708,24.4412,24.4399,0,0
0.118201,1.80247e-08,9.0558e-07,-2.76139e-08,-5.6611e-07,-3.42525e-08,-7.93445e-08,1.12937,-1.41436e-06,4.61617e-10,6.62157e-06,1.5708,24.4383,24.4349,3.33782e-23,-3.33827e-23
0.118386,1.47887e-08,9.01748e-07,-2.16071e-08,-5.65545e-07,-3.12232e-08,-8.00368e-08,1.13529,-1.40827e-06,-7.50878e-10,6.59326e-06,1.5708,24.4353,24.4384,0,0
0.11857,1.33701e-08,8.98985e-07,2.60557e-08,-5.6379e-07,-3.45497e-08,-8.05911e-08,1.14121,-1.40224e-06,-3.19662e-10,6.56502e-06,1.5708,24.4324,24.4341,-1.74861e-23,1.74848e-23
0.118753,1.50179e-08,8.96211e-07,1.26687e-08,-5.6188e-07,-3.56125e-08,-8.11571e-08,1.14715,-1.39623e-06,5.76412e-10,6.53686e-06,1.5708,24.4294,24.4301,7.19826e-22,-7.19806e-22
0.118935,1.646e-08,8.93127e-07,-1.04602e-08,-5.60172e-07,-3.54929e-08,-8.17929e-08,1.15309,-1.39027e-06,4.78358e-10,6.5088e-06,1.5708,24.4264,24.4305,8.35398e-23,-8.35257e-23
0.119117,1.86122e-08,8.9069e-07,8.53584e-09,-5.5771e-07,-4.05144e-08,-8.24965e-08,1.15904,-1.38434e-06,5.5637e-10,6.48084e-06,1.5708,24.4235,24.4282,4.78665e-23,-4.78572e-23
0.119298,2.2907e-08,8.88435e-07,1.33333e-08,-5.54875e-07,-4.68807e-08,-8.33527e-08,1.165,-1.37842e-06,1.14517e-09,6.45301e-06,1.5708,24.4205,24.4178,0,0
0.119478,2.39184e-08,8.84402e-07,-3.00524e-08,-5.53779e-07,-4.44102e-08,-8.43406e-08,1.17097,-1.37255e-06,4.30308e-10,6.42528e-06,1.5708,24.4175,24.4161,-1.40368e-23,1.40376e-23
0.119657,2.10755e-08,8.80282e-07,-1.54935e-08,-5.53008e-07,-4.28825e-08,-8.52533e-08,1.17695,-1.36678e-06,-6.31558e-10,6.3976e-06,1.5708,24.4145,24.4159,4.2143e-23,-4.21406e-23
0.119835,1.90742e-08,8.77124e-07,1.66152e-08,-5.51569e-07,-4.40826e-08,-8.60263e-08,1.18293,-1.36108e-06,-3.8884e-10,6.36997e-06,1.5708,24.4115,24.4123,-1.47907e-23,1.47902e-23
0.120013,1.899e-08,8.744e-07,7.80201e-09,-5.4994e-07,-4.35608e-08,-8.67445e-08,1.18893,-1.35542e-06,1.73609e-10,6.34242e-06,1.5708,24.4085,24.4063,1.41034e-21,-1.41047e-21
0.12019,1.73257e-08,8.71366e-07,-1.72151e-08,-5.48891e-07,-3.94262e-08,-8.74104e-08,1.19494,-1.3498e-06,-2.32981e-10,6.31494e-06,1.5708,24.4055,24.4025,-3.04645e-23,3.04682e-23
0.120366,1.28714e-08,8.68376e-07,-1.35542e-08,-5.48139e-07,-3.45841e-08,-8.79033e-08,1.20095,-1.34421e-06,-9.91757e-10,6.28749e-06,1.5708,24.4025,24.4009,3.32588e-23,-3.32611e-23
0.120541,8.19781e-09,8.66076e-07,6.04009e-09,-5.47018e-07,-3.0928e-08,-8.81524e-08,1.20697,-1.33865e-06,-1.05252e-09,6.2601e-06,1.5708,24.3995,24.4019,4.87976e-23,-4.87928e-23
0.120716,7.12088e-09,8.65123e-07,2.39643e-08,-5.44656e-07,-3.15156e-08,-8.82483e-08,1.213,-1.33306e-06,-1.69544e-10,6.2328e-06,1.5708,24.3965,24.3969,3.64315e-22,-3.64309e-22
0.12089,7.82814e-09,8.64044e-07,7.80333e-10,-5.42299e-07,-3.02257e-08,-8.83366e-08,1.21904,-1.32741e-06,3.05359e-10,6.20561e-06,1.5708,24.3935,24.3909,2.65731e-23,-2.6576e-23
0.121063,6.10865e-09,8.62036e-07,-2.08914e-08,-5.4072e-07,-2.60459e-08,-8.83901e-08,1.22509,-1.32172e-06,-3.5112e-10,6.17852e-06,1.5708,24.3905,24.3928,0,0
0.121235,4.98115e-09,8.6071e-07,1.34283e-08,-5.38247e-07,-2.81533e-08,-8.83487e-08,1.23115,-1.31601e-06,-3.12028e-10,6.15153e-06,1.5708,24.3875,24.3828,0,0
0.121406,2.26103e-09,8.57807e-07,-1.5103e-08,-5.37152e-07,-2.19422e-08,-8.82189e-08,1.23722,-1.31029e-06,-5.45291e-10,6.12463e-06,1.5708,24.3844,24.3818,-2.66404e-23,2.66433e-23
0.121577,-2.21163e-09,8.54858e-07,-8.01644e-09,-5.36056e-07,-1.7e-08,-8.78926e-08,1.24329,-1.30461e-06,-1.08659e-09,6.09779e-06,1.5708,24.3814,24.3815,-1.55203e-24,1.55202e-24
0.121747,-5.17996e-09,8.52595e-07,1.56227e-08,-5.34199e-07,-1.54838e-08,-8.73698e-08,1.24937,-1.29895e-06,-7.35526e-10,6.07102e-06,1.5708,24.3784,24.3762,-4.42686e-23,4.42726e-23
0.121916,-7.27474e-09,8.49992e-07,-4.45152e-10,-5.32571e-07,-1.10261e-08,-8.67261e-08,1.25547,-1.2933e-06,-4.56786e-10,6.04434e-06,1.5708,24.3753,24.3803,0,0
0.122085,-5.65654e-09,8.48792e-07,2.44344e-08,-5.29294e-07,-1.52898e-08,-8.60558e-08,1.26157,-1.28763e-06,3.19751e-10,6.01778e-06,1.5708,24.3723,24.3757,6.86361e-23,-6.86266e-23
0.122253,-1.17339e-09,8.47269e-07,9.77267e-09,-5.25889e-07,-1.9271e-08,-8.5544e-08,1.26767,-1.28192e-06,1.09257e-09,5.99139e-06,1.5708,24.3692,24.3726,-3.47896e-23,3.47848e-23
0.12242,3.73402e-09,8.45104e-07,-3.78197e-09,-5.22646e-07,-2.40267e-08,-8.52608e-08,1.27379,-1.27619e-06,1.15489e-09,5.96516e-06,1.5708,24.3662,24.3623,3.85697e-23,-3.85758e-23
0.122586,3.7032e-09,8.40704e-07,-3.41175e-08,-5.21395e-07,-2.10079e-08,-8.50965e-08,1.27992,-1.27051e-06,-1.18904e-11,5.93905e-06,1.5708,24.3631,24.3607,-2.4329e-23,2.43314e-23
0.122752,-3.55267e-11,8.35988e-07,-1.04897e-08,-5.20575e-07,-1.86894e-08,-8.48158e-08,1.28605,-1.26496e-06,-9.89446e-10,5.91298e-06,1.5708,24.36,24.3565,3.65075e-23,-3.65128e-23
0.122917,-4.84591e-09,8.31275e-07,8.9665e-10,-5.201e-07,-1.36865e-08,-8.43176e-08,1.29219,-1.25953e-06,-1.15791e-09,5.88695e-06,1.5708,24.357,24.3523,-4.81757e-23,4.8185e-23
0.123081,-1.04538e-08,8.26859e-07,-5.74498e-09,-5.19852e-07,-5.74412e-09,-8.35589e-08,1.29834,-1.25422e-06,-1.32606e-09,5.86094e-06,1.5708,24.3539,24.3511,-5.73759e-23,5.73825e-23
0.123244,-1.5757e-08,8.23606e-07,3.57086e-09,-5.19005e-07,3.73576e-10,-8.25209e-08,1.3045,-1.24899e-06,-1.31964e-09,5.83495e-06,1.5708,24.3508,24.3463,4.61675e-23,-4.61761e-23
0.123407,-2.11928e-08,8.20862e-07,-2.9184e-09,-5.1815e-07,8.38061e-09,-8.12182e-08,1.31067,-1.24379e-06,-1.34681e-09,5.80901e-06,1.5708,24.3477,24.3467,-2.19486e-23,2.19496e-23
0.123569,-2.497e-08,8.19458e-07,1.17035e-08,-5.16297e-07,1.23325e-08,-7.96817e-08,1.31684,-1.23858e-06,-1.02603e-09,5.78313e-06,1.5708,24.3447,24.3435,-1.15002e-23,1.15007e-23
0.12373,-2.6764e-08,8.18576e-07,8.51255e-09,-5.14006e-07,1.56592e-08,-7.80141e-08,1.32302,-1.23332e-06,-5.33152e-10,5.75736e-06,1.5708,24.3416,24.3452,4.24832e-30,-4.2477e-30
0.12389,-2.48152e-08,8.18725e-07,2.11145e-08,-5.10451e-07,1.27275e-08,-7.63508e-08,1.32921,-1.22796e-06,3.0488e-10,5.73174e-06,1.5708,24.3385,24.3341,2.79395e-21,-2.79445e-21
0.12405,-2.4775e-08,8.16925e-07,-2.41972e-08,-5.08488e-07,1.79272e-08,-7.47569e-08,1.33541,-1.22253e-06,-7.60414e-11,5.70625e-06,1.5708,24.3354,24.3399,-2.81623e-25,2.81571e-25
0.124209,-2.32703e-08,8.16128e-07,1.88951e-08,-5.05108e-07,1.24486e-08,-7.31828e-08,1.34162,-1.21705e-06,7.67541e-11,5.6809e-06,1.5708,24.3323,24.335,-8.26819e-23,8.26727e-23
0.124368,-1.89608e-08,8.1464e-07,1.50423e-08,-5.01824e-07,8.0741e-09,-7.177e-08,1.34783,-1.21152e-06,9.14821e-10,5.65571e-06,1.5708,24.3292,24.3245,0,0
0.124525,-1.82915e-08,8.10725e-07,-3.47729e-08,-5.00573e-07,1.2759e-08,-7.04967e-08,1.35406,-1.20601e-06,8.03168e-11,5.63064e-06,1.5708,24.3261,24.323,-3.20946e-23,3.20986e-23
0.124682,-2.18032e-08,8.06304e-07,-1.59535e-08,-4.99782e-07,1.5852e-08,-6.91372e-08,1.36029,-1.2006e-06,-1.08504e-09,5.60562e-06,1.5708,24.323,24.3193,-4.43633e-25,4.437e-25
0.124838,-2.63674e-08,8.01819e-07,3.69357e-09,-4.99231e-07,2.0293e-08,-6.75791e-08,1.36652,-1.1953e-06,-1.26624e-09,5.58063e-06,1.5708,24.3199,24.3216,1.76949e-23,-1.76936e-23
0.124994,-2.71412e-08,7.98863e-07,2.67971e-08,-4.97349e-07,1.97282e-08,-6.58922e-08,1.37277,-1.19007e-06,-3.36349e-10,5.5557e-06,1.5708,24.3167,24.3194,2.68924e-23,-2.68895e-23
0.125149,-2.39337e-08,7.96684e-07,1.56862e-08,-4.94723e-07,1.75678e-08,-6.42817e-08,1.37902,-1.18486e-06,6.70617e-10,5.53089e-06,1.5708,24.3136,24.3127,3.73605e-23,-3.73619e-23
0.125303,-2.15417e-08,7.93856e-07,-1.60053e-08,-4.92751e-07,1.83951e-08,-6.28225e-08,1.38528,-1.17967e-06,4.51107e-10,5.50619e-06,1.5708,24.3105,24.3142,-4.51653e-25,4.51583e-25
0.125456,-1.86218e-08,7.91794e-07,9.58383e-09,-4.89991e-07,1.27692e-08,-6.14861e-08,1.39155,-1.17448e-06,4.58711e-10,5.4816e-06,1.5708,24.3074,24.3033,4.01252e-23,-4.01318e-23
0.125609,-1.83016e-08,7.88101e-07,-2.03963e-08,-4.88908e-07,1.58933e-08,-6.02491e-08,1.39783,-1.16933e-06,-1.65178e-11,5.45712e-06,1.5708,24.3042,24.3007,2.8643e-21,-2.86471e-21
0.125761,-2.13035e-08,7.84177e-07,-1.57337e-08,-4.88349e-07,1.9743e-08,-5.89402e-08,1.40411,-1.16425e-06,-9.04945e-10,5.43267e-06,1.5708,24.3011,24.3002,-2.56775e-26,2.56784e-26
0.125913,-2.39508e-08,7.81141e-07,1.19133e-08,-4.87248e-07,2.09361e-08,-5.74891e-08,1.41041,-1.15924e-06,-8.1786e-10,5.40827e-06,1.5708,24.2979,24.2963,-1.67173e-23,1.67184e-23
0.126063,-2.51775e-08,7.78503e-07,6.30739e-09,-4.86042e-07,2.37266e-08,-5.59562e-08,1.41671,-1.15426e-06,-3.91817e-10,5.38392e-06,1.5708,24.2948,24.2986,3.92659e-23,-3.92598e-23
0.126213,-2.28404e-08,7.77362e-07,2.09275e-08,-4.83445e-07,2.00274e-08,-5.44531e-08,1.42301,-1.14925e-06,3.98862e-10,5.35967e-06,1.5708,24.2916,24.2912,4.8025e-24,-4.80259e-24
0.126363,-2.01366e-08,7.75575e-07,-7.35154e-09,-4.81431e-07,2.00783e-08,-5.30939e-08,1.42933,-1.14421e-06,5.55699e-10,5.33554e-06,1.5708,24.2885,24.2893,-7.82852e-24,7.82827e-24
0.126511,-1.83888e-08,7.73675e-07,-5.72677e-09,-4.79442e-07,1.82724e-08,-5.18443e-08,1.43565,-1.13914e-06,2.33885e-10,5.3115e-06,1.5708,24.2853,24.2843,-1.0474e-23,1.04745e-23
0.126659,-1.79196e-08,7.71178e-07,-5.2229e-09,-4.77975e-07,1.81451e-08,-5.06556e-08,1.44198,-1.13408e-06,-4.13471e-11,5.28755e-06,1.5708,24.2822,24.2845,0,0
0.126807,-1.61256e-08,7.69149e-07,1.28139e-08,-4.75944e-07,1.45823e-08,-4.9524e-08,1.44831,-1.12901e-06,2.72296e-10,5.26369e-06,1.5708,24.279,24.2797,-2.23209e-23,2.23203e-23
0.126953,-1.34978e-08,7.66728e-07,1.17333e-09,-4.7417e-07,1.28786e-08,-4.85153e-08,1.45466,-1.12394e-06,5.50661e-10,5.23993e-06,1.5708,24.2758,24.2732,8.11819e-23,-8.11907e-23
0.127099,-1.33885e-08,7.6332e-07,-1.98421e-08,-4.73368e-07,1.52148e-08,-4.75816e-08,1.46101,-1.11891e-06,-6.46316e-11,5.21622e-06,1.5708,24.2727,24.2734,7.36046e-22,-7.36023e-22
0.127244,-1.38474e-08,7.60448e-07,4.91936e-09,-4.72112e-07,1.36965e-08,-4.66311e-08,1.46737,-1.11392e-06,-2.79103e-10,5.19257e-06,1.5708,24.2695,24.2714,-3.91121e-23,3.9109e-23
0.127389,-1.21836e-08,7.58071e-07,1.55792e-08,-4.70382e-07,1.09203e-08,-4.57182e-08,1.47373,-1.10895e-06,3.13716e-10,5.169e-06,1.5708,24.2663,24.2663,-1.9841e-25,1.9841e-25
0.127533,-1.00987e-08,7.55389e-07,-4.45444e-09,-4.68961e-07,1.06275e-08,-4.49109e-08,1.48011,-1.104e-06,4.63192e-10,5.1455e-06,1.5708,24.2631,24.2653,-2.22626e-23,2.22606e-23
0.127676,-7.80915e-09,7.53078e-07,1.87953e-09,-4.67163e-07,7.38414e-09,-4.42091e-08,1.48649,-1.09906e-06,4.40116e-10,5.12208e-06,1.5708,24.2599,24.2621,-6.74272e-23,6.74212e-23
0.127819,-4.82752e-09,7.50806e-07,5.18582e-09,-4.65265e-07,3.50687e-09,-4.36419e-08,1.49287,-1.09411e-06,6.42174e-10,5.09876e-06,1.5708,24.2568,24.2589,-6.76265e-23,6.76204e-23
0.127961,-1.36082e-09,7.48415e-07,1.46775e-09,-4.63403e-07,-3.64073e-10,-4.32388e-08,1.49927,-1.08918e-06,7.8691e-10,5.07553e-06,1.5708,24.2536,24.2562,8.12203e-23,-8.12115e-23
0.128103,2.33084e-09,7.45949e-07,9.64576e-10,-4.6153e-07,-4.93553e-09,-4.30135e-08,1.50567,-1.08425e-06,8.45725e-10,5.05239e-06,1.5708,24.2504,24.2465,0,0
0.128243,2.09579e-09,7.41936e-07,-2.81616e-08,-4.61284e-07,-1.79324e-09,-4.28805e-08,1.51208,-1.07937e-06,-4.06981e-11,5.02931e-06,1.5708,24.2472,24.2432,2.82757e-21,-2.82803e-21
0.128383,-2.22839e-09,7.37732e-07,-1.66525e-08,-4.6159e-07,2.46421e-09,-4.26213e-08,1.51849,-1.07459e-06,-1.10445e-09,5.00622e-06,1.5708,24.244,24.2452,-1.24452e-23,1.24445e-23
0.128523,-4.70454e-09,7.35115e-07,2.38493e-08,-4.60679e-07,1.61899e-09,-4.2184e-08,1.52492,-1.06986e-06,-6.51191e-10,4.98315e-06,1.5708,24.2408,24.2375,3.3598e-23,-3.36026e-23
0.128661,-6.44299e-09,7.32324e-07,-3.95934e-09,-4.60242e-07,6.72893e-09,-4.16601e-08,1.53135,-1.06516e-06,-3.30881e-10,4.96011e-06,1.5708,24.2375,24.2331,4.52916e-23,-4.52998e-23
0.128799,-1.0531e-08,7.29566e-07,-1.86315e-08,-4.60117e-07,1.35362e-08,-4.09893e-08,1.53778,-1.06048e-06,-1.00394e-09,4.93708e-06,1.5708,24.2343,24.2332,1.13131e-23,-1.13136e-23
0.128937,-1.44878e-08,7.27918e-07,9.2209e-09,-4.59138e-07,1.60459e-08,-4.01097e-08,1.54423,-1.05579e-06,-1.0578e-09,4.91409e-06,1.5708,24.2311,24.2282,-2.865e-21,2.86535e-21
0.129073,-1.75393e-08,7.26387e-07,3.94953e-09,-4.58138e-07,2.0828e-08,-3.90684e-08,1.55068,-1.05108e-06,-7.58141e-10,4.89114e-06,1.5708,24.2279,24.2254,2.57302e-23,-2.57328e-23
0.129209,-2.03649e-08,7.25035e-07,-2.04123e-09,-4.56938e-07,2.54759e-08,-3.78872e-08,1.55713,-1.04631e-06,-7.49825e-10,4.86825e-06,1.5708,24.2247,24.2249,-4.58527e-24,4.58523e-24
0.129345,-2.16426e-08,7.24271e-07,1.0989e-08,-4.54948e-07,2.63453e-08,-3.66063e-08,1.5636,-1.04149e-06,-4.35318e-10,4.84544e-06,1.5708,24.2214,24.2253,3.95669e-23,-3.95606e-23
0.12948,-1.89189e-08,7.24157e-07,2.37717e-08,-4.5182e-07,2.22201e-08,-3.537e-08,1.57007,-1.03657e-06,5.34626e-10,4.82276e-06,1.5708,24.2182,24.2133,-5.02687e-23,5.02788e-23
0.129614,-1.85766e-08,7.21728e-07,-2.89999e-08,-4.50488e-07,2.75646e-08,-3.42356e-08,1.57655,-1.0316e-06,4.93514e-11,4.80019e-06,1.5708,24.215,24.2193,-4.55629e-23,4.55548e-23
0.129748,-1.73717e-08,7.20264e-07,1.64777e-08,-4.4771e-07,2.20003e-08,-3.31221e-08,1.58303,-1.02661e-06,3.43631e-11,4.77772e-06,1.5708,24.2117,24.2143,5.31838e-23,-5.31782e-23
0.129881,-1.34084e-08,7.18213e-07,1.63949e-08,-4.44918e-07,1.74713e-08,-3.21566e-08,1.58952,-1.0216e-06,8.70493e-10,4.75539e-06,1.5708,24.2085,24.2046,-4.00794e-23,4.00858e-23
0.130013,-1.23411e-08,7.14066e-07,-2.97876e-08,-4.4383e-07,2.10863e-08,-3.13355e-08,1.59602,-1.01663e-06,2.21529e-10,4.73316e-06,1.5708,24.2052,24.201,-4.36922e-23,4.36998e-23
0.130145,-1.59936e-08,7.09165e-07,-2.22296e-08,-4.4348e-07,2.52646e-08,-3.04418e-08,1.60252,-1.01177e-06,-1.05184e-09,4.71096e-06,1.5708,24.202,24.1987,6.77403e-23,-6.77495e-23
0.130276,-2.08153e-08,7.04567e-07,5.0496e-09,-4.43057e-07,2.90561e-08,-2.9338e-08,1.60903,-1.00705e-06,-1.30728e-09,4.68878e-06,1.5708,24.1987,24.1982,1.03578e-23,-1.0358e-23
0.130406,-2.29556e-08,7.01109e-07,1.89674e-08,-4.41773e-07,3.09291e-08,-2.80727e-08,1.61555,-1.0024e-06,-6.03496e-10,4.66664e-06,1.5708,24.1955,24.2001,0,0
0.130536,-1.9797e-08,6.99384e-07,2.83183e-08,-4.38843e-07,2.66219e-08,-2.68444e-08,1.62207,-9.97776e-07,6.62258e-10,4.64462e-06,1.5708,24.1922,24.1935,1.29838e-23,-1.29831e-23
0.130666,-1.52247e-08,6.97313e-07,-4.73943e-09,-4.36171e-07,2.46693e-08,-2.58301e-08,1.6286,-9.93129e-07,1.04186e-09,4.62273e-06,1.5708,24.189,24.1842,4.90665e-23,-4.90761e-23
0.130794,-1.5676e-08,6.9364e-07,-3.68269e-08,-4.35151e-07,2.88311e-08,-2.4927e-08,1.63514,-9.88516e-07,-2.29982e-10,4.60093e-06,1.5708,24.1857,24.1843,-1.44587e-23,1.44596e-23
0.130922,-1.86147e-08,6.90371e-07,-4.02459e-10,-4.33948e-07,2.93094e-08,-2.39294e-08,1.64168,-9.83964e-07,-9.34358e-10,4.57919e-06,1.5708,24.1824,24.181,-1.43698e-23,1.43706e-23
0.13105,-2.03875e-08,6.87455e-07,1.28965e-08,-4.32613e-07,3.07096e-08,-2.28289e-08,1.64823,-9.79453e-07,-5.2786e-10,4.55751e-06,1.5708,24.1792,24.1801,0,0
0.131177,-1.95782e-08,6.85335e-07,1.23518e-08,-4.30625e-07,3.02771e-08,-2.17182e-08,1.65479,-9.74954e-07,1.10949e-10,4.53591e-06,1.5708,24.1759,24.1769,-7.42033e-22,7.42003e-22
0.131303,-1.74506e-08,6.83442e-07,2.25664e-09,-4.28425e-07,2.91063e-08,-2.06937e-08,1.66135,-9.70442e-07,4.15395e-10,4.51442e-06,1.5708,24.1726,24.1769,-4.50017e-23,4.49936e-23
0.131429,-1.31382e-08,6.82195e-07,1.34889e-08,-4.25435e-07,2.29868e-08,-1.98342e-08,1.66792,-9.65894e-07,8.91307e-10,4.49306e-06,1.5708,24.1693,24.1672,4.38239e-23,-4.38277e-23
0.131554,-1.07753e-08,6.7938e-07,-1.96653e-08,-4.2386e-07,2.3639e-08,-1.91613e-08,1.67449,-9.61338e-07,5.13019e-10,4.47182e-06,1.5708,24.166,24.162,8.37892e-23,-8.38032e-23
0.131678,-1.29138e-08,6.75567e-07,-2.46672e-08,-4.23375e-07,2.70978e-08,-1.84941e-08,1.68107,-9.56839e-07,-6.48535e-10,4.45062e-06,1.5708,24.1628,24.1642,3.09865e-23,-3.09846e-23
0.131802,-1.42159e-08,6.72872e-07,1.9575e-08,-4.21936e-07,2.46483e-08,-1.77357e-08,1.68766,-9.52389e-07,-4.82902e-10,4.42947e-06,1.5708,24.1595,24.1545,0,0
0.131925,-1.61815e-08,6.69241e-07,-1.07678e-08,-4.21642e-07,3.05183e-08,-1.69236e-08,1.69425,-9.47987e-07,-4.61525e-10,4.40837e-06,1.5708,24.1562,24.1593,0,0
0.132048,-1.58934e-08,6.67369e-07,1.81825e-08,-4.19781e-07,2.76738e-08,-1.60638e-08,1.70085,-9.43609e-07,-7.96229e-11,4.38732e-06,1.5708,24.1529,24.152,-9.12592e-24,9.12625e-24
0.13217,-1.46416e-08,6.65177e-07,6.45233e-11,-4.18284e-07,2.83021e-08,-1.52643e-08,1.70746,-9.3922e-07,2.63789e-10,4.36635e-06,1.5708,24.1496,24.1457,-3.99172e-23,3.99235e-23
0.132291,-1.6067e-08,6.62227e-07,-2.14723e-08,-4.17664e-07,3.26127e-08,-1.44711e-08,1.71407,-9.3485e-07,-4.24798e-10,4.34544e-06,1.5708,24.1463,24.1505,-4.33137e-23,4.33061e-23
0.132412,-1.5248e-08,6.60934e-07,2.57596e-08,-4.15423e-07,2.72647e-08,-1.36546e-08,1.72069,-9.30471e-07,-3.97281e-13,4.3246e-06,1.5708,24.143,24.1383,1.45549e-22,-1.45577e-22
0.132532,-1.54215e-08,6.58071e-07,-1.59775e-08,-4.14732e-07,3.20287e-08,-1.28873e-08,1.72731,-9.26086e-07,-3.01327e-11,4.30383e-06,1.5708,24.1397,24.1376,2.18691e-23,-2.1871e-23
0.132652,-1.76557e-08,6.55356e-07,-1.09446e-08,-4.14005e-07,3.47253e-08,-1.2058e-08,1.73394,-9.2173e-07,-6.81733e-10,4.2831e-06,1.5708,24.1363,24.1411,-9.98165e-23,9.97967e-23
0.132771,-1.60897e-08,6.54295e-07,3.40876e-08,-4.11566e-07,2.86951e-08,-1.12122e-08,1.74058,-9.17353e-07,2.07805e-10,4.26245e-06,1.5708,24.133,24.1323,7.97076e-24,-7.97102e-24
0.13289,-1.30309e-08,6.52269e-07,-3.16751e-09,-4.09886e-07,2.89494e-08,-1.05141e-08,1.74722,-9.12943e-07,7.46069e-10,4.2419e-06,1.5708,24.1297,24.1297,-2.89665e-25,2.89665e-25
0.133008,-1.14434e-08,6.49892e-07,-1.30507e-08,-4.08409e-07,2.82385e-08,-9.93506e-09,1.75387,-9.08532e-07,2.67552e-10,4.22142e-06,1.5708,24.1264,24.1237,2.80254e-23,-2.80285e-23
0.133125,-1.25785e-08,6.46708e-07,-1.2843e-08,-4.07693e-07,2.99152e-08,-9.37376e-09,1.76052,-9.0415e-07,-3.89998e-10,4.20101e-06,1.5708,24.1231,24.1275,-4.63707e-23,4.63621e-23
0.133242,-1.08184e-08,6.44878e-07,2.82776e-08,-4.05549e-07,2.38867e-08,-8.82651e-09,1.76718,-8.99781e-07,2.77322e-10,4.18066e-06,1.5708,24.1197,24.1186,-2.44867e-23,2.44879e-23
0.133358,-8.32452e-09,6.42063e-07,-5.66589e-09,-4.04268e-07,2.4376e-08,-8.41408e-09,1.77384,-8.95418e-07,6.26258e-10,4.1604e-06,1.5708,24.1164,24.1138,2.63631e-23,-2.63659e-23
0.133474,-8.79783e-09,6.38596e-07,-2.20144e-08,-4.03684e-07,2.67813e-08,-8.0561e-09,1.78051,-8.91102e-07,-1.87208e-10,4.14019e-06,1.5708,24.1131,24.1168,-3.92212e-23,3.9215e-23
0.133589,-7.77821e-09,6.36452e-07,2.1553e-08,-4.01818e-07,2.13368e-08,-7.70409e-09,1.78719,-8.86815e-07,9.19391e-11,4.12004e-06,1.5708,24.1097,24.1061,-7.50685e-23,7.50797e-23
0.133703,-7.56015e-09,6.33075e-07,-1.25538e-08,-4.01239e-07,2.46315e-08,-7.41112e-09,1.79387,-8.82556e-07,9.32583e-11,4.09995e-06,1.5708,24.1064,24.105,-4.5135e-23,4.51377e-23
0.133817,-9.04485e-09,6.29962e-07,-9.30584e-09,-4.00594e-07,2.63373e-08,-7.08495e-09,1.80056,-8.7835e-07,-4.41377e-10,4.07988e-06,1.5708,24.1031,24.1076,4.64261e-23,-4.64173e-23
0.133931,-7.28151e-09,6.28445e-07,2.9049e-08,-3.98421e-07,2.04817e-08,-6.76471e-09,1.80725,-8.74146e-07,3.17115e-10,4.0599e-06,1.5708,24.0997,24.0978,3.90569e-23,-3.906e-23
0.134044,-5.26734e-09,6.25908e-07,-9.97119e-09,-3.97245e-07,2.19836e-08,-6.56703e-09,1.81395,-8.69933e-07,5.42217e-10,4.03999e-06,1.5708,24.0964,24.0994,2.9869e-21,-2.98652e-21
0.134156,-2.92983e-09,6.24101e-07,3.46155e-09,-3.95307e-07,1.7782e-08,-6.47182e-09,1.82066,-8.65718e-07,4.66432e-10,4.02016e-06,1.5708,24.093,24.0972,4.36717e-23,-4.36641e-23
0.134268,1.47488e-09,6.22595e-07,1.50998e-08,-3.92885e-07,1.10884e-08,-6.55154e-09,1.82737,-8.61474e-07,1.01674e-09,4.00044e-06,1.5708,24.0897,24.094,4.56732e-23,-4.56649e-23
0.134379,7.68024e-09,6.20879e-07,6.44909e-09,-3.90388e-07,4.02624e-09,-6.90607e-09,1.83409,-8.57201e-07,1.50777e-09,3.98085e-06,1.5708,24.0863,24.0896,3.42236e-23,-3.42189e-23
0.13449,1.35213e-08,6.18471e-07,-6.34116e-09,-3.88303e-07,-2.3334e-09,-7.56471e-09,1.84081,-8.52922e-07,1.42562e-09,3.96137e-06,1.5708,24.083,24.0807,-1.47265e-21,1.47278e-21
0.1346,1.49862e-08,6.14379e-07,-2.82627e-08,-3.87845e-07,-2.41456e-09,-8.40785e-09,1.84753,-8.48699e-07,3.98979e-10,3.94195e-06,1.5708,24.0796,24.0776,-2.10119e-23,2.10136e-23
0.134709,1.2777e-08,6.09976e-07,-1.22994e-08,-3.87951e-07,-1.67347e-09,-9.2209e-09,1.85427,-8.44582e-07,-5.26663e-10,3.92254e-06,1.5708,24.0762,24.0755,7.27737e-24,-7.27758e-24
0.134818,1.04547e-08,6.06203e-07,8.16264e-09,-3.8783e-07,-1.17089e-09,-9.91824e-09,1.86101,-8.4056e-07,-4.95487e-10,3.90313e-06,1.5708,24.0729,24.0766,-2.95463e-21,2.95417e-21
0.134927,1.18845e-08,6.04032e-07,2.44191e-08,-3.86425e-07,-4.91931e-09,-1.05939e-08,1.86775,-8.36576e-07,4.42168e-10,3.88376e-06,1.5708,24.0695,24.0668,0,0
0.135035,1.2349e-08,6.0113e-07,-1.90004e-08,-3.86016e-07,-1.53402e-09,-1.13321e-08,1.8745,-8.3261e-07,2.90273e-10,3.86443e-06,1.5708,24.0661,24.0683,-4.58944e-23,4.58902e-23
0.135142,1.23677e-08,5.99317e-07,2.37505e-09,-3.84765e-07,-4.06779e-09,-1.20646e-08,1.88125,-8.28651e-07,9.97244e-12,3.84515e-06,1.5708,24.0627,24.0675,4.92412e-23,-4.92316e-23
0.135249,1.54232e-08,5.98457e-07,2.3306e-08,-3.8257e-07,-1.03862e-08,-1.28725e-08,1.88801,-8.24647e-07,8.03379e-10,3.82595e-06,1.5708,24.0594,24.0632,2.95589e-21,-2.95542e-21
0.135355,2.06992e-08,5.97451e-07,5.55612e-09,-3.80325e-07,-1.57302e-08,-1.3896e-08,1.89478,-8.2058e-07,1.4197e-09,3.80686e-06,1.5708,24.056,24.0582,-1.47554e-21,1.47541e-21
0.135461,2.49012e-08,5.95691e-07,-1.23316e-08,-3.7859e-07,-1.98502e-08,-1.51518e-08,1.90155,-8.16474e-07,1.12828e-09,3.78788e-06,1.5708,24.0526,24.0555,5.95248e-23,-5.95178e-23
0.135566,2.78565e-08,5.9354e-07,-3.18764e-09,-3.77029e-07,-2.52056e-08,-1.65725e-08,1.90832,-8.12357e-07,7.94723e-10,3.76897e-06,1.5708,24.0492,24.0472,2.1493e-23,-2.14948e-23
0.135671,2.77932e-08,5.90015e-07,-1.80315e-08,-3.7678e-07,-2.44305e-08,-1.80633e-08,1.9151,-8.08277e-07,1.55786e-10,3.75011e-06,1.5708,24.0458,24.0492,-3.93339e-25,3.93284e-25
0.135775,2.82545e-08,5.87361e-07,1.2485e-08,-3.75706e-07,-2.88386e-08,-1.95432e-08,1.92189,-8.04242e-07,2.1845e-10,3.73129e-06,1.5708,24.0424,24.0445,-1.47943e-21,1.4793e-21
0.135879,3.01994e-08,5.84731e-07,7.41853e-09,-3.74618e-07,-3.15748e-08,-2.10829e-08,1.92868,-8.00231e-07,6.91256e-10,3.71251e-06,1.5708,24.0391,24.0373,-3.60801e-23,3.60827e-23
0.135982,3.00518e-08,5.81339e-07,-1.97635e-08,-3.74411e-07,-2.9515e-08,-2.26633e-08,1.93548,-7.96264e-07,1.95749e-10,3.69377e-06,1.5708,24.0357,24.0319,-2.88651e-21,2.88696e-21
0.136084,2.58713e-08,5.77554e-07,-2.09679e-08,-3.74916e-07,-2.49504e-08,-2.41183e-08,1.94228,-7.92369e-07,-8.48929e-10,3.67502e-06,1.5708,24.0323,24.0341,1.48238e-21,-1.48227e-21
0.136186,2.29864e-08,5.75329e-07,2.07586e-08,-3.74183e-07,-2.61851e-08,-2.53759e-08,1.94909,-7.88515e-07,-5.75902e-10,3.65628e-06,1.5708,24.0289,24.0314,-3.14108e-25,3.14075e-25
0.136288,2.38694e-08,5.73966e-07,1.97664e-08,-3.72697e-07,-2.78296e-08,-2.65861e-08,1.9559,-7.84639e-07,4.487e-10,3.63759e-06,1.5708,24.0255,24.0267,1.34333e-23,-1.34326e-23
0.136389,2.5683e-08,5.72566e-07,-5.00089e-09,-3.71204e-07,-2.83032e-08,-2.78613e-08,1.96272,-7.80724e-07,6.59251e-10,3.61898e-06,1.5708,24.022,24.0262,4.35122e-23,-4.35047e-23
0.136489,2.82457e-08,5.71626e-07,5.42281e-09,-3.69063e-07,-3.3285e-08,-2.9227e-08,1.96954,-7.76757e-07,7.39812e-10,3.60046e-06,1.5708,24.0186,24.0206,-1.48297e-21,1.48285e-21
0.136589,3.07733e-08,5.70029e-07,-1.57167e-09,-3.67287e-07,-3.65497e-08,-3.07134e-08,1.97636,-7.72746e-07,7.91358e-10,3.58204e-06,1.5708,24.0152,24.0103,-5.14271e-23,5.14376e-23
0.136689,2.85271e-08,5.66477e-07,-3.38698e-08,-3.67359e-07,-3.1329e-08,-3.22013e-08,1.9832,-7.68759e-07,-3.26129e-10,3.56366e-06,1.5708,24.0118,24.0084,0,0
0.136787,2.2528e-08,5.62827e-07,-1.16822e-08,-3.67691e-07,-2.6743e-08,-3.34571e-08,1.99003,-7.64845e-07,-1.33746e-09,3.54526e-06,1.5708,24.0084,24.0091,7.52361e-22,-7.52338e-22
0.136886,1.8651e-08,5.60421e-07,2.39429e-08,-3.66944e-07,-2.60051e-08,-3.44524e-08,1.99687,-7.60972e-07,-7.87961e-10,3.52688e-06,1.5708,24.005,24.0015,7.31029e-23,-7.31135e-23
0.136984,1.54538e-08,5.57686e-07,-5.37579e-09,-3.66654e-07,-1.95366e-08,-3.52796e-08,2.00372,-7.57121e-07,-5.11467e-10,3.50853e-06,1.5708,24.0016,24.0017,-9.25982e-23,9.25977e-23
0.137081,1.27557e-08,5.55867e-07,2.21822e-09,-3.65538e-07,-1.72993e-08,-3.59432e-08,2.01057,-7.53274e-07,-5.41301e-10,3.4902e-06,1.5708,23.9981,23.9984,0,0
0.137178,1.12749e-08,5.54419e-07,7.90477e-09,-3.63987e-07,-1.63334e-08,-3.64967e-08,2.01743,-7.49399e-07,-2.45868e-10,3.47195e-06,1.5708,23.9947,23.9943,-3.95296e-24,3.95302e-24
0.137274,1.03929e-08,5.52827e-07,6.83841e-11,-3.62415e-07,-1.47339e-08,-3.69894e-08,2.02429,-7.45492e-07,-9.53596e-11,3.45378e-06,1.5708,23.9913,23.9895,0,0
0.13737,8.48047e-09,5.50723e-07,-8.69007e-09,-3.6118e-07,-1.17185e-08,-3.74075e-08,2.03116,-7.41569e-07,-3.73326e-10,3.43567e-06,1.5708,23.9879,23.9873,5.45105e-24,-5.45117e-24
0.137465,6.32814e-09,5.48639e-07,1.87272e-09,-3.59756e-07,-1.02758e-08,-3.77146e-08,2.03803,-7.37643e-07,-4.76432e-10,3.41763e-06,1.5708,23.9844,23.9834,0,0
0.13756,4.5221e-09,5.46345e-07,2.34749e-09,-3.58362e-07,-8.20313e-09,-3.79217e-08,2.0449,-7.33719e-07,-3.66015e-10,3.39967e-06,1.5708,23.981,23.9775,-3.71021e-23,3.71075e-23
0.137654,1.36842e-09,5.43367e-07,-1.14054e-08,-3.57556e-07,-2.96089e-09,-3.8006e-08,2.05178,-7.29821e-07,-6.88528e-10,3.38175e-06,1.5708,23.9775,23.9798,-1.48489e-21,1.48474e-21
0.137748,1.25429e-10,5.41467e-07,1.80545e-08,-3.55556e-07,-4.35809e-09,-3.79674e-08,2.05867,-7.25936e-07,-3.22794e-10,3.36391e-06,1.5708,23.9741,23.9761,-2.09681e-23,2.09664e-23
0.137842,1.79701e-09,5.39672e-07,1.3937e-08,-3.53195e-07,-6.04852e-09,-3.79471e-08,2.06556,-7.22035e-07,4.63841e-10,3.34618e-06,1.5708,23.9707,23.9715,1.73133e-23,-1.73127e-23
0.137934,3.87051e-09,5.37356e-07,-5.59208e-09,-3.51079e-07,-6.75782e-09,-3.80231e-08,2.07245,-7.18132e-07,5.45972e-10,3.32856e-06,1.5708,23.9672,23.9683,2.16501e-23,-2.16492e-23
0.138027,5.12339e-09,5.34668e-07,-4.76919e-09,-3.49116e-07,-8.52052e-09,-3.81745e-08,2.07935,-7.14248e-07,2.87937e-10,3.31104e-06,1.5708,23.9638,23.9681,4.55729e-23,-4.55647e-23
0.138119,8.11926e-09,5.32376e-07,1.57469e-08,-3.46536e-07,-1.44805e-08,-3.84235e-08,2.08626,-7.10382e-07,7.04444e-10,3.29363e-06,1.5708,23.9603,23.9583,-2.10749e-23,2.10766e-23
0.13821,9.4944e-09,5.28576e-07,-1.76793e-08,-3.45358e-07,-1.3091e-08,-3.87916e-08,2.09316,-7.06566e-07,4.32268e-10,3.27632e-06,1.5708,23.9569,23.9576,-7.78254e-24,7.7823e-24
0.138301,9.28895e-09,5.24943e-07,-5.05972e-09,-3.44119e-07,-1.43401e-08,-3.91719e-08,2.10008,-7.02832e-07,-6.20638e-11,3.25907e-06,1.5708,23.9534,23.9566,2.92339e-21,-2.92301e-21
0.138392,1.07408e-08,5.22023e-07,1.6576e-08,-3.42298e-07,-1.85705e-08,-3.95755e-08,2.10699,-6.99157e-07,3.75507e-10,3.24189e-06,1.5708,23.95,23.9452,-5.02764e-23,5.02864e-23
0.138481,9.53513e-09,5.17698e-07,-2.58047e-08,-3.42168e-07,-1.30953e-08,-3.99962e-08,2.11392,-6.95563e-07,-1.42287e-10,3.22477e-06,1.5708,23.9465,23.9451,4.48994e-23,-4.4902e-23
0.138571,6.00141e-09,5.14091e-07,-7.33609e-09,-3.41814e-07,-1.0723e-08,-4.02774e-08,2.12084,-6.92062e-07,-8.62499e-10,3.20765e-06,1.5708,23.943,23.9391,-8.25841e-23,8.25976e-23
0.13866,1.2492e-09,5.1067e-07,-2.67792e-09,-3.4183e-07,-5.33271e-09,-4.03508e-08,2.12777,-6.88634e-07,-1.08656e-09,3.19054e-06,1.5708,23.9396,23.9432,-7.682e-23,7.68083e-23
0.138748,5.12276e-10,5.09448e-07,3.01536e-08,-3.40056e-07,-7.69302e-09,-4.02772e-08,2.13471,-6.85214e-07,-1.6837e-10,3.17348e-06,1.5708,23.9361,23.9317,3.02691e-21,-3.02747e-21
0.138836,-7.48243e-10,5.07294e-07,-1.74533e-08,-3.39477e-07,-1.34599e-09,-4.01731e-08,2.14165,-6.81776e-07,-1.63113e-10,3.15648e-06,1.5708,23.9326,23.932,1.32844e-23,-1.32848e-23
0.138924,-3.27017e-09,5.05849e-07,-5.32002e-09,-3.38427e-07,6.59402e-10,-3.99581e-08,2.14859,-6.78323e-07,-6.61765e-10,3.13951e-06,1.5708,23.9292,23.9341,-5.20862e-23,5.20755e-23
0.139011,-1.87688e-09,5.0586e-07,3.24558e-08,-3.35869e-07,-4.76493e-09,-3.97076e-08,2.15554,-6.74799e-07,2.80943e-10,3.12264e-06,1.5708,23.9257,23.9282,0,0
0.139097,2.46113e-09,5.05397e-07,7.24786e-09,-3.33461e-07,-7.659e-09,-3.96161e-08,2.16249,-6.71182e-07,1.12323e-09,3.1059e-06,1.5708,23.9222,23.9191,0,0
0.139183,3.13828e-09,5.03097e-07,-3.3141e-08,-3.32619e-07,-4.54087e-09,-3.96521e-08,2.16945,-6.67534e-07,1.94849e-10,3.08923e-06,1.5708,23.9188,23.92,0,0
0.139269,2.0795e-09,5.00986e-07,1.9371e-09,-3.31427e-07,-6.78066e-09,-3.96562e-08,2.17641,-6.63892e-07,-3.65026e-10,3.07261e-06,1.5708,23.9153,23.9169,3.39568e-23,-3.39546e-23
0.139354,2.83002e-09,4.98869e-07,1.6337e-08,-3.30052e-07,-9.20481e-09,-3.9655e-08,2.18338,-6.60254e-07,1.96125e-10,3.05606e-06,1.5708,23.9118,23.9156,0,0
0.139439,6.47751e-09,4.97038e-07,1.32283e-08,-3.28153e-07,-1.35598e-08,-3.97655e-08,2.19035,-6.56612e-07,9.27921e-10,3.03959e-06,1.5708,23.9083,23.9096,0,0
0.139523,9.87229e-09,4.94457e-07,-9.3492e-09,-3.26778e-07,-1.57545e-08,-4.00531e-08,2.19732,-6.52979e-07,8.76185e-10,3.02321e-06,1.5708,23.9048,23.908,3.33783e-23,-3.33738e-23
0.139607,1.28448e-08,4.91867e-07,1.91636e-10,-3.25264e-07,-2.07143e-08,-4.04857e-08,2.2043,-6.49374e-07,7.07115e-10,3.00689e-06,1.5708,23.9013,23.9009,-3.7958e-22,3.79587e-22
0.139691,1.41604e-08,4.88372e-07,-1.01711e-08,-3.24633e-07,-2.16727e-08,-4.10233e-08,2.21128,-6.45822e-07,3.84146e-10,2.99063e-06,1.5708,23.8978,23.9007,3.03712e-21,-3.03676e-21
0.139773,1.56837e-08,4.85386e-07,6.41814e-09,-3.23594e-07,-2.56166e-08,-4.16169e-08,2.21827,-6.42331e-07,3.99535e-10,2.97441e-06,1.5708,23.8944,23.8927,1.51917e-21,-1.51927e-21
0.139856,1.57138e-08,4.81711e-07,-1.20478e-08,-3.23459e-07,-2.42146e-08,-4.22496e-08,2.22526,-6.38907e-07,1.33057e-10,2.95822e-06,1.5708,23.8909,23.8957,-5.18277e-23,5.18171e-23
0.139938,1.75113e-08,4.79527e-07,1.74208e-08,-3.22067e-07,-2.98276e-08,-4.29064e-08,2.23225,-6.35527e-07,4.66646e-10,2.94206e-06,1.5708,23.8874,23.8848,-2.72402e-23,2.72431e-23
0.140019,1.7808e-08,4.7631e-07,-1.68647e-08,-3.21951e-07,-2.72286e-08,-4.36223e-08,2.23925,-6.32183e-07,2.5198e-10,2.92595e-06,1.5708,23.8839,23.8854,-1.63609e-23,1.63598e-23
0.1401,1.72811e-08,4.7395e-07,-4.31403e-10,-3.21297e-07,-2.86607e-08,-4.43092e-08,2.24626,-6.28877e-07,-7.84176e-11,2.90985e-06,1.5708,23.8804,23.8797,-6.74615e-24,6.74633e-24
0.140181,1.63423e-08,4.71628e-07,-6.32022e-10,-3.20881e-07,-2.78934e-08,-4.49535e-08,2.25326,-6.25587e-07,-1.06861e-10,2.89378e-06,1.5708,23.8769,23.8783,0,0
0.140261,1.62334e-08,4.69984e-07,6.12652e-09,-3.20002e-07,-2.88414e-08,-4.55598e-08,2.26027,-6.22295e-07,7.80737e-11,2.87774e-06,1.5708,23.8734,23.8764,-6.48592e-23,6.48509e-23
0.140341,1.79964e-08,4.68974e-07,1.07125e-08,-3.18539e-07,-3.19312e-08,-4.61978e-08,2.26729,-6.18967e-07,5.37302e-10,2.86177e-06,1.5708,23.8699,23.8665,0,0
0.14042,1.71628e-08,4.6668e-07,-2.40954e-08,-3.18397e-07,-2.78595e-08,-4.68587e-08,2.27431,-6.15623e-07,-3.56043e-11,2.84583e-06,1.5708,23.8664,23.8648,-1.00502e-25,1.00508e-25
0.140499,1.37318e-08,4.64492e-07,-9.20746e-09,-3.18283e-07,-2.54458e-08,-4.73896e-08,2.28133,-6.1229e-07,-7.83823e-10,2.82989e-06,1.5708,23.8628,23.8617,2.39675e-23,-2.39687e-23
0.140577,1.03922e-08,4.62615e-07,7.40679e-09,-3.17962e-07,-2.32207e-08,-4.7741e-08,2.28836,-6.08958e-07,-7.18974e-10,2.81397e-06,1.5708,23.8593,23.862,-2.8373e-23,2.83698e-23
0.140655,1.03016e-08,4.61752e-07,2.05251e-08,-3.16578e-07,-2.46556e-08,-4.79992e-08,2.29539,-6.05591e-07,7.93018e-11,2.79809e-06,1.5708,23.8558,23.8536,2.40047e-23,-2.4007e-23
0.140732,9.77444e-09,4.59996e-07,-1.36075e-08,-3.15943e-07,-2.08234e-08,-4.82464e-08,2.30242,-6.02191e-07,2.74405e-11,2.78226e-06,1.5708,23.8523,23.8542,0,0
0.140809,9.27057e-09,4.58769e-07,3.58879e-09,-3.14602e-07,-2.2132e-08,-4.84467e-08,2.30946,-5.98763e-07,-1.1271e-10,2.76649e-06,1.5708,23.8488,23.8472,1.50798e-21,-1.50808e-21
0.140886,8.11513e-09,4.56768e-07,-4.63658e-09,-3.13817e-07,-2.0064e-08,-4.86042e-08,2.3165,-5.95316e-07,-1.94356e-10,2.75076e-06,1.5708,23.8453,23.8412,0,0
0.140962,4.40123e-09,4.53904e-07,-1.70027e-08,-3.13813e-07,-1.43221e-08,-4.8634e-08,2.32355,-5.91893e-07,-8.27776e-10,2.73505e-06,1.5708,23.8417,23.8439,-2.25401e-23,2.25381e-23
0.141038,2.34082e-09,4.52232e-07,1.95974e-08,-3.12535e-07,-1.54523e-08,-4.85006e-08,2.3306,-5.8848e-07,-5.17597e-10,2.71938e-06,1.5708,23.8382,23.8402,-2.11494e-23,2.11476e-23
0.141113,3.56996e-09,4.50805e-07,1.65048e-08,-3.10769e-07,-1.67154e-08,-4.83514e-08,2.33765,-5.85044e-07,3.8044e-10,2.70378e-06,1.5708,23.8347,23.8317,2.98923e-21,-2.98961e-21
0.141188,3.11465e-09,4.4814e-07,-2.20938e-08,-3.10039e-07,-1.23469e-08,-4.82258e-08,2.34471,-5.81613e-07,-1.94582e-11,2.68825e-06,1.5708,23.8312,23.8319,2.43725e-31,-2.43717e-31
0.141262,1.63367e-09,4.4587e-07,4.9804e-10,-3.088e-07,-1.27805e-08,-4.80307e-08,2.35177,-5.78205e-07,-4.18246e-10,2.67276e-06,1.5708,23.8276,23.8302,5.55323e-23,-5.55262e-23
0.141336,2.48432e-09,4.44051e-07,1.92023e-08,-3.0692e-07,-1.57245e-08,-4.78158e-08,2.35884,-5.74799e-07,2.07931e-10,2.65735e-06,1.5708,23.8241,23.8255,0,0
0.141409,4.82743e-09,4.41892e-07,2.0076e-09,-3.05151e-07,-1.69936e-08,-4.7685e-08,2.36591,-5.71393e-07,6.32998e-10,2.64204e-06,1.5708,23.8206,23.8213,0,0
0.141483,6.34243e-09,4.39281e-07,-8.9709e-09,-3.03665e-07,-1.79047e-08,-4.76432e-08,2.37298,-5.6801e-07,3.82661e-10,2.6268e-06,1.5708,23.817,23.8171,6.32486e-25,-6.32485e-25
0.141555,6.49188e-09,4.363e-07,-5.66094e-09,-3.02483e-07,-1.85582e-08,-4.76326e-08,2.38005,-5.64668e-07,3.24821e-11,2.61163e-06,1.5708,23.8135,23.8167,-4.84723e-25,4.84657e-25
0.141628,8.06535e-09,4.33892e-07,1.4085e-08,-3.00693e-07,-2.26505e-08,-4.76536e-08,2.38713,-5.61363e-07,3.78768e-10,2.59654e-06,1.5708,23.81,23.8068,3.02651e-21,-3.02691e-21
0.141699,7.78227e-09,4.30245e-07,-1.87829e-08,-3.00218e-07,-1.91896e-08,-4.7713e-08,2.39422,-5.58115e-07,3.9818e-11,2.5815e-06,1.5708,23.8064,23.8031,-3.02556e-21,3.02598e-21
0.141771,4.07564e-09,4.26413e-07,-1.79364e-08,-3.0025e-07,-1.47659e-08,-4.76566e-08,2.4013,-5.54958e-07,-8.89098e-10,2.56647e-06,1.5708,23.8029,23.805,1.48585e-21,-1.48572e-21
0.141842,2.1005e-09,4.24126e-07,2.24764e-08,-2.99066e-07,-1.63716e-08,-4.74414e-08,2.40839,-5.51854e-07,-5.03961e-10,2.55147e-06,1.5708,23.7993,23.8025,3.36427e-23,-3.36382e-23
0.141912,4.28085e-09,4.22739e-07,2.15556e-08,-2.97114e-07,-1.90418e-08,-4.72364e-08,2.41549,-5.48744e-07,6.10415e-10,2.53655e-06,1.5708,23.7958,23.8006,1.03763e-22,-1.03742e-22
0.141982,9.36297e-09,4.21884e-07,8.41136e-09,-2.94557e-07,-2.42192e-08,-4.72101e-08,2.42259,-5.45592e-07,1.28555e-09,2.52175e-06,1.5708,23.7923,23.7889,-3.55551e-23,3.556e-23
0.142052,1.03547e-08,4.19146e-07,-3.51675e-08,-2.93847e-07,-2.13369e-08,-4.73357e-08,2.42969,-5.42436e-07,3.13954e-10,2.50702e-06,1.5708,23.7887,23.7897,0,0
0.142122,9.00895e-09,4.16781e-07,-1.55362e-09,-2.92871e-07,-2.32334e-08,-4.74234e-08,2.43679,-5.39312e-07,-3.96085e-10,2.49234e-06,1.5708,23.7852,23.7833,1.53318e-21,-1.5333e-21
0.14219,7.13966e-09,4.14014e-07,1.35638e-09,-2.9245e-07,-2.13601e-08,-4.743e-08,2.4439,-5.36221e-07,-3.81813e-10,2.47769e-06,1.5708,23.7816,23.7782,3.6399e-23,-3.64043e-23
0.142259,3.84057e-09,4.10984e-07,-1.10955e-08,-2.92569e-07,-1.60981e-08,-4.73037e-08,2.45101,-5.33181e-07,-7.12988e-10,2.46305e-06,1.5708,23.778,23.7815,7.34694e-23,-7.34588e-23
0.142327,3.09875e-09,4.09672e-07,2.26698e-08,-2.91173e-07,-1.85875e-08,-4.70578e-08,2.45812,-5.30152e-07,-1.93151e-10,2.44844e-06,1.5708,23.7745,23.7792,-5.04847e-23,5.04747e-23
0.142395,6.82734e-09,4.0915e-07,2.3073e-08,-2.88903e-07,-2.33688e-08,-4.68888e-08,2.46524,-5.27071e-07,9.73713e-10,2.43392e-06,1.5708,23.7709,23.7719,-7.57586e-22,7.57556e-22
0.142462,1.04952e-08,4.07735e-07,-1.33294e-08,-2.87329e-07,-2.45061e-08,-4.6907e-08,2.47236,-5.23944e-07,9.78923e-10,2.4195e-06,1.5708,23.7674,23.7672,0,0
0.142529,1.12007e-08,4.05559e-07,-1.75221e-08,-2.86395e-07,-2.52204e-08,-4.70171e-08,2.47949,-5.20813e-07,1.66018e-10,2.40515e-06,1.5708,23.7638,23.7666,5.92299e-23,-5.9223e-23
0.142595,1.20274e-08,4.03667e-07,1.08602e-08,-2.85084e-07,-2.93524e-08,-4.7147e-08,2.48662,-5.1769e-07,1.86057e-10,2.39084e-06,1.5708,23.7603,23.7628,1.48102e-21,-1.48086e-21
0.142661,1.45558e-08,4.01681e-07,9.75058e-09,-2.83742e-07,-3.2707e-08,-4.73579e-08,2.49375,-5.14569e-07,7.03286e-10,2.37661e-06,1.5708,23.7567,23.76,3.52962e-23,-3.52914e-23
0.142727,1.80891e-08,3.99662e-07,1.80575e-09,-2.82307e-07,-3.67172e-08,-4.77106e-08,2.50088,-5.11455e-07,9.44588e-10,2.36244e-06,1.5708,23.7531,23.7498,1.08533e-22,-1.08548e-22
0.142792,1.76798e-08,3.96076e-07,-2.98056e-08,-2.8248e-07,-3.34844e-08,-4.81348e-08,2.50802,-5.08391e-07,2.1133e-11,2.34831e-06,1.5708,23.7496,23.7498,1.87309e-22,-1.87307e-22
0.142857,1.52819e-08,3.93015e-07,-9.19512e-10,-2.8237e-07,-3.37652e-08,-4.84599e-08,2.51516,-5.054e-07,-5.67974e-10,2.33417e-06,1.5708,23.746,23.742,0,0
0.142921,1.13443e-08,3.89547e-07,-7.18342e-09,-2.83026e-07,-2.85224e-08,-4.86233e-08,2.52231,-5.0248e-07,-8.16246e-10,2.32002e-06,1.5708,23.7424,23.7459,7.49237e-23,-7.49126e-23
0.142986,1.03613e-08,3.88023e-07,2.38996e-08,-2.82058e-07,-3.06292e-08,-4.86429e-08,2.52945,-4.99589e-07,-1.83489e-10,2.30588e-06,1.5708,23.7388,23.7425,-3.90481e-23,3.90421e-23
0.143049,1.31621e-08,3.87259e-07,1.69889e-08,-2.80383e-07,-3.36928e-08,-4.87072e-08,2.53661,-4.9666e-07,8.10979e-10,2.2918e-06,1.5708,23.7353,23.7322,3.31058e-23,-3.31101e-23
0.143112,1.3353e-08,3.85163e-07,-2.92364e-08,-2.80066e-07,-2.9619e-08,-4.88455e-08,2.54376,-4.93711e-07,1.90811e-10,2.27777e-06,1.5708,23.7317,23.7323,-6.67745e-24,6.67728e-24
0.143175,1.14885e-08,3.83516e-07,-3.56303e-09,-2.79378e-07,-3.01322e-08,-4.89116e-08,2.55092,-4.90762e-07,-4.72486e-10,2.26377e-06,1.5708,23.7281,23.7287,6.61746e-24,-6.61729e-24
0.143238,1.05088e-08,3.82045e-07,1.15256e-08,-2.78513e-07,-3.06483e-08,-4.88977e-08,2.55808,-4.87798e-07,-1.69225e-10,2.24981e-06,1.5708,23.7245,23.7234,0,0
0.1433,9.6802e-09,3.80229e-07,-3.94855e-09,-2.77966e-07,-2.82778e-08,-4.88358e-08,2.56524,-4.84823e-07,-7.97828e-11,2.23588e-06,1.5708,23.721,23.7173,1.17332e-22,-1.17349e-22
0.143361,6.3351e-09,3.77794e-07,-1.80085e-08,-2.78095e-07,-2.28516e-08,-4.8659e-08,2.57241,-4.81863e-07,-7.32567e-10,2.22196e-06,1.5708,23.7174,23.7156,1.52271e-21,-1.52282e-21
0.143423,1.99844e-09,3.75756e-07,9.99299e-10,-2.77932e-07,-1.93821e-08,-4.82725e-08,2.57958,-4.78921e-07,-1.0388e-09,2.20805e-06,1.5708,23.7138,23.7091,-5.1092e-23,5.11022e-23
0.143484,-3.29566e-09,3.73396e-07,-5.83641e-09,-2.7822e-07,-1.20051e-08,-4.76447e-08,2.58675,-4.75997e-07,-1.20792e-09,2.19413e-06,1.5708,23.7102,23.7123,-2.19928e-23,2.19909e-23
0.143544,-5.61044e-09,3.72626e-07,2.29309e-08,-2.76937e-07,-1.18005e-08,-4.68123e-08,2.59392,-4.73056e-07,-5.81126e-10,2.18023e-06,1.5708,23.7066,23.7099,-3.57412e-23,3.57363e-23
0.143604,-3.56754e-09,3.72498e-07,2.11231e-08,-2.7473e-07,-1.39837e-08,-4.59771e-08,2.6011,-4.70042e-07,5.27864e-10,2.16643e-06,1.5708,23.703,23.7065,2.97399e-21,-2.97355e-21
0.143664,7.07021e-10,3.72167e-07,3.70005e-09,-2.72234e-07,-1.74869e-08,-4.52996e-08,2.60828,-4.66947e-07,1.04348e-09,2.15274e-06,1.5708,23.6994,23.7034,2.96002e-21,-2.95953e-21
0.143723,5.4188e-09,3.71257e-07,-5.01082e-10,-2.69724e-07,-2.29809e-08,-4.4837e-08,2.61547,-4.6379e-07,1.0972e-09,2.13918e-06,1.5708,23.6959,23.7008,0,0
0.143783,1.08369e-08,3.69755e-07,5.78081e-09,-2.67194e-07,-3.0539e-08,-4.46164e-08,2.62266,-4.60603e-07,1.2739e-09,2.12574e-06,1.5708,23.6923,23.6929,6.36715e-24,-6.36699e-24
0.143841,1.43872e-08,3.66563e-07,-1.4945e-08,-2.659e-07,-3.31883e-08,-4.46161e-08,2.62985,-4.57445e-07,9.02659e-10,2.1124e-06,1.5708,23.6887,23.6908,-6.79771e-23,6.79711e-23
0.143899,1.63413e-08,3.62939e-07,-4.66162e-09,-2.64852e-07,-3.70117e-08,-4.47328e-08,2.63704,-4.5437e-07,4.72606e-10,2.09911e-06,1.5708,23.6851,23.6899,-1.03378e-22,1.03357e-22
0.143957,1.97698e-08,3.59731e-07,1.51473e-08,-2.63326e-07,-4.36938e-08,-4.49674e-08,2.64424,-4.51376e-07,8.71929e-10,2.0859e-06,1.5708,23.6815,23.6837,0,0
0.144015,2.35782e-08,3.561e-07,-2.92997e-09,-2.62282e-07,-4.71642e-08,-4.53773e-08,2.65144,-4.48465e-07,1.06244e-09,2.07274e-06,1.5708,23.6779,23.676,-2.06331e-23,2.06347e-23
0.144072,2.37213e-08,3.51606e-07,-2.62928e-08,-2.62434e-07,-4.55837e-08,-4.58706e-08,2.65864,-4.45672e-07,1.62982e-10,2.05961e-06,1.5708,23.6743,23.6722,2.20282e-23,-2.20301e-23
0.144129,2.04057e-08,3.47332e-07,-1.2381e-08,-2.62976e-07,-4.33571e-08,-4.62573e-08,2.66584,-4.4301e-07,-7.28392e-10,2.04645e-06,1.5708,23.6707,23.6745,-4.14137e-23,4.1407e-23
0.144185,1.9722e-08,3.45058e-07,2.74748e-08,-2.62118e-07,-4.69445e-08,-4.65203e-08,2.67305,-4.40421e-07,-7.83128e-11,2.03331e-06,1.5708,23.6671,23.6636,3.05936e-21,-3.05981e-21
0.144241,1.84976e-08,3.42255e-07,-1.50439e-08,-2.62344e-07,-4.16075e-08,-4.6741e-08,2.68026,-4.37871e-07,-4.59204e-11,2.02018e-06,1.5708,23.6635,23.6611,5.03972e-23,-5.04022e-23
0.144297,1.46522e-08,3.40056e-07,-1.58598e-08,-2.62582e-07,-3.70952e-08,-4.68086e-08,2.68748,-4.35358e-07,-8.3796e-10,2.00704e-06,1.5708,23.6599,23.6596,2.6518e-24,-2.65183e-24
0.144352,1.09978e-08,3.38994e-07,9.89916e-09,-2.62169e-07,-3.53679e-08,-4.66674e-08,2.69469,-4.32835e-07,-8.17937e-10,1.99391e-06,1.5708,23.6563,23.6576,0,0
0.144407,1.00701e-08,3.38892e-07,1.64392e-08,-2.61026e-07,-3.50628e-08,-4.64036e-08,2.70191,-4.3025e-07,-1.04182e-10,1.98081e-06,1.5708,23.6527,23.6481,4.91961e-23,-4.92056e-23
0.144461,7.32889e-09,3.37803e-07,-2.2141e-08,-2.60977e-07,-2.79433e-08,-4.60478e-08,2.70913,-4.27608e-07,-5.07005e-10,1.96775e-06,1.5708,23.649,23.6464,5.81469e-23,-5.81535e-23
0.144516,2.28927e-09,3.36898e-07,-9.10047e-09,-2.60833e-07,-2.30034e-08,-4.54731e-08,2.71636,-4.24925e-07,-1.21525e-09,1.95468e-06,1.5708,23.6454,23.6451,3.59718e-24,-3.59723e-24
0.144569,-1.38611e-09,3.36602e-07,1.59402e-08,-2.60007e-07,-2.08429e-08,-4.46681e-08,2.72358,-4.22182e-07,-8.74355e-10,1.94165e-06,1.5708,23.6418,23.6389,-9.59432e-23,9.59551e-23
0.144623,-4.36092e-09,3.35793e-07,-1.83132e-09,-2.59493e-07,-1.51951e-08,-4.37007e-08,2.73081,-4.19378e-07,-6.34243e-10,1.92864e-06,1.5708,23.6382,23.6408,-5.52083e-23,5.52024e-23
0.144676,-4.94402e-09,3.35812e-07,1.53368e-08,-2.57792e-07,-1.59778e-08,-4.26294e-08,2.73805,-4.16502e-07,-1.76065e-10,1.9157e-06,1.5708,23.6346,23.6353,-7.59581e-24,7.59558e-24
0.144728,-3.97326e-09,3.35249e-07,4.25197e-09,-2.56138e-07,-1.58877e-08,-4.15694e-08,2.74528,-4.13551e-07,2.48416e-10,1.90283e-06,1.5708,23.631,23.6265,4.81066e-23,-4.81156e-23
0.144781,-6.02613e-09,3.32936e-07,-2.55724e-08,-2.558e-07,-1.01415e-08,-4.04819e-08,2.75252,-4.10587e-07,-4.93331e-10,1.89002e-06,1.5708,23.6274,23.6285,-1.27661e-23,1.27655e-23
0.144833,-8.15943e-09,3.31108e-07,1.0219e-08,-2.54649e-07,-1.07876e-08,-3.92677e-08,2.75976,-4.07638e-07,-6.45245e-10,1.87724e-06,1.5708,23.6237,23.6264,0,0
0.144884,-6.93688e-09,3.29515e-07,2.24337e-08,-2.52863e-07,-1.32553e-08,-3.80325e-08,2.767,-4.04685e-07,2.67188e-10,1.86454e-06,1.5708,23.6201,23.6213,-1.2906e-23,1.29054e-23
0.144936,-4.26742e-09,3.27346e-07,-1.02504e-09,-2.51257e-07,-1.40263e-08,-3.68996e-08,2.77425,-4.01741e-07,6.55503e-10,1.85192e-06,1.5708,23.6165,23.6133,6.977e-23,-6.97794e-23
0.144987,-4.97666e-09,3.23807e-07,-2.62985e-08,-2.50833e-07,-1.04287e-08,-3.58114e-08,2.7815,-3.98855e-07,-2.08503e-10,1.83936e-06,1.5708,23.6129,23.6094,7.50708e-23,-7.50819e-23
0.145037,-9.09103e-09,3.19887e-07,-1.2408e-08,-2.50887e-07,-6.42172e-09,-3.45875e-08,2.78875,-3.9607e-07,-1.10097e-09,1.8268e-06,1.5708,23.6093,23.6118,-2.77931e-23,2.77901e-23
0.145088,-1.04122e-08,3.17461e-07,2.84991e-08,-2.49599e-07,-8.52099e-09,-3.3217e-08,2.796,-3.93357e-07,-4.18592e-10,1.81427e-06,1.5708,23.6056,23.6056,-6.22758e-26,6.22758e-26
0.145137,-9.25023e-09,3.15074e-07,6.14156e-09,-2.48357e-07,-7.40553e-09,-3.18564e-08,2.80326,-3.90677e-07,3.13626e-10,1.8018e-06,1.5708,23.602,23.5988,-1.04951e-22,1.04965e-22
0.145187,-1.03692e-08,3.12104e-07,-2.28084e-08,-2.47886e-07,-2.79237e-09,-3.04964e-08,2.81051,-3.88048e-07,-3.03815e-10,1.78938e-06,1.5708,23.5984,23.598,4.40061e-24,-4.40069e-24
0.145236,-1.26436e-08,3.09807e-07,1.1452e-09,-2.46995e-07,-1.97186e-09,-2.90357e-08,2.81777,-3.85463e-07,-6.95317e-10,1.77699e-06,1.5708,23.5947,23.593,-1.50193e-21,1.50204e-21
0.145285,-1.45628e-08,3.07646e-07,4.61344e-09,-2.46197e-07,5.09103e-10,-2.74743e-08,2.82504,-3.82905e-07,-5.2582e-10,1.76465e-06,1.5708,23.5911,23.5864,-1.02769e-22,1.02789e-22
0.145333,-1.8065e-08,3.0509e-07,-1.40583e-08,-2.46084e-07,7.24653e-09,-2.57834e-08,2.8323,-3.80381e-07,-8.91085e-10,1.75233e-06,1.5708,23.5875,23.586,-1.52659e-21,1.52669e-21
0.145382,-2.16729e-08,3.0342e-07,4.39568e-09,-2.45374e-07,1.05035e-08,-2.39069e-08,2.83957,-3.77876e-07,-1.01407e-09,1.74002e-06,1.5708,23.5838,23.5821,-5.83203e-23,5.83247e-23
0.145429,-2.41173e-08,3.02154e-07,7.50189e-09,-2.44428e-07,1.39205e-08,-2.18866e-08,2.84684,-3.75359e-07,-6.90849e-10,1.72776e-06,1.5708,23.5802,23.5811,-1.89977e-23,1.8997e-23
0.145477,-2.4256e-08,3.0162e-07,1.20725e-08,-2.42753e-07,1.43425e-08,-1.98062e-08,2.85411,-3.728e-07,-1.62344e-10,1.71557e-06,1.5708,23.5766,23.5722,0,0
0.145524,-2.59187e-08,3.00029e-07,-1.75504e-08,-2.42075e-07,2.0099e-08,-1.76954e-08,2.86139,-3.70211e-07,-4.99652e-10,1.70343e-06,1.5708,23.5729,23.5709,0,0
0.145571,-2.88622e-08,2.98582e-07,-3.07318e-09,-2.41227e-07,2.31108e-08,-1.54645e-08,2.86867,-3.67613e-07,-9.2804e-10,1.69133e-06,1.5708,23.5693,23.5674,-2.04354e-23,2.04371e-23
0.145617,-3.12098e-08,2.9717e-07,7.45819e-09,-2.40269e-07,2.58441e-08,-1.31102e-08,2.87595,-3.65003e-07,-7.46405e-10,1.67928e-06,1.5708,23.5657,23.5644,-1.42406e-23,1.42414e-23
0.145663,-3.23391e-08,2.95798e-07,5.28196e-09,-2.39146e-07,2.83676e-08,-1.06815e-08,2.88323,-3.62378e-07,-4.36919e-10,1.66728e-06,1.5708,23.562,23.563,7.70601e-22,-7.7057e-22
0.145709,-3.16236e-08,2.9477e-07,9.6401e-09,-2.37469e-07,2.79352e-08,-8.25099e-09,2.89051,-3.59729e-07,-2.8154e-11,1.65535e-06,1.5708,23.5584,23.5554,0,0
0.145754,-3.1918e-08,2.92733e-07,-1.22571e-08,-2.36594e-07,3.13736e-08,-5.84833e-09,2.8978,-3.57074e-07,-2.41002e-10,1.64348e-06,1.5708,23.5547,23.555,-2.35403e-24,2.35401e-24
0.1458,-3.22389e-08,2.9095e-07,4.12445e-09,-2.35317e-07,3.10284e-08,-3.43109e-09,2.90509,-3.54432e-07,-3.38662e-10,1.63167e-06,1.5708,23.5511,23.5547,7.93994e-23,-7.93872e-23
0.145844,-2.92993e-08,2.89805e-07,2.31562e-08,-2.33153e-07,2.63114e-08,-1.08941e-09,2.91238,-3.5178e-07,4.82687e-10,1.61994e-06,1.5708,23.5475,23.5492,-1.89209e-23,1.89196e-23
0.145889,-2.46565e-08,2.88089e-07,1.65837e-09,-2.3125e-07,2.34057e-08,1.04198e-09,2.91967,-3.49118e-07,9.7087e-10,1.60832e-06,1.5708,23.5438,23.5404,-4.526e-25,4.52665e-25
0.145933,-2.36565e-08,2.84801e-07,-2.91244e-08,-2.30802e-07,2.58927e-08,3.02093e-09,2.92697,-3.46503e-07,6.65608e-11,1.59675e-06,1.5708,23.5402,23.5442,0,0
0.145977,-2.20119e-08,2.82651e-07,1.8049e-08,-2.29215e-07,1.97585e-08,4.94613e-09,2.93427,-3.43941e-07,9.97497e-11,1.58524e-06,1.5708,23.5365,23.5406,-4.47031e-23,4.46954e-23
0.14602,-1.68355e-08,2.80754e-07,2.13396e-08,-2.27289e-07,1.35057e-08,6.68232e-09,2.94157,-3.414e-07,1.12429e-09,1.57381e-06,1.5708,23.5329,23.5341,0,0
0.146064,-1.1645e-08,2.78154e-07,-1.10738e-08,-2.26036e-07,1.06532e-08,8.14428e-09,2.94887,-3.38892e-07,1.16949e-09,1.56246e-06,1.5708,23.5292,23.5253,-3.09233e-21,3.09284e-21
0.146106,-1.16008e-08,2.74232e-07,-3.37354e-08,-2.26338e-07,1.31789e-08,9.474e-09,2.95617,-3.36472e-07,-1.2194e-10,1.55114e-06,1.5708,23.5256,23.5271,-1.73094e-23,1.73083e-23
0.146149,-1.23639e-08,2.71439e-07,1.1216e-08,-2.25919e-07,9.97819e-09,1.08362e-08,2.96348,-3.34139e-07,-3.94935e-10,1.53982e-06,1.5708,23.5219,23.5189,6.6587e-23,-6.65956e-23
0.146191,-1.33503e-08,2.68372e-07,-2.42754e-09,-2.26237e-07,1.29331e-08,1.22233e-08,2.97079,-3.31874e-07,-2.625e-10,1.5285e-06,1.5708,23.5183,23.515,-7.29614e-23,7.29717e-23
0.146233,-1.59219e-08,2.65648e-07,-1.19845e-08,-2.26791e-07,1.75034e-08,1.36957e-08,2.9781,-3.29676e-07,-6.93227e-10,1.51715e-06,1.5708,23.5146,23.5124,-4.93702e-23,4.93749e-23
0.146275,-1.91704e-08,2.63808e-07,4.53406e-10,-2.27027e-07,2.08013e-08,1.53136e-08,2.98541,-3.27511e-07,-9.03881e-10,1.50579e-06,1.5708,23.5109,23.5155,0,0
0.146316,-1.78396e-08,2.64093e-07,3.37069e-08,-2.25428e-07,1.63294e-08,1.6978e-08,2.99272,-3.25302e-07,1.87352e-10,1.49447e-06,1.5708,23.5073,23.5102,9.47292e-23,-9.47176e-23
0.146357,-1.29684e-08,2.64565e-07,1.01821e-08,-2.23572e-07,1.30159e-08,1.84657e-08,3.00004,-3.22992e-07,1.14738e-09,1.48323e-06,1.5708,23.5036,23.5032,3.82522e-22,-3.8253e-22
0.146397,-9.87854e-09,2.64026e-07,-2.10126e-08,-2.22544e-07,1.25769e-08,1.97469e-08,3.00736,-3.20606e-07,6.63778e-10,1.47206e-06,1.5708,23.5,23.4961,0,0
0.146438,-1.15704e-08,2.62193e-07,-2.54735e-08,-2.22729e-07,1.54205e-08,2.0996e-08,3.01468,-3.18203e-07,-5.48953e-10,1.46091e-06,1.5708,23.4963,23.4968,-4.76026e-24,4.76018e-24
0.146478,-1.34028e-08,2.60899e-07,1.31829e-08,-2.22348e-07,1.41888e-08,2.23403e-08,3.022,-3.15798e-07,-6.0379e-10,1.44977e-06,1.5708,23.4927,23.4972,4.99581e-23,-4.99484e-23
0.146517,-1.0445e-08,2.60584e-07,3.14444e-08,-2.20781e-07,8.99924e-09,2.36464e-08,3.02933,-3.13353e-07,6.53828e-10,1.43867e-06,1.5708,23.489,23.4869,0,0
0.146557,-7.98733e-09,2.58836e-07,-1.92357e-08,-2.20397e-07,1.12363e-08,2.47945e-08,3.03666,-3.10882e-07,6.26322e-10,1.42763e-06,1.5708,23.4853,23.4804,-5.46552e-23,5.46668e-23
0.146596,-1.08413e-08,2.55936e-07,-3.30708e-08,-2.21155e-07,1.64279e-08,2.59581e-08,3.04398,-3.08452e-07,-7.97168e-10,1.41657e-06,1.5708,23.4817,23.4795,-4.80628e-23,4.80672e-23
0.146634,-1.5387e-08,2.53517e-07,5.04077e-09,-2.21573e-07,1.86519e-08,2.73158e-08,3.05132,-3.06077e-07,-1.25633e-09,1.40549e-06,1.5708,23.478,23.4762,-1.22512e-25,1.22521e-25
0.146673,-1.81649e-08,2.51601e-07,1.38962e-08,-2.21626e-07,2.16912e-08,2.88426e-08,3.05865,-3.03731e-07,-7.15621e-10,1.39439e-06,1.5708,23.4743,23.4729,-9.81078e-26,9.81139e-26
0.146711,-1.95053e-08,2.50121e-07,2.71991e-09,-2.21329e-07,2.49856e-08,3.04589e-08,3.06598,-3.01391e-07,-3.67584e-10,1.3833e-06,1.5708,23.4707,23.4717,7.75712e-22,-7.75678e-22
0.146748,-1.92609e-08,2.49397e-07,8.04058e-09,-2.20233e-07,2.46638e-08,3.20978e-08,3.07332,-2.99026e-07,-5.82897e-11,1.37225e-06,1.5708,23.467,23.471,-4.44971e-23,4.44894e-23
0.146786,-1.58657e-08,2.49395e-07,1.86765e-08,-2.18144e-07,1.98254e-08,3.36381e-08,3.08066,-2.96598e-07,6.92737e-10,1.36128e-06,1.5708,23.4633,23.4625,7.87754e-22,-7.87783e-22
0.146823,-1.29967e-08,2.48161e-07,-1.27664e-08,-2.16932e-07,1.97556e-08,3.50028e-08,3.088,-2.94125e-07,6.3341e-10,1.35038e-06,1.5708,23.4597,23.4637,4.4515e-23,-4.45074e-23
0.14686,-9.61679e-09,2.47262e-07,7.65762e-09,-2.15024e-07,1.37835e-08,3.62182e-08,3.09534,-2.91627e-07,6.40005e-10,1.33957e-06,1.5708,23.456,23.4532,-3.10792e-23,3.10829e-23
0.146897,-8.48233e-09,2.44639e-07,-1.73015e-08,-2.14564e-07,1.50861e-08,3.73036e-08,3.10268,-2.89143e-07,2.28078e-10,1.32881e-06,1.5708,23.4523,23.4552,6.26019e-23,-6.25944e-23
0.146933,-7.07633e-09,2.426e-07,9.13751e-09,-2.1338e-07,1.08849e-08,3.83341e-08,3.11003,-2.86697e-07,1.96943e-10,1.3181e-06,1.5708,23.4487,23.4487,-2.6148e-26,2.6148e-26
0.146969,-5.34065e-09,2.40051e-07,7.58999e-10,-2.12611e-07,9.70766e-09,3.92731e-08,3.11738,-2.84292e-07,3.92943e-10,1.30744e-06,1.5708,23.445,23.4441,-1.55914e-21,1.5592e-21
0.147005,-4.74835e-09,2.37183e-07,-9.44476e-09,-2.12216e-07,1.01068e-08,4.01497e-08,3.12473,-2.81947e-07,1.03863e-10,1.2968e-06,1.5708,23.4413,23.4394,-4.2935e-23,4.29386e-23
0.14704,-6.01206e-09,2.34166e-07,-8.99148e-09,-2.12173e-07,1.1769e-08,4.10426e-08,3.13208,-2.79674e-07,-3.62313e-10,1.28617e-06,1.5708,23.4376,23.4363,-4.52221e-23,4.52247e-23
0.147075,-7.85853e-09,2.31546e-07,9.50088e-10,-2.12038e-07,1.32557e-08,4.20119e-08,3.13943,-2.77467e-07,-5.00708e-10,1.27555e-06,1.5708,23.434,23.4298,4.56636e-23,-4.56716e-23
0.14711,-1.10478e-08,2.28819e-07,-9.279e-09,-2.12393e-07,1.85006e-08,4.3097e-08,3.14679,-2.75319e-07,-7.81178e-10,1.26492e-06,1.5708,23.4303,23.4299,-3.88586e-24,3.88592e-24
0.147144,-1.34517e-08,2.27302e-07,9.15755e-09,-2.11907e-07,1.99777e-08,4.43232e-08,3.15414,-2.73199e-07,-6.614e-10,1.2543e-06,1.5708,23.4266,23.4243,1.58031e-21,-1.58047e-21
0.147178,-1.52668e-08,2.26012e-07,7.75081e-10,-2.11445e-07,2.34524e-08,4.56404e-08,3.1615,-2.71074e-07,-4.64795e-10,1.2437e-06,1.5708,23.4229,23.4278,0,0
0.147212,-1.31488e-08,2.26444e-07,2.63765e-08,-2.09273e-07,1.86163e-08,4.69507e-08,3.16886,-2.6889e-07,3.97099e-10,1.23317e-06,1.5708,23.4192,23.4152,3.16289e-21,-3.16344e-21
0.147246,-1.24263e-08,2.25235e-07,-2.18639e-08,-2.08613e-07,2.28514e-08,4.81627e-08,3.17622,-2.66653e-07,1.89918e-10,1.22271e-06,1.5708,23.4156,23.4144,0,0
0.147279,-1.40228e-08,2.24027e-07,-9.98877e-09,-2.07895e-07,2.39885e-08,4.94044e-08,3.18358,-2.64401e-07,-5.41421e-10,1.21228e-06,1.5708,23.4119,23.4134,1.54954e-21,-1.54944e-21
0.147312,-1.41313e-08,2.23304e-07,1.79086e-08,-2.06543e-07,2.16956e-08,5.0685e-08,3.19095,-2.62122e-07,-1.53707e-10,1.2019e-06,1.5708,23.4082,23.4061,2.35644e-23,-2.35666e-23
0.147345,-1.39279e-08,2.21754e-07,-4.68881e-09,-2.05836e-07,2.40512e-08,5.19416e-08,3.19832,-2.59826e-07,3.18012e-11,1.19158e-06,1.5708,23.4045,23.405,1.13029e-23,-1.13026e-23
0.147377,-1.36584e-08,2.20384e-07,2.95609e-10,-2.04797e-07,2.35601e-08,5.31848e-08,3.20568,-2.57529e-07,-4.67087e-11,1.18129e-06,1.5708,23.4008,23.4051,9.25898e-23,-9.25731e-23
0.14741,-1.06069e-08,2.19687e-07,2.05788e-08,-2.02816e-07,1.80236e-08,5.43408e-08,3.21305,-2.55208e-07,6.20041e-10,1.17109e-06,1.5708,23.3972,23.3946,0,0
0.147442,-8.80666e-09,2.17413e-07,-1.79035e-08,-2.02173e-07,1.98477e-08,5.53526e-08,3.22042,-2.5289e-07,4.31342e-10,1.16095e-06,1.5708,23.3935,23.3919,1.7857e-23,-1.78582e-23
0.147473,-9.77933e-09,2.14765e-07,-1.40911e-08,-2.01877e-07,2.0898e-08,5.63479e-08,3.2278,-2.50624e-07,-3.57373e-10,1.15083e-06,1.5708,23.3898,23.3886,-1.35601e-23,1.35609e-23
0.147504,-1.14812e-08,2.12195e-07,3.43247e-09,-2.0159e-07,2.15304e-08,5.74066e-08,3.23517,-2.48415e-07,-5.11741e-10,1.14073e-06,1.5708,23.3861,23.3847,-1.55405e-21,1.55414e-21
0.147535,-1.26824e-08,2.09787e-07,3.55993e-09,-2.013e-07,2.33143e-08,5.85257e-08,3.24255,-2.46259e-07,-3.33086e-10,1.13064e-06,1.5708,23.3824,23.3862,4.18495e-23,-4.18427e-23
0.147566,-1.0641e-08,2.08723e-07,2.10097e-08,-1.99743e-07,1.93067e-08,5.96199e-08,3.24992,-2.44115e-07,4.08696e-10,1.1206e-06,1.5708,23.3787,23.377,-3.71843e-23,3.7187e-23
0.147597,-8.91765e-09,2.06843e-07,-1.20235e-08,-1.99017e-07,2.06813e-08,6.05988e-08,3.2573,-2.41974e-07,4.16943e-10,1.11062e-06,1.5708,23.375,23.3765,0,0
0.147627,-7.76679e-09,2.05382e-07,-1.03008e-09,-1.97922e-07,1.83339e-08,6.15101e-08,3.26468,-2.39844e-07,1.58268e-10,1.10068e-06,1.5708,23.3713,23.3752,-4.38926e-23,4.38854e-23
0.147657,-4.53249e-09,2.04506e-07,1.73133e-08,-1.96179e-07,1.25951e-08,6.23074e-08,3.27207,-2.37699e-07,6.95276e-10,1.09081e-06,1.5708,23.3677,23.3688,7.94148e-22,-7.94109e-22
0.147686,-7.35069e-10,2.03022e-07,-3.1246e-09,-1.94933e-07,9.92866e-09,6.29136e-08,3.27945,-2.35543e-07,9.20151e-10,1.08102e-06,1.5708,23.364,23.3686,-5.12982e-23,5.1288e-23
0.147716,3.92132e-09,2.01899e-07,6.08726e-09,-1.93196e-07,3.11433e-09,6.33127e-08,3.28684,-2.33381e-07,1.05739e-09,1.0713e-06,1.5708,23.3603,23.3577,-2.90709e-23,2.90742e-23
0.147745,5.50466e-09,1.99135e-07,-2.35687e-08,-1.93079e-07,3.93439e-09,6.35441e-08,3.29422,-2.31249e-07,4.14756e-10,1.06163e-06,1.5708,23.3566,23.3538,6.24226e-23,-6.24301e-23
0.147774,3.23623e-09,1.9595e-07,-1.7368e-08,-1.93638e-07,5.9959e-09,6.38011e-08,3.30161,-2.29197e-07,-5.85616e-10,1.05194e-06,1.5708,23.3529,23.3565,-3.14067e-21,3.14017e-21
0.147802,3.25852e-09,1.94368e-07,2.71705e-08,-1.92863e-07,1.40762e-09,6.41234e-08,3.309,-2.27193e-07,-3.88658e-11,1.04227e-06,1.5708,23.3492,23.3507,-5.0915e-23,5.09116e-23
0.147831,6.00376e-09,1.92967e-07,9.40679e-09,-1.92052e-07,-3.97423e-10,6.43592e-08,3.31639,-2.25192e-07,7.73454e-10,1.03263e-06,1.5708,23.3455,23.3417,3.14099e-21,-3.1415e-21
0.147858,5.61237e-09,1.90571e-07,-2.99817e-08,-1.92467e-07,3.83508e-09,6.45297e-08,3.32378,-2.2322e-07,-1.3016e-11,1.023e-06,1.5708,23.3418,23.3376,-4.63145e-23,4.63227e-23
0.147886,9.55663e-10,1.88106e-07,-1.8235e-08,-1.93352e-07,8.35835e-09,6.48391e-08,3.33118,-2.21299e-07,-1.16179e-09,1.01334e-06,1.5708,23.3381,23.3375,-2.12016e-23,2.12022e-23
0.147913,-2.89693e-09,1.86833e-07,1.72374e-08,-1.93428e-07,9.63115e-09,6.53656e-08,3.33857,-2.19401e-07,-9.50665e-10,1.00365e-06,1.5708,23.3344,23.3356,0,0
0.147941,-3.07399e-09,1.86599e-07,2.01714e-08,-1.92639e-07,9.61783e-09,6.59807e-08,3.34597,-2.17469e-07,2.07412e-11,9.93983e-07,1.5708,23.3307,23.3307,0,0
0.147967,-2.03117e-09,1.86408e-07,-2.84058e-09,-1.91785e-07,1.06535e-08,6.6563e-08,3.35336,-2.15476e-07,3.08169e-10,9.84357e-07,1.5708,23.327,23.3294,2.6949e-23,-2.69462e-23
0.147994,-2.8715e-10,1.86584e-07,3.8808e-09,-1.90378e-07,7.80447e-09,6.70795e-08,3.36076,-2.13413e-07,3.79641e-10,9.74788e-07,1.5708,23.3233,23.3282,5.42523e-23,-5.4241e-23
0.148021,3.93285e-09,1.87028e-07,1.6771e-08,-1.88296e-07,1.16908e-09,6.74459e-08,3.36816,-2.11263e-07,9.9149e-10,9.65307e-07,1.5708,23.3196,23.3205,7.78583e-22,-7.78555e-22
0.148047,7.86501e-09,1.86144e-07,-9.45924e-09,-1.87068e-07,-1.31259e-09,6.75971e-08,3.37557,-2.09057e-07,1.00274e-09,9.55908e-07,1.5708,23.3159,23.313,0,0
0.148073,7.59156e-09,1.83661e-07,-2.73621e-08,-1.87174e-07,5.75527e-10,6.76594e-08,3.38297,-2.06869e-07,-5.36614e-11,9.46536e-07,1.5708,23.3122,23.3098,0,0
0.148098,4.34135e-09,1.80785e-07,-7.62698e-09,-1.87658e-07,2.4764e-09,6.78205e-08,3.39037,-2.04748e-07,-8.12423e-10,9.37149e-07,1.5708,23.3085,23.3093,8.31797e-24,-8.3177e-24
0.148123,2.66981e-09,1.78674e-07,1.7863e-08,-1.87447e-07,1.90436e-09,6.8106e-08,3.39778,-2.02682e-07,-3.81934e-10,9.27756e-07,1.5708,23.3048,23.3028,1.57429e-21,-1.57443e-21
0.148148,1.6627e-09,1.76379e-07,-2.76849e-09,-1.87522e-07,5.14202e-09,6.84452e-08,3.40519,-2.0066e-07,-1.35666e-10,9.18365e-07,1.5708,23.3011,23.3025,-1.54336e-23,1.54327e-23
0.148173,1.5391e-09,1.74948e-07,5.04992e-09,-1.86833e-07,4.44843e-09,6.88182e-08,3.41259,-1.98661e-07,-2.54282e-11,9.08991e-07,1.5708,23.2974,23.2946,-3.14003e-23,3.1404e-23
0.148198,1.91562e-10,1.72996e-07,-1.0795e-08,-1.86761e-07,7.66493e-09,6.922e-08,3.42,-1.96679e-07,-2.77482e-10,8.99634e-07,1.5708,23.2937,23.2945,0,0
0.148222,-7.66651e-10,1.71805e-07,6.82809e-09,-1.86021e-07,7.08548e-09,6.96859e-08,3.42741,-1.94707e-07,-2.60844e-10,8.90299e-07,1.5708,23.29,23.2869,-6.99269e-23,6.99362e-23
0.148246,-2.55782e-09,1.7008e-07,-7.89796e-09,-1.85892e-07,1.08132e-08,7.02092e-08,3.43483,-1.92741e-07,-3.86511e-10,8.80985e-07,1.5708,23.2863,23.2827,-7.92666e-23,7.92787e-23
0.148269,-6.1431e-09,1.68251e-07,-1.05521e-08,-1.86021e-07,1.56469e-08,7.08662e-08,3.44224,-1.90796e-07,-8.7396e-10,8.71671e-07,1.5708,23.2826,23.2859,3.19968e-21,-3.19923e-21
0.148293,-6.69302e-09,1.68027e-07,2.70404e-08,-1.84567e-07,1.27304e-08,7.16321e-08,3.44965,-1.88832e-07,-2.03528e-10,8.62391e-07,1.5708,23.2789,23.2792,1.93817e-22,-1.93814e-22
0.148316,-4.90837e-09,1.67517e-07,5.65007e-09,-1.83218e-07,1.27688e-08,7.23464e-08,3.45707,-1.86818e-07,4.8559e-10,8.53181e-07,1.5708,23.2752,23.2754,-5.19232e-24,5.19227e-24
0.148339,-3.52159e-09,1.66661e-07,-8.70644e-09,-1.81996e-07,1.25528e-08,7.2978e-08,3.46448,-1.84771e-07,3.12086e-10,8.44035e-07,1.5708,23.2715,23.2683,-3.56783e-23,3.56831e-23
0.148362,-5.01848e-09,1.64775e-07,-1.72214e-08,-1.81661e-07,1.53553e-08,7.36092e-08,3.4719,-1.82728e-07,-4.04593e-10,8.34928e-07,1.5708,23.2678,23.2669,-1.00884e-23,1.00887e-23
0.148384,-7.22082e-09,1.63032e-07,3.71124e-09,-1.81135e-07,1.61519e-08,7.43358e-08,3.47932,-1.80708e-07,-6.08789e-10,8.25842e-07,1.5708,23.264,23.2676,7.96664e-23,-7.96542e-23
0.148406,-5.81399e-09,1.62267e-07,2.61254e-08,-1.7949e-07,1.23073e-08,7.50771e-08,3.48674,-1.78683e-07,3.0011e-10,8.16812e-07,1.5708,23.2603,23.2636,-3.69788e-23,3.69736e-23
0.148428,-1.33117e-09,1.61502e-07,9.9056e-09,-1.77559e-07,8.39576e-09,7.56557e-08,3.49416,-1.7663e-07,1.10896e-09,8.07871e-07,1.5708,23.2566,23.2546,2.30259e-23,-2.3028e-23
0.14845,5.00063e-10,1.59269e-07,-2.62242e-08,-1.76896e-07,9.69181e-09,7.60673e-08,3.50158,-1.74589e-07,4.52694e-10,7.98995e-07,1.5708,23.2529,23.2526,0,0
0.148472,-2.48382e-10,1.56886e-07,-7.44264e-09,-1.76367e-07,8.71437e-09,7.64634e-08,3.50901,-1.72599e-07,-2.78609e-10,7.90148e-07,1.5708,23.2492,23.2521,6.54587e-23,-6.54505e-23
0.148493,9.18914e-10,1.55193e-07,2.0563e-08,-1.75154e-07,4.42518e-09,7.6849e-08,3.51643,-1.70645e-07,2.42278e-10,7.81345e-07,1.5708,23.2455,23.2458,7.39432e-24,-7.39421e-24
0.148514,3.16543e-09,1.53133e-07,-4.73337e-10,-1.74322e-07,3.63783e-09,7.71342e-08,3.52385,-1.68721e-07,6.13193e-10,7.72593e-07,1.5708,23.2418,23.2437,1.60556e-21,-1.60543e-21
0.148535,5.33782e-09,1.51309e-07,-2.60168e-09,-1.7332e-07,9.9301e-10,7.73124e-08,3.53128,-1.66831e-07,5.20921e-10,7.63886e-07,1.5708,23.2381,23.2396,-1.78167e-23,1.78155e-23
0.148555,7.33383e-09,1.49507e-07,4.30013e-10,-1.72375e-07,-2.001e-09,7.73875e-08,3.53871,-1.64967e-07,4.86072e-10,7.55229e-07,1.5708,23.2344,23.2312,-3.53348e-23,3.53395e-23
0.148575,6.62344e-09,1.46773e-07,-1.89345e-08,-1.72577e-07,6.04112e-10,7.74252e-08,3.54614,-1.63156e-07,-1.14071e-10,7.46589e-07,1.5708,23.2306,23.2338,-3.14418e-21,3.14376e-21
0.148595,6.80409e-09,1.45349e-07,1.49317e-08,-1.71729e-07,-3.20691e-09,7.74907e-08,3.55357,-1.61383e-07,1.01884e-11,7.37966e-07,1.5708,23.2269,23.2293,2.71471e-23,-2.71443e-23
0.148615,9.35087e-09,1.44294e-07,1.27144e-08,-1.70643e-07,-6.40364e-09,7.74797e-08,3.561,-1.59609e-07,6.99032e-10,7.29392e-07,1.5708,23.2232,23.2244,-1.37112e-23,1.37105e-23
0.148634,1.20312e-08,1.43079e-07,-6.37148e-09,-1.69803e-07,-8.15647e-09,7.73354e-08,3.56843,-1.57828e-07,7.3324e-10,7.20865e-07,1.5708,23.2195,23.2189,-1.43561e-23,1.43565e-23
0.148654,1.25113e-08,1.41419e-07,-1.40623e-08,-1.69536e-07,-8.34203e-09,7.7118e-08,3.57586,-1.56058e-07,1.62039e-10,7.12366e-07,1.5708,23.2158,23.2132,-2.94668e-23,2.94701e-23
0.148673,1.02762e-08,1.39334e-07,-1.21292e-08,-1.69933e-07,-6.0705e-09,7.69506e-08,3.58329,-1.5432e-07,-4.91629e-10,7.03863e-07,1.5708,23.2121,23.2107,1.53379e-23,-1.53388e-23
0.148691,7.41547e-09,1.37668e-07,2.49756e-09,-1.70211e-07,-4.21154e-09,7.69168e-08,3.59073,-1.52614e-07,-6.39258e-10,6.95343e-07,1.5708,23.2084,23.2076,8.68539e-24,-8.68568e-24
0.14871,5.45573e-09,1.36541e-07,6.3689e-09,-1.70204e-07,-2.33686e-09,7.70024e-08,3.59816,-1.50914e-07,-3.87952e-10,6.86816e-07,1.5708,23.2046,23.2079,-3.65266e-23,3.65215e-23
0.148728,6.48985e-09,1.36586e-07,1.78877e-08,-1.69096e-07,-4.95214e-09,7.7114e-08,3.6056,-1.49176e-07,3.06228e-10,6.78319e-07,1.5708,23.2009,23.2016,-7.92137e-24,7.92113e-24
0.148746,8.4312e-09,1.36327e-07,-2.34922e-09,-1.68184e-07,-5.57261e-09,7.71441e-08,3.61303,-1.47381e-07,5.66664e-10,6.69872e-07,1.5708,23.1972,23.199,0,0
0.148764,1.0148e-08,1.35991e-07,-2.52766e-09,-1.67167e-07,-7.96627e-09,7.70901e-08,3.62047,-1.45538e-07,4.41536e-10,6.61473e-07,1.5708,23.1935,23.1925,-1.14107e-23,1.14112e-23
0.148782,1.02653e-08,1.348e-07,-9.69496e-09,-1.66826e-07,-7.6875e-09,7.69913e-08,3.62791,-1.43672e-07,8.27237e-11,6.53108e-07,1.5708,23.1898,23.1934,-8.3469e-23,8.34558e-23
0.148799,1.1749e-08,1.34195e-07,1.46598e-08,-1.65701e-07,-1.228e-08,7.68643e-08,3.63535,-1.41789e-07,3.71771e-10,6.4478e-07,1.5708,23.186,23.1842,1.61342e-21,-1.61355e-21
0.148816,1.23385e-08,1.3239e-07,-1.16031e-08,-1.656e-07,-1.07291e-08,7.66762e-08,3.64279,-1.39906e-07,2.74294e-10,6.36481e-07,1.5708,23.1823,23.1835,1.36652e-23,-1.36645e-23
0.148833,1.23065e-08,1.30814e-07,-9.68156e-10,-1.652e-07,-1.20934e-08,7.64881e-08,3.65023,-1.38046e-07,2.54455e-11,6.28196e-07,1.5708,23.1786,23.1781,1.07767e-23,-1.07769e-23
0.14885,1.18513e-08,1.28953e-07,-1.06736e-09,-1.65054e-07,-1.18473e-08,7.63141e-08,3.65767,-1.36212e-07,-2.70205e-11,6.19924e-07,1.5708,23.1749,23.1749,7.16178e-25,-7.16176e-25
0.148866,1.13484e-08,1.27188e-07,1.80331e-10,-1.64846e-07,-1.1662e-08,7.61689e-08,3.66512,-1.34408e-07,-4.12774e-11,6.1166e-07,1.5708,23.1712,23.1738,0,0
0.148882,1.24239e-08,1.26081e-07,1.13161e-08,-1.63976e-07,-1.44407e-08,7.60165e-08,3.67256,-1.32613e-07,3.25684e-10,6.03424e-07,1.5708,23.1674,23.1653,0,0
0.148898,1.22309e-08,1.24136e-07,-1.4156e-08,-1.63967e-07,-1.19931e-08,7.58373e-08,3.68001,-1.30836e-07,8.33891e-11,5.9521e-07,1.5708,23.1637,23.1591,-5.26591e-23,5.26697e-23
0.148914,8.18027e-09,1.21568e-07,-2.28048e-08,-1.64796e-07,-6.3514e-09,7.57732e-08,3.68745,-1.29112e-07,-9.15078e-10,5.86974e-07,1.5708,23.16,23.1579,-7.1307e-23,7.13135e-23
0.148929,3.18817e-09,1.1974e-07,4.78625e-09,-1.65194e-07,-3.02491e-09,7.5948e-08,3.6949,-1.27437e-07,-1.18973e-09,5.78707e-07,1.5708,23.1563,23.1559,-1.11958e-23,1.1196e-23
0.148945,5.4621e-10,1.18862e-07,1.67397e-08,-1.64852e-07,-9.65848e-10,7.63109e-08,3.70234,-1.25768e-07,-5.62423e-10,5.7044e-07,1.5708,23.1526,23.152,6.30623e-24,-6.30638e-24
0.14896,-3.7006e-10,1.18374e-07,3.53956e-09,-1.64186e-07,1.49361e-09,7.67561e-08,3.70979,-1.2407e-07,-1.34623e-10,5.62198e-07,1.5708,23.1488,23.1453,-4.01544e-23,4.01605e-23
0.148974,-2.92967e-09,1.17388e-07,-1.58782e-08,-1.64038e-07,6.66772e-09,7.72856e-08,3.71724,-1.22349e-07,-5.78397e-10,5.53976e-07,1.5708,23.1451,23.1431,1.57298e-21,-1.57311e-21
0.148989,-6.55226e-09,1.16626e-07,-1.3296e-09,-1.63671e-07,9.86149e-09,7.79765e-08,3.72469,-1.20611e-07,-9.19404e-10,5.45767e-07,1.5708,23.1414,23.1438,0,0
0.149003,-7.05204e-09,1.16845e-07,2.44785e-08,-1.62153e-07,8.08983e-09,7.87703e-08,3.73214,-1.18823e-07,-1.58163e-10,5.37607e-07,1.5708,23.1377,23.1388,0,0
0.149017,-5.01495e-09,1.16808e-07,7.06811e-09,-1.60532e-07,7.44094e-09,7.95107e-08,3.73959,-1.1697e-07,5.28436e-10,5.29525e-07,1.5708,23.1339,23.1298,-9.38447e-23,9.38614e-23
0.149031,-5.94085e-09,1.15204e-07,-2.74343e-08,-1.60181e-07,1.21765e-08,8.02153e-08,3.74704,-1.151e-07,-2.20173e-10,5.21491e-07,1.5708,23.1302,23.1279,-1.54382e-21,1.54398e-21
0.149045,-9.42466e-09,1.1339e-07,-6.90707e-09,-1.59903e-07,1.46725e-08,8.10407e-08,3.75449,-1.13257e-07,-9.57212e-10,5.13473e-07,1.5708,23.1265,23.1245,-1.57784e-21,1.57797e-21
0.149058,-1.25218e-08,1.11603e-07,8.91787e-09,-1.59523e-07,1.72483e-08,8.20247e-08,3.76194,-1.11445e-07,-8.00666e-10,5.05472e-07,1.5708,23.1228,23.1252,2.793e-23,-2.7927e-23
0.149071,-1.20179e-08,1.10768e-07,2.21148e-08,-1.58054e-07,1.56238e-08,8.30664e-08,3.7694,-1.09637e-07,7.70523e-11,4.97517e-07,1.5708,23.119,23.1186,6.0627e-34,-6.06281e-34
0.149084,-1.04637e-08,1.09439e-07,-3.70561e-09,-1.56876e-07,1.65496e-08,8.40398e-08,3.77685,-1.07825e-07,3.73192e-10,4.89629e-07,1.5708,23.1153,23.1115,-5.36463e-25,5.36552e-25
0.149097,-1.20081e-08,1.07106e-07,-2.3229e-08,-1.5664e-07,2.07102e-08,8.50081e-08,3.78431,-1.06048e-07,-4.42611e-10,4.81775e-07,1.5708,23.1116,23.1115,1.40052e-24,-1.40053e-24
0.14911,-1.40892e-08,1.05327e-07,7.02069e-09,-1.55893e-07,2.06231e-08,8.60733e-08,3.79176,-1.04316e-07,-6.53267e-10,4.73946e-07,1.5708,23.1078,23.1036,3.24753e-21,-3.24812e-21
0.149122,-1.67759e-08,1.02956e-07,-4.91565e-09,-1.55853e-07,2.55695e-08,8.72389e-08,3.79922,-1.0263e-07,-6.79624e-10,4.66136e-07,1.5708,23.1041,23.1047,-9.53577e-27,9.53554e-27
0.149134,-1.8044e-08,1.01613e-07,1.1004e-08,-1.5493e-07,2.60137e-08,8.85013e-08,3.80667,-1.00978e-07,-4.18566e-10,4.58351e-07,1.5708,23.1004,23.1027,-5.26475e-23,5.26423e-23
0.149146,-1.63443e-08,1.01006e-07,1.67023e-08,-1.53262e-07,2.37651e-08,8.97406e-08,3.81413,-9.93161e-08,3.2454e-10,4.50632e-07,1.5708,23.0967,23.0961,-1.95944e-23,1.95949e-23
0.149158,-1.44185e-08,9.98727e-08,-7.18018e-09,-1.52045e-07,2.41329e-08,9.08718e-08,3.82159,-9.76409e-08,4.07514e-10,4.42984e-07,1.5708,23.0929,23.0977,-1.08514e-22,1.08492e-22
0.149169,-1.07931e-08,9.95329e-08,1.37148e-08,-1.49883e-07,1.78309e-08,9.18673e-08,3.82905,-9.59442e-08,7.13527e-10,4.35422e-07,1.5708,23.0892,23.0897,-1.17447e-23,1.17444e-23
0.149181,-7.19046e-09,9.82106e-08,-4.78454e-09,-1.48502e-07,1.53927e-08,9.26648e-08,3.83651,-9.42342e-08,8.17518e-10,4.27947e-07,1.5708,23.0855,23.0806,-1.6638e-22,1.66415e-22
0.149192,-8.16044e-09,9.5265e-08,-3.18107e-08,-1.48786e-07,1.94771e-08,9.33881e-08,3.84396,-9.25785e-08,-2.94125e-10,4.20499e-07,1.5708,23.0817,23.0833,-3.55355e-23,3.55331e-23
0.149203,-9.48968e-09,9.33714e-08,1.25091e-08,-1.48219e-07,1.6923e-08,9.41815e-08,3.85142,-9.09876e-08,-4.89491e-10,4.13059e-07,1.5708,23.078,23.0825,5.09788e-23,-5.09689e-23
0.149213,-6.30463e-09,9.25468e-08,3.07118e-08,-1.46651e-07,1.13191e-08,9.49158e-08,3.85888,-8.94079e-08,7.3198e-10,4.05673e-07,1.5708,23.0743,23.0781,-3.21485e-21,3.21432e-21
0.149224,-3.1345e-10,9.17689e-08,5.03865e-09,-1.44976e-07,6.46253e-09,9.54039e-08,3.86635,-8.78131e-08,1.4707e-09,3.98368e-07,1.5708,23.0706,23.0753,0,0
0.149234,5.98949e-09,9.09488e-08,-2.95331e-09,-1.43226e-07,-7.18633e-10,9.55864e-08,3.87381,-8.62039e-08,1.4709e-09,3.91149e-07,1.5708,23.0668,23.0675,-8.06941e-22,8.06916e-22
0.149244,9.80264e-09,8.90077e-08,-1.59602e-08,-1.42557e-07,-4.42474e-09,9.55148e-08,3.88127,-8.46118e-08,9.03141e-10,3.83989e-07,1.5708,23.0631,23.0614,-1.91898e-23,1.91912e-23
0.149254,9.98281e-09,8.62045e-08,-1.76415e-08,-1.42949e-07,-4.77457e-09,9.53484e-08,3.88873,-8.30874e-08,3.69831e-11,3.76836e-07,1.5708,23.0594,23.0592,2.01561e-22,-2.01563e-22
0.149264,8.91523e-09,8.3739e-08,1.30141e-09,-1.43384e-07,-5.60677e-09,9.52121e-08,3.89619,-8.16419e-08,-2.52384e-10,3.69662e-07,1.5708,23.0556,23.054,1.84891e-23,-1.84904e-23
0.149273,7.47851e-09,8.14863e-08,-1.12679e-09,-1.4407e-07,-3.80693e-09,9.51351e-08,3.90366,-8.02617e-08,-2.64245e-10,3.62459e-07,1.5708,23.0519,23.053,-7.89982e-22,7.89943e-22
0.149282,7.10693e-09,8.03254e-08,7.71901e-09,-1.4411e-07,-4.43773e-09,9.51078e-08,3.91112,-7.89123e-08,-3.74725e-11,3.55238e-07,1.5708,23.0482,23.0483,1.56016e-24,-1.56016e-24
0.149291,7.34401e-09,7.9588e-08,8.98319e-10,-1.44057e-07,-4.26281e-09,9.50812e-08,3.91859,-7.75561e-08,1.3629e-10,3.48018e-07,1.5708,23.0444,23.0457,-7.58249e-22,7.58207e-22
0.1493,8.08548e-09,7.93941e-08,2.23374e-09,-1.4367e-07,-5.54578e-09,9.50338e-08,3.92605,-7.61685e-08,2.24971e-10,3.4081e-07,1.5708,23.0407,23.0365,-3.1735e-21,3.17407e-21
0.149309,6.08651e-09,7.8289e-08,-2.07314e-08,-1.44385e-07,-9.64221e-10,9.50133e-08,3.93352,-7.47612e-08,-3.99137e-10,3.33592e-07,1.5708,23.037,23.0415,-3.21227e-25,3.21163e-25
0.149317,6.20053e-09,7.89047e-08,2.40551e-08,-1.43452e-07,-5.75626e-09,9.50589e-08,3.94098,-7.33094e-08,-1.5567e-11,3.26381e-07,1.5708,23.0332,23.036,-3.12076e-23,3.12039e-23
0.149325,9.44657e-09,7.94947e-08,1.42523e-08,-1.42336e-07,-9.05219e-09,9.5008e-08,3.94845,-7.17728e-08,8.93962e-10,3.19221e-07,1.5708,23.0295,23.0283,-1.39219e-23,1.39227e-23
0.149333,1.10907e-08,7.89129e-08,-2.06486e-08,-1.42153e-07,-7.91343e-09,9.48307e-08,3.95591,-7.0184e-08,4.98376e-10,3.12094e-07,1.5708,23.0258,23.0277,-2.24606e-23,2.24587e-23
0.149341,1.15942e-08,7.8437e-08,-2.71315e-10,-1.41643e-07,-1.08964e-08,9.46177e-08,3.96338,-6.85681e-08,1.02179e-10,3.04984e-07,1.5708,23.022,23.0209,-8.05582e-22,8.05621e-22
0.149349,1.12438e-08,7.71616e-08,-3.17466e-09,-1.41737e-07,-1.04855e-08,9.43991e-08,3.97085,-6.6944e-08,-4.88757e-12,2.97883e-07,1.5708,23.0183,23.018,3.80045e-24,-3.80051e-24
0.149356,1.04524e-08,7.57472e-08,-1.75179e-09,-1.41864e-07,-9.93911e-09,9.42142e-08,3.97832,-6.53346e-08,-1.20778e-10,2.90778e-07,1.5708,23.0146,23.0193,0,0
0.149363,1.24428e-08,7.53264e-08,2.10919e-08,-1.40821e-07,-1.50182e-08,9.40089e-08,3.98578,-6.37164e-08,5.23988e-10,2.83696e-07,1.5708,23.0108,23.0128,1.61559e-21,-1.61546e-21
0.14937,1.58055e-08,7.44228e-08,7.97245e-10,-1.4e-07,-1.75767e-08,9.36635e-08,3.99325,-6.2079e-08,9.45747e-10,2.7666e-07,1.5708,23.0071,23.0042,-3.33089e-23,3.3313e-23
0.149377,1.56321e-08,7.21812e-08,-2.79599e-08,-1.40412e-07,-1.49206e-08,9.32422e-08,4.00072,-6.04701e-08,6.26583e-11,2.69634e-07,1.5708,23.0034,23.0026,1.72519e-23,-1.72524e-23
0.149384,1.30859e-08,7.00944e-08,-4.35281e-09,-1.4075e-07,-1.4488e-08,9.2909e-08,4.00819,-5.89174e-08,-6.02089e-10,2.62588e-07,1.5708,22.9996,23.0028,3.27887e-21,-3.27843e-21
0.14939,1.31858e-08,6.90698e-08,2.42587e-08,-1.40075e-07,-1.78185e-08,9.26444e-08,4.01566,-5.73887e-08,9.54365e-11,2.55552e-07,1.5708,22.9959,22.9979,-2.30092e-23,2.30072e-23
0.149396,1.56693e-08,6.81565e-08,6.58275e-09,-1.39239e-07,-1.95398e-08,9.23092e-08,4.02313,-5.58557e-08,7.62395e-10,2.48554e-07,1.5708,22.9922,22.9922,8.24178e-25,-8.24176e-25
0.149402,1.6974e-08,6.6804e-08,-1.42546e-08,-1.38809e-07,-1.95282e-08,9.18851e-08,4.0306,-5.43279e-08,4.28219e-10,2.41587e-07,1.5708,22.9884,22.9871,-1.53706e-23,1.53715e-23
0.149408,1.56866e-08,6.50571e-08,-1.27153e-08,-1.38835e-07,-1.85121e-08,9.14739e-08,4.03807,-5.28265e-08,-2.478e-10,2.3463e-07,1.5708,22.9847,22.984,-8.28237e-24,8.28263e-24
0.149414,1.3577e-08,6.34771e-08,1.56844e-09,-1.38825e-07,-1.76902e-08,9.11585e-08,4.04554,-5.13566e-08,-4.36205e-10,2.27672e-07,1.5708,22.981,22.9854,1.02487e-22,-1.02467e-22
0.149419,1.48786e-08,6.31842e-08,2.50975e-08,-1.37552e-07,-2.20358e-08,9.08728e-08,4.05301,-4.98796e-08,3.9949e-10,2.20748e-07,1.5708,22.9772,22.9757,1.64286e-21,-1.64297e-21
0.149424,1.59324e-08,6.19383e-08,-1.32946e-08,-1.37188e-07,-1.99243e-08,9.05192e-08,4.06048,-4.83908e-08,4.43623e-10,2.13864e-07,1.5708,22.9735,22.9783,-5.51097e-23,5.50982e-23
0.149429,1.79189e-08,6.16971e-08,9.70183e-09,-1.35738e-07,-2.51478e-08,9.01135e-08,4.06795,-4.6886e-08,5.05909e-10,2.07026e-07,1.5708,22.9698,22.9743,-5.27626e-23,5.27521e-23
0.149434,2.2104e-08,6.14959e-08,1.35268e-08,-1.34e-07,-3.12811e-08,8.95578e-08,4.07542,-4.53406e-08,1.12284e-09,2.00268e-07,1.5708,22.966,22.971,-1.72228e-22,1.72191e-22
0.149439,2.77075e-08,6.1016e-08,3.52896e-09,-1.32218e-07,-3.79371e-08,8.8765e-08,4.0829,-4.37618e-08,1.49054e-09,1.93598e-07,1.5708,22.9623,22.9666,0,0
0.149444,3.29758e-08,5.99015e-08,-4.71526e-09,-1.30761e-07,-4.44945e-08,8.77148e-08,4.09037,-4.21737e-08,1.40579e-09,1.8701e-07,1.5708,22.9586,22.9619,-7.81273e-23,7.81157e-23
0.149448,3.70194e-08,5.80902e-08,-6.06011e-09,-1.29799e-07,-5.0332e-08,8.64503e-08,4.09784,-4.06108e-08,1.12302e-09,1.80481e-07,1.5708,22.9548,22.9595,1.08758e-22,-1.08736e-22
0.149452,4.10323e-08,5.61862e-08,4.00364e-09,-1.28843e-07,-5.73714e-08,8.50065e-08,4.10531,-3.90925e-08,1.13826e-09,1.74001e-07,1.5708,22.9511,22.9511,3.76237e-25,-3.76237e-25
0.149456,4.28344e-08,5.32304e-08,-1.61549e-08,-1.29044e-07,-5.8706e-08,8.34306e-08,4.11279,-3.76498e-08,6.94721e-10,1.67538e-07,1.5708,22.9473,22.9441,-3.14367e-21,3.14412e-21
0.14946,4.00553e-08,4.95555e-08,-2.57261e-08,-1.30403e-07,-5.53592e-08,8.19041e-08,4.12026,-3.63272e-08,-4.34941e-10,1.61035e-07,1.5708,22.9436,22.9431,-5.55808e-24,5.5582e-24
0.149463,3.58894e-08,4.68938e-08,3.43707e-09,-1.31384e-07,-5.40445e-08,8.0583e-08,4.12773,-3.51144e-08,-8.07636e-10,1.54473e-07,1.5708,22.9399,22.9433,-7.81749e-23,7.81634e-23
0.149467,3.51004e-08,4.59929e-08,2.5298e-08,-1.3114e-07,-5.61432e-08,7.94046e-08,4.13521,-3.39397e-08,6.94468e-11,1.47894e-07,1.5708,22.9361,22.939,-3.30535e-23,3.30493e-23
0.14947,3.7011e-08,4.5851e-08,7.15181e-09,-1.30456e-07,-5.76344e-08,7.82079e-08,4.14268,-3.27407e-08,7.74183e-10,1.41339e-07,1.5708,22.9324,22.937,0,0
0.149473,4.01582e-08,4.63809e-08,2.61001e-09,-1.29205e-07,-6.20974e-08,7.69093e-08,4.15015,-3.14816e-08,9.92559e-10,1.34832e-07,1.5708,22.9287,22.9283,3.83922e-24,-3.83927e-24
0.149476,4.09976e-08,4.5936e-08,-1.81469e-08,-1.28943e-07,-6.21113e-08,7.55297e-08,4.15763,-3.01729e-08,4.58808e-10,1.28363e-07,1.5708,22.9249,22.9286,-4.24855e-23,4.24787e-23
0.149479,4.1567e-08,4.59624e-08,6.22049e-09,-1.28183e-07,-6.63055e-08,7.41506e-08,4.1651,-2.88252e-08,3.18139e-10,1.2192e-07,1.5708,22.9212,22.9254,-4.91297e-23,4.91207e-23
0.149481,4.39809e-08,4.60819e-08,1.29317e-08,-1.27161e-07,-7.10727e-08,7.27173e-08,4.17257,-2.7425e-08,8.50517e-10,1.15521e-07,1.5708,22.9174,22.9148,5.99732e-23,-5.998e-23
0.149483,4.36119e-08,4.4567e-08,-2.63474e-08,-1.27669e-07,-6.78005e-08,7.12465e-08,4.18005,-2.60143e-08,2.47002e-10,1.09135e-07,1.5708,22.9137,22.9112,0,0
0.149485,3.91887e-08,4.26366e-08,-1.88684e-08,-1.28704e-07,-6.40653e-08,6.99336e-08,4.18752,-2.46432e-08,-8.53821e-10,1.02709e-07,1.5708,22.91,22.9112,2.75888e-23,-2.75873e-23
0.149487,3.55018e-08,4.16371e-08,1.65904e-08,-1.28947e-07,-6.39234e-08,6.88558e-08,4.195,-2.32963e-08,-6.75289e-10,9.62513e-08,1.5708,22.9062,22.9075,0,0
0.149489,3.4437e-08,4.11048e-08,1.29883e-08,-1.28754e-07,-6.30877e-08,6.79103e-08,4.20247,-2.19387e-08,5.32503e-11,8.97929e-08,1.5708,22.9025,22.9046,2.46434e-23,-2.46411e-23
0.14949,3.4814e-08,4.09029e-08,1.95856e-09,-1.28151e-07,-6.33039e-08,6.7003e-08,4.20995,-2.05504e-08,3.6002e-10,8.33548e-08,1.5708,22.8988,22.8996,8.27046e-22,-8.27014e-22
0.149492,3.46666e-08,4.04267e-08,-6.34479e-09,-1.27672e-07,-6.31404e-08,6.61141e-08,4.21742,-1.91309e-08,1.93035e-10,7.69438e-08,1.5708,22.895,22.8932,1.65468e-21,-1.65481e-21
0.149493,3.22926e-08,3.92091e-08,-1.34123e-08,-1.27837e-07,-6.02831e-08,6.53122e-08,4.22489,-1.7707e-08,-3.56975e-10,7.054e-08,1.5708,22.8913,22.8955,3.30832e-21,-3.30771e-21
0.149494,3.18014e-08,3.90251e-08,2.0084e-08,-1.26828e-07,-6.37818e-08,6.46158e-08,4.23237,-1.62685e-08,3.64091e-11,6.41583e-08,1.5708,22.8876,22.8827,0,0
0.149495,2.92515e-08,3.71213e-08,-2.23955e-08,-1.2744e-07,-5.70824e-08,6.39986e-08,4.23984,-1.48372e-08,-3.06132e-10,5.77851e-08,1.5708,22.8838,22.8802,-1.27797e-22,1.27818e-22
0.149495,2.33009e-08,3.51017e-08,-1.73726e-08,-1.28293e-07,-5.07649e-08,6.3628e-08,4.24732,-1.34572e-08,-1.28489e-09,5.13748e-08,1.5708,22.8801,22.8813,-2.93231e-23,2.93215e-23
0.149496,1.90776e-08,3.43831e-08,2.22065e-08,-1.27938e-07,-4.99096e-08,6.35408e-08,4.25479,-1.2096e-08,-8.97967e-10,4.4953e-08,1.5708,22.8763,22.8765,-3.56633e-24,3.5663e-24
0.149496,1.76573e-08,3.39259e-08,1.14028e-08,-1.27272e-07,-4.74474e-08,6.35997e-08,4.26227,-1.07156e-08,-1.15007e-10,3.8557e-08,1.5708,22.8726,22.8726,1.03943e-25,-1.03943e-25
0.149496,1.6735e-08,3.34619e-08,-4.91961e-09,-1.2649e-07,-4.50298e-08,6.37328e-08,4.26974,-9.31017e-09,-5.90561e-11,3.21974e-08,1.5708,22.8689,22.8644,0,0
0.149496,1.26772e-08,3.19873e-08,-2.20198e-08,-1.26653e-07,-3.8554e-08,6.40068e-08,4.27722,-7.90725e-09,-8.58957e-10,2.58524e-08,1.5708,22.8651,22.8647,8.95145e-24,-8.9516e-24
0.149496,8.34492e-09,3.114e-08,7.99416e-09,-1.2617e-07,-3.63225e-08,6.45182e-08,4.28469,-6.51412e-09,-1.01579e-09,1.95159e-08,1.5708,22.8614,22.8648,3.98257e-23,-3.98198e-23
0.149496,8.1459e-09,3.12704e-08,2.81287e-08,-1.2452e-07,-3.82013e-08,6.51541e-08,4.29217,-5.08962e-09,3.77366e-11,1.32339e-08,1.5708,22.8577,22.853,-5.41626e-23,5.41737e-23
0.149495,6.60724e-09,2.97726e-08,-2.37082e-08,-1.24304e-07,-3.12047e-08,6.58276e-08,4.29964,-3.65468e-09,-1.95946e-10,6.99736e-09,1.5708,22.8539,22.8531,0,0
0.149494,3.17578e-09,2.85486e-08,-6.76905e-09,-1.23744e-07,-2.8647e-08,6.66554e-08,4.30712,-2.24094e-09,-8.586e-10,7.80468e-10,1.5708,22.8502,22.8536,3.32193e-21,-3.32144e-21
0.149493,2.72486e-09,2.82601e-08,2.70393e-08,-1.22071e-07,-3.14374e-08,6.75962e-08,4.31459,-8.16885e-10,-1.17181e-10,-5.37957e-09,1.5708,22.8464,22.8511,0,0
0.149492,6.60139e-09,2.82279e-08,1.95121e-08,-1.19785e-07,-3.55522e-08,6.84516e-08,4.32207,6.46204e-10,1.01734e-09,-1.14399e-08,1.5708,22.8427,22.8403,-8.3879e-23,8.38878e-23
0.149491,8.06143e-09,2.63788e-08,-2.92025e-08,-1.19031e-07,-3.26171e-08,6.91749e-08,4.32954,2.10488e-09,4.45689e-10,-1.74253e-08,1.5708,22.839,22.8421,-7.31364e-23,7.31263e-23
0.14949,8.39351e-09,2.49659e-08,3.02401e-09,-1.17699e-07,-3.63773e-08,6.98876e-08,4.33702,3.52717e-09,-5.2337e-12,-2.33581e-08,1.5708,22.8352,22.8349,4.13825e-24,-4.13831e-24
0.149488,8.52442e-09,2.28395e-08,1.1157e-09,-1.17014e-07,-3.64786e-08,7.05935e-08,4.34449,4.90381e-09,8.73783e-11,-2.9241e-08,1.5708,22.8315,22.8308,0,0
0.149487,7.87829e-09,2.04596e-08,-6.48662e-09,-1.16693e-07,-3.50348e-08,7.13243e-08,4.35196,6.21063e-09,-1.00072e-10,-3.50992e-08,1.5708,22.8278,22.8254,-5.44877e-23,5.44933e-23
0.149485,5.39337e-09,1.78671e-08,-1.05321e-08,-1.16862e-07,-3.16077e-08,7.21475e-08,4.35944,7.4356e-09,-5.60292e-10,-4.09541e-08,1.5708,22.824,22.8221,-2.29017e-23,2.29036e-23
0.149483,1.92982e-09,1.56599e-08,-1.83517e-09,-1.17051e-07,-2.81488e-08,7.31349e-08,4.36691,8.58391e-09,-8.17177e-10,-4.68181e-08,1.5708,22.8203,22.8175,0,0
0.14948,-1.95753e-09,1.3824e-08,-1.5044e-09,-1.17327e-07,-2.32257e-08,7.43145e-08,4.37439,9.67464e-09,-9.00249e-10,-5.26939e-08,1.5708,22.8165,22.8139,9.3941e-23,-9.39521e-23
0.149478,-6.01305e-09,1.25675e-08,-1.05982e-09,-1.17481e-07,-1.79986e-08,7.57014e-08,4.38186,1.07322e-08,-9.62853e-10,-5.85805e-08,1.5708,22.8128,22.8155,1.60329e-21,-1.6031e-21
0.149475,-6.9602e-09,1.29454e-08,2.22484e-08,-1.1627e-07,-1.88691e-08,7.72264e-08,4.38933,1.18143e-08,-2.6822e-10,-6.44394e-08,1.5708,22.8091,22.8049,4.73351e-23,-4.73437e-23
0.149472,-8.5853e-09,1.24198e-08,-1.51751e-08,-1.16092e-07,-1.28001e-08,7.88058e-08,4.39681,1.29354e-08,-3.38218e-10,-7.02643e-08,1.5708,22.8053,22.8019,0,0
0.14947,-1.27055e-08,1.18305e-08,-1.42634e-08,-1.16139e-07,-7.37036e-09,8.05438e-08,4.40428,1.4072e-08,-1.08152e-09,-7.60861e-08,1.5708,22.8016,22.7967,0,0
0.149466,-1.85759e-08,1.106e-08,-4.83787e-09,-1.1653e-07,-4.69202e-10,8.25371e-08,4.41176,1.52177e-08,-1.5051e-09,-8.19192e-08,1.5708,22.7979,22.7962,-1.64952e-21,1.64964e-21
0.149463,-2.29342e-08,1.10696e-08,1.38334e-08,-1.16224e-07,3.75819e-09,8.47891e-08,4.41923,1.63893e-08,-1.15196e-09,-8.77538e-08,1.5708,22.7941,22.7969,0,0
0.14946,-2.27426e-08,1.21994e-08,2.61558e-08,-1.14619e-07,2.99046e-09,8.71421e-08,4.4267,1.76356e-08,-5.22381e-11,-9.35394e-08,1.5708,22.7904,22.7918,-1.62093e-23,1.62083e-23
0.149456,-2.01124e-08,1.29917e-08,3.71618e-09,-1.12928e-07,2.60158e-09,8.94134e-08,4.43417,1.89737e-08,5.58188e-10,-9.92422e-08,1.5708,22.7866,22.7821,-1.33364e-24,1.33391e-24
0.149453,-2.09988e-08,1.19518e-08,-2.99721e-08,-1.12702e-07,7.69496e-09,9.16363e-08,4.44165,2.03459e-08,-3.34879e-10,-1.04898e-07,1.5708,22.7829,22.7815,-3.25973e-23,3.25993e-23
0.149449,-2.39169e-08,1.07931e-08,-1.48722e-09,-1.12375e-07,9.16987e-09,9.39687e-08,4.44912,2.17052e-08,-9.45455e-10,-1.1054e-07,1.5708,22.7792,22.7838,3.34074e-21,-3.34006e-21
0.149445,-2.24272e-08,1.06945e-08,3.58319e-08,-1.1068e-07,4.28224e-09,9.63364e-08,4.45659,2.30771e-08,1.77613e-10,-1.16131e-07,1.5708,22.7754,22.7801,1.65347e-22,-1.65313e-22
0.149441,-1.63513e-08,1.05362e-08,1.70254e-08,-1.08576e-07,-8.36224e-10,9.84977e-08,4.46406,2.4485e-08,1.39741e-09,-1.21626e-07,1.5708,22.7717,22.7704,-1.4991e-23,1.49918e-23
0.149436,-1.26864e-08,8.60804e-09,-2.87338e-08,-1.07883e-07,-3.94786e-10,1.00407e-07,4.47154,2.5879e-08,7.94274e-10,-1.27052e-07,1.5708,22.768,22.7639,-4.7604e-23,4.76125e-23
0.149432,-1.4683e-08,5.39746e-09,-2.90445e-08,-1.08465e-07,2.55515e-09,1.02288e-07,4.47901,2.71823e-08,-6.78109e-10,-1.32476e-07,1.5708,22.7642,22.7652,0,0
0.149427,-1.65895e-08,3.088e-09,1.74575e-08,-1.08345e-07,7.79475e-10,1.04279e-07,4.48648,2.83884e-08,-6.62681e-10,-1.37912e-07,1.5708,22.7605,22.7644,-4.54019e-23,4.53942e-23
0.149423,-1.39098e-08,1.89038e-09,2.84685e-08,-1.07259e-07,-3.18778e-09,1.06241e-07,4.49395,2.95485e-08,5.7955e-10,-1.43317e-07,1.5708,22.7568,22.7577,-1.09677e-23,1.09673e-23
0.149418,-1.01129e-08,4.61647e-10,-6.84461e-09,-1.06516e-07,-4.02071e-09,1.08028e-07,4.50142,3.06827e-08,8.9428e-10,-1.48676e-07,1.5708,22.753,22.7545,0,0
0.149413,-7.66088e-09,-8.70337e-10,-9.54782e-09,-1.05836e-07,-6.51905e-09,1.0967e-07,4.50889,3.17876e-08,4.59309e-10,-1.54e-07,1.5708,22.7493,22.7478,1.77239e-23,-1.7725e-23
0.149407,-7.56459e-09,-2.70451e-09,-1.11487e-08,-1.05903e-07,-6.2182e-09,1.1125e-07,4.51636,3.28517e-08,-7.79976e-11,-1.59309e-07,1.5708,22.7456,22.7449,-1.49674e-23,1.49678e-23
0.149402,-8.41926e-09,-4.26513e-09,-4.15423e-10,-1.06038e-07,-5.9487e-09,1.12856e-07,4.52383,3.38703e-08,-3.00672e-10,-1.64623e-07,1.5708,22.7418,22.7437,-2.17397e-23,2.17379e-23
0.149396,-7.71572e-09,-4.94834e-09,1.27263e-08,-1.05589e-07,-7.86182e-09,1.14468e-07,4.5313,3.48734e-08,1.00334e-10,-1.69929e-07,1.5708,22.7381,22.7408,-1.64644e-21,1.64624e-21
0.149391,-4.94764e-09,-5.06988e-09,9.20419e-09,-1.04733e-07,-1.07378e-08,1.15992e-07,4.53877,3.58969e-08,6.35024e-10,-1.75202e-07,1.5708,22.7343,22.7321,1.65197e-21,-1.65213e-21
0.149385,-4.19252e-09,-6.05484e-09,-1.9863e-08,-1.04879e-07,-8.60185e-09,1.17425e-07,4.54624,3.69308e-08,1.6982e-10,-1.80458e-07,1.5708,22.7306,22.7321,-3.4894e-23,3.48917e-23
0.149379,-4.23591e-09,-6.4405e-09,2.32939e-09,-1.04574e-07,-1.05953e-08,1.18857e-07,4.55371,3.79704e-08,-1.28175e-10,-1.85709e-07,1.5708,22.7269,22.7222,1.10842e-22,-1.10865e-22
0.149373,-6.63899e-09,-7.85172e-09,-1.54208e-08,-1.0548e-07,-5.61947e-09,1.20343e-07,4.56118,3.90024e-08,-5.7997e-10,-1.90977e-07,1.5708,22.7231,22.7191,-9.58408e-23,9.58579e-23
0.149366,-1.13305e-08,-9.16431e-09,-1.01669e-08,-1.06601e-07,1.19982e-11,1.22015e-07,4.56865,4.00052e-08,-1.19634e-09,-1.96295e-07,1.5708,22.7194,22.7155,-4.55315e-23,4.55392e-23
0.14936,-1.66404e-08,-1.00152e-08,1.33872e-09,-1.07581e-07,5.92757e-09,1.23939e-07,4.57612,4.09938e-08,-1.3446e-09,-2.01667e-07,1.5708,22.7157,22.7153,-4.7108e-24,4.71089e-24
0.149353,-1.95728e-08,-9.67912e-09,1.67851e-08,-1.0755e-07,8.59076e-09,1.26069e-07,4.58358,4.20116e-08,-7.806e-10,-2.07061e-07,1.5708,22.7119,22.7105,1.66472e-21,-1.66482e-21
0.149346,-2.08148e-08,-9.12412e-09,3.67449e-09,-1.07272e-07,1.20448e-08,1.28291e-07,4.59105,4.30927e-08,-3.47682e-10,-2.12447e-07,1.5708,22.7082,22.7074,8.41026e-22,-8.41057e-22
0.14934,-2.16663e-08,-8.49496e-09,-1.35988e-09,-1.0674e-07,1.42264e-08,1.30563e-07,4.59852,4.42444e-08,-3.22507e-10,-2.17813e-07,1.5708,22.7045,22.7063,-2.10879e-23,2.10862e-23
0.149333,-2.09289e-08,-7.55301e-09,1.14122e-08,-1.05539e-07,1.26454e-08,1.32837e-07,4.60599,4.54769e-08,1.85406e-11,-2.23134e-07,1.5708,22.7007,22.7016,-1.05763e-23,1.05759e-23
0.149325,-1.8945e-08,-7.13591e-09,4.05813e-09,-1.0437e-07,1.14775e-08,1.35033e-07,4.61345,4.67831e-08,3.63189e-10,-2.28397e-07,1.5708,22.697,22.6939,0,0
0.149318,-1.91602e-08,-8.16535e-09,-1.88116e-08,-1.04227e-07,1.45758e-08,1.37176e-07,4.62092,4.81115e-08,-1.6493e-10,-2.33627e-07,1.5708,22.6933,22.6959,-6.22204e-23,6.22132e-23
0.149311,-1.86581e-08,-8.68308e-09,1.32537e-08,-1.0321e-07,1.12902e-08,1.39321e-07,4.62838,4.94412e-08,-9.22899e-11,-2.38827e-07,1.5708,22.6895,22.692,-5.7466e-23,5.74598e-23
0.149303,-1.56617e-08,-9.39169e-09,1.44692e-08,-1.01968e-07,7.92378e-09,1.41366e-07,4.63585,5.0779e-08,6.2141e-10,-2.43971e-07,1.5708,22.6858,22.6828,3.59239e-23,-3.59287e-23
0.149295,-1.46697e-08,-1.16017e-08,-2.22459e-08,-1.01969e-07,1.07871e-08,1.43298e-07,4.64331,5.20796e-08,1.78486e-10,-2.49085e-07,1.5708,22.6821,22.678,4.76546e-23,-4.7663e-23
0.149287,-1.76816e-08,-1.4454e-08,-2.02999e-08,-1.02657e-07,1.48153e-08,1.45287e-07,4.65078,5.32899e-08,-8.91336e-10,-2.54217e-07,1.5708,22.6783,22.6785,-2.02414e-24,2.02412e-24
0.149279,-2.00558e-08,-1.63272e-08,1.63019e-08,-1.02539e-07,1.46648e-08,1.47415e-07,4.65824,5.44208e-08,-7.48942e-10,-2.59362e-07,1.5708,22.6746,22.6779,7.8619e-23,-7.86074e-23
0.149271,-1.79965e-08,-1.70281e-08,2.66427e-08,-1.01322e-07,1.16044e-08,1.49538e-07,4.66571,5.55272e-08,4.12902e-10,-2.64474e-07,1.5708,22.6709,22.6673,3.37512e-21,-3.37565e-21
0.149263,-1.70965e-08,-1.87916e-08,-2.23648e-08,-1.01256e-07,1.58679e-08,1.51566e-07,4.67317,5.6608e-08,1.94626e-10,-2.69554e-07,1.5708,22.6671,22.6709,8.92103e-23,-8.91954e-23
0.149254,-1.57677e-08,-1.92297e-08,1.00288e-08,-9.99598e-08,1.14359e-08,1.53555e-07,4.68063,5.76735e-08,9.7065e-11,-2.74599e-07,1.5708,22.6634,22.6663,-6.72019e-21,6.71933e-21
0.149246,-1.21981e-08,-1.9502e-08,1.47697e-08,-9.84359e-08,6.90334e-09,1.55409e-07,4.6881,5.87592e-08,7.5994e-10,-2.79573e-07,1.5708,22.6597,22.6558,3.37791e-21,-3.37849e-21
0.149237,-1.13348e-08,-2.12915e-08,-2.68937e-08,-9.84593e-08,1.0318e-08,1.57137e-07,4.69556,5.98278e-08,1.73365e-10,-2.84511e-07,1.5708,22.656,22.6534,-5.91941e-23,5.92006e-23
0.149228,-1.38703e-08,-2.3127e-08,-1.38704e-08,-9.87599e-08,1.25385e-08,1.58917e-07,4.70302,6.08417e-08,-7.77129e-10,-2.89458e-07,1.5708,22.6522,22.6561,4.50538e-23,-4.50461e-23
0.149219,-1.34711e-08,-2.34105e-08,3.05927e-08,-9.76694e-08,7.99078e-09,1.60756e-07,4.71048,6.18416e-08,-5.48194e-11,-2.94383e-07,1.5708,22.6485,22.6506,-1.61672e-21,1.61657e-21
0.14921,-9.80291e-09,-2.36041e-08,1.13792e-08,-9.64762e-08,5.6615e-09,1.62473e-07,4.71794,6.28665e-08,8.8512e-10,-2.99251e-07,1.5708,22.6448,22.6411,0,0
0.149201,-9.20497e-09,-2.50724e-08,-3.06734e-08,-9.66153e-08,9.37995e-09,1.64073e-07,4.7254,6.3884e-08,1.13492e-10,-3.04094e-07,1.5708,22.641,22.6408,2.50107e-24,-2.50109e-24
0.149191,-1.08121e-08,-2.61134e-08,-3.13869e-09,-9.64902e-08,8.91913e-09,1.65715e-07,4.73286,6.4875e-08,-5.63162e-10,-3.08937e-07,1.5708,22.6373,22.6359,1.64623e-23,-1.64633e-23
0.149182,-1.22253e-08,-2.7123e-08,6.60848e-09,-9.6491e-08,1.00376e-08,1.67424e-07,4.74032,6.58504e-08,-4.0994e-10,-3.13777e-07,1.5708,22.6336,22.6334,-5.03141e-24,5.03145e-24
0.149172,-1.24887e-08,-2.77285e-08,5.37058e-09,-9.62229e-08,1.08378e-08,1.69168e-07,4.74778,6.68219e-08,-1.13451e-10,-3.1861e-07,1.5708,22.6298,22.634,0,0
0.149162,-9.79985e-09,-2.72902e-08,1.78526e-08,-9.48852e-08,6.54672e-09,1.70851e-07,4.75524,6.78271e-08,5.60956e-10,-3.23403e-07,1.5708,22.6261,22.6216,-6.7978e-25,6.79917e-25
0.149152,-9.6166e-09,-2.8502e-08,-2.64278e-08,-9.51635e-08,1.10078e-08,1.72445e-07,4.7627,6.8846e-08,4.716e-11,-3.28169e-07,1.5708,22.6224,22.6199,-8.73058e-23,8.73152e-23
0.149142,-1.254e-08,-2.9726e-08,-1.25314e-08,-9.55812e-08,1.35753e-08,1.74118e-07,4.77015,6.9839e-08,-8.51607e-10,-3.32954e-07,1.5708,22.6187,22.6156,3.59781e-23,-3.5983e-23
0.149132,-1.62549e-08,-3.08794e-08,3.00732e-09,-9.61019e-08,1.70611e-08,1.75953e-07,4.77761,7.08078e-08,-9.90524e-10,-3.37762e-07,1.5708,22.6149,22.6169,2.30851e-23,-2.30831e-23
0.149121,-1.67034e-08,-3.07773e-08,2.3054e-08,-9.54413e-08,1.60745e-08,1.77887e-07,4.78507,7.1788e-08,-1.93655e-10,-3.42566e-07,1.5708,22.6112,22.609,1.64481e-21,-1.64496e-21
0.149111,-1.652e-08,-3.11691e-08,-6.55435e-09,-9.52368e-08,1.9254e-08,1.79808e-07,4.79252,7.27961e-08,2.8492e-11,-3.47348e-07,1.5708,22.6075,22.6053,0,0
0.1491,-1.79677e-08,-3.17396e-08,-1.17519e-08,-9.51945e-08,2.20442e-08,1.81759e-07,4.79998,7.38153e-08,-4.72139e-10,-3.52124e-07,1.5708,22.6037,22.6068,-4.6131e-25,4.61248e-25
0.149089,-1.73576e-08,-3.1313e-08,2.08154e-08,-9.40241e-08,1.85075e-08,1.83734e-07,4.80743,7.48684e-08,-2.41044e-11,-3.56869e-07,1.5708,22.6,22.6024,-5.76934e-23,5.76872e-23
0.149078,-1.38815e-08,-3.09789e-08,1.27431e-08,-9.26376e-08,1.5393e-08,1.85589e-07,4.81489,7.59761e-08,7.76116e-10,-3.6155e-07,1.5708,22.5963,22.5977,-1.69886e-21,1.69876e-21
0.149067,-1.01994e-08,-3.127e-08,-6.44942e-09,-9.15287e-08,1.3029e-08,1.87255e-07,4.82234,7.71193e-08,8.08392e-10,-3.66168e-07,1.5708,22.5926,22.5898,-3.29379e-23,3.2942e-23
0.149056,-9.94039e-09,-3.29303e-08,-2.262e-08,-9.15842e-08,1.4582e-08,1.88818e-07,4.82979,7.82457e-08,-3.92072e-11,-3.70762e-07,1.5708,22.5888,22.588,1.89058e-23,-1.89065e-23
0.149045,-1.13433e-08,-3.46263e-08,-6.30555e-10,-9.16549e-08,1.44193e-08,1.90416e-07,4.83725,7.93216e-08,-4.84135e-10,-3.75358e-07,1.5708,22.5851,22.5824,9.54722e-23,-9.54835e-23
0.149033,-1.32529e-08,-3.65954e-08,-6.22948e-10,-9.21034e-08,1.71313e-08,1.92085e-07,4.8447,8.03389e-08,-5.1615e-10,-3.79968e-07,1.5708,22.5814,22.5805,8.39645e-22,-8.39679e-22
0.149022,-1.46536e-08,-3.80389e-08,3.65259e-09,-9.22126e-08,1.88247e-08,1.93831e-07,4.85215,8.13052e-08,-4.10656e-10,-3.84591e-07,1.5708,22.5776,22.5745,-3.75951e-23,3.76004e-23
0.14901,-1.67436e-08,-3.95363e-08,-6.84032e-09,-9.26023e-08,2.28976e-08,1.95654e-07,4.8596,8.22316e-08,-5.62004e-10,-3.89228e-07,1.5708,22.5739,22.5787,0,0
0.148998,-1.5367e-08,-3.91844e-08,2.72045e-08,-9.12419e-08,1.82041e-08,1.97498e-07,4.86705,8.31664e-08,1.83492e-10,-3.93838e-07,1.5708,22.5702,22.5712,-1.24136e-23,1.24131e-23
0.148986,-1.1916e-08,-3.91448e-08,3.60095e-09,-9.00881e-08,1.66077e-08,1.99198e-07,4.8745,8.41452e-08,8.09984e-10,-3.98386e-07,1.5708,22.5665,22.5643,-1.65818e-25,1.65834e-25
0.148974,-1.09596e-08,-4.00624e-08,-2.25382e-08,-8.98313e-08,1.83132e-08,2.00781e-07,4.88195,8.51343e-08,1.53696e-10,-4.02899e-07,1.5708,22.5627,22.5627,-5.16142e-23,5.16143e-23
0.148962,-1.16041e-08,-4.08636e-08,-1.42628e-09,-8.94663e-08,1.72977e-08,2.02362e-07,4.8894,8.61139e-08,-3.15196e-10,-4.07397e-07,1.5708,22.559,22.5584,0,0
0.14895,-1.19286e-08,-4.17352e-08,5.83883e-09,-8.91858e-08,1.72815e-08,2.03958e-07,4.89684,8.70846e-08,-1.5447e-10,-4.11878e-07,1.5708,22.5553,22.5545,0,0
0.148937,-1.19335e-08,-4.26343e-08,-2.606e-10,-8.89683e-08,1.82034e-08,2.05552e-07,4.90429,8.8044e-08,-5.32765e-11,-4.16348e-07,1.5708,22.5516,22.5503,-1.54476e-23,1.54485e-23
0.148925,-1.24865e-08,-4.35938e-08,-4.59951e-09,-8.88729e-08,1.96388e-08,2.07153e-07,4.91174,8.89897e-08,-2.05969e-10,-4.20809e-07,1.5708,22.5479,22.5451,-6.46573e-23,6.4665e-23
0.148912,-1.43486e-08,-4.47662e-08,-7.37921e-09,-8.91054e-08,2.25846e-08,2.08807e-07,4.91918,8.99143e-08,-5.29484e-10,-4.25274e-07,1.5708,22.5441,22.5445,-2.05346e-22,2.05343e-22
0.148899,-1.53315e-08,-4.52249e-08,9.96901e-09,-8.87219e-08,2.24618e-08,2.1053e-07,4.92663,9.08322e-08,-3.47881e-10,-4.29735e-07,1.5708,22.5404,22.5416,1.43599e-23,-1.43591e-23
0.148886,-1.41986e-08,-4.52571e-08,1.1431e-08,-8.78888e-08,2.128e-08,2.12237e-07,4.93407,9.17715e-08,2.06446e-10,-4.34165e-07,1.5708,22.5367,22.5328,-4.60415e-23,4.60494e-23
0.148873,-1.48153e-08,-4.62841e-08,-1.89541e-08,-8.80416e-08,2.54499e-08,2.13913e-07,4.94152,9.27155e-08,-1.87889e-10,-4.38579e-07,1.5708,22.533,22.5304,3.03707e-23,-3.03742e-23
0.14886,-1.75775e-08,-4.72798e-08,-8.35924e-09,-8.82533e-08,2.82514e-08,2.15675e-07,4.94896,9.36413e-08,-8.12372e-10,-4.43002e-07,1.5708,22.5292,22.5318,-9.22772e-23,9.22667e-23
0.148847,-1.76444e-08,-4.70994e-08,2.52268e-08,-8.72778e-08,2.54336e-08,2.17505e-07,4.9564,9.45813e-08,-1.59018e-10,-4.47405e-07,1.5708,22.5255,22.5265,-2.23982e-23,2.23973e-23
0.148833,-1.51294e-08,-4.70317e-08,8.07723e-09,-8.62465e-08,2.44209e-08,2.19249e-07,4.96385,9.55603e-08,5.74057e-10,-4.51758e-07,1.5708,22.5218,22.5228,0,0
0.14882,-1.24936e-08,-4.72232e-08,-5.69699e-09,-8.52614e-08,2.28444e-08,2.20857e-07,4.97129,9.65682e-08,5.42847e-10,-4.5606e-07,1.5708,22.5181,22.5155,1.71034e-21,-1.71054e-21
0.148806,-1.25367e-08,-4.8457e-08,-1.71987e-08,-8.51845e-08,2.43493e-08,2.22391e-07,4.97873,9.75706e-08,-1.16524e-10,-4.60336e-07,1.5708,22.5144,22.5144,1.00183e-24,-1.00182e-24
0.148792,-1.31908e-08,-4.94951e-08,4.27756e-09,-8.48777e-08,2.33366e-08,2.23942e-07,4.98617,9.85478e-08,-3.01998e-10,-4.64603e-07,1.5708,22.5106,22.5121,1.78118e-23,-1.78106e-23
0.148778,-1.19579e-08,-5.01873e-08,1.37796e-08,-8.41696e-08,2.11573e-08,2.25468e-07,4.99361,9.95136e-08,2.20959e-10,-4.68844e-07,1.5708,22.5069,22.5069,-3.15846e-25,3.15847e-25
0.148764,-1.01601e-08,-5.11567e-08,-2.59597e-09,-8.36853e-08,2.08121e-08,2.26903e-07,5.00105,1.00469e-07,3.9632e-10,-4.73055e-07,1.5708,22.5032,22.5052,-2.44213e-23,2.44191e-23
0.14875,-8.00503e-09,-5.18423e-08,2.30116e-09,-8.28723e-08,1.78411e-08,2.28236e-07,5.00848,1.01414e-07,4.21661e-10,-4.77233e-07,1.5708,22.4995,22.4979,-1.87151e-23,1.87164e-23
0.148736,-7.23416e-09,-5.32402e-08,-1.02396e-08,-8.27807e-08,1.82999e-08,2.29485e-07,5.01592,1.02336e-07,1.36002e-10,-4.8139e-07,1.5708,22.4958,22.4986,0,0
0.148721,-5.62976e-09,-5.39136e-08,1.05697e-08,-8.20074e-08,1.43576e-08,2.30677e-07,5.02336,1.03238e-07,2.8343e-10,-4.85524e-07,1.5708,22.492,22.4969,-5.83423e-23,5.83297e-23
0.148707,-9.98832e-10,-5.40011e-08,1.86133e-08,-8.05679e-08,7.82821e-09,2.31704e-07,5.03079,1.04152e-07,1.08002e-09,-4.89602e-07,1.5708,22.4883,22.4848,-4.24406e-23,4.24472e-23
0.148692,8.40424e-10,-5.58068e-08,-2.91406e-08,-8.0851e-08,1.02639e-08,2.32551e-07,5.03823,1.05046e-07,4.93515e-10,-4.93653e-07,1.5708,22.4846,22.4848,2.11724e-22,-2.11722e-22
0.148678,1.25241e-10,-5.72591e-08,-7.07665e-09,-8.09727e-08,8.90462e-09,2.33384e-07,5.04566,1.05889e-07,-2.80766e-10,-4.97714e-07,1.5708,22.4809,22.4822,-3.10557e-23,3.10539e-23
0.148663,3.85515e-10,-5.81827e-08,1.402e-08,-8.07525e-08,6.4372e-09,2.34226e-07,5.0531,1.06702e-07,3.67572e-11,-5.01772e-07,1.5708,22.4772,22.4759,-3.03078e-23,3.03095e-23
0.148648,8.05623e-10,-5.93231e-08,-4.31157e-09,-8.09503e-08,7.69692e-09,2.35038e-07,5.06053,1.07492e-07,1.6144e-10,-5.0583e-07,1.5708,22.4735,22.4779,1.05863e-22,-1.05842e-22
0.148633,3.19639e-09,-5.92048e-08,1.43899e-08,-8.00136e-08,2.75975e-09,2.35787e-07,5.06796,1.08289e-07,5.4291e-10,-5.09869e-07,1.5708,22.4697,22.4734,8.64475e-23,-8.64336e-23
0.148618,7.56903e-09,-5.89457e-08,8.69881e-09,-7.88801e-08,-2.30735e-09,2.36358e-07,5.07539,1.09126e-07,1.09274e-09,-5.13855e-07,1.5708,22.466,22.4688,-3.40036e-23,3.39994e-23
0.148602,1.20195e-08,-5.90326e-08,-4.47995e-09,-7.79707e-08,-6.84464e-09,2.36708e-07,5.08282,1.09995e-07,1.11248e-09,-5.17791e-07,1.5708,22.4623,22.4586,3.39384e-21,-3.39441e-21
0.148587,1.19716e-08,-6.0741e-08,-3.05841e-08,-7.87087e-08,-4.53346e-09,2.36946e-07,5.09025,1.10846e-07,4.60581e-11,-5.21723e-07,1.5708,22.4586,22.462,4.06596e-23,-4.06535e-23
0.148571,1.18632e-08,-6.13504e-08,1.42335e-08,-7.84709e-08,-9.21824e-09,2.37209e-07,5.09768,1.1167e-07,-7.07663e-11,-5.25668e-07,1.5708,22.4549,22.4537,1.36012e-23,-1.36019e-23
0.148556,1.21668e-08,-6.24623e-08,4.59238e-10,-7.8841e-08,-8.56533e-09,2.37456e-07,5.10511,1.12478e-07,2.11176e-10,-5.29616e-07,1.5708,22.4512,22.4502,8.60375e-22,-8.6041e-22
0.14854,1.14985e-08,-6.35285e-08,-9.04965e-09,-7.93536e-08,-7.12158e-09,2.37715e-07,5.11254,1.1326e-07,-7.09056e-11,-5.33587e-07,1.5708,22.4474,22.4458,1.68056e-21,-1.68069e-21
0.148524,9.4084e-09,-6.45049e-08,-6.27026e-09,-8.00037e-08,-5.09028e-09,2.3805e-07,5.11996,1.1402e-07,-4.42294e-10,-5.37586e-07,1.5708,22.4437,22.447,-4.96389e-25,4.96318e-25
0.148508,9.58496e-09,-6.42168e-08,1.99846e-08,-7.95127e-08,-8.2034e-09,2.3844e-07,5.12739,1.14794e-07,8.19584e-11,-5.41589e-07,1.5708,22.44,22.4433,-3.96443e-23,3.96385e-23
0.148492,1.26805e-08,-6.35629e-08,1.26779e-08,-7.85668e-08,-1.16546e-08,2.38743e-07,5.13481,1.15622e-07,8.64514e-10,-5.45556e-07,1.5708,22.4363,22.4383,2.42765e-23,-2.42743e-23
0.148476,1.59756e-08,-6.3293e-08,-6.44343e-09,-7.7808e-08,-1.42649e-08,2.38886e-07,5.14224,1.16502e-07,8.95781e-10,-5.4948e-07,1.5708,22.4326,22.4281,-1.0513e-24,1.0515e-24
0.14846,1.45667e-08,-6.46768e-08,-3.19254e-08,-7.86308e-08,-1.03923e-08,2.38985e-07,5.14966,1.1738e-07,-2.50671e-10,-5.53406e-07,1.5708,22.4289,22.4275,0,0
0.148443,1.08311e-08,-6.58129e-08,-1.48068e-09,-7.93035e-08,-9.12204e-09,2.39233e-07,5.15708,1.18224e-07,-8.97688e-10,-5.57371e-07,1.5708,22.4252,22.4234,2.15775e-23,-2.15792e-23
0.148426,7.69509e-09,-6.67371e-08,8.49036e-09,-7.98829e-08,-6.45733e-09,2.39651e-07,5.16451,1.19045e-07,-6.52992e-10,-5.61366e-07,1.5708,22.4215,22.4181,-4.01714e-23,4.01774e-23
0.14841,4.37677e-09,-6.7688e-08,-5.6659e-09,-8.06375e-08,-1.07072e-09,2.40225e-07,5.17193,1.19849e-07,-6.75872e-10,-5.65395e-07,1.5708,22.4177,22.4188,-2.53017e-23,2.53005e-23
0.148393,2.52255e-09,-6.75245e-08,1.13434e-08,-8.03467e-08,-5.55136e-10,2.40938e-07,5.17935,1.20664e-07,-4.17998e-10,-5.69435e-07,1.5708,22.414,22.4098,0,0
0.148376,-2.24538e-10,-6.80505e-08,-1.12758e-08,-8.07463e-08,5.09235e-09,2.41755e-07,5.18677,1.21498e-07,-5.67483e-10,-5.73479e-07,1.5708,22.4103,22.4129,1.66357e-21,-1.66337e-21
0.148359,-1.1395e-09,-6.73362e-08,1.63146e-08,-7.98129e-08,3.48786e-09,2.42675e-07,5.19418,1.22369e-07,-2.5516e-10,-5.77508e-07,1.5708,22.4066,22.4037,-3.52951e-23,3.52997e-23
0.148342,-2.16326e-09,-6.75364e-08,-6.98065e-09,-7.95896e-08,7.12481e-09,2.43628e-07,5.2016,1.23281e-07,-1.73257e-10,-5.81508e-07,1.5708,22.4029,22.4011,-4.32999e-23,4.33034e-23
0.148325,-4.30577e-09,-6.7907e-08,-7.22058e-09,-7.9375e-08,9.8965e-09,2.44664e-07,5.20902,1.24208e-07,-5.36368e-10,-5.85497e-07,1.5708,22.3992,22.3969,0,0
0.148307,-7.11614e-09,-6.85025e-08,-9.85771e-10,-7.9238e-08,1.29236e-08,2.45822e-07,5.21643,1.2514e-07,-7.03778e-10,-5.89478e-07,1.5708,22.3955,22.3991,3.3715e-21,-3.37096e-21
0.14829,-6.55489e-09,-6.80415e-08,2.51227e-08,-7.77912e-08,9.7879e-09,2.47037e-07,5.22385,1.26099e-07,8.46877e-11,-5.93418e-07,1.5708,22.3918,22.395,-3.38275e-21,3.38227e-21
0.148272,-2.72829e-09,-6.76745e-08,1.21855e-08,-7.60075e-08,6.41093e-09,2.48127e-07,5.23126,1.27108e-07,9.47887e-10,-5.97277e-07,1.5708,22.3881,22.3928,-5.69647e-23,5.69527e-23
0.148255,2.72952e-09,-6.75253e-08,3.56129e-09,-7.39272e-08,4.36248e-10,2.48983e-07,5.23868,1.28159e-07,1.2914e-09,-6.01038e-07,1.5708,22.3844,22.3814,-7.2349e-23,7.23587e-23
0.148237,4.31151e-09,-6.95192e-08,-3.00617e-08,-7.36349e-08,1.70015e-09,2.49656e-07,5.24609,1.29188e-07,3.92794e-10,-6.04742e-07,1.5708,22.3807,22.3816,8.53805e-22,-8.53767e-22
0.148219,3.87698e-09,-7.1478e-08,-8.27036e-10,-7.32165e-08,-8.04531e-10,2.50317e-07,5.2535,1.30144e-07,-1.98011e-10,-6.08428e-07,1.5708,22.377,22.3815,5.53265e-23,-5.53153e-23
0.148202,6.42535e-09,-7.26747e-08,2.57727e-08,-7.19757e-08,-6.7918e-09,2.50926e-07,5.26091,1.31049e-07,6.14488e-10,-6.12072e-07,1.5708,22.3732,22.3718,-1.79058e-23,1.7907e-23
0.148184,8.56159e-09,-7.49205e-08,-1.42132e-08,-7.18296e-08,-5.68233e-09,2.51401e-07,5.26832,1.31892e-07,6.41859e-10,-6.15682e-07,1.5708,22.3695,22.3658,-4.65953e-23,4.66032e-23
0.148165,6.38895e-09,-7.77623e-08,-2.74801e-08,-7.26136e-08,-1.86225e-09,2.51886e-07,5.27573,1.32632e-07,-5.07712e-10,-6.19309e-07,1.5708,22.3658,22.3667,8.66919e-22,-8.66886e-22
0.148147,3.97673e-09,-7.93608e-08,1.23826e-08,-7.26073e-08,-2.97855e-09,2.52501e-07,5.28314,1.33288e-07,-6.25924e-10,-6.22955e-07,1.5708,22.3621,22.3644,2.72948e-23,-2.7292e-23
0.148129,4.82934e-09,-7.99121e-08,2.09725e-08,-7.18993e-08,-5.02413e-09,2.53148e-07,5.29054,1.33918e-07,2.8019e-10,-6.26583e-07,1.5708,22.3584,22.3541,3.41548e-21,-3.41615e-21
0.14811,3.93451e-09,-8.12882e-08,-2.372e-08,-7.23746e-08,4.26785e-10,2.53783e-07,5.29795,1.34525e-07,-8.81267e-11,-6.30205e-07,1.5708,22.3547,22.3542,6.43418e-24,-6.43434e-24
0.148092,1.38461e-09,-8.17954e-08,-3.96885e-09,-7.23796e-08,1.556e-09,2.54521e-07,5.30535,1.35111e-07,-6.60987e-10,-6.3384e-07,1.5708,22.351,22.3511,1.06384e-22,-1.06383e-22
0.148073,-5.38225e-11,-8.16498e-08,1.24728e-08,-7.19963e-08,1.6865e-09,2.55358e-07,5.31276,1.35715e-07,-3.34963e-10,-6.37464e-07,1.5708,22.3473,22.3442,-3.75583e-23,3.75635e-23
0.148054,-1.81766e-09,-8.18432e-08,-7.85108e-09,-7.21441e-08,5.93521e-09,2.56264e-07,5.32016,1.36344e-07,-3.53179e-10,-6.41083e-07,1.5708,22.3436,22.3415,-1.71134e-21,1.7115e-21
0.148035,-4.6222e-09,-8.18245e-08,-5.89623e-09,-7.22434e-08,9.31835e-09,2.57288e-07,5.32756,1.36996e-07,-6.90141e-10,-6.44709e-07,1.5708,22.3399,22.3439,9.62136e-23,-9.61966e-23
0.148016,-4.19926e-09,-8.04507e-08,2.64309e-08,-7.09363e-08,5.67344e-09,2.58376e-07,5.33497,1.37711e-07,4.81743e-11,-6.48302e-07,1.5708,22.3362,22.3372,1.20004e-23,-1.19998e-23
0.147997,-1.61926e-09,-7.95612e-08,4.22918e-09,-6.9834e-08,4.73609e-09,2.59372e-07,5.34237,1.38509e-07,6.80279e-10,-6.51835e-07,1.5708,22.3325,22.3337,1.40405e-23,-1.40397e-23
0.147978,5.72007e-10,-7.91825e-08,-7.7446e-09,-6.89094e-08,3.19348e-09,2.60249e-07,5.34977,1.39364e-07,5.11068e-10,-6.55318e-07,1.5708,22.3288,22.331,-5.36386e-23,5.36333e-23
0.147959,2.58826e-09,-7.9128e-08,2.18808e-09,-6.79518e-08,-3.73126e-10,2.61026e-07,5.35716,1.40255e-07,4.36153e-10,-6.58753e-07,1.5708,22.3251,22.3244,8.70117e-22,-8.70146e-22
0.14794,3.55124e-09,-8.011e-08,-7.15069e-09,-6.77472e-08,-7.3881e-10,2.61723e-07,5.36456,1.41146e-07,2.47622e-10,-6.6216e-07,1.5708,22.3214,22.3196,-1.71872e-21,1.71886e-21
0.14792,2.5764e-09,-8.17734e-08,-1.07556e-08,-6.81279e-08,7.43688e-10,2.62422e-07,5.37196,1.41994e-07,-2.32123e-10,-6.65572e-07,1.5708,22.3177,22.3204,-3.30891e-23,3.30851e-23
0.147901,2.92606e-09,-8.266e-08,1.52437e-08,-6.77042e-08,-2.37132e-09,2.63144e-07,5.37935,1.42804e-07,5.56667e-11,-6.68983e-07,1.5708,22.314,22.3169,-1.05821e-22,1.05808e-22
0.147881,5.76356e-09,-8.32947e-08,1.23933e-08,-6.69487e-08,-5.75447e-09,2.6378e-07,5.38675,1.43601e-07,7.40069e-10,-6.72363e-07,1.5708,22.3103,22.3117,3.35888e-23,-3.35867e-23
0.147861,8.69579e-09,-8.42623e-08,-6.48408e-09,-6.64665e-08,-7.7369e-09,2.64269e-07,5.39414,1.44381e-07,7.64648e-10,-6.75713e-07,1.5708,22.3066,22.311,-5.46049e-23,5.45942e-23
0.147842,1.22027e-08,-8.47866e-08,6.06454e-09,-6.5488e-08,-1.36605e-08,2.64608e-07,5.40153,1.45149e-07,8.38035e-10,-6.79026e-07,1.5708,22.3029,22.3019,-1.29796e-23,1.29802e-23
0.147822,1.38744e-08,-8.63813e-08,-1.44354e-08,-6.56061e-08,-1.40606e-08,2.64814e-07,5.40893,1.45886e-07,4.88351e-10,-6.82318e-07,1.5708,22.2992,22.3014,5.27316e-23,-5.27265e-23
0.147802,1.48627e-08,-8.75491e-08,1.25397e-09,-6.54482e-08,-1.72533e-08,2.64968e-07,5.41632,1.46577e-07,2.57802e-10,-6.85609e-07,1.5708,22.2955,22.2975,2.43793e-23,-2.43771e-23
0.147782,1.65094e-08,-8.84872e-08,6.28149e-09,-6.52161e-08,-2.02345e-08,2.6506e-07,5.42371,1.47239e-07,4.83256e-10,-6.88891e-07,1.5708,22.2918,22.2929,-3.73559e-23,3.73542e-23
0.147761,1.80916e-08,-8.94402e-08,-3.197e-09,-6.5178e-08,-2.17296e-08,2.65074e-07,5.43109,1.47877e-07,4.9862e-10,-6.92165e-07,1.5708,22.2881,22.2835,-1.6992e-22,1.69955e-22
0.147741,1.57933e-08,-9.13587e-08,-2.69894e-08,-6.64375e-08,-1.69401e-08,2.6511e-07,5.43848,1.48465e-07,-4.28421e-10,-6.95472e-07,1.5708,22.2845,22.2891,1.71932e-22,-1.71896e-22
0.147721,1.51554e-08,-9.12748e-08,2.43388e-08,-6.60146e-08,-2.1678e-08,2.65247e-07,5.44587,1.49033e-07,-1.53235e-10,-6.98798e-07,1.5708,22.2808,22.2804,0,0
0.1477,1.60145e-08,-9.14667e-08,3.02894e-09,-6.60269e-08,-2.1033e-08,2.65366e-07,5.45325,1.49622e-07,4.00955e-10,-7.02114e-07,1.5708,22.2771,22.2806,3.45205e-21,-3.4515e-21
0.14768,1.81047e-08,-9.08833e-08,4.39241e-09,-6.53285e-08,-2.42315e-08,2.65425e-07,5.46064,1.50246e-07,5.99082e-10,-7.05413e-07,1.5708,22.2734,22.2778,-1.06236e-24,1.06215e-24
0.147659,2.16573e-08,-9.00208e-08,8.51862e-09,-6.42251e-08,-2.96062e-08,2.65353e-07,5.46802,1.50931e-07,9.55451e-10,-7.08665e-07,1.5708,22.2697,22.2713,-1.97069e-23,1.97055e-23
0.147638,2.46679e-08,-8.99269e-08,-7.69763e-09,-6.3695e-08,-3.23609e-08,2.65121e-07,5.4754,1.51663e-07,8.68364e-10,-7.11878e-07,1.5708,22.266,22.2655,4.20199e-22,-4.20208e-22
0.147618,2.5099e-08,-9.06995e-08,-1.55601e-08,-6.39274e-08,-3.27727e-08,2.64818e-07,5.48279,1.52399e-07,2.24185e-10,-7.15083e-07,1.5708,22.2623,22.2662,-9.70068e-23,9.69896e-23
0.147597,2.61796e-08,-9.08831e-08,1.29469e-08,-6.34898e-08,-3.76403e-08,2.64498e-07,5.49017,1.53135e-07,3.48129e-10,-7.18283e-07,1.5708,22.2586,22.2537,5.9689e-23,-5.9702e-23
0.147576,2.44797e-08,-9.27286e-08,-2.36999e-08,-6.4751e-08,-3.25197e-08,2.64191e-07,5.49755,1.5384e-07,-1.70195e-10,-7.21505e-07,1.5708,22.2549,22.2557,-9.1164e-24,9.1161e-24
0.147554,2.17904e-08,-9.36888e-08,1.71342e-09,-6.53202e-08,-3.22981e-08,2.64022e-07,5.50492,1.54499e-07,-5.60137e-10,-7.24772e-07,1.5708,22.2512,22.251,2.451e-24,-2.45102e-24
0.147533,1.99824e-08,-9.43159e-08,8.15837e-09,-6.57068e-08,-3.12165e-08,2.63972e-07,5.5123,1.55142e-07,-2.66033e-10,-7.28063e-07,1.5708,22.2475,22.2499,2.93676e-23,-2.93645e-23
0.147512,2.02947e-08,-9.41551e-08,1.09051e-08,-6.5365e-08,-3.23929e-08,2.6397e-07,5.51968,1.55798e-07,2.37419e-10,-7.31355e-07,1.5708,22.2438,22.2452,-3.38688e-23,3.38667e-23
0.14749,2.13706e-08,-9.39738e-08,-5.57038e-10,-6.49448e-08,-3.31241e-08,2.63941e-07,5.52705,1.56486e-07,4.24322e-10,-7.34628e-07,1.5708,22.2402,22.2444,-5.242e-23,5.241e-23
0.147469,2.37653e-08,-9.33263e-08,8.50799e-09,-6.38809e-08,-3.75973e-08,2.63843e-07,5.53443,1.5722e-07,6.8737e-10,-7.37862e-07,1.5708,22.2365,22.234,3.09641e-23,-3.09676e-23
0.147447,2.37478e-08,-9.41543e-08,-2.07341e-08,-6.41337e-08,-3.5265e-08,2.63688e-07,5.5418,1.5797e-07,1.81123e-10,-7.41078e-07,1.5708,22.2328,22.2361,-4.04305e-23,4.04246e-23
0.147426,2.36948e-08,-9.43036e-08,8.14778e-09,-6.36082e-08,-3.86867e-08,2.63564e-07,5.54917,1.5872e-07,5.37194e-11,-7.44286e-07,1.5708,22.2291,22.2262,-3.47558e-21,3.47603e-21
0.147404,2.22242e-08,-9.55657e-08,-1.1216e-08,-6.41404e-08,-3.54964e-08,2.6348e-07,5.55654,1.59455e-07,-1.53683e-10,-7.47495e-07,1.5708,22.2254,22.2218,3.424e-21,-3.42455e-21
0.147382,1.80746e-08,-9.71674e-08,-1.55153e-08,-6.51516e-08,-3.03883e-08,2.63552e-07,5.56391,1.60141e-07,-8.62821e-10,-7.50743e-07,1.5708,22.2217,22.221,0,0
0.14736,1.39743e-08,-9.7974e-08,8.14688e-09,-6.55593e-08,-2.80175e-08,2.63851e-07,5.57128,1.6079e-07,-8.92632e-10,-7.54027e-07,1.5708,22.218,22.2213,3.96692e-23,-3.96634e-23
0.147338,1.37028e-08,-9.75124e-08,2.50428e-08,-6.47303e-08,-2.96901e-08,2.64267e-07,5.57865,1.61456e-07,6.46475e-11,-7.57299e-07,1.5708,22.2144,22.218,4.45414e-23,-4.45341e-23
0.147316,1.66499e-08,-9.66923e-08,1.04929e-08,-6.33514e-08,-3.22819e-08,2.64617e-07,5.58601,1.62178e-07,8.7195e-10,-7.60515e-07,1.5708,22.2107,22.2142,-3.4728e-21,3.47225e-21
0.147294,2.03189e-08,-9.61091e-08,-2.38098e-09,-6.18823e-08,-3.60354e-08,2.64814e-07,5.59338,1.62959e-07,9.92727e-10,-7.6366e-07,1.5708,22.207,22.2034,3.47312e-21,-3.47368e-21
0.147272,1.97238e-08,-9.73991e-08,-3.02643e-08,-6.20704e-08,-3.30074e-08,2.64943e-07,5.60074,1.63742e-07,-2.40517e-11,-7.66773e-07,1.5708,22.2033,22.2046,1.01243e-26,-1.01237e-26
0.147249,1.78251e-08,-9.83057e-08,4.74366e-09,-6.18198e-08,-3.45905e-08,2.65164e-07,5.60811,1.64492e-07,-4.39817e-10,-7.69885e-07,1.5708,22.1996,22.2011,-3.55418e-23,3.55395e-23
0.147227,1.76821e-08,-9.90598e-08,1.4097e-08,-6.13558e-08,-3.57705e-08,2.65442e-07,5.61547,1.65223e-07,1.02029e-10,-7.72979e-07,1.5708,22.1959,22.1988,3.45801e-23,-3.45758e-23
0.147204,1.95232e-08,-9.95273e-08,7.12316e-09,-6.05214e-08,-3.78217e-08,2.65686e-07,5.62283,1.65946e-07,5.9558e-10,-7.76041e-07,1.5708,22.1923,22.193,-1.7696e-23,1.76954e-23
0.147182,2.07958e-08,-1.00424e-07,-8.88523e-09,-6.00501e-08,-3.83048e-08,2.65863e-07,5.63019,1.66655e-07,4.44015e-10,-7.7907e-07,1.5708,22.1886,22.184,0,0
0.147159,1.78182e-08,-1.02517e-07,-2.72062e-08,-6.0907e-08,-3.3226e-08,2.66095e-07,5.63755,1.67309e-07,-5.96801e-10,-7.82109e-07,1.5708,22.1849,22.1849,-9.33156e-25,9.33157e-25
0.147136,1.40301e-08,-1.03727e-07,7.26839e-09,-6.11574e-08,-3.23086e-08,2.66524e-07,5.6449,1.67902e-07,-8.74229e-10,-7.85176e-07,1.5708,22.1812,22.1789,1.70619e-21,-1.70637e-21
0.147113,1.08714e-08,-1.04807e-07,4.03535e-09,-6.15513e-08,-2.83147e-08,2.67128e-07,5.65226,1.68459e-07,-6.08419e-10,-7.8826e-07,1.5708,22.1775,22.1789,0,0
0.14709,9.6323e-09,-1.04818e-07,1.03474e-08,-6.10867e-08,-2.7613e-08,2.67855e-07,5.65962,1.69012e-07,-2.00406e-10,-7.91341e-07,1.5708,22.1739,22.1742,-8.13748e-24,8.13736e-24
0.147067,9.36864e-09,-1.04628e-07,1.46453e-09,-6.04888e-08,-2.65939e-08,2.68625e-07,5.66697,1.69592e-07,4.08349e-11,-7.94395e-07,1.5708,22.1702,22.1676,-3.23881e-23,3.23919e-23
0.147044,7.43409e-09,-1.04984e-07,-1.41401e-08,-6.04879e-08,-2.27899e-08,2.69458e-07,5.67432,1.70188e-07,-3.85991e-10,-7.97434e-07,1.5708,22.1665,22.1625,3.48017e-21,-3.4808e-21
0.147021,2.91616e-09,-1.05715e-07,-1.26769e-08,-6.09853e-08,-1.73762e-08,2.70464e-07,5.68167,1.70778e-07,-1.0589e-09,-8.00487e-07,1.5708,22.1628,22.1617,-8.4138e-22,8.41423e-22
0.146997,-1.15288e-09,-1.05794e-07,1.0037e-08,-6.09405e-08,-1.45254e-08,2.71698e-07,5.68902,1.7137e-07,-9.74762e-10,-8.0355e-07,1.5708,22.1592,22.1559,-7.9633e-23,7.96445e-23
0.146974,-4.68483e-09,-1.06e-07,1.0793e-10,-6.10714e-08,-8.98449e-09,2.73118e-07,5.69637,1.71977e-07,-7.83197e-10,-8.06616e-07,1.5708,22.1555,22.1581,3.20915e-23,-3.20877e-23
0.14695,-5.43022e-09,-1.05036e-07,1.79602e-08,-5.9938e-08,-9.642e-09,2.74656e-07,5.70372,1.72626e-07,-2.04364e-10,-8.09655e-07,1.5708,22.1518,22.1552,-1.26638e-22,1.26619e-22
0.146927,-2.87368e-09,-1.0381e-07,1.53376e-08,-5.81966e-08,-1.24056e-08,2.76146e-07,5.71107,1.73353e-07,6.2555e-10,-8.12622e-07,1.5708,22.1481,22.1439,5.29074e-23,-5.29176e-23
0.146903,-3.07256e-09,-1.04504e-07,-2.8775e-08,-5.80529e-08,-7.62454e-09,2.77569e-07,5.71841,1.74111e-07,-1.08545e-11,-8.15543e-07,1.5708,22.1445,22.1472,0,0
0.146879,-3.62584e-09,-1.04577e-07,8.61991e-09,-5.7045e-08,-1.05275e-08,2.79036e-07,5.72576,1.74872e-07,-2.74103e-10,-8.18434e-07,1.5708,22.1408,22.1399,8.74145e-22,-8.74179e-22
0.146856,-3.62287e-09,-1.05413e-07,3.75919e-09,-5.65562e-08,-9.89514e-09,2.8051e-07,5.7331,1.75629e-07,8.41453e-12,-8.21289e-07,1.5708,22.1371,22.1376,-4.22876e-22,4.22866e-22
0.146832,-3.22403e-09,-1.06352e-07,-2.72037e-11,-5.60198e-08,-9.87251e-09,2.81977e-07,5.74044,1.76362e-07,7.81165e-11,-8.24117e-07,1.5708,22.1334,22.1336,-1.09222e-22,1.09222e-22
0.146808,-3.00635e-09,-1.07484e-07,-1.70971e-09,-5.5593e-08,-9.84319e-09,2.83432e-07,5.74779,1.77062e-07,2.26982e-11,-8.26922e-07,1.5708,22.1298,22.1253,-1.66473e-22,1.66507e-22
0.146784,-5.52087e-09,-1.09579e-07,-1.88337e-08,-5.62267e-08,-4.83068e-09,2.84944e-07,5.75513,1.77699e-07,-6.1453e-10,-8.29733e-07,1.5708,22.1261,22.1259,0,0
0.14676,-8.22767e-09,-1.10836e-07,7.01038e-09,-5.62518e-08,-3.79582e-09,2.866e-07,5.76246,1.78272e-07,-7.43066e-10,-8.3256e-07,1.5708,22.1224,22.125,-6.44025e-23,6.4395e-23
0.146735,-7.67419e-09,-1.11048e-07,2.22082e-08,-5.53649e-08,-5.7383e-09,2.88309e-07,5.7698,1.7883e-07,1.01856e-10,-8.35365e-07,1.5708,22.1188,22.1226,3.54518e-21,-3.54457e-21
0.146711,-3.89068e-09,-1.10715e-07,1.22082e-08,-5.39004e-08,-9.26142e-09,2.89903e-07,5.77714,1.79411e-07,9.11077e-10,-8.3811e-07,1.5708,22.1151,22.117,-1.74977e-21,1.74962e-21
0.146687,-1.21455e-10,-1.10816e-07,-7.91464e-09,-5.27617e-08,-1.18635e-08,2.91309e-07,5.78447,1.80017e-07,8.86277e-10,-8.4079e-07,1.5708,22.1114,22.1155,5.00093e-23,-5.00002e-23
0.146663,3.63249e-09,-1.10854e-07,2.67523e-09,-5.14279e-08,-1.76142e-08,2.92539e-07,5.79181,1.80638e-07,8.23948e-10,-8.43408e-07,1.5708,22.1078,22.1059,-1.53334e-25,1.53347e-25
0.146638,4.85248e-09,-1.12291e-07,-1.76591e-08,-5.14634e-08,-1.71788e-08,2.93643e-07,5.79914,1.81239e-07,3.07052e-10,-8.45995e-07,1.5708,22.1041,22.1043,-2.13675e-24,2.13673e-24
0.146613,4.37006e-09,-1.13686e-07,-4.23286e-09,-5.16113e-08,-1.79957e-08,2.94743e-07,5.80647,1.81786e-07,-1.60375e-10,-8.48587e-07,1.5708,22.1004,22.1031,-3.28592e-23,3.28553e-23
0.146589,5.30933e-09,-1.144e-07,1.44399e-08,-5.125e-08,-2.1113e-08,2.95841e-07,5.8138,1.82299e-07,2.24065e-10,-8.51172e-07,1.5708,22.0968,22.0934,-5.41148e-25,5.4123e-25
0.146564,4.70273e-09,-1.15992e-07,-1.70273e-08,-5.20154e-08,-1.73001e-08,2.96924e-07,5.82113,1.8277e-07,-5.18729e-11,-8.53769e-07,1.5708,22.0931,22.0947,-1.99105e-23,1.9909e-23
0.146539,3.85405e-09,-1.16552e-07,4.05105e-09,-5.2064e-08,-1.84114e-08,2.98063e-07,5.82846,1.83206e-07,-2.41394e-10,-8.56386e-07,1.5708,22.0894,22.0884,-2.56145e-23,2.56157e-23
0.146514,3.03646e-09,-1.17099e-07,4.53897e-10,-5.2361e-08,-1.70729e-08,2.99244e-07,5.83578,1.83632e-07,-1.50841e-10,-8.59012e-07,1.5708,22.0858,22.0888,-3.48032e-21,3.47984e-21
0.146489,4.08974e-09,-1.1664e-07,1.25543e-08,-5.18201e-08,-1.96413e-08,3.0043e-07,5.84311,1.84076e-07,2.61003e-10,-8.61631e-07,1.5708,22.0821,22.0815,-7.44279e-24,7.44299e-24
0.146464,4.95076e-09,-1.16615e-07,-7.01416e-09,-5.17812e-08,-1.88353e-08,3.01566e-07,5.85043,1.8455e-07,2.71408e-10,-8.64235e-07,1.5708,22.0784,22.0831,5.84216e-23,-5.84092e-23
0.146439,7.30542e-09,-1.15698e-07,1.24852e-08,-5.08092e-08,-2.38385e-08,3.02639e-07,5.85775,1.85067e-07,5.40976e-10,-8.66814e-07,1.5708,22.0748,22.0782,4.29243e-23,-4.29176e-23
0.146414,1.11921e-08,-1.14999e-07,6.69038e-09,-4.98496e-08,-2.83122e-08,3.03557e-07,5.86508,1.85643e-07,9.90515e-10,-8.69344e-07,1.5708,22.0711,22.0755,1.08524e-22,-1.08502e-22
0.146389,1.58476e-08,-1.14525e-07,1.57608e-09,-4.8838e-08,-3.39302e-08,3.04272e-07,5.8724,1.86266e-07,1.16709e-09,-8.71824e-07,1.5708,22.0675,22.0649,1.68351e-21,-1.68371e-21
0.146364,1.67323e-08,-1.1584e-07,-2.78258e-08,-4.94669e-08,-3.24895e-08,3.04853e-07,5.87971,1.86881e-07,3.03012e-10,-8.74297e-07,1.5708,22.0638,22.0636,4.17688e-24,-4.17691e-24
0.146338,1.50074e-08,-1.17182e-07,-6.00765e-09,-5.01947e-08,-3.28876e-08,3.05482e-07,5.88703,1.87447e-07,-4.12309e-10,-8.76803e-07,1.5708,22.0601,22.0598,7.71679e-24,-7.7169e-24
0.146313,1.3346e-08,-1.18357e-07,6.57618e-09,-5.09128e-08,-3.23902e-08,3.06205e-07,5.89435,1.87967e-07,-3.13942e-10,-8.79346e-07,1.5708,22.0565,22.0563,7.78837e-24,-7.78844e-24
0.146287,1.23355e-08,-1.19212e-07,2.11665e-09,-5.1508e-08,-3.09673e-08,3.07002e-07,5.90166,1.88454e-07,-1.22586e-10,-8.81922e-07,1.5708,22.0528,22.0536,-2.04266e-23,2.04258e-23
0.146262,1.18883e-08,-1.19532e-07,1.99364e-09,-5.17372e-08,-3.06616e-08,3.07847e-07,5.90898,1.8893e-07,-1.88382e-11,-8.84518e-07,1.5708,22.0492,22.0527,3.47846e-21,-3.4779e-21
0.146236,1.33506e-08,-1.19014e-07,1.24537e-08,-5.11675e-08,-3.38101e-08,3.08681e-07,5.91629,1.89429e-07,4.18725e-10,-8.87105e-07,1.5708,22.0455,22.0471,-3.93196e-23,3.93168e-23
0.14621,1.54297e-08,-1.18725e-07,-1.26887e-09,-5.07473e-08,-3.53627e-08,3.09432e-07,5.9236,1.89967e-07,6.11894e-10,-8.89667e-07,1.5708,22.0419,22.0403,0,0
0.146185,1.51201e-08,-1.19252e-07,-1.78561e-08,-5.11075e-08,-3.36715e-08,3.1015e-07,5.93091,1.90515e-07,1.4551e-11,-8.92228e-07,1.5708,22.0382,22.0402,7.4154e-23,-7.41474e-23
0.146159,1.4537e-08,-1.19286e-07,6.35667e-09,-5.09586e-08,-3.56961e-08,3.10913e-07,5.93822,1.91068e-07,-1.16427e-10,-8.94795e-07,1.5708,22.0345,22.0368,-1.75789e-21,1.7577e-21
0.146133,1.5632e-08,-1.19138e-07,1.14102e-08,-5.05286e-08,-3.79061e-08,3.11672e-07,5.94553,1.91642e-07,3.69481e-10,-8.97346e-07,1.5708,22.0309,22.027,1.44356e-22,-1.44381e-22
0.146107,1.43026e-08,-1.20257e-07,-2.33412e-08,-5.13461e-08,-3.31138e-08,3.12439e-07,5.95283,1.92207e-07,-1.66156e-10,-8.99908e-07,1.5708,22.0272,22.0234,4.8553e-23,-4.85615e-23
0.14608,9.40584e-09,-1.21588e-07,-1.67285e-08,-5.25482e-08,-2.79118e-08,3.13385e-07,5.96014,1.92727e-07,-1.14191e-09,-9.02522e-07,1.5708,22.0236,22.0214,2.68921e-23,-2.68948e-23
0.146054,4.23474e-09,-1.2229e-07,7.84262e-09,-5.3344e-08,-2.40181e-08,3.14598e-07,5.96744,1.93214e-07,-1.20437e-09,-9.05185e-07,1.5708,22.0199,22.0212,1.55891e-23,-1.55882e-23
0.146028,2.32442e-09,-1.21831e-07,2.10422e-08,-5.30724e-08,-2.29638e-08,3.15994e-07,5.97474,1.93716e-07,-3.81448e-10,-9.0786e-07,1.5708,22.0163,22.0129,6.36598e-30,-6.36694e-30
0.146002,3.50939e-10,-1.21891e-07,-1.15804e-08,-5.33165e-08,-1.7209e-08,3.17482e-07,5.98204,1.94245e-07,-3.58629e-10,-9.10535e-07,1.5708,22.0126,22.0152,3.2624e-23,-3.26201e-23
0.145975,-4.27793e-10,-1.20894e-07,1.07312e-08,-5.23908e-08,-1.83962e-08,3.19059e-07,5.98934,1.94819e-07,-2.31358e-10,-9.13192e-07,1.5708,22.009,22.0078,-5.83933e-23,5.83964e-23
0.145949,-8.79515e-10,-1.20532e-07,-1.20218e-09,-5.18521e-08,-1.65561e-08,3.20665e-07,5.99664,1.95444e-07,-6.86021e-11,-9.15813e-07,1.5708,22.0053,22.0008,-1.13857e-22,1.1388e-22
0.145922,-3.96784e-09,-1.21229e-07,-1.995e-08,-5.22132e-08,-1.06989e-08,3.22362e-07,6.00394,1.96077e-07,-7.32202e-10,-9.1843e-07,1.5708,22.0017,22.0012,4.30034e-22,-4.30043e-22
0.145896,-7.29642e-09,-1.21429e-07,6.99426e-09,-5.19692e-08,-9.01528e-09,3.24236e-07,6.01123,1.96706e-07,-8.82255e-10,-9.21049e-07,1.5708,21.998,21.9959,1.71175e-21,-1.71192e-21
0.145869,-9.78224e-09,-1.21841e-07,4.83227e-09,-5.18014e-08,-5.39862e-09,3.26252e-07,6.01853,1.97338e-07,-5.95984e-10,-9.23658e-07,1.5708,21.9944,21.9929,1.77482e-21,-1.77494e-21
0.145842,-1.17597e-08,-1.22212e-07,1.87131e-12,-5.14697e-08,-2.09414e-09,3.28379e-07,6.02582,1.97968e-07,-5.05407e-10,-9.26255e-07,1.5708,21.9907,21.9954,0,0
0.145815,-1.02578e-08,-1.2143e-07,2.4009e-08,-4.97231e-08,-6.00868e-09,3.30526e-07,6.03311,1.98629e-07,2.65881e-10,-9.28798e-07,1.5708,21.9871,21.9826,-5.65877e-23,5.65993e-23
0.145788,-1.03304e-08,-1.22465e-07,-2.20839e-08,-4.95294e-08,-9.83005e-10,3.32621e-07,6.0404,1.99297e-07,7.13763e-12,-9.31294e-07,1.5708,21.9834,21.9836,2.33215e-24,-2.33213e-24
0.145761,-1.1783e-08,-1.23217e-07,-2.97399e-09,-4.89375e-08,-7.2605e-10,3.34771e-07,6.04769,1.99938e-07,-5.03008e-10,-9.3377e-07,1.5708,21.9798,21.9811,-1.63581e-23,1.63571e-23
0.145734,-1.174e-08,-1.23721e-07,1.47914e-08,-4.79612e-08,-2.1799e-09,3.36956e-07,6.05498,2.00565e-07,-8.37531e-11,-9.36206e-07,1.5708,21.9762,21.9756,6.68575e-24,-6.68591e-24
0.145707,-1.09571e-08,-1.24635e-07,-1.07437e-09,-4.72866e-08,-1.21413e-09,3.39112e-07,6.06226,2.01173e-07,1.59388e-10,-9.38602e-07,1.5708,21.9725,21.9708,4.39546e-23,-4.39581e-23
0.14568,-1.15816e-08,-1.2596e-07,-1.14454e-08,-4.7031e-08,9.54176e-10,3.41265e-07,6.06955,2.01739e-07,-2.28474e-10,-9.40974e-07,1.5708,21.9689,21.9646,1.07777e-22,-1.07798e-22
0.145653,-1.48938e-08,-1.27809e-07,-1.40579e-08,-4.74777e-08,5.7568e-09,3.43519e-07,6.07683,2.02241e-07,-8.95111e-10,-9.43352e-07,1.5708,21.9652,21.9644,8.98829e-22,-8.98864e-22
0.145626,-1.78432e-08,-1.28824e-07,9.94617e-09,-4.73528e-08,7.5354e-09,3.45934e-07,6.08411,2.02687e-07,-8.39754e-10,-9.45738e-07,1.5708,21.9616,21.9583,4.11073e-23,-4.11135e-23
0.145598,-2.03933e-08,-1.29814e-07,-4.23943e-10,-4.74685e-08,1.23198e-08,3.48474e-07,6.09139,2.03099e-07,-6.66934e-10,-9.48123e-07,1.5708,21.9579,21.953,6.23484e-23,-6.23625e-23
0.145571,-2.44515e-08,-1.30844e-07,-1.24988e-08,-4.79517e-08,1.92414e-08,3.51174e-07,6.09867,2.03476e-07,-1.07671e-09,-9.50524e-07,1.5708,21.9543,21.9559,0,0
0.145543,-2.63318e-08,-1.30277e-07,2.06802e-08,-4.70586e-08,1.90044e-08,3.54028e-07,6.10595,2.0386e-07,-6.47251e-10,-9.52914e-07,1.5708,21.9507,21.9522,1.92421e-23,-1.92408e-23
0.145516,-2.4757e-08,-1.29232e-07,1.66453e-08,-4.56511e-08,1.81696e-08,3.56872e-07,6.11323,2.04302e-07,2.75599e-10,-9.55245e-07,1.5708,21.947,21.9468,-3.2383e-24,3.23834e-24
0.145488,-2.27707e-08,-1.28652e-07,-7.12984e-09,-4.45472e-08,1.87351e-08,3.59614e-07,6.1205,2.048e-07,3.59104e-10,-9.57514e-07,1.5708,21.9434,21.9397,4.55457e-23,-4.55533e-23
0.14546,-2.38607e-08,-1.29149e-07,-2.06692e-08,-4.4414e-08,2.21031e-08,3.62329e-07,6.12778,2.05314e-07,-4.38734e-10,-9.59752e-07,1.5708,21.9397,21.9371,-6.71774e-23,6.71856e-23
0.145433,-2.67406e-08,-1.29831e-07,-2.62854e-09,-4.44666e-08,2.46082e-08,3.65144e-07,6.13505,2.05812e-07,-9.11369e-10,-9.61989e-07,1.5708,21.9361,21.9344,-1.39119e-25,1.39129e-25
0.145405,-2.88304e-08,-1.30327e-07,9.08003e-09,-4.43621e-08,2.6827e-08,3.68073e-07,6.14232,2.06297e-07,-6.69274e-10,-9.64224e-07,1.5708,21.9325,21.9354,3.60581e-21,-3.60533e-21
0.145377,-2.73476e-08,-1.29843e-07,2.14773e-08,-4.31975e-08,2.45208e-08,3.71007e-07,6.14959,2.06797e-07,1.91046e-10,-9.66427e-07,1.5708,21.9288,21.9296,1.88403e-23,-1.88397e-23
0.145349,-2.43622e-08,-1.29713e-07,2.92634e-11,-4.21911e-08,2.36501e-08,3.73811e-07,6.15686,2.07328e-07,5.95263e-10,-9.68575e-07,1.5708,21.9252,21.9205,-5.96488e-23,5.96617e-23
0.145321,-2.50064e-08,-1.31007e-07,-2.83918e-08,-4.2544e-08,2.79694e-08,3.76544e-07,6.16412,2.07841e-07,-3.16223e-10,-9.70708e-07,1.5708,21.9216,21.9218,2.22987e-22,-2.22985e-22
0.145293,-2.65332e-08,-1.31698e-07,6.59846e-09,-4.2352e-08,2.70908e-08,3.79339e-07,6.17139,2.0832e-07,-6.37328e-10,-9.72844e-07,1.5708,21.9179,21.9198,1.80536e-21,-1.80521e-21
0.145265,-2.51891e-08,-1.31833e-07,2.11154e-08,-4.15925e-08,2.46761e-08,3.82124e-07,6.17865,2.08792e-07,1.64787e-10,-9.74957e-07,1.5708,21.9143,21.9107,3.61223e-21,-3.61282e-21
0.145237,-2.47028e-08,-1.32957e-07,-1.64979e-08,-4.18579e-08,2.85054e-08,3.84839e-07,6.18592,2.09246e-07,3.11753e-11,-9.77057e-07,1.5708,21.9107,21.9137,7.62347e-23,-7.62241e-23
0.145209,-2.35027e-08,-1.32983e-07,1.00331e-08,-4.10838e-08,2.50131e-08,3.87518e-07,6.19318,2.09686e-07,4.38355e-11,-9.79145e-07,1.5708,21.907,21.9052,1.37559e-32,-1.37571e-32
0.14518,-2.26004e-08,-1.33697e-07,-4.31235e-09,-4.10238e-08,2.59449e-08,3.90125e-07,6.20044,2.1012e-07,9.36542e-11,-9.81212e-07,1.5708,21.9034,21.9015,-3.21657e-25,3.21686e-25
0.145152,-2.30804e-08,-1.3459e-07,-9.1116e-09,-4.12739e-08,2.76405e-08,3.92713e-07,6.2077,2.10527e-07,-2.80027e-10,-9.83284e-07,1.5708,21.8998,21.9004,-1.64022e-23,1.64017e-23
0.145124,-2.30598e-08,-1.3488e-07,8.2888e-09,-4.10562e-08,2.65006e-08,3.9531e-07,6.21495,2.10919e-07,-1.8485e-10,-9.85356e-07,1.5708,21.8962,21.8981,0,0
0.145095,-2.09133e-08,-1.34681e-07,1.27157e-08,-4.03848e-08,2.39713e-08,3.97838e-07,6.22221,2.11323e-07,3.79263e-10,-9.87406e-07,1.5708,21.8925,21.891,-3.76956e-23,3.76981e-23
0.145067,-1.93747e-08,-1.35093e-07,-1.08928e-08,-4.03426e-08,2.49449e-08,4.00258e-07,6.22946,2.11735e-07,2.68126e-10,-9.89438e-07,1.5708,21.8889,21.8841,0,0
0.145038,-2.15476e-08,-1.36321e-07,-2.30796e-08,-4.12812e-08,2.94181e-08,4.02687e-07,6.23671,2.12117e-07,-6.77835e-10,-9.91494e-07,1.5708,21.8853,21.8901,6.09849e-23,-6.09715e-23
0.145009,-2.10157e-08,-1.3566e-07,3.11232e-08,-4.04373e-08,2.39118e-08,4.05165e-07,6.24397,2.12501e-07,-1.11343e-10,-9.93551e-07,1.5708,21.8816,21.8837,0,0
0.144981,-1.69931e-08,-1.35061e-07,1.39906e-08,-3.95444e-08,2.11058e-08,4.075e-07,6.25122,2.1293e-07,9.22444e-10,-9.95564e-07,1.5708,21.878,21.8829,0,0
0.144952,-1.10817e-08,-1.34193e-07,3.8307e-09,-3.81523e-08,1.51033e-08,4.09581e-07,6.25846,2.13411e-07,1.3085e-09,-9.97519e-07,1.5708,21.8744,21.8697,5.96763e-23,-5.96891e-23
0.144923,-9.8829e-09,-1.35488e-07,-3.63519e-08,-3.87956e-08,1.78826e-08,4.11469e-07,6.26571,2.1389e-07,2.1286e-10,-9.99457e-07,1.5708,21.8708,21.868,3.49082e-23,-3.49126e-23
0.144894,-1.27303e-08,-1.37e-07,-1.26513e-08,-3.98025e-08,1.9362e-08,4.1341e-07,6.27296,2.14311e-07,-8.76013e-10,-1.00144e-06,1.5708,21.8671,21.8683,0,0
0.144865,-1.38668e-08,-1.37526e-07,2.24161e-08,-4.00025e-08,1.76314e-08,4.15447e-07,6.2802,2.14694e-07,-3.93579e-10,-1.00345e-06,1.5708,21.8635,21.8633,-2.9331e-24,2.93313e-24
0.144836,-1.28645e-08,-1.37864e-07,6.5356e-09,-4.0132e-08,1.83163e-08,4.17467e-07,6.28744,2.15069e-07,2.37112e-10,-1.00546e-06,1.5708,21.8599,21.8604,6.32801e-24,-6.32786e-24
0.144807,-1.15653e-08,-1.37906e-07,-3.65213e-09,-4.00479e-08,1.8025e-08,4.19423e-07,6.29468,2.15449e-07,2.42548e-10,-1.00748e-06,1.5708,21.8563,21.8581,-2.34366e-23,2.34346e-23
0.144778,-9.82066e-09,-1.37574e-07,4.28694e-09,-3.95872e-08,1.53254e-08,4.21301e-07,6.30192,2.15849e-07,3.11811e-10,-1.00949e-06,1.5708,21.8527,21.8566,-4.99079e-23,4.9899e-23
0.144749,-6.10879e-09,-1.36829e-07,1.30349e-08,-3.85778e-08,1.00153e-08,4.23038e-07,6.30916,2.16291e-07,8.11219e-10,-1.01146e-06,1.5708,21.849,21.8512,2.75425e-23,-2.75397e-23
0.14472,-1.82352e-09,-1.36572e-07,-1.68952e-09,-3.78417e-08,6.22248e-09,4.24564e-07,6.3164,2.1677e-07,1.00192e-09,-1.01338e-06,1.5708,21.8454,21.8473,-2.41241e-23,2.4122e-23
0.144691,1.55975e-09,-1.36785e-07,-6.58128e-09,-3.73884e-08,2.46953e-09,4.25898e-07,6.32363,2.17262e-07,7.59087e-10,-1.01527e-06,1.5708,21.8418,21.8423,-4.48563e-22,4.48553e-22
0.144662,3.42186e-09,-1.37593e-07,-7.00816e-09,-3.74309e-08,1.01606e-10,4.27101e-07,6.33087,2.1774e-07,4.10615e-10,-1.01716e-06,1.5708,21.8382,21.8369,-1.6374e-23,1.63749e-23
0.144632,3.41311e-09,-1.38934e-07,-8.98757e-09,-3.80607e-08,2.02551e-10,4.28257e-07,6.3381,2.18175e-07,-9.58872e-12,-1.01906e-06,1.5708,21.8346,21.8312,3.55289e-21,-3.55344e-21
0.144603,1.04322e-09,-1.40644e-07,-1.19296e-08,-3.92991e-08,3.38248e-09,4.29473e-07,6.34533,2.18544e-07,-5.61627e-10,-1.02101e-06,1.5708,21.8309,21.8328,-2.30319e-23,2.303e-23
0.144573,2.39063e-11,-1.41059e-07,1.59341e-08,-3.95114e-08,1.84959e-09,4.3078e-07,6.35256,2.18875e-07,-2.73808e-10,-1.023e-06,1.5708,21.8273,21.8284,-2.68696e-23,2.68683e-23
0.144544,1.12691e-09,-1.41008e-07,9.32366e-09,-3.94051e-08,1.10747e-09,4.32075e-07,6.35979,2.1921e-07,3.24813e-10,-1.02498e-06,1.5708,21.8237,21.8237,1.47594e-24,-1.47595e-24
0.144514,2.1388e-09,-1.40959e-07,-6.8507e-09,-3.93877e-08,1.40133e-09,4.33313e-07,6.36701,2.1956e-07,2.79846e-10,-1.02697e-06,1.5708,21.8201,21.8198,7.30124e-24,-7.30134e-24
0.144484,2.04102e-09,-1.4091e-07,-5.87189e-09,-3.94308e-08,1.35542e-09,4.34533e-07,6.37424,2.19926e-07,-3.73378e-11,-1.02895e-06,1.5708,21.8165,21.8133,0,0
0.144455,-7.77768e-11,-1.41385e-07,-1.09544e-08,-4.00897e-08,4.47005e-09,4.35805e-07,6.38146,2.20293e-07,-4.99556e-10,-1.03095e-06,1.5708,21.8129,21.8131,2.22172e-22,-2.2217e-22
0.144425,-1.77507e-09,-1.41187e-07,8.43189e-09,-4.0158e-08,4.66936e-09,4.37178e-07,6.38868,2.20666e-07,-4.34458e-10,-1.03298e-06,1.5708,21.8093,21.8142,-6.28675e-23,6.28534e-23
0.144395,6.2554e-10,-1.39836e-07,2.67362e-08,-3.89394e-08,-1.48425e-10,4.38532e-07,6.39591,2.21095e-07,5.82739e-10,-1.03497e-06,1.5708,21.8057,21.8093,3.6477e-21,-3.64709e-21
0.144365,5.59673e-09,-1.38702e-07,5.55727e-09,-3.75864e-08,-4.3379e-09,4.39689e-07,6.40312,2.21598e-07,1.26343e-09,-1.03689e-06,1.5708,21.802,21.8037,-1.36002e-25,1.35992e-25
0.144336,9.36931e-09,-1.38491e-07,-1.37443e-08,-3.67769e-08,-7.34048e-09,4.40629e-07,6.41034,2.22147e-07,9.26579e-10,-1.03877e-06,1.5708,21.7984,21.8014,3.61252e-21,-3.61203e-21
0.144306,1.21461e-08,-1.38658e-07,-8.1584e-10,-3.60166e-08,-1.2403e-08,4.41417e-07,6.41756,2.22709e-07,6.4265e-10,-1.0406e-06,1.5708,21.7948,21.7916,-4.12061e-23,4.12121e-23
0.144276,1.18821e-08,-1.40405e-07,-1.9126e-08,-3.66944e-08,-1.05796e-08,4.42138e-07,6.42477,2.23232e-07,1.30231e-11,-1.04243e-06,1.5708,21.7912,21.7959,-1.19683e-22,1.19658e-22
0.144246,1.29223e-08,-1.40998e-07,1.82501e-08,-3.61958e-08,-1.59503e-08,4.42858e-07,6.43199,2.23709e-07,2.40347e-10,-1.04427e-06,1.5708,21.7876,21.7862,-1.8073e-23,1.80742e-23
0.144215,1.38294e-08,-1.42429e-07,-6.6087e-09,-3.65572e-08,-1.49653e-08,4.43519e-07,6.4392,2.24146e-07,3.70706e-10,-1.0461e-06,1.5708,21.784,21.7877,9.54999e-23,-9.54835e-23
0.144185,1.55441e-08,-1.42968e-07,6.6044e-09,-3.61136e-08,-1.88256e-08,4.44129e-07,6.44641,2.24546e-07,4.58963e-10,-1.04793e-06,1.5708,21.7804,21.7786,-4.64793e-23,4.64832e-23
0.144155,1.57227e-08,-1.44252e-07,-1.28779e-08,-3.6548e-08,-1.75275e-08,4.44689e-07,6.45362,2.2491e-07,1.69331e-10,-1.04976e-06,1.5708,21.7768,21.7756,-6.35495e-23,6.35531e-23
0.144125,1.39815e-08,-1.45419e-07,-8.74131e-09,-3.71366e-08,-1.61674e-08,4.45301e-07,6.46082,2.25225e-07,-3.53241e-10,-1.05162e-06,1.5708,21.7732,21.7767,4.52869e-23,-4.52795e-23
0.144094,1.42279e-08,-1.4531e-07,1.9694e-08,-3.66597e-08,-1.96896e-08,4.45963e-07,6.46803,2.25526e-07,1.15306e-10,-1.05348e-06,1.5708,21.7696,21.7648,-6.09592e-23,6.09725e-23
0.144064,1.27659e-08,-1.4633e-07,-2.01623e-08,-3.75263e-08,-1.42446e-08,4.46643e-07,6.47523,2.25815e-07,-1.62756e-10,-1.05535e-06,1.5708,21.766,21.7646,-1.7707e-23,1.77081e-23
0.144034,9.45065e-09,-1.46729e-07,-6.98449e-09,-3.80769e-08,-1.17161e-08,4.47462e-07,6.48243,2.2608e-07,-7.65747e-10,-1.05725e-06,1.5708,21.7624,21.7662,-3.6136e-21,3.61296e-21
0.144003,9.20603e-09,-1.45652e-07,2.7335e-08,-3.72703e-08,-1.50788e-08,4.4838e-07,6.48963,2.26377e-07,-1.88492e-11,-1.05915e-06,1.5708,21.7588,21.7563,0,0
0.143973,9.22869e-09,-1.45437e-07,-9.78895e-09,-3.73112e-08,-1.16415e-08,4.49289e-07,6.49683,2.26717e-07,1.79794e-10,-1.06103e-06,1.5708,21.7552,21.7599,0,0
0.143942,1.07733e-08,-1.44108e-07,1.18248e-08,-3.61156e-08,-1.59926e-08,4.50178e-07,6.50403,2.2711e-07,3.76014e-10,-1.06288e-06,1.5708,21.7516,21.7502,0,0
0.143911,1.15087e-08,-1.43937e-07,-9.65833e-09,-3.58505e-08,-1.50599e-08,4.51005e-07,6.51123,2.27551e-07,2.87806e-10,-1.06469e-06,1.5708,21.748,21.751,3.8448e-23,-3.84427e-23
0.143881,1.26221e-08,-1.4346e-07,5.73916e-09,-3.50564e-08,-1.83057e-08,4.518e-07,6.51842,2.28021e-07,2.90982e-10,-1.06648e-06,1.5708,21.7444,21.746,0,0
0.14385,1.43424e-08,-1.43423e-07,3.23574e-09,-3.44308e-08,-2.05578e-08,4.52525e-07,6.52562,2.28514e-07,5.02788e-10,-1.06823e-06,1.5708,21.7408,21.7383,3.19064e-23,-3.191e-23
0.143819,1.38192e-08,-1.44543e-07,-1.80646e-08,-3.48196e-08,-1.81484e-08,4.53223e-07,6.53281,2.28989e-07,-1.67197e-11,-1.06997e-06,1.5708,21.7372,21.7374,0,0
0.143788,1.21799e-08,-1.4546e-07,-2.58521e-10,-3.50022e-08,-1.82173e-08,4.53991e-07,6.54,2.29425e-07,-3.64172e-10,-1.07173e-06,1.5708,21.7336,21.7321,1.92819e-23,-1.92833e-23
0.143757,1.03066e-08,-1.46536e-07,5.04259e-10,-3.54124e-08,-1.62411e-08,4.5485e-07,6.54719,2.2982e-07,-3.5295e-10,-1.07351e-06,1.5708,21.73,21.733,-3.84463e-23,3.84411e-23
0.143727,1.06425e-08,-1.46619e-07,1.53232e-08,-3.488e-08,-1.8405e-08,4.55756e-07,6.55437,2.302e-07,1.48735e-10,-1.07528e-06,1.5708,21.7264,21.7303,-5.0163e-23,5.0154e-23
0.143696,1.36568e-08,-1.46245e-07,1.22235e-08,-3.37984e-08,-2.21703e-08,4.5658e-07,6.56156,2.30598e-07,8.29201e-10,-1.07701e-06,1.5708,21.7228,21.7229,-1.74517e-24,1.74516e-24
0.143665,1.57719e-08,-1.46656e-07,-1.35393e-08,-3.33988e-08,-2.26224e-08,4.57276e-07,6.56874,2.31005e-07,6.23936e-10,-1.0787e-06,1.5708,21.7192,21.719,2.29836e-22,-2.29838e-22
0.143634,1.5594e-08,-1.47451e-07,-1.14771e-08,-3.3385e-08,-2.30144e-08,4.5794e-07,6.57593,2.31392e-07,1.19869e-12,-1.08039e-06,1.5708,21.7156,21.7156,-1.42454e-28,1.42454e-28
0.143602,1.456e-08,-1.4827e-07,8.84386e-10,-3.34793e-08,-2.33436e-08,4.58645e-07,6.58311,2.31749e-07,-1.85856e-10,-1.08207e-06,1.5708,21.712,21.7071,-6.35197e-23,6.35342e-23
0.143571,1.1101e-08,-1.49897e-07,-1.65534e-08,-3.46153e-08,-1.76066e-08,4.59462e-07,6.59029,2.32053e-07,-7.01188e-10,-1.08379e-06,1.5708,21.7084,21.7129,0,0
0.14354,1.02545e-08,-1.49563e-07,2.56084e-08,-3.4e-08,-2.10208e-08,4.60409e-07,6.59746,2.32338e-07,-1.89387e-10,-1.08552e-06,1.5708,21.7049,21.7066,1.84101e-21,-1.84087e-21
0.143509,1.21941e-08,-1.49123e-07,1.02947e-08,-3.32857e-08,-2.21898e-08,4.61321e-07,6.60464,2.32653e-07,6.22078e-10,-1.08722e-06,1.5708,21.7013,21.7016,0,0
0.143477,1.35512e-08,-1.49039e-07,-1.19587e-08,-3.2897e-08,-2.19883e-08,4.62155e-07,6.61182,2.32992e-07,4.31318e-10,-1.08889e-06,1.5708,21.6977,21.7021,5.70797e-23,-5.70681e-23
0.143446,1.56093e-08,-1.48352e-07,9.4547e-09,-3.17973e-08,-2.70662e-08,4.62924e-07,6.61899,2.33361e-07,5.10738e-10,-1.09052e-06,1.5708,21.6941,21.6945,-5.24962e-24,5.24952e-24
0.143415,1.73792e-08,-1.48504e-07,-4.42292e-09,-3.13848e-08,-2.83098e-08,4.63596e-07,6.62616,2.33753e-07,5.46296e-10,-1.09211e-06,1.5708,21.6905,21.6874,-5.2362e-25,5.23694e-25
0.143383,1.59581e-08,-1.49716e-07,-2.18444e-08,-3.20458e-08,-2.52198e-08,4.64269e-07,6.63333,2.34119e-07,-2.38427e-10,-1.09371e-06,1.5708,21.6869,21.6893,0,0
0.143352,1.4761e-08,-1.50039e-07,1.19686e-08,-3.19043e-08,-2.74838e-08,4.6503e-07,6.6405,2.34457e-07,-2.64055e-10,-1.09532e-06,1.5708,21.6833,21.6855,2.82553e-23,-2.82524e-23
0.14332,1.58588e-08,-1.50071e-07,1.36727e-08,-3.14745e-08,-2.94024e-08,4.65795e-07,6.64766,2.34796e-07,3.99855e-10,-1.09692e-06,1.5708,21.6797,21.6763,3.64611e-21,-3.64668e-21
0.143289,1.49572e-08,-1.51133e-07,-2.20705e-08,-3.21519e-08,-2.50919e-08,4.66554e-07,6.65483,2.35116e-07,-5.24622e-11,-1.09853e-06,1.5708,21.6762,21.6721,0,0
0.143257,1.03619e-08,-1.5242e-07,-1.84416e-08,-3.33165e-08,-2.00246e-08,4.6747e-07,6.66199,2.35386e-07,-1.05936e-09,-1.10018e-06,1.5708,21.6726,21.6735,8.99693e-22,-8.99655e-22
0.143225,7.00331e-09,-1.52429e-07,1.94025e-08,-3.34523e-08,-1.98032e-08,4.68601e-07,6.66916,2.35635e-07,-7.82534e-10,-1.10186e-06,1.5708,21.669,21.6688,-2.87717e-24,2.8772e-24
0.143194,6.07571e-09,-1.52087e-07,1.0338e-08,-3.3345e-08,-1.78754e-08,4.69834e-07,6.67632,2.35904e-07,-8.63835e-11,-1.10355e-06,1.5708,21.6654,21.6651,3.66863e-24,-3.66867e-24
0.143162,5.59956e-09,-1.51612e-07,-4.28848e-09,-3.3124e-08,-1.59421e-08,4.71107e-07,6.68348,2.36203e-07,-3.01236e-11,-1.10522e-06,1.5708,21.6618,21.6613,-7.25795e-24,7.25813e-24
0.14313,4.4577e-09,-1.51191e-07,-4.2944e-09,-3.29076e-08,-1.46167e-08,4.72428e-07,6.69063,2.36536e-07,-2.48627e-10,-1.10689e-06,1.5708,21.6583,21.6583,-6.38165e-25,6.38165e-25
0.143098,3.42473e-09,-1.50753e-07,3.09989e-09,-3.25672e-08,-1.41351e-08,4.73811e-07,6.69779,2.36901e-07,-2.29734e-10,-1.10854e-06,1.5708,21.6547,21.658,4.32425e-23,-4.32359e-23
0.143066,4.73331e-09,-1.49809e-07,1.57929e-08,-3.1493e-08,-1.71092e-08,4.75194e-07,6.70494,2.37311e-07,3.35813e-10,-1.11015e-06,1.5708,21.6511,21.6494,0,0
0.143034,5.31487e-09,-1.50006e-07,-1.26572e-08,-3.13071e-08,-1.5096e-08,4.76523e-07,6.71209,2.37749e-07,2.25734e-10,-1.11174e-06,1.5708,21.6475,21.65,-1.81825e-21,1.81804e-21
0.143002,5.91066e-09,-1.49898e-07,3.94427e-09,-3.06011e-08,-1.76149e-08,4.7784e-07,6.71925,2.38194e-07,1.14918e-10,-1.1133e-06,1.5708,21.644,21.6471,4.02701e-23,-4.02643e-23
0.14297,8.13837e-09,-1.49802e-07,1.17399e-08,-2.9636e-08,-2.13276e-08,4.79091e-07,6.7264,2.38655e-07,5.6621e-10,-1.11482e-06,1.5708,21.6404,21.6422,-2.42797e-23,2.42776e-23
0.142938,1.08981e-08,-1.5023e-07,-1.65163e-09,-2.89414e-08,-2.3658e-08,4.80218e-07,6.73354,2.39116e-07,7.33733e-10,-1.11629e-06,1.5708,21.6368,21.6373,6.57543e-24,-6.57527e-24
0.142906,1.2271e-08,-1.5128e-07,-1.02313e-08,-2.87327e-08,-2.47935e-08,4.8125e-07,6.74069,2.39547e-07,3.74238e-10,-1.11775e-06,1.5708,21.6332,21.6329,0,0
0.142874,1.19897e-08,-1.52701e-07,-6.70275e-09,-2.89147e-08,-2.50842e-08,4.82268e-07,6.74783,2.39924e-07,-3.30781e-11,-1.1192e-06,1.5708,21.6297,21.634,5.70255e-23,-5.70139e-23
0.142842,1.35994e-08,-1.53201e-07,1.80053e-08,-2.82336e-08,-2.98642e-08,4.83267e-07,6.75498,2.40263e-07,4.1959e-10,-1.12065e-06,1.5708,21.6261,21.6218,-1.48009e-24,1.48039e-24
0.14281,1.29985e-08,-1.55087e-07,-2.29932e-08,-2.91062e-08,-2.53381e-08,4.84233e-07,6.76212,2.40548e-07,1.89733e-11,-1.1221e-06,1.5708,21.6225,21.6257,3.66757e-21,-3.66702e-21
0.142777,1.24567e-08,-1.55612e-07,8.48885e-09,-2.88953e-08,-2.81055e-08,4.85256e-07,6.76926,2.40782e-07,-1.39939e-10,-1.12356e-06,1.5708,21.6189,21.6213,0,0
0.142745,1.38569e-08,-1.55704e-07,1.30234e-08,-2.84125e-08,-3.06147e-08,4.8626e-07,6.7764,2.4101e-07,4.37822e-10,-1.12501e-06,1.5708,21.6154,21.6199,0,0
0.142713,1.75038e-08,-1.55203e-07,9.32629e-09,-2.7389e-08,-3.51771e-08,4.87146e-07,6.78353,2.41258e-07,9.82119e-10,-1.12641e-06,1.5708,21.6118,21.6101,4.31247e-23,-4.3128e-23
0.14268,1.87208e-08,-1.55852e-07,-2.2791e-08,-2.75778e-08,-3.39358e-08,4.87914e-07,6.79067,2.41509e-07,4.25254e-10,-1.1278e-06,1.5708,21.6082,21.6054,-1.82116e-21,1.8214e-21
0.142648,1.59282e-08,-1.5698e-07,-1.93736e-08,-2.84881e-08,-3.12115e-08,4.88743e-07,6.7978,2.41722e-07,-6.24957e-10,-1.12922e-06,1.5708,21.6047,21.6042,3.238e-38,-3.23807e-38
0.142615,1.26772e-08,-1.57476e-07,8.0868e-09,-2.907e-08,-3.02258e-08,4.89742e-07,6.80493,2.41903e-07,-7.29055e-10,-1.13067e-06,1.5708,21.6011,21.5995,-1.36174e-25,1.36184e-25
0.142583,1.02471e-08,-1.57704e-07,4.10126e-09,-2.96553e-08,-2.7046e-08,4.90884e-07,6.81206,2.42075e-07,-4.45714e-10,-1.13215e-06,1.5708,21.5975,21.5942,3.71896e-21,-3.71954e-21
0.14255,6.84913e-09,-1.57936e-07,-1.04336e-08,-3.05118e-08,-2.15281e-08,4.92179e-07,6.81919,2.42244e-07,-7.04111e-10,-1.13367e-06,1.5708,21.594,21.5902,-4.87587e-23,4.87671e-23
0.142518,1.89427e-09,-1.57957e-07,-7.64485e-09,-3.14226e-08,-1.56828e-08,4.93694e-07,6.82632,2.42415e-07,-1.14586e-09,-1.13524e-06,1.5708,21.5904,21.5941,-4.84296e-23,4.84213e-23
0.142485,5.09696e-10,-1.56222e-07,2.96096e-08,-3.06278e-08,-1.76482e-08,4.95382e-07,6.83344,2.42642e-07,-3.38408e-10,-1.1368e-06,1.5708,21.5868,21.5829,1.02359e-22,-1.02378e-22
0.142452,-6.75306e-10,-1.55586e-07,-1.14642e-08,-3.08059e-08,-1.20116e-08,4.97119e-07,6.84056,2.42936e-07,-1.50995e-10,-1.13835e-06,1.5708,21.5833,21.5849,-4.34955e-23,4.34922e-23
0.142419,-1.57384e-09,-1.54317e-07,3.15602e-09,-3.01567e-08,-1.22692e-08,4.98927e-07,6.84769,2.43289e-07,-2.64868e-10,-1.13989e-06,1.5708,21.5797,21.5753,5.70687e-23,-5.70803e-23
0.142387,-4.23687e-09,-1.5428e-07,-1.28118e-08,-3.05012e-08,-7.221e-09,5.0082e-07,6.85481,2.43682e-07,-6.17358e-10,-1.14142e-06,1.5708,21.5762,21.5796,-4.49754e-23,4.49682e-23
0.142354,-4.75747e-09,-1.53224e-07,2.03665e-08,-2.95433e-08,-9.71095e-09,5.02808e-07,6.86193,2.44114e-07,-2.0371e-10,-1.14294e-06,1.5708,21.5726,21.5714,9.31853e-22,-9.31903e-22
0.142321,-4.3206e-09,-1.53078e-07,-8.82831e-10,-2.91189e-08,-7.96266e-09,5.04786e-07,6.86904,2.44584e-07,1.50207e-10,-1.14442e-06,1.5708,21.569,21.5663,1.86414e-21,-1.86438e-21
0.142288,-5.86414e-09,-1.53785e-07,-1.64761e-08,-2.92946e-08,-4.29593e-09,5.06795e-07,6.87616,2.45047e-07,-3.95699e-10,-1.14589e-06,1.5708,21.5655,21.5699,5.71823e-23,-5.71707e-23
0.142255,-5.34922e-09,-1.53446e-07,2.22169e-08,-2.81601e-08,-8.60338e-09,5.08847e-07,6.88327,2.45511e-07,8.68692e-12,-1.14734e-06,1.5708,21.5619,21.5667,6.20994e-23,-6.20857e-23
0.142222,-9.21109e-10,-1.53021e-07,2.02461e-08,-2.65293e-08,-1.3804e-08,5.10766e-07,6.89038,2.46004e-07,1.0763e-09,-1.14872e-06,1.5708,21.5584,21.5604,0,0
0.142189,3.67578e-09,-1.53551e-07,-1.01689e-08,-2.54676e-08,-1.6504e-08,5.12456e-07,6.89749,2.46501e-07,1.13003e-09,-1.15003e-06,1.5708,21.5548,21.5539,0,0
0.142156,4.88639e-09,-1.5523e-07,-2.1461e-08,-2.53768e-08,-1.69651e-08,5.14011e-07,6.9046,2.46947e-07,2.49954e-10,-1.15132e-06,1.5708,21.5513,21.5504,9.33738e-22,-9.33773e-22
0.142123,3.77256e-09,-1.57223e-07,-5.25014e-09,-2.56708e-08,-1.72655e-08,5.15577e-07,6.91171,2.47308e-07,-3.21552e-10,-1.15261e-06,1.5708,21.5477,21.5447,0,0
0.14209,1.23816e-09,-1.59482e-07,-5.17704e-09,-2.6522e-08,-1.41271e-08,5.17236e-07,6.91881,2.47569e-07,-5.86567e-10,-1.15393e-06,1.5708,21.5441,21.5416,6.69244e-23,-6.69324e-23
0.142057,-2.01955e-09,-1.61272e-07,-2.63963e-09,-2.73648e-08,-1.02524e-08,5.19045e-07,6.92592,2.47735e-07,-7.68772e-10,-1.15529e-06,1.5708,21.5406,21.5431,-6.46366e-23,6.46292e-23
0.142024,-2.75515e-09,-1.61435e-07,1.94034e-08,-2.69839e-08,-1.14196e-08,5.20963e-07,6.93302,2.47862e-07,-1.95151e-10,-1.15666e-06,1.5708,21.537,21.5416,-1.19257e-22,1.19232e-22
0.14199,4.40889e-10,-1.60487e-07,1.95749e-08,-2.56538e-08,-1.5348e-08,5.22817e-07,6.94012,2.48018e-07,7.98002e-10,-1.15799e-06,1.5708,21.5335,21.529,0,0
0.141957,7.71446e-10,-1.61031e-07,-3.15835e-08,-2.59511e-08,-1.06281e-08,5.24573e-07,6.94722,2.4819e-07,1.50975e-10,-1.15929e-06,1.5708,21.5299,21.5293,0,0
0.141924,-1.63752e-09,-1.61155e-07,-7.71874e-09,-2.60557e-08,-9.94901e-09,5.26405e-07,6.95432,2.48352e-07,-6.89916e-10,-1.16061e-06,1.5708,21.5264,21.5264,0,0
0.141891,-3.22007e-09,-1.60861e-07,1.32264e-08,-2.5893e-08,-9.94989e-09,5.2834e-07,6.96141,2.48527e-07,-4.10093e-10,-1.16192e-06,1.5708,21.5228,21.5231,-6.69495e-24,6.69487e-24
0.141857,-3.15501e-09,-1.60353e-07,6.47929e-09,-2.55729e-08,-9.22394e-09,5.30308e-07,6.96851,2.4873e-07,4.6256e-11,-1.16322e-06,1.5708,21.5193,21.518,1.68241e-23,-1.68251e-23
0.141824,-3.59297e-09,-1.60119e-07,-8.3543e-09,-2.55366e-08,-7.06159e-09,5.32286e-07,6.9756,2.48959e-07,-1.00515e-10,-1.16451e-06,1.5708,21.5157,21.5165,-1.89643e-23,1.89637e-23
0.14179,-4.05629e-09,-1.59614e-07,2.71472e-09,-2.5191e-08,-7.44202e-09,5.34295e-07,6.98269,2.49214e-07,-1.70165e-10,-1.1658e-06,1.5708,21.5122,21.5107,-2.01991e-23,2.02006e-23
0.141757,-4.91679e-09,-1.59563e-07,-3.08868e-09,-2.52314e-08,-5.6237e-09,5.36336e-07,6.98978,2.49489e-07,-2.18498e-10,-1.16707e-06,1.5708,21.5087,21.5047,5.14292e-23,-5.14386e-23
0.141723,-7.7526e-09,-1.60143e-07,-1.33347e-08,-2.59213e-08,-8.46683e-10,5.38469e-07,6.99686,2.49758e-07,-7.05006e-10,-1.16836e-06,1.5708,21.5051,21.5054,0,0
0.14169,-9.96506e-09,-1.59982e-07,1.04682e-08,-2.5896e-08,-1.77989e-10,5.40737e-07,7.00395,2.50024e-07,-6.1924e-10,-1.16967e-06,1.5708,21.5016,21.5034,-1.82861e-21,1.82846e-21
0.141656,-9.39136e-09,-1.59305e-07,1.65704e-08,-2.5246e-08,-1.19902e-09,5.43042e-07,7.01103,2.50319e-07,1.09488e-10,-1.17096e-06,1.5708,21.498,21.4963,1.85366e-21,-1.85381e-21
0.141622,-9.00791e-09,-1.59335e-07,-1.02768e-08,-2.51549e-08,1.28867e-09,5.45313e-07,7.01811,2.50637e-07,9.04165e-11,-1.17224e-06,1.5708,21.4945,21.4993,0,0
0.141589,-6.87353e-09,-1.58435e-07,1.52143e-08,-2.39156e-08,-3.67141e-09,5.47534e-07,7.02519,2.50986e-07,3.86358e-10,-1.17348e-06,1.5708,21.4909,21.4862,0,0
0.141555,-7.11708e-09,-1.59413e-07,-2.23216e-08,-2.43727e-08,6.03483e-10,5.49692e-07,7.03227,2.51337e-07,-4.50807e-11,-1.1747e-06,1.5708,21.4874,21.4873,-1.14907e-22,1.14908e-22
0.141521,-8.7665e-09,-1.60053e-07,-1.91521e-09,-2.44829e-08,8.73975e-10,5.51912e-07,7.03935,2.51654e-07,-5.25688e-10,-1.17593e-06,1.5708,21.4839,21.4799,-5.23764e-23,5.2386e-23
0.141487,-1.16342e-08,-1.61249e-07,-5.24621e-09,-2.52267e-08,5.09952e-09,5.54239e-07,7.04643,2.51931e-07,-7.30384e-10,-1.17719e-06,1.5708,21.4803,21.4843,-5.20614e-23,5.20519e-23
0.141454,-1.13266e-08,-1.60893e-07,2.49552e-08,-2.44635e-08,2.04698e-09,5.56636e-07,7.0535,2.52196e-07,-2.73015e-11,-1.17845e-06,1.5708,21.4768,21.4778,-2.59629e-23,2.59617e-23
0.14142,-8.88566e-09,-1.60699e-07,4.63288e-09,-2.3766e-08,1.33409e-09,5.5895e-07,7.06057,2.52481e-07,5.90047e-10,-1.17967e-06,1.5708,21.4732,21.476,7.2327e-23,-7.23177e-23
0.141386,-5.84618e-09,-1.60374e-07,-6.49526e-10,-2.27944e-08,-1.70749e-09,5.61129e-07,7.06764,2.52787e-07,6.56356e-10,-1.18084e-06,1.5708,21.4697,21.4743,-6.1742e-23,6.17289e-23
0.141352,-1.63066e-09,-1.59895e-07,8.77174e-09,-2.14422e-08,-7.78406e-09,5.63131e-07,7.07471,2.5312e-07,9.26225e-10,-1.18196e-06,1.5708,21.4662,21.4656,-1.52633e-23,1.52637e-23
0.141318,1.03866e-09,-1.60682e-07,-1.42267e-08,-2.11853e-08,-8.7871e-09,5.64954e-07,7.08178,2.53449e-07,6.3411e-10,-1.18304e-06,1.5708,21.4626,21.4592,3.7659e-21,-3.7665e-21
0.141284,-2.86556e-10,-1.62473e-07,-2.28338e-08,-2.20165e-08,-6.25696e-09,5.6675e-07,7.08884,2.53717e-07,-3.66419e-10,-1.18413e-06,1.5708,21.4591,21.4559,4.2574e-23,-4.25804e-23
0.14125,-4.10169e-09,-1.64251e-07,-5.78336e-09,-2.31498e-08,-3.10464e-09,5.68684e-07,7.0959,2.53901e-07,-9.81039e-10,-1.18528e-06,1.5708,21.4556,21.4544,0,0
0.141216,-7.06901e-09,-1.65177e-07,1.10367e-08,-2.38148e-08,-8.92262e-10,5.70789e-07,7.10297,2.54023e-07,-7.35334e-10,-1.18647e-06,1.5708,21.452,21.4484,3.76958e-21,-3.77022e-21
0.141182,-9.98045e-09,-1.65919e-07,-4.51195e-09,-2.46855e-08,4.55933e-09,5.73032e-07,7.11003,2.5411e-07,-6.73355e-10,-1.18769e-06,1.5708,21.4485,21.4523,3.77016e-21,-3.76949e-21
0.141148,-9.90509e-09,-1.64798e-07,2.15238e-08,-2.39286e-08,2.16556e-09,5.75355e-07,7.11708,2.54216e-07,-6.6724e-11,-1.18892e-06,1.5708,21.445,21.4479,3.69401e-21,-3.69351e-21
0.141114,-6.78084e-09,-1.63299e-07,1.26598e-08,-2.27339e-08,-5.97043e-10,5.77587e-07,7.12414,2.54395e-07,7.44096e-10,-1.1901e-06,1.5708,21.4415,21.442,-4.57462e-22,4.5745e-22
0.14108,-4.04144e-09,-1.62431e-07,-1.08317e-08,-2.19922e-08,-1.50411e-09,5.79667e-07,7.1312,2.5464e-07,6.33995e-10,-1.19123e-06,1.5708,21.4379,21.4337,-5.72259e-23,5.72372e-23
0.141046,-5.47916e-09,-1.62922e-07,-2.62144e-08,-2.25257e-08,1.97605e-09,5.81717e-07,7.13825,2.54898e-07,-4.11414e-10,-1.19236e-06,1.5708,21.4344,21.4298,-1.22539e-22,1.22566e-22
0.141011,-1.02436e-08,-1.63857e-07,-1.07254e-08,-2.3605e-08,6.61637e-09,5.8393e-07,7.1453,2.55125e-07,-1.2483e-09,-1.19353e-06,1.5708,21.4309,21.4289,-2.64846e-23,2.64871e-23
0.140977,-1.43372e-08,-1.64165e-07,1.22991e-08,-2.42089e-08,9.79091e-09,5.86365e-07,7.15235,2.55328e-07,-1.05491e-09,-1.19474e-06,1.5708,21.4273,21.4227,0,0
0.140943,-1.81701e-08,-1.64586e-07,-3.18746e-09,-2.50746e-08,1.65898e-08,5.88983e-07,7.1594,2.55519e-07,-9.26778e-10,-1.19599e-06,1.5708,21.4238,21.4197,2.1646e-22,-2.16502e-22
0.140908,-2.26359e-08,-1.6468e-07,-5.50225e-09,-2.57743e-08,2.29715e-08,5.91805e-07,7.16644,2.55703e-07,-1.16372e-09,-1.19727e-06,1.5708,21.4203,21.4226,3.09087e-23,-3.09054e-23
0.140874,-2.38852e-08,-1.63252e-07,2.52184e-08,-2.49252e-08,2.21148e-08,5.94772e-07,7.17349,2.55931e-07,-4.57133e-10,-1.19855e-06,1.5708,21.4168,21.4171,-4.72754e-24,4.72746e-24
0.140839,-2.23917e-08,-1.61932e-07,8.62078e-09,-2.39133e-08,2.25493e-08,5.9771e-07,7.18053,2.56236e-07,2.93146e-10,-1.19979e-06,1.5708,21.4133,21.4144,-1.55195e-23,1.55187e-23
0.140805,-2.02137e-08,-1.60856e-07,-2.09036e-09,-2.2762e-08,2.14839e-08,6.0055e-07,7.18757,2.56607e-07,3.8793e-10,-1.20097e-06,1.5708,21.4097,21.4058,1.04649e-22,-1.04669e-22
0.140771,-2.09089e-08,-1.61252e-07,-2.04216e-08,-2.27552e-08,2.47435e-08,6.03342e-07,7.19461,2.57e-07,-3.07329e-10,-1.20212e-06,1.5708,21.4062,21.4023,1.56315e-22,-1.56344e-22
0.140736,-2.42546e-08,-1.62237e-07,-9.53282e-09,-2.32019e-08,2.84509e-08,6.06235e-07,7.20165,2.57363e-07,-9.97109e-10,-1.20328e-06,1.5708,21.4027,21.4073,0,0
0.140702,-2.36067e-08,-1.61723e-07,3.51961e-08,-2.19657e-08,2.38328e-08,6.09194e-07,7.20869,2.57723e-07,-4.55476e-11,-1.20442e-06,1.5708,21.3992,21.3963,3.80768e-23,-3.80819e-23
0.140667,-2.20713e-08,-1.62434e-07,-8.40955e-09,-2.17336e-08,2.68905e-08,6.12065e-07,7.21572,2.58083e-07,3.45e-10,-1.20553e-06,1.5708,21.3957,21.397,-5.46648e-23,5.46613e-23
0.140632,-2.0886e-08,-1.62808e-07,-3.01712e-09,-2.10343e-08,2.54496e-08,6.14872e-07,7.22275,2.58421e-07,9.03042e-11,-1.20661e-06,1.5708,21.3921,21.3936,-3.80821e-23,3.80795e-23
0.140598,-1.90917e-08,-1.63181e-07,7.14524e-09,-2.01941e-08,2.27323e-08,6.17596e-07,7.22978,2.58746e-07,2.63276e-10,-1.20765e-06,1.5708,21.3886,21.389,-1.00523e-23,1.00521e-23
0.140563,-1.6983e-08,-1.63895e-07,-2.51419e-10,-1.9602e-08,2.13207e-08,6.20209e-07,7.23681,2.59048e-07,3.89434e-10,-1.20866e-06,1.5708,21.3851,21.3863,0,0
0.140529,-1.48513e-08,-1.64625e-07,-2.34375e-10,-1.90008e-08,1.90806e-08,6.2271e-07,7.24384,2.5932e-07,3.7732e-10,-1.20964e-06,1.5708,21.3816,21.3832,2.19522e-23,-2.19505e-23
0.140494,-1.24153e-08,-1.65299e-07,2.77272e-09,-1.83609e-08,1.60994e-08,6.25091e-07,7.25086,2.5956e-07,4.6214e-10,-1.21059e-06,1.5708,21.3781,21.3734,0,0
0.140459,-1.30999e-08,-1.67169e-07,-2.32135e-08,-1.91062e-08,1.98842e-08,6.27414e-07,7.25789,2.59739e-07,-2.31501e-10,-1.21154e-06,1.5708,21.3746,21.3768,2.99296e-23,-2.99264e-23
0.140424,-1.34462e-08,-1.67747e-07,1.26241e-08,-1.88524e-08,1.70899e-08,6.29772e-07,7.26491,2.59863e-07,-2.61762e-10,-1.2125e-06,1.5708,21.3711,21.3716,0,0
0.14039,-1.20358e-08,-1.6806e-07,9.86306e-09,-1.85495e-08,1.59428e-08,6.32087e-07,7.27193,2.59969e-07,2.92055e-10,-1.21345e-06,1.5708,21.3675,21.3688,-1.67739e-23,1.67729e-23
0.140355,-9.80894e-09,-1.68055e-07,-5.50172e-11,-1.81054e-08,1.4437e-08,6.34303e-07,7.27895,2.60073e-07,4.75555e-10,-1.21438e-06,1.5708,21.364,21.364,0,0
0.14032,-8.3946e-09,-1.68153e-07,-6.682e-09,-1.79132e-08,1.35656e-08,6.36423e-07,7.28597,2.60178e-07,2.59993e-10,-1.21529e-06,1.5708,21.3605,21.3607,1.76955e-24,-1.76954e-24
0.140285,-7.7084e-09,-1.68202e-07,-1.8661e-09,-1.7821e-08,1.2433e-08,6.38489e-07,7.29298,2.60284e-07,7.46802e-11,-1.2162e-06,1.5708,21.357,21.3527,-7.69766e-25,7.69922e-25
0.14025,-9.49796e-09,-1.69012e-07,-1.59332e-08,-1.87163e-08,1.62925e-08,6.40572e-07,7.3,2.60371e-07,-4.72262e-10,-1.21713e-06,1.5708,21.3535,21.3551,-2.1321e-23,2.13194e-23
0.140215,-1.04272e-08,-1.68658e-07,1.34214e-08,-1.86727e-08,1.47811e-08,6.42729e-07,7.30701,2.60452e-07,-3.40313e-10,-1.21807e-06,1.5708,21.35,21.3519,1.85182e-21,-1.85166e-21
0.14018,-8.72364e-09,-1.67805e-07,1.47131e-08,-1.81801e-08,1.27738e-08,6.44854e-07,7.31402,2.6057e-07,3.84277e-10,-1.21901e-06,1.5708,21.3465,21.346,6.75762e-24,-6.75778e-24
0.140146,-7.04622e-09,-1.67368e-07,-8.40384e-09,-1.80749e-08,1.31852e-08,6.46883e-07,7.32102,2.60723e-07,3.90611e-10,-1.21993e-06,1.5708,21.343,21.3459,0,0
0.140111,-4.98432e-09,-1.66501e-07,5.02278e-09,-1.74413e-08,9.41578e-09,6.48822e-07,7.32803,2.60915e-07,3.94359e-10,-1.22083e-06,1.5708,21.3395,21.3402,-1.80817e-23,1.80812e-23
0.140076,-2.88334e-09,-1.66153e-07,-4.89622e-10,-1.7162e-08,7.43297e-09,6.50649e-07,7.33504,2.61141e-07,4.73059e-10,-1.22171e-06,1.5708,21.336,21.3334,0,0
0.140041,-3.03431e-09,-1.66757e-07,-1.62296e-08,-1.77712e-08,9.25577e-09,6.52421e-07,7.34204,2.61363e-07,-5.74329e-11,-1.22259e-06,1.5708,21.3325,21.3309,-2.05531e-23,2.05546e-23
0.140005,-4.83923e-09,-1.67396e-07,-4.39783e-09,-1.84752e-08,1.04195e-08,6.54246e-07,7.34904,2.61558e-07,-5.03444e-10,-1.22351e-06,1.5708,21.329,21.3304,1.95674e-23,-1.95661e-23
0.13997,-5.07533e-09,-1.67325e-07,1.51191e-08,-1.8514e-08,8.88796e-09,6.56121e-07,7.35604,2.61744e-07,-1.00398e-10,-1.22445e-06,1.5708,21.3255,21.3233,-2.9552e-23,2.95551e-23
0.139935,-5.30359e-09,-1.67707e-07,-6.36795e-09,-1.90413e-08,1.14447e-08,6.57992e-07,7.36304,2.61925e-07,-2.11937e-11,-1.22541e-06,1.5708,21.322,21.3234,-3.90902e-23,3.90875e-23
0.1399,-5.06396e-09,-1.67429e-07,4.24199e-09,-1.89344e-08,1.02102e-08,6.59868e-07,7.37003,2.6211e-07,-4.45308e-12,-1.22637e-06,1.5708,21.3185,21.3203,2.36632e-23,-2.36612e-23
0.139865,-3.50342e-09,-1.6691e-07,8.45671e-09,-1.85057e-08,7.94096e-09,6.61692e-07,7.37703,2.6232e-07,3.469e-10,-1.22732e-06,1.5708,21.315,21.3137,-1.73284e-23,1.73294e-23
0.13983,-2.71084e-09,-1.67034e-07,-9.67107e-09,-1.86348e-08,8.82726e-09,6.63448e-07,7.38402,2.62543e-07,1.95049e-10,-1.22826e-06,1.5708,21.3115,21.3103,0,0
0.139794,-3.48595e-09,-1.67364e-07,-7.79815e-09,-1.89562e-08,9.67358e-09,6.65206e-07,7.39101,2.62759e-07,-2.37e-10,-1.22921e-06,1.5708,21.308,21.3051,0,0
0.139759,-5.74429e-09,-1.68005e-07,-5.95556e-09,-1.96514e-08,1.24183e-08,6.67036e-07,7.398,2.62954e-07,-5.74833e-10,-1.23019e-06,1.5708,21.3045,21.3094,1.3065e-22,-1.3062e-22
0.139724,-4.57753e-09,-1.67111e-07,2.79864e-08,-1.87824e-08,7.69838e-09,6.68898e-07,7.40499,2.63163e-07,2.12374e-10,-1.23117e-06,1.5708,21.301,21.3008,0,0
0.139689,-2.08896e-09,-1.66873e-07,-2.34021e-09,-1.84079e-08,7.69188e-09,6.70647e-07,7.41197,2.63404e-07,6.62663e-10,-1.23211e-06,1.5708,21.2975,21.2957,0,0
0.139653,-1.95647e-09,-1.6729e-07,-1.91096e-08,-1.86107e-08,9.23342e-09,6.72331e-07,7.41895,2.63645e-07,4.9606e-12,-1.23305e-06,1.5708,21.294,21.2985,1.20795e-22,-1.20769e-22
0.139618,-5.18368e-10,-1.66712e-07,1.8543e-08,-1.77032e-08,3.69358e-09,6.73987e-07,7.42594,2.63895e-07,2.41995e-10,-1.23397e-06,1.5708,21.2905,21.2925,-2.63928e-23,2.63903e-23
0.139583,2.76314e-09,-1.6652e-07,7.57279e-09,-1.69691e-08,6.43909e-10,6.75511e-07,7.43292,2.64169e-07,8.33512e-10,-1.23485e-06,1.5708,21.287,21.2916,-6.1834e-23,6.18207e-23
0.139547,7.3879e-09,-1.66187e-07,4.3799e-09,-1.58534e-08,-4.96986e-09,6.76838e-07,7.43989,2.6446e-07,1.11669e-09,-1.23568e-06,1.5708,21.2835,21.2845,9.32331e-22,-9.3229e-22
0.139512,1.06746e-08,-1.668e-07,-1.17216e-08,-1.54855e-08,-7.73166e-09,6.77964e-07,7.44687,2.64746e-07,8.2268e-10,-1.23648e-06,1.5708,21.2801,21.2774,-3.57195e-23,3.57239e-23
0.139476,1.02371e-08,-1.68493e-07,-2.13337e-08,-1.62287e-08,-6.52772e-09,6.79024e-07,7.45385,2.64976e-07,-8.25549e-11,-1.23728e-06,1.5708,21.2766,21.2773,-1.02437e-23,1.02434e-23
0.139441,9.04558e-09,-1.69639e-07,5.86625e-09,-1.66237e-08,-8.02911e-09,6.80137e-07,7.46082,2.65139e-07,-2.94613e-10,-1.23812e-06,1.5708,21.2731,21.2707,3.25599e-23,-3.25636e-23
0.139405,7.47954e-09,-1.70954e-07,-2.80153e-09,-1.74724e-08,-5.44093e-09,6.81311e-07,7.46779,2.65243e-07,-2.74598e-10,-1.23899e-06,1.5708,21.2696,21.2672,3.2017e-23,-3.20206e-23
0.13937,4.92404e-09,-1.71931e-07,-6.93876e-09,-1.83643e-08,-2.01424e-09,6.82591e-07,7.47476,2.65292e-07,-5.50231e-10,-1.2399e-06,1.5708,21.2661,21.2641,-8.04709e-25,8.04783e-25
0.139334,1.89712e-09,-1.72301e-07,-3.48302e-10,-1.90371e-08,1.00707e-09,6.84015e-07,7.48173,2.65313e-07,-6.91877e-10,-1.24085e-06,1.5708,21.2626,21.2658,-5.68967e-25,5.68882e-25
0.139299,1.8506e-09,-1.71171e-07,2.19273e-08,-1.84207e-08,-1.21605e-09,6.85518e-07,7.48869,2.6536e-07,5.87494e-12,-1.2418e-06,1.5708,21.2591,21.263,-1.04371e-22,1.04352e-22
0.139263,5.22354e-09,-1.6947e-07,1.45574e-08,-1.71598e-08,-4.79667e-09,6.86931e-07,7.49566,2.65483e-07,8.85264e-10,-1.2427e-06,1.5708,21.2557,21.2587,3.75766e-21,-3.75712e-21
0.139227,9.38908e-09,-1.68079e-07,-3.23561e-09,-1.59499e-08,-8.43335e-09,6.88152e-07,7.50262,2.65688e-07,1.0549e-09,-1.24354e-06,1.5708,21.2522,21.2505,1.92038e-21,-1.92054e-21
0.139192,1.03942e-08,-1.68079e-07,-2.23606e-08,-1.59003e-08,-8.06176e-09,6.89246e-07,7.50958,2.6593e-07,2.76063e-10,-1.24435e-06,1.5708,21.2487,21.2532,6.09717e-23,-6.09587e-23
0.139156,1.19128e-08,-1.67486e-07,1.4629e-08,-1.50454e-08,-1.39624e-08,6.90295e-07,7.51654,2.66192e-07,3.26398e-10,-1.24513e-06,1.5708,21.2452,21.2448,-5.29417e-24,5.29427e-24
0.139121,1.35017e-08,-1.67921e-07,-2.94539e-09,-1.50084e-08,-1.45421e-08,6.91257e-07,7.5235,2.66459e-07,5.06511e-10,-1.2459e-06,1.5708,21.2417,21.2369,1.95108e-22,-1.95152e-22
0.139085,1.12613e-08,-1.69596e-07,-2.78482e-08,-1.62461e-08,-9.60111e-09,6.92237e-07,7.53045,2.66675e-07,-4.43381e-10,-1.24669e-06,1.5708,21.2383,21.2373,5.4025e-31,-5.40275e-31
0.139049,7.55893e-09,-1.7063e-07,2.23161e-09,-1.70515e-08,-8.23831e-09,6.93383e-07,7.5374,2.66826e-07,-8.94644e-10,-1.24754e-06,1.5708,21.2348,21.2323,3.32929e-23,-3.32967e-23
0.139013,4.35755e-09,-1.71435e-07,5.53372e-09,-1.78697e-08,-4.72934e-09,6.94699e-07,7.54436,2.66934e-07,-6.75256e-10,-1.24843e-06,1.5708,21.2313,21.2322,1.16528e-23,-1.16524e-23
0.138977,3.17116e-09,-1.71227e-07,1.10074e-08,-1.78632e-08,-3.89499e-09,6.96125e-07,7.5513,2.67033e-07,-2.1793e-10,-1.24934e-06,1.5708,21.2278,21.2293,9.42548e-22,-9.42483e-22
0.138942,3.80891e-09,-1.70481e-07,7.08326e-09,-1.73532e-08,-4.39503e-09,6.97563e-07,7.55825,2.67161e-07,2.1623e-10,-1.25023e-06,1.5708,21.2243,21.2253,9.62621e-22,-9.62576e-22
0.138906,4.95651e-09,-1.69739e-07,-9.30425e-10,-1.67635e-08,-5.15014e-09,6.98957e-07,7.5652,2.6733e-07,3.19387e-10,-1.25109e-06,1.5708,21.2209,21.2182,0,0
0.13887,3.97168e-09,-1.69848e-07,-1.56382e-08,-1.69533e-08,-2.57729e-09,7.00346e-07,7.57214,2.67518e-07,-2.00429e-10,-1.25195e-06,1.5708,21.2174,21.2216,-1.54357e-24,1.54326e-24
0.138834,4.65485e-09,-1.68922e-07,1.91353e-08,-1.59845e-08,-7.02019e-09,7.01756e-07,7.57909,2.67732e-07,1.20738e-10,-1.25279e-06,1.5708,21.2139,21.2114,0,0
0.138798,4.93469e-09,-1.692e-07,-9.49605e-09,-1.60555e-08,-4.6418e-09,7.03127e-07,7.58603,2.67964e-07,1.74908e-10,-1.2536e-06,1.5708,21.2105,21.2146,-3.80123e-21,3.8005e-21
0.138762,6.41449e-09,-1.68663e-07,1.05185e-08,-1.51564e-08,-8.64368e-09,7.04469e-07,7.59297,2.68207e-07,3.34654e-10,-1.25439e-06,1.5708,21.207,21.2049,-3.82955e-21,3.82992e-21
0.138726,6.80434e-09,-1.69257e-07,-1.11278e-08,-1.52374e-08,-7.14968e-09,7.05755e-07,7.5999,2.68451e-07,1.74699e-10,-1.25517e-06,1.5708,21.2035,21.2048,0,0
0.13869,6.77028e-09,-1.69609e-07,7.47958e-10,-1.50237e-08,-8.47756e-09,7.07043e-07,7.60684,2.68675e-07,-1.01203e-11,-1.25594e-06,1.5708,21.2,21.1963,-1.32314e-24,1.32338e-24
0.138654,4.76701e-09,-1.7084e-07,-1.30499e-08,-1.57408e-08,-4.75354e-09,7.08378e-07,7.61377,2.6886e-07,-4.15379e-10,-1.25672e-06,1.5708,21.1966,21.1944,-1.98055e-25,1.98075e-25
0.138618,1.52979e-09,-1.71815e-07,-3.38439e-09,-1.64e-08,-1.75864e-09,7.09851e-07,7.6207,2.68992e-07,-7.69257e-10,-1.25754e-06,1.5708,21.1931,21.1892,-5.32363e-23,5.32461e-23
0.138582,-2.56844e-09,-1.72741e-07,-3.5623e-09,-1.72805e-08,3.39571e-09,7.11506e-07,7.62763,2.69081e-07,-9.47514e-10,-1.25839e-06,1.5708,21.1896,21.1891,-2.48133e-26,2.4814e-26
0.138546,-5.40341e-09,-1.72658e-07,1.03527e-08,-1.73946e-08,5.65988e-09,7.13337e-07,7.63456,2.69153e-07,-6.82081e-10,-1.25928e-06,1.5708,21.1862,21.1835,0,0
0.13851,-7.72301e-09,-1.72478e-07,-1.15946e-09,-1.75636e-08,9.88701e-09,7.15287e-07,7.64149,2.69235e-07,-5.25208e-10,-1.26016e-06,1.5708,21.1827,21.1858,4.06141e-23,-4.06082e-23
0.138474,-7.48955e-09,-1.7108e-07,1.70668e-08,-1.64997e-08,7.98293e-09,7.17293e-07,7.64841,2.69363e-07,1.20712e-12,-1.26103e-06,1.5708,21.1793,21.1783,9.66795e-22,-9.66839e-22
0.138438,-6.6748e-09,-1.70276e-07,-3.47082e-09,-1.58531e-08,9.20603e-09,7.19259e-07,7.65534,2.6955e-07,2.10098e-10,-1.26185e-06,1.5708,21.1758,21.179,-3.73612e-21,3.73554e-21
0.138402,-4.71496e-09,-1.69095e-07,7.73766e-09,-1.45581e-08,5.78933e-09,7.2116e-07,7.66226,2.69791e-07,3.93623e-10,-1.26262e-06,1.5708,21.1723,21.1677,0,0
0.138365,-5.42525e-09,-1.6966e-07,-2.19261e-08,-1.47792e-08,9.7694e-09,7.23017e-07,7.66918,2.70048e-07,-1.65464e-10,-1.26337e-06,1.5708,21.1689,21.1736,6.48734e-23,-6.48588e-23
0.138329,-4.59021e-09,-1.69067e-07,2.00526e-08,-1.36451e-08,4.66708e-09,7.24886e-07,7.67609,2.70311e-07,6.71404e-11,-1.26409e-06,1.5708,21.1654,21.1612,-1.13328e-22,1.1335e-22
0.138293,-4.77063e-09,-1.70074e-07,-1.34534e-08,-1.39419e-08,8.36071e-09,7.26717e-07,7.68301,2.70563e-07,1.13664e-11,-1.26479e-06,1.5708,21.162,21.1599,0,0
0.138257,-6.87777e-09,-1.71144e-07,-1.03849e-08,-1.43363e-08,1.08372e-08,7.28611e-07,7.68992,2.70766e-07,-5.74865e-10,-1.26551e-06,1.5708,21.1585,21.1563,5.98899e-23,-5.98961e-23
0.138221,-9.62669e-09,-1.72102e-07,1.52846e-09,-1.47434e-08,1.33006e-08,7.30625e-07,7.69683,2.7092e-07,-7.20911e-10,-1.26626e-06,1.5708,21.155,21.159,5.41323e-23,-5.41222e-23
0.138184,-8.70612e-09,-1.7166e-07,2.65454e-08,-1.37967e-08,9.89959e-09,7.32683e-07,7.70374,2.71067e-07,1.60445e-10,-1.26698e-06,1.5708,21.1516,21.1484,4.26317e-23,-4.26381e-23
0.138148,-8.05365e-09,-1.72219e-07,-1.41707e-08,-1.38545e-08,1.33697e-08,7.34681e-07,7.71065,2.71211e-07,2.0355e-10,-1.26769e-06,1.5708,21.1481,21.1439,-5.8462e-23,5.84735e-23
0.138112,-1.08721e-08,-1.7321e-07,-2.18678e-08,-1.45119e-08,1.79026e-08,7.36735e-07,7.71756,2.71318e-07,-7.65027e-10,-1.26841e-06,1.5708,21.1447,21.1419,3.72708e-23,-3.72756e-23
0.138075,-1.49244e-08,-1.73793e-07,2.50565e-09,-1.50044e-08,2.08718e-08,7.38965e-07,7.72446,2.71389e-07,-1.09532e-09,-1.26916e-06,1.5708,21.1412,21.1376,-6.58037e-25,6.58148e-25
0.138039,-1.85055e-08,-1.74135e-07,4.33361e-09,-1.55028e-08,2.56083e-08,7.41372e-07,7.73137,2.71439e-07,-9.09408e-10,-1.26994e-06,1.5708,21.1378,21.1382,-4.79561e-22,4.79552e-22
0.138003,-1.97515e-08,-1.73405e-07,1.37588e-08,-1.50685e-08,2.67329e-08,7.43892e-07,7.73827,2.71504e-07,-3.86283e-10,-1.27072e-06,1.5708,21.1343,21.1318,-3.47661e-23,3.47703e-23
0.137966,-2.06293e-08,-1.72901e-07,-4.51091e-09,-1.48781e-08,3.01867e-08,7.46448e-07,7.74517,2.71603e-07,-2.73042e-10,-1.27148e-06,1.5708,21.1309,21.1313,-4.79395e-22,4.79385e-22
0.13793,-2.08761e-08,-1.71943e-07,4.61557e-09,-1.41582e-08,3.01289e-08,7.49028e-07,7.75206,2.71742e-07,-2.09518e-10,-1.27222e-06,1.5708,21.1274,21.1304,1.90232e-21,-1.90206e-21
0.137893,-1.86607e-08,-1.70574e-07,1.6163e-08,-1.27738e-08,2.67268e-08,7.51549e-07,7.75896,2.71944e-07,3.96384e-10,-1.2729e-06,1.5708,21.124,21.1273,9.02824e-23,-9.02683e-23
0.137857,-1.4248e-08,-1.69435e-07,8.21989e-09,-1.12117e-08,2.2433e-08,7.53889e-07,7.76585,2.72211e-07,9.64067e-10,-1.27351e-06,1.5708,21.1205,21.1174,0,0
0.137821,-1.26441e-08,-1.70075e-07,-2.52603e-08,-1.11076e-08,2.41095e-08,7.56064e-07,7.77275,2.7249e-07,3.071e-10,-1.27408e-06,1.5708,21.1171,21.116,-2.88202e-23,2.88216e-23
0.137784,-1.35858e-08,-1.71044e-07,-7.45712e-09,-1.1219e-08,2.38366e-08,7.58227e-07,7.77964,2.7273e-07,-4.06618e-10,-1.27465e-06,1.5708,21.1136,21.1093,-1.19657e-22,1.19682e-22
0.137748,-1.63215e-08,-1.72708e-07,-6.30311e-09,-1.21005e-08,2.75201e-08,7.60469e-07,7.78652,2.72904e-07,-7.4927e-10,-1.27525e-06,1.5708,21.1102,21.1063,8.92423e-30,-8.92585e-30
0.137711,-1.98921e-08,-1.74201e-07,-2.66589e-09,-1.30729e-08,3.20838e-08,7.62861e-07,7.79341,2.73e-07,-9.53509e-10,-1.2759e-06,1.5708,21.1067,21.1081,9.73366e-22,-9.73302e-22
0.137674,-2.08854e-08,-1.7427e-07,1.99041e-08,-1.28569e-08,3.16006e-08,7.6536e-07,7.8003,2.73061e-07,-3.64358e-10,-1.27656e-06,1.5708,21.1033,21.108,6.46725e-23,-6.4658e-23
0.137638,-1.72329e-08,-1.73154e-07,2.44444e-08,-1.14596e-08,2.70765e-08,7.67776e-07,7.80718,2.73152e-07,7.94596e-10,-1.27718e-06,1.5708,21.0999,21.099,-9.62079e-22,9.62119e-22
0.137601,-1.38795e-08,-1.72966e-07,-1.53154e-08,-1.08919e-08,2.72457e-08,7.69995e-07,7.81406,2.73277e-07,7.61696e-10,-1.27775e-06,1.5708,21.0964,21.094,9.72377e-23,-9.72486e-23
0.137565,-1.40202e-08,-1.73482e-07,-2.06734e-08,-1.10426e-08,2.82963e-08,7.72132e-07,7.82094,2.73395e-07,-1.89805e-10,-1.27831e-06,1.5708,21.093,21.0889,-5.64051e-23,5.64159e-23
0.137528,-1.69865e-08,-1.7446e-07,-8.80583e-09,-1.18142e-08,3.12019e-08,7.74343e-07,7.82782,2.73475e-07,-8.60914e-10,-1.27889e-06,1.5708,21.0895,21.0915,2.63761e-23,-2.63737e-23
0.137492,-1.75936e-08,-1.74208e-07,2.32014e-08,-1.15056e-08,2.92028e-08,7.76638e-07,7.83469,2.7354e-07,-2.8106e-10,-1.27949e-06,1.5708,21.0861,21.0848,0,0
0.137455,-1.67096e-08,-1.74151e-07,1.10559e-09,-1.14484e-08,3.07364e-08,7.789e-07,7.84156,2.73615e-07,1.89946e-10,-1.28008e-06,1.5708,21.0827,21.0831,0,0
0.137418,-1.5745e-08,-1.73817e-07,-2.83631e-09,-1.11435e-08,3.03263e-08,7.8111e-07,7.84844,2.73701e-07,1.19641e-10,-1.28066e-06,1.5708,21.0792,21.0835,3.90248e-21,-3.90169e-21
0.137382,-1.2698e-08,-1.72736e-07,1.63575e-08,-9.97896e-09,2.4951e-08,7.83215e-07,7.85531,2.73826e-07,5.92005e-10,-1.2812e-06,1.5708,21.0758,21.0725,8.95666e-23,-8.95805e-23
0.137345,-1.12826e-08,-1.73123e-07,-1.82793e-08,-1.01682e-08,2.69243e-08,7.85185e-07,7.86217,2.73968e-07,3.11987e-10,-1.28171e-06,1.5708,21.0723,21.0768,-1.21547e-22,1.21522e-22
0.137308,-9.07595e-09,-1.72565e-07,1.22295e-08,-9.32435e-09,2.13558e-08,7.87072e-07,7.86904,2.74117e-07,3.61863e-10,-1.28221e-06,1.5708,21.0689,21.0714,0,0
0.137272,-5.23349e-09,-1.72288e-07,9.03659e-09,-8.57382e-09,1.70289e-08,7.88792e-07,7.87591,2.74288e-07,8.81928e-10,-1.28267e-06,1.5708,21.0655,21.0626,-3.9983e-23,3.99885e-23
0.137235,-3.90627e-09,-1.73341e-07,-2.31182e-08,-9.09816e-09,1.86605e-08,7.90368e-07,7.88277,2.74438e-07,3.0909e-10,-1.28313e-06,1.5708,21.062,21.0662,0,0
0.137198,-2.23252e-09,-1.73397e-07,1.22117e-08,-8.64755e-09,1.30831e-08,7.9188e-07,7.88963,2.74562e-07,2.67545e-10,-1.28358e-06,1.5708,21.0586,21.062,4.58586e-23,-4.58513e-23
0.137162,1.65038e-09,-1.73365e-07,1.37066e-08,-8.04929e-09,8.05299e-09,7.9324e-07,7.89649,2.74687e-07,9.37291e-10,-1.28401e-06,1.5708,21.0552,21.0553,0,0
0.137125,4.73469e-09,-1.74041e-07,-1.29004e-08,-8.15878e-09,6.7278e-09,7.94414e-07,7.90335,2.74795e-07,7.80444e-10,-1.28443e-06,1.5708,21.0518,21.0487,-4.13421e-23,4.1348e-23
0.137088,4.00684e-09,-1.75464e-07,-2.27075e-08,-9.21048e-09,8.45352e-09,7.95532e-07,7.9102,2.74849e-07,-1.91072e-10,-1.28488e-06,1.5708,21.0483,21.0506,-3.18691e-23,3.18656e-23
0.137051,3.5762e-09,-1.75795e-07,1.41692e-08,-9.43536e-09,5.16922e-09,7.96688e-07,7.91705,2.74861e-07,-1.62185e-10,-1.28536e-06,1.5708,21.0449,21.0469,0,0
0.137014,5.48066e-09,-1.75666e-07,1.32251e-08,-9.36971e-09,2.72792e-09,7.97795e-07,7.92391,2.74869e-07,5.28692e-10,-1.28584e-06,1.5708,21.0415,21.0393,6.03511e-23,-6.03574e-23
0.136978,6.05436e-09,-1.76095e-07,-1.71772e-08,-1.00515e-08,4.85195e-09,7.98831e-07,7.93076,2.7487e-07,2.25252e-10,-1.28634e-06,1.5708,21.038,21.0426,-1.25965e-22,1.25937e-22
0.136941,7.59357e-09,-1.75229e-07,1.32159e-08,-9.56573e-09,-3.26886e-10,7.99828e-07,7.9376,2.74885e-07,3.27477e-10,-1.28684e-06,1.5708,21.0346,21.038,8.04252e-30,-8.04123e-30
0.136904,1.12015e-08,-1.74257e-07,1.14099e-08,-8.91455e-09,-4.94138e-09,8.00688e-07,7.94445,2.74948e-07,9.42299e-10,-1.28732e-06,1.5708,21.0312,21.0344,3.87701e-21,-3.87642e-21
0.136867,1.5431e-08,-1.73491e-07,-1.81034e-09,-8.32624e-09,-9.30087e-09,8.0135e-07,7.95129,2.75055e-07,1.09866e-09,-1.28776e-06,1.5708,21.0278,21.0248,-5.54935e-25,5.55013e-25
0.13683,1.58656e-08,-1.74173e-07,-2.7155e-08,-9.14175e-09,-7.77473e-09,8.01894e-07,7.95814,2.75163e-07,1.9255e-10,-1.28821e-06,1.5708,21.0244,21.0232,0,0
0.136793,1.36202e-08,-1.7486e-07,-6.46657e-09,-1.00887e-08,-7.46763e-09,8.02499e-07,7.96498,2.75236e-07,-5.24958e-10,-1.2887e-06,1.5708,21.0209,21.0221,-1.62039e-23,1.6203e-23
0.136756,1.26178e-08,-1.74882e-07,1.50864e-08,-1.05002e-08,-8.74799e-09,8.03188e-07,7.97182,2.75294e-07,-1.61814e-10,-1.28923e-06,1.5708,21.0175,21.0128,6.43216e-23,-6.43359e-23
0.13672,1.03489e-08,-1.75657e-07,-1.54181e-08,-1.18403e-08,-3.20525e-09,8.03947e-07,7.97865,2.75332e-07,-3.74029e-10,-1.28981e-06,1.5708,21.0141,21.0148,0,0
0.136683,8.16158e-09,-1.75329e-07,5.21077e-09,-1.22703e-08,-2.80893e-09,8.04832e-07,7.98549,2.75361e-07,-4.96191e-10,-1.29042e-06,1.5708,21.0107,21.0058,-1.34666e-22,1.34698e-22
0.136646,4.66706e-09,-1.75548e-07,-1.0208e-08,-1.34033e-08,2.89795e-09,8.05851e-07,7.99232,2.75394e-07,-7.2652e-10,-1.29108e-06,1.5708,21.0073,21.0032,-5.64577e-23,5.64686e-23
0.136608,-2.38111e-10,-1.75509e-07,-6.86656e-09,-1.44769e-08,8.60746e-09,8.07083e-07,7.99915,2.75425e-07,-1.13903e-09,-1.29179e-06,1.5708,21.0038,21.0057,2.63049e-23,-2.63025e-23
0.136571,-2.35402e-09,-1.74018e-07,2.36063e-08,-1.41257e-08,8.22304e-09,8.08495e-07,8.00598,2.75499e-07,-5.09863e-10,-1.29252e-06,1.5708,21.0004,21.0019,4.15386e-23,-4.15356e-23
0.136534,-1.18524e-09,-1.72264e-07,1.32619e-08,-1.32682e-08,7.82277e-09,8.09916e-07,8.01281,2.75658e-07,3.59245e-10,-1.29321e-06,1.5708,20.997,20.9927,-1.18973e-22,1.18997e-22
0.136497,-2.14955e-09,-1.71855e-07,-2.43774e-08,-1.34717e-08,1.28019e-08,8.11321e-07,8.01964,2.75872e-07,-1.74902e-10,-1.2939e-06,1.5708,20.9936,20.9896,0,0
0.13646,-6.34441e-09,-1.71936e-07,-1.3998e-08,-1.3991e-08,1.70913e-08,8.12863e-07,8.02646,2.76096e-07,-1.08237e-09,-1.2946e-06,1.5708,20.9902,20.9943,-7.75999e-25,7.75847e-25
0.136423,-7.01565e-09,-1.70664e-07,3.42159e-08,-1.28743e-08,1.32753e-08,8.14532e-07,8.03328,2.76355e-07,-2.46176e-10,-1.29528e-06,1.5708,20.9868,20.9834,3.89241e-21,-3.89303e-21
0.136386,-6.74935e-09,-1.70718e-07,-7.27871e-09,-1.2723e-08,1.72474e-08,8.16181e-07,8.0401,2.76645e-07,1.62236e-10,-1.29593e-06,1.5708,20.9834,20.9863,4.03696e-23,-4.03639e-23
0.136349,-5.64174e-09,-1.702e-07,4.90549e-09,-1.16626e-08,1.47856e-08,8.17804e-07,8.04692,2.7695e-07,1.83258e-10,-1.29656e-06,1.5708,20.9799,20.9778,1.94039e-21,-1.94059e-21
0.136312,-5.58313e-09,-1.7078e-07,-8.61465e-09,-1.13809e-08,1.61844e-08,8.19385e-07,8.05374,2.77254e-07,-1.37205e-12,-1.29714e-06,1.5708,20.9765,20.9786,1.97085e-21,-1.97065e-21
0.136275,-4.8581e-09,-1.71055e-07,8.12663e-09,-1.05578e-08,1.37192e-08,8.20949e-07,8.06055,2.77538e-07,9.8009e-11,-1.29771e-06,1.5708,20.9731,20.9754,3.05238e-23,-3.05206e-23
0.136238,-2.50802e-09,-1.71388e-07,9.25645e-09,-9.55e-09,1.07422e-08,8.22427e-07,8.06736,2.77809e-07,5.4802e-10,-1.29822e-06,1.5708,20.9697,20.9693,-1.20377e-23,1.20379e-23
0.136201,-7.68343e-10,-1.72434e-07,-9.26202e-09,-9.10808e-09,1.04309e-08,8.23793e-07,8.07417,2.78045e-07,4.24397e-10,-1.2987e-06,1.5708,20.9663,20.9678,-9.2517e-22,9.25104e-22
0.136164,4.53707e-10,-1.73377e-07,-3.39579e-10,-8.53456e-09,7.98608e-09,8.25089e-07,8.08098,2.78232e-07,2.3975e-10,-1.29915e-06,1.5708,20.9629,20.9626,-3.15132e-27,3.15136e-27
0.136126,1.16545e-09,-1.74597e-07,-2.03414e-09,-8.30764e-09,7.21425e-09,8.26331e-07,8.08779,2.78364e-07,1.681e-10,-1.29959e-06,1.5708,20.9595,20.9612,1.92803e-21,-1.92788e-21
0.136089,2.38624e-09,-1.75414e-07,4.79252e-09,-7.82493e-09,4.9306e-09,8.27523e-07,8.0946,2.78446e-07,2.83953e-10,-1.3e-06,1.5708,20.9561,20.9568,0,0
0.136052,3.78688e-09,-1.76185e-07,-3.93252e-10,-7.47183e-09,3.58634e-09,8.28645e-07,8.1014,2.78489e-07,3.61388e-10,-1.3004e-06,1.5708,20.9527,20.9508,1.94874e-21,-1.94892e-21
0.136015,3.50029e-09,-1.77287e-07,-1.23228e-08,-7.7232e-09,5.00668e-09,8.29736e-07,8.1082,2.78484e-07,-4.18034e-11,-1.30079e-06,1.5708,20.9493,20.9461,-4.49316e-23,4.49386e-23
0.135978,8.67775e-10,-1.78444e-07,-1.1224e-08,-8.43412e-09,8.09716e-09,8.30901e-07,8.115,2.78421e-07,-6.3379e-10,-1.30121e-06,1.5708,20.9459,20.9486,3.6925e-23,-3.69203e-23
0.13594,2.22824e-10,-1.7811e-07,2.05865e-08,-8.00595e-09,5.68802e-09,8.32154e-07,8.1218,2.78341e-07,-1.8328e-10,-1.30163e-06,1.5708,20.9425,20.9379,1.92068e-22,-1.9211e-22
0.135903,-1.16465e-09,-1.78523e-07,-1.34656e-08,-8.62316e-09,1.08081e-08,8.33437e-07,8.1286,2.78257e-07,-2.29505e-10,-1.30206e-06,1.5708,20.9391,20.9428,5.16411e-23,-5.16319e-23
0.135866,-9.72522e-10,-1.77345e-07,1.45488e-08,-7.86516e-09,7.77361e-09,8.34763e-07,8.13539,2.78196e-07,-1.49292e-11,-1.30249e-06,1.5708,20.9357,20.9312,-6.33977e-23,6.34114e-23
0.135829,-2.14527e-09,-1.7726e-07,-1.46953e-08,-8.31165e-09,1.21734e-08,8.36095e-07,8.14218,2.78165e-07,-2.1396e-10,-1.3029e-06,1.5708,20.9323,20.9373,-2.76041e-22,2.75975e-22
0.135791,-1.15778e-09,-1.75653e-07,2.01456e-08,-7.24934e-09,7.47973e-09,8.37444e-07,8.14897,2.7818e-07,1.5736e-10,-1.3033e-06,1.5708,20.9289,20.931,5.81081e-23,-5.81023e-23
0.135754,1.99235e-09,-1.7437e-07,8.45422e-09,-6.29446e-09,4.67528e-09,8.38675e-07,8.15576,2.78268e-07,8.07255e-10,-1.30366e-06,1.5708,20.9255,20.9292,-1.02554e-22,1.02536e-22
0.135717,6.10406e-09,-1.73257e-07,9.86486e-10,-5.20343e-09,1.45926e-10,8.39722e-07,8.16255,2.78416e-07,9.97943e-10,-1.30395e-06,1.5708,20.9221,20.9191,0,0
0.13568,6.83539e-09,-1.73855e-07,-2.50853e-08,-5.60488e-09,1.62844e-09,8.40643e-07,8.16933,2.78574e-07,2.10813e-10,-1.30424e-06,1.5708,20.9187,20.9146,0,0
0.135642,3.49707e-09,-1.75232e-07,-1.77346e-08,-6.83235e-09,4.89503e-09,8.41638e-07,8.17612,2.7868e-07,-8.29871e-10,-1.30456e-06,1.5708,20.9153,20.9152,1.22003e-22,-1.22004e-22
0.135605,6.44858e-10,-1.75854e-07,1.43302e-08,-7.4629e-09,5.17838e-09,8.42793e-07,8.1829,2.78737e-07,-7.02668e-10,-1.30493e-06,1.5708,20.9119,20.9093,0,0
0.135568,-1.33841e-09,-1.76498e-07,1.43685e-09,-8.29328e-09,8.93174e-09,8.44054e-07,8.18968,2.78762e-07,-3.8771e-10,-1.30534e-06,1.5708,20.9086,20.9102,1.9608e-21,-1.96064e-21
0.13553,-1.61497e-09,-1.76096e-07,9.31184e-09,-8.20813e-09,8.50818e-09,8.45374e-07,8.19645,2.78782e-07,-6.16783e-11,-1.30577e-06,1.5708,20.9052,20.9051,-3.0031e-25,3.0031e-25
0.135493,-1.15061e-09,-1.75642e-07,7.97915e-10,-8.0883e-09,8.7915e-09,8.46682e-07,8.20323,2.78825e-07,1.38756e-10,-1.30619e-06,1.5708,20.9018,20.9001,1.93744e-21,-1.9376e-21
0.135455,-1.7563e-09,-1.7552e-07,-9.21937e-09,-8.30753e-09,1.05611e-08,8.47989e-07,8.21,2.78882e-07,-1.42434e-10,-1.30661e-06,1.5708,20.8984,20.8969,0,0
0.135418,-3.34612e-09,-1.7542e-07,-3.06975e-09,-8.5743e-09,1.19762e-08,8.49351e-07,8.21678,2.78945e-07,-4.14194e-10,-1.30704e-06,1.5708,20.895,20.8915,-3.82693e-21,3.82758e-21
0.135381,-6.09358e-09,-1.7566e-07,-6.01675e-09,-9.24093e-09,1.58053e-08,8.50815e-07,8.22355,2.79004e-07,-6.65283e-10,-1.3075e-06,1.5708,20.8916,20.8906,9.93598e-22,-9.93647e-22
0.135343,-8.39942e-09,-1.75398e-07,5.80105e-09,-9.46302e-09,1.76782e-08,8.52404e-07,8.23031,2.79066e-07,-5.92077e-10,-1.30798e-06,1.5708,20.8882,20.8878,-5.83455e-24,5.83467e-24
0.135306,-9.32799e-09,-1.74811e-07,7.57889e-09,-9.32695e-09,1.88769e-08,8.54065e-07,8.23708,2.7915e-07,-2.39861e-10,-1.30847e-06,1.5708,20.8848,20.8805,-6.14803e-23,6.14932e-23
0.135268,-1.15331e-08,-1.74913e-07,-1.36435e-08,-9.84605e-09,2.40052e-08,8.55791e-07,8.24384,2.79246e-07,-5.36021e-10,-1.30896e-06,1.5708,20.8815,20.8821,8.77457e-24,-8.77431e-24
0.135231,-1.31117e-08,-1.7423e-07,9.33898e-09,-9.52167e-09,2.39885e-08,8.57616e-07,8.25061,2.79359e-07,-4.92279e-10,-1.30946e-06,1.5708,20.8781,20.8756,1.37476e-22,-1.37492e-22
0.135193,-1.42888e-08,-1.73976e-07,8.93324e-11,-9.49375e-09,2.67259e-08,8.59492e-07,8.25737,2.79495e-07,-3.14246e-10,-1.30994e-06,1.5708,20.8747,20.8732,0,0
0.135156,-1.55327e-08,-1.73757e-07,-2.00194e-09,-9.37837e-09,2.88616e-08,8.61421e-07,8.26413,2.79645e-07,-3.76995e-10,-1.31043e-06,1.5708,20.8713,20.869,-3.23372e-23,3.23408e-23
0.135118,-1.72181e-08,-1.73765e-07,-2.51892e-09,-9.37095e-09,3.14301e-08,8.63413e-07,8.27088,2.79801e-07,-4.95637e-10,-1.31091e-06,1.5708,20.8679,20.8727,-1.33074e-22,1.33044e-22
0.135081,-1.54121e-08,-1.72586e-07,2.62307e-08,-7.93786e-09,2.67148e-08,8.654e-07,8.27764,2.79989e-07,2.99699e-10,-1.31135e-06,1.5708,20.8646,20.8676,4.22198e-23,-4.22137e-23
0.135043,-1.07541e-08,-1.71745e-07,9.16481e-09,-6.43158e-09,2.29205e-08,8.67203e-07,8.28439,2.80228e-07,1.08672e-09,-1.31173e-06,1.5708,20.8612,20.8653,-1.16526e-22,1.16502e-22
0.135006,-5.25763e-09,-1.71275e-07,-7.26103e-10,-4.84758e-09,1.72191e-08,8.68745e-07,8.29114,2.805e-07,1.23582e-09,-1.31202e-06,1.5708,20.8578,20.8573,0,0
0.134969,-2.25373e-09,-1.72263e-07,-1.77103e-08,-4.3957e-09,1.52214e-08,8.70067e-07,8.29789,2.80757e-07,6.53579e-10,-1.31226e-06,1.5708,20.8544,20.8541,4.41314e-24,-4.4132e-24
0.134931,-1.59484e-09,-1.73833e-07,-8.01657e-09,-4.44304e-09,1.34417e-08,8.71299e-07,8.30464,2.80947e-07,6.37441e-11,-1.31249e-06,1.5708,20.8511,20.8509,-2.31724e-24,2.31726e-24
0.134894,-1.47565e-09,-1.7547e-07,2.30277e-09,-4.66682e-09,1.22672e-08,8.72508e-07,8.31138,2.81055e-07,-1.2746e-11,-1.31274e-06,1.5708,20.8477,20.8502,-3.63323e-23,3.63279e-23
0.134856,2.77053e-10,-1.76409e-07,1.17954e-08,-4.37555e-09,9.11151e-09,8.73665e-07,8.31813,2.81099e-07,4.09466e-10,-1.31297e-06,1.5708,20.8443,20.8458,6.0733e-23,-6.07288e-23
0.134819,2.83184e-09,-1.77188e-07,3.93101e-10,-4.12532e-09,6.98023e-09,8.74705e-07,8.32487,2.81098e-07,6.43679e-10,-1.3132e-06,1.5708,20.8409,20.8384,-1.96225e-21,1.96249e-21
0.134781,2.93342e-09,-1.78496e-07,-1.88983e-08,-4.71898e-09,8.66207e-09,8.75674e-07,8.33161,2.81043e-07,4.40784e-11,-1.31343e-06,1.5708,20.8376,20.8405,8.23299e-23,-8.23183e-23
0.134743,3.40956e-09,-1.78611e-07,1.13693e-08,-4.46313e-09,4.92369e-09,8.76639e-07,8.33835,2.80953e-07,5.45979e-11,-1.31368e-06,1.5708,20.8342,20.8344,2.26594e-24,-2.26592e-24
0.134706,4.67821e-09,-1.78697e-07,3.08503e-09,-4.44507e-09,4.02332e-09,8.77548e-07,8.34508,2.80856e-07,3.67182e-10,-1.31391e-06,1.5708,20.8308,20.8288,0,0
0.134668,4.39526e-09,-1.79026e-07,-1.38529e-08,-4.97157e-09,5.90901e-09,8.78428e-07,8.35182,2.80748e-07,-1.98663e-11,-1.31416e-06,1.5708,20.8275,20.8304,-4.08504e-23,4.08446e-23
0.134631,4.87006e-09,-1.78268e-07,1.13664e-08,-4.64549e-09,2.63908e-09,8.79312e-07,8.35855,2.80651e-07,8.52581e-11,-1.31441e-06,1.5708,20.8241,20.8213,0,0
0.134593,4.5204e-09,-1.7819e-07,-9.23083e-09,-5.16468e-09,4.97252e-09,8.8018e-07,8.36528,2.80573e-07,2.09045e-12,-1.31467e-06,1.5708,20.8207,20.8174,4.7179e-23,-4.71866e-23
0.134555,1.84943e-09,-1.7829e-07,-1.40529e-08,-6.0982e-09,8.6701e-09,8.81125e-07,8.37201,2.80494e-07,-6.22724e-10,-1.31497e-06,1.5708,20.8174,20.8223,6.88365e-23,-6.88203e-23
0.134518,2.13459e-09,-1.76688e-07,2.84437e-08,-5.40892e-09,3.98861e-09,8.82141e-07,8.37874,2.80454e-07,2.71303e-11,-1.31527e-06,1.5708,20.814,20.8122,-2.59758e-23,2.59781e-23
0.13448,3.24565e-09,-1.7597e-07,-5.22432e-09,-5.51611e-09,5.85975e-09,8.83099e-07,8.38546,2.80472e-07,3.93276e-10,-1.31555e-06,1.5708,20.8106,20.8121,-4.22492e-23,4.22461e-23
0.134443,4.06599e-09,-1.75021e-07,-3.25395e-09,-5.27638e-09,4.50578e-09,8.84015e-07,8.39219,2.80531e-07,1.90781e-10,-1.31583e-06,1.5708,20.8073,20.8045,-3.91248e-23,3.913e-23
0.134405,2.93526e-09,-1.7497e-07,-1.16883e-08,-5.8167e-09,6.63288e-09,8.84935e-07,8.39891,2.80614e-07,-2.45787e-10,-1.31612e-06,1.5708,20.8039,20.8087,-1.35669e-22,1.35638e-22
0.134367,4.13622e-09,-1.73822e-07,2.23757e-08,-5.08415e-09,1.60733e-09,8.85862e-07,8.40563,2.80728e-07,2.53624e-10,-1.31641e-06,1.5708,20.8005,20.797,9.8086e-23,-9.81026e-23
0.13433,4.46332e-09,-1.74152e-07,-1.47978e-08,-5.63517e-09,4.76379e-09,8.86731e-07,8.41234,2.8086e-07,1.98333e-10,-1.31669e-06,1.5708,20.7972,20.7977,7.02664e-24,-7.02648e-24
0.134292,3.753e-09,-1.74226e-07,-3.57266e-09,-5.84501e-09,4.38741e-09,8.8762e-07,8.41906,2.80981e-07,-1.94199e-10,-1.31699e-06,1.5708,20.7938,20.7922,4.55959e-23,-4.55995e-23
0.134254,2.42052e-09,-1.74625e-07,-1.00843e-09,-6.32612e-09,5.68381e-09,8.88557e-07,8.42577,2.8109e-07,-2.93738e-10,-1.31731e-06,1.5708,20.7905,20.7884,-2.90916e-23,2.90944e-23
0.134217,5.63111e-10,-1.75132e-07,-3.11304e-09,-6.94083e-09,8.14599e-09,8.8957e-07,8.43248,2.81175e-07,-4.12792e-10,-1.31765e-06,1.5708,20.7871,20.7916,-6.38879e-23,6.38741e-23
0.134179,1.69148e-09,-1.7434e-07,2.26884e-08,-6.1971e-09,4.10456e-09,8.90606e-07,8.43919,2.8127e-07,2.57598e-10,-1.31799e-06,1.5708,20.7838,20.7867,8.32223e-23,-8.32104e-23
0.134141,5.34736e-09,-1.73597e-07,8.39413e-09,-5.27927e-09,8.43082e-10,8.91509e-07,8.4459,2.81403e-07,9.53333e-10,-1.31829e-06,1.5708,20.7804,20.779,1.78523e-30,-1.78535e-30
0.134104,6.9704e-09,-1.73958e-07,-2.07849e-08,-5.28955e-09,1.52988e-09,8.92275e-07,8.45261,2.81543e-07,4.4343e-10,-1.31857e-06,1.5708,20.777,20.7771,2.77373e-24,-2.77371e-24
0.134066,6.54338e-09,-1.74445e-07,-5.97821e-09,-5.37121e-09,3.71153e-10,8.93023e-07,8.45931,2.81662e-07,-1.38709e-10,-1.31885e-06,1.5708,20.7737,20.7692,6.21624e-23,-6.21759e-23
0.134028,3.72493e-09,-1.75781e-07,-1.17856e-08,-6.39838e-09,4.30571e-09,8.93846e-07,8.46601,2.81732e-07,-6.2966e-10,-1.31915e-06,1.5708,20.7703,20.7724,0,0
0.13399,2.46888e-09,-1.75878e-07,1.68985e-08,-6.33712e-09,2.90412e-09,8.94779e-07,8.47272,2.81768e-07,-3.08187e-10,-1.31948e-06,1.5708,20.767,20.7698,0,0
0.133953,4.35007e-09,-1.75348e-07,1.61202e-08,-5.65361e-09,5.182e-10,8.95687e-07,8.47941,2.81815e-07,5.26897e-10,-1.3198e-06,1.5708,20.7636,20.7589,0,0
0.133915,3.73447e-09,-1.761e-07,-2.72756e-08,-6.30204e-09,5.48269e-09,8.96551e-07,8.48611,2.81854e-07,-4.66493e-11,-1.32011e-06,1.5708,20.7603,20.7603,-7.57337e-25,7.57335e-25
0.133877,1.55091e-09,-1.76181e-07,-1.00367e-09,-6.41761e-09,5.48886e-09,8.97501e-07,8.49281,2.81873e-07,-5.90979e-10,-1.32044e-06,1.5708,20.7569,20.7589,-2.75039e-23,2.75013e-23
0.133839,1.54597e-09,-1.75587e-07,1.93399e-08,-5.88468e-09,3.40148e-09,8.98503e-07,8.4995,2.81905e-07,1.13634e-11,-1.32076e-06,1.5708,20.7536,20.7533,-3.62576e-24,3.6258e-24
0.133802,2.6167e-09,-1.75263e-07,-1.03108e-09,-5.57173e-09,4.01896e-09,8.99466e-07,8.50619,2.8196e-07,3.4132e-10,-1.32106e-06,1.5708,20.7502,20.755,0,0
0.133764,5.45347e-09,-1.74189e-07,1.08312e-08,-4.35757e-09,-8.42655e-10,9.00338e-07,8.51288,2.82051e-07,6.70084e-10,-1.32132e-06,1.5708,20.7469,20.7437,4.02955e-21,-4.03017e-21
0.133726,6.04545e-09,-1.74647e-07,-2.04385e-08,-4.53152e-09,1.35772e-09,9.01112e-07,8.51957,2.82154e-07,2.16968e-10,-1.32155e-06,1.5708,20.7436,20.7409,-7.64391e-23,7.6449e-23
0.133688,3.5521e-09,-1.75496e-07,-1.41284e-08,-5.14716e-09,3.68608e-09,9.01943e-07,8.52625,2.82223e-07,-6.2061e-10,-1.32181e-06,1.5708,20.7402,20.7414,3.3401e-23,-3.33991e-23
0.133651,2.0475e-09,-1.75576e-07,1.58417e-08,-5.06965e-09,2.47787e-09,9.0288e-07,8.53293,2.82269e-07,-3.77073e-10,-1.32208e-06,1.5708,20.7369,20.7361,-2.06666e-23,2.06674e-23
0.133613,1.90501e-09,-1.75711e-07,4.086e-09,-5.08569e-09,3.75743e-09,9.03845e-07,8.53962,2.82308e-07,5.14889e-11,-1.32234e-06,1.5708,20.7335,20.7288,6.74033e-23,-6.74187e-23
0.133575,-5.79275e-10,-1.76544e-07,-2.08882e-08,-5.9355e-09,9.31307e-09,9.04871e-07,8.5463,2.82322e-07,-5.42919e-10,-1.32263e-06,1.5708,20.7302,20.7265,3.98478e-21,-3.98549e-21
0.133537,-5.2037e-09,-1.77122e-07,-6.84253e-09,-6.77287e-09,1.37438e-08,9.06082e-07,8.55297,2.82299e-07,-1.1551e-09,-1.32296e-06,1.5708,20.7269,20.7291,-2.16697e-25,2.16674e-25
0.133499,-6.79075e-09,-1.76232e-07,2.68649e-08,-6.26903e-09,1.25072e-08,9.07449e-07,8.55965,2.82286e-07,-4.20791e-10,-1.3233e-06,1.5708,20.7235,20.7267,0,0
0.133461,-4.18254e-09,-1.74756e-07,1.84247e-08,-5.05114e-09,1.02232e-08,9.08774e-07,8.56632,2.82333e-07,6.75404e-10,-1.3236e-06,1.5708,20.7202,20.7188,2.00394e-23,-2.00407e-23
0.133424,-2.42545e-09,-1.7425e-07,-1.76635e-08,-4.59563e-09,1.16953e-08,9.09978e-07,8.573,2.82429e-07,4.54011e-10,-1.32385e-06,1.5708,20.7168,20.7207,3.98546e-21,-3.98472e-21
0.133386,-5.43611e-10,-1.73288e-07,6.93847e-09,-3.43604e-09,6.90248e-09,9.11103e-07,8.57967,2.82561e-07,3.45488e-10,-1.32406e-06,1.5708,20.7135,20.7165,4.32854e-23,-4.32791e-23
0.133348,2.83161e-09,-1.72692e-07,1.02982e-08,-2.30207e-09,2.2968e-09,9.12089e-07,8.58633,2.82732e-07,8.06747e-10,-1.32422e-06,1.5708,20.7102,20.7119,7.45871e-23,-7.45808e-23
0.13331,6.27325e-09,-1.72833e-07,-4.50134e-09,-1.60152e-09,-6.73416e-10,9.12898e-07,8.593,2.82912e-07,8.55731e-10,-1.32433e-06,1.5708,20.7068,20.7072,-5.19793e-24,5.19784e-24
0.133272,8.02491e-09,-1.73711e-07,-1.07676e-08,-1.4722e-09,-2.45616e-09,9.1358e-07,8.59967,2.83063e-07,4.25555e-10,-1.32441e-06,1.5708,20.7035,20.6988,-6.72832e-23,6.72986e-23
0.133235,5.86401e-09,-1.75795e-07,-2.22591e-08,-2.64821e-09,1.17693e-09,9.14271e-07,8.60633,2.83135e-07,-4.91628e-10,-1.32453e-06,1.5708,20.7002,20.7017,-2.23188e-23,2.23172e-23
0.133197,4.1088e-09,-1.76736e-07,1.4166e-08,-2.94266e-09,-4.21674e-10,9.15072e-07,8.61299,2.83131e-07,-4.54533e-10,-1.32468e-06,1.5708,20.6968,20.6987,2.02464e-21,-2.02446e-21
0.133159,5.10389e-09,-1.7701e-07,1.58866e-08,-2.77042e-09,-1.97699e-09,9.15884e-07,8.61965,2.83096e-07,3.21693e-10,-1.32484e-06,1.5708,20.6935,20.6943,0,0
0.133121,6.83912e-09,-1.77154e-07,-3.67583e-09,-2.63187e-09,-2.37291e-09,9.16621e-07,8.6263,2.83049e-07,5.01949e-10,-1.32499e-06,1.5708,20.6902,20.6951,7.04328e-23,-7.0416e-23
0.133083,9.95128e-09,-1.76407e-07,9.84258e-09,-1.66888e-09,-7.85807e-09,9.17246e-07,8.63296,2.83017e-07,7.49351e-10,-1.32511e-06,1.5708,20.6868,20.6917,-6.83909e-23,6.8375e-23
0.133045,1.47642e-08,-1.75558e-07,8.83634e-09,-5.18846e-10,-1.41237e-08,9.17671e-07,8.63961,2.83024e-07,1.2183e-09,-1.32517e-06,1.5708,20.6835,20.6838,3.342e-24,-3.34196e-24
0.133008,1.78829e-08,-1.75783e-07,-1.66028e-08,-3.80209e-10,-1.59437e-08,9.17896e-07,8.64626,2.83043e-07,8.51155e-10,-1.32521e-06,1.5708,20.6802,20.6831,-2.85334e-25,2.85294e-25
0.13297,1.98024e-08,-1.75912e-07,-1.53537e-09,-1.65182e-10,-2.03758e-08,9.18011e-07,8.65291,2.8305e-07,4.90414e-10,-1.32523e-06,1.5708,20.6769,20.6753,-2.29854e-23,2.29872e-23
0.132932,1.98054e-08,-1.76863e-07,-1.04935e-08,-8.91788e-10,-2.00374e-08,9.18078e-07,8.65956,2.83027e-07,1.246e-10,-1.32527e-06,1.5708,20.6735,20.6689,-6.65538e-23,6.65688e-23
0.132894,1.6378e-08,-1.78411e-07,-1.96718e-08,-2.55822e-09,-1.53436e-08,9.18237e-07,8.66621,2.82937e-07,-7.04412e-10,-1.32537e-06,1.5708,20.6702,20.6736,-6.69307e-25,6.69196e-25
0.132856,1.47521e-08,-1.78161e-07,2.27262e-08,-2.77758e-09,-1.79739e-08,9.18541e-07,8.67285,2.82815e-07,-3.4378e-10,-1.32552e-06,1.5708,20.6669,20.6623,1.95008e-22,-1.95051e-22
0.132818,1.27239e-08,-1.78605e-07,-1.10814e-08,-3.98295e-09,-1.24427e-08,9.18923e-07,8.67949,2.82685e-07,-2.73286e-10,-1.3257e-06,1.5708,20.6636,20.6667,0,0
0.13278,1.19944e-08,-1.77512e-07,1.10053e-08,-3.87964e-09,-1.40774e-08,9.19391e-07,8.68613,2.82573e-07,-1.27822e-10,-1.32591e-06,1.5708,20.6603,20.6639,5.15539e-23,-5.15447e-23
0.132742,1.40339e-08,-1.75815e-07,1.61952e-08,-3.13009e-09,-1.74991e-08,9.19827e-07,8.69277,2.82531e-07,5.99092e-10,-1.3261e-06,1.5708,20.6569,20.6574,-4.94631e-22,4.94619e-22
0.132704,1.60696e-08,-1.74765e-07,-8.54435e-09,-2.85668e-09,-1.7986e-08,9.20158e-07,8.69941,2.82556e-07,6.28811e-10,-1.32626e-06,1.5708,20.6536,20.6537,0,0
0.132666,1.62837e-08,-1.74213e-07,-1.09296e-08,-2.91484e-09,-1.8461e-08,9.20444e-07,8.70604,2.82619e-07,1.17447e-10,-1.32641e-06,1.5708,20.6503,20.6487,-4.55745e-23,4.5578e-23
0.132628,1.46834e-08,-1.74255e-07,-6.85454e-09,-3.45573e-09,-1.72919e-08,9.20773e-07,8.71267,2.82693e-07,-3.07941e-10,-1.32659e-06,1.5708,20.647,20.6472,0,0
0.132591,1.32591e-08,-1.7415e-07,5.54967e-09,-3.77706e-09,-1.7129e-08,9.21185e-07,8.7193,2.82767e-07,-2.58425e-10,-1.32678e-06,1.5708,20.6437,20.6455,2.60401e-23,-2.60378e-23
0.132553,1.35188e-08,-1.73713e-07,1.01874e-08,-3.6448e-09,-1.82762e-08,9.21629e-07,8.72593,2.82854e-07,1.7299e-10,-1.32698e-06,1.5708,20.6403,20.6411,0,0
0.132515,1.43177e-08,-1.73492e-07,-1.50186e-09,-3.57143e-09,-1.84821e-08,9.22049e-07,8.73256,2.82957e-07,3.16046e-10,-1.32717e-06,1.5708,20.637,20.6334,-4.02294e-21,4.02364e-21
0.132477,1.24081e-08,-1.74228e-07,-2.00132e-08,-4.4014e-09,-1.46102e-08,9.225e-07,8.73918,2.83043e-07,-3.55063e-10,-1.32738e-06,1.5708,20.6337,20.6298,0,0
0.132439,7.7995e-09,-1.75161e-07,-1.04117e-08,-5.54496e-09,-1.00825e-08,9.23126e-07,8.74581,2.83086e-07,-1.06544e-09,-1.32764e-06,1.5708,20.6304,20.6314,-3.32976e-26,3.32961e-26
0.132401,5.00032e-09,-1.74966e-07,1.95481e-08,-5.66747e-09,-9.74061e-09,9.23946e-07,8.75243,2.83112e-07,-6.33194e-10,-1.32794e-06,1.5708,20.6271,20.6248,2.03854e-21,-2.03876e-21
0.132363,3.35781e-09,-1.74912e-07,1.37806e-10,-5.96282e-09,-5.85445e-09,9.24867e-07,8.75905,2.83142e-07,-2.61994e-10,-1.32824e-06,1.5708,20.6238,20.6271,4.76447e-23,-4.7637e-23
0.132325,3.83815e-09,-1.73797e-07,1.22792e-08,-5.11945e-09,-7.75656e-09,9.25827e-07,8.76566,2.83204e-07,1.35029e-10,-1.32853e-06,1.5708,20.6205,20.6196,-4.47003e-26,4.47023e-26
0.132287,4.30269e-09,-1.73322e-07,-5.69161e-09,-4.72738e-09,-6.6469e-09,9.26757e-07,8.77228,2.83304e-07,1.8273e-10,-1.32879e-06,1.5708,20.6172,20.6185,-1.87898e-23,1.87886e-23
0.132249,4.67717e-09,-1.72805e-07,4.29486e-10,-4.09475e-09,-7.84243e-09,9.27674e-07,8.77889,2.83428e-07,8.97379e-11,-1.32902e-06,1.5708,20.6139,20.616,-3.14006e-23,3.13972e-23
0.132211,6.01397e-09,-1.72322e-07,7.56598e-09,-3.24227e-09,-1.03628e-08,9.28551e-07,8.7855,2.83577e-07,3.40923e-10,-1.32922e-06,1.5708,20.6106,20.6077,0,0
0.132173,5.6309e-09,-1.73028e-07,-1.5656e-08,-3.4068e-09,-7.71823e-09,9.29399e-07,8.79211,2.83717e-07,-1.99427e-11,-1.32939e-06,1.5708,20.6072,20.6053,-2.19428e-25,2.19449e-25
0.132135,3.23398e-09,-1.73931e-07,-8.37955e-09,-3.7672e-09,-5.56493e-09,9.30327e-07,8.79872,2.83815e-07,-5.83105e-10,-1.32959e-06,1.5708,20.6039,20.6015,0,0
0.132097,1.32902e-10,-1.74841e-07,3.84983e-10,-4.23689e-09,-2.60221e-09,9.31395e-07,8.80533,2.83866e-07,-7.28251e-10,-1.3298e-06,1.5708,20.6006,20.598,-1.93313e-21,1.93337e-21
0.132059,-2.94211e-09,-1.75555e-07,4.92676e-10,-4.68234e-09,1.27728e-09,9.32616e-07,8.81193,2.83875e-07,-7.05443e-10,-1.33004e-06,1.5708,20.5973,20.602,0,0
0.132021,-2.27661e-09,-1.74653e-07,2.60292e-08,-3.55984e-09,-2.02043e-09,9.33903e-07,8.81853,2.8389e-07,1.39877e-10,-1.33025e-06,1.5708,20.594,20.5984,-8.7294e-25,8.72754e-25
0.131983,2.00109e-09,-1.73444e-07,1.40933e-08,-1.93694e-09,-6.15847e-09,9.35056e-07,8.82513,2.83959e-07,1.08141e-09,-1.3304e-06,1.5708,20.5907,20.5939,-9.11492e-23,9.11352e-23
0.131945,6.6763e-09,-1.7275e-07,-6.2251e-09,-5.3738e-10,-1.00837e-08,9.35984e-07,8.83173,2.84073e-07,1.14635e-09,-1.33047e-06,1.5708,20.5874,20.592,-4.02802e-21,4.02713e-21
0.131907,1.11158e-08,-1.72347e-07,2.46074e-10,8.75855e-10,-1.65138e-08,9.36695e-07,8.83833,2.84212e-07,1.03778e-09,-1.33048e-06,1.5708,20.5841,20.5883,6.03846e-23,-6.03723e-23
0.131869,1.57416e-08,-1.72492e-07,2.96421e-09,2.02278e-09,-2.29226e-08,9.37183e-07,8.84492,2.84355e-07,1.13799e-09,-1.33042e-06,1.5708,20.5808,20.5792,-2.02498e-21,2.02513e-21
0.131831,1.74661e-08,-1.74159e-07,-2.13502e-08,1.72008e-09,-2.30947e-08,9.37512e-07,8.85151,2.84447e-07,5.08045e-10,-1.33033e-06,1.5708,20.5775,20.58,0,0
0.131793,1.80607e-08,-1.75446e-07,1.65087e-09,1.65176e-09,-2.66074e-08,9.37803e-07,8.85811,2.84461e-07,1.60434e-10,-1.33026e-06,1.5708,20.5742,20.5718,0,0
0.131755,1.70922e-08,-1.77322e-07,-9.05467e-09,6.85945e-10,-2.47928e-08,9.38104e-07,8.86469,2.84392e-07,-9.94465e-11,-1.33022e-06,1.5708,20.5709,20.5697,-1.82197e-23,1.82208e-23
0.131717,1.49187e-08,-1.78734e-07,-4.9313e-09,-3.00429e-10,-2.2909e-08,9.38495e-07,8.87128,2.84237e-07,-4.27916e-10,-1.33022e-06,1.5708,20.5677,20.5685,-1.28921e-23,1.28916e-23
0.131679,1.35639e-08,-1.79104e-07,8.92429e-09,-7.26375e-10,-2.29677e-08,9.38984e-07,8.87787,2.84036e-07,-2.33909e-10,-1.33026e-06,1.5708,20.5644,20.5624,0,0
0.131641,1.20135e-08,-1.79313e-07,-5.14409e-09,-1.43083e-09,-1.99544e-08,9.39545e-07,8.88445,2.83818e-07,-2.31728e-10,-1.33033e-06,1.5708,20.5611,20.5579,4.48287e-23,-4.48356e-23
0.131603,8.77232e-09,-1.79323e-07,-1.13187e-08,-2.37617e-09,-1.55527e-08,9.40235e-07,8.89103,2.83593e-07,-6.9205e-10,-1.33043e-06,1.5708,20.5578,20.5573,6.43862e-24,-6.43876e-24
0.131565,5.78356e-09,-1.78407e-07,7.05087e-09,-2.73734e-09,-1.38291e-08,9.41092e-07,8.89761,2.83389e-07,-6.78241e-10,-1.33057e-06,1.5708,20.5545,20.558,4.10529e-21,-4.10459e-21
0.131527,6.21887e-09,-1.76325e-07,2.23047e-08,-2.00626e-09,-1.60339e-08,9.42016e-07,8.90419,2.83262e-07,1.7054e-10,-1.3307e-06,1.5708,20.5512,20.5531,2.05349e-21,-2.0533e-21
0.131489,8.56492e-09,-1.74382e-07,2.63177e-09,-1.23057e-09,-1.71793e-08,9.42866e-07,8.91076,2.83234e-07,6.73897e-10,-1.3308e-06,1.5708,20.5479,20.5509,4.26681e-23,-4.26619e-23
0.131451,1.11718e-08,-1.72658e-07,-1.83115e-09,-3.39835e-10,-2.02396e-08,9.43601e-07,8.91733,2.83297e-07,6.647e-10,-1.33085e-06,1.5708,20.5446,20.5433,0,0
0.131413,1.16064e-08,-1.72228e-07,-1.46195e-08,-4.05896e-10,-1.97969e-08,9.44263e-07,8.92391,2.8341e-07,1.60828e-10,-1.33088e-06,1.5708,20.5413,20.5401,1.82719e-23,-1.8273e-23
0.131375,1.00519e-08,-1.72425e-07,-7.26107e-09,-8.87202e-10,-1.88631e-08,9.44966e-07,8.93048,2.83525e-07,-3.46878e-10,-1.33092e-06,1.5708,20.538,20.5367,1.00868e-21,-1.00875e-21
0.131337,7.90416e-09,-1.72887e-07,7.01008e-10,-1.52466e-09,-1.71944e-08,9.45768e-07,8.93704,2.83622e-07,-4.60794e-10,-1.331e-06,1.5708,20.5348,20.5348,-2.06026e-24,2.06025e-24
0.131299,6.58476e-09,-1.73126e-07,6.16753e-09,-1.87834e-09,-1.6262e-08,9.46661e-07,8.94361,2.83699e-07,-2.49632e-10,-1.33109e-06,1.5708,20.5315,20.5313,-4.7325e-24,4.73254e-24
0.131261,5.90106e-09,-1.73304e-07,1.37073e-09,-2.12036e-09,-1.50721e-08,9.47606e-07,8.95017,2.83764e-07,-8.98902e-11,-1.33121e-06,1.5708,20.5282,20.5328,-6.6552e-23,6.65371e-23
0.131223,7.72125e-09,-1.72578e-07,1.64353e-08,-1.32385e-09,-1.90079e-08,9.48532e-07,8.95674,2.83842e-07,4.63873e-10,-1.3313e-06,1.5708,20.5249,20.5277,-2.01905e-21,2.01878e-21
0.131185,1.10042e-08,-1.72122e-07,3.1501e-09,-5.57584e-10,-2.2011e-08,9.49329e-07,8.9633,2.83948e-07,8.73794e-10,-1.33136e-06,1.5708,20.5216,20.5198,-2.67927e-23,2.67951e-23
0.131147,1.17097e-08,-1.72846e-07,-2.15347e-08,-8.32505e-10,-2.07142e-08,9.5003e-07,8.96985,2.84043e-07,2.41327e-10,-1.33141e-06,1.5708,20.5184,20.517,1.88677e-23,-1.88689e-23
0.131109,9.80862e-09,-1.73814e-07,-9.12969e-09,-1.39527e-09,-1.9846e-08,9.50777e-07,8.97641,2.84093e-07,-4.56214e-10,-1.33148e-06,1.5708,20.5151,20.5142,1.29734e-23,-1.29739e-23
0.131071,7.64404e-09,-1.74599e-07,4.78673e-09,-1.91369e-09,-1.87386e-08,9.51633e-07,8.98297,2.84097e-07,-4.73975e-10,-1.33157e-06,1.5708,20.5118,20.5071,0,0
0.131032,4.13459e-09,-1.75778e-07,-1.11184e-08,-3.07846e-09,-1.28961e-08,9.52629e-07,8.98952,2.84048e-07,-7.41506e-10,-1.33171e-06,1.5708,20.5085,20.5094,1.00675e-21,-1.00671e-21
0.130994,1.62889e-09,-1.75674e-07,1.09913e-08,-3.22436e-09,-1.20197e-08,9.53789e-07,8.99607,2.83973e-07,-5.97349e-10,-1.33188e-06,1.5708,20.5052,20.5074,2.03106e-21,-2.03085e-21
0.130956,1.96207e-09,-1.74744e-07,1.63495e-08,-2.62187e-09,-1.29859e-08,9.55003e-07,9.00262,2.83923e-07,1.34098e-10,-1.33204e-06,1.5708,20.502,20.4999,0,0
0.130918,1.83833e-09,-1.74398e-07,-1.22199e-08,-2.60242e-09,-1.00013e-08,9.56205e-07,9.00916,2.83904e-07,4.84648e-11,-1.33218e-06,1.5708,20.4987,20.5019,0,0
0.13088,2.41988e-09,-1.73274e-07,8.50213e-09,-1.72539e-09,-1.28259e-08,9.57412e-07,9.01571,2.83921e-07,9.22384e-11,-1.3323e-06,1.5708,20.4954,20.4972,2.06463e-21,-2.06445e-21
0.130842,4.21815e-09,-1.72396e-07,6.59384e-09,-8.7783e-10,-1.49416e-08,9.58558e-07,9.02225,2.83986e-07,4.63744e-10,-1.33238e-06,1.5708,20.4921,20.4894,3.92288e-23,-3.9234e-23
0.130804,4.03121e-09,-1.72688e-07,-1.81001e-08,-1.04272e-09,-1.23276e-08,9.59661e-07,9.02879,2.84063e-07,6.14336e-12,-1.33244e-06,1.5708,20.4889,20.4903,2.05582e-23,-2.05568e-23
0.130766,3.33237e-09,-1.72632e-07,3.73283e-09,-7.75534e-10,-1.37058e-08,9.60803e-07,9.03533,2.84132e-07,-2.13728e-10,-1.3325e-06,1.5708,20.4856,20.487,-9.93908e-22,9.93842e-22
0.130728,3.9128e-09,-1.72553e-07,9.76271e-09,-3.68747e-10,-1.50992e-08,9.61948e-07,9.04187,2.84202e-07,1.6995e-10,-1.33254e-06,1.5708,20.4823,20.4788,-5.16863e-23,5.16951e-23
0.13069,2.84519e-09,-1.73455e-07,-1.67453e-08,-9.25947e-10,-1.11815e-08,9.63101e-07,9.04841,2.84248e-07,-1.84731e-10,-1.33258e-06,1.5708,20.4791,20.4839,-7.00241e-23,7.00076e-23
0.130652,3.45663e-09,-1.73017e-07,1.82839e-08,-1.33929e-10,-1.54971e-08,9.64285e-07,9.05494,2.84282e-07,8.82855e-11,-1.33262e-06,1.5708,20.4758,20.4746,-1.67921e-23,1.6793e-23
0.130614,4.37132e-09,-1.73365e-07,-3.88112e-09,-6.94785e-11,-1.45014e-08,9.6542e-07,9.06147,2.84314e-07,3.06872e-10,-1.33264e-06,1.5708,20.4725,20.4716,-1.34084e-23,1.3409e-23
0.130576,3.83797e-09,-1.73915e-07,-1.0892e-08,-2.58983e-10,-1.32181e-08,9.66553e-07,9.068,2.84322e-07,-1.15845e-10,-1.33266e-06,1.5708,20.4693,20.4678,-7.32164e-26,7.32216e-26
0.130538,2.00823e-09,-1.74513e-07,-3.91097e-09,-6.23242e-10,-1.16784e-08,9.67754e-07,9.07453,2.84297e-07,-4.46028e-10,-1.33269e-06,1.5708,20.466,20.4707,-6.89476e-23,6.89316e-23
0.1305,3.14704e-09,-1.73835e-07,2.42564e-08,2.40257e-10,-1.59487e-08,9.68982e-07,9.08105,2.84275e-07,2.59744e-10,-1.33271e-06,1.5708,20.4627,20.4648,-3.02931e-23,3.029e-23
0.130462,6.26778e-09,-1.73363e-07,3.85294e-09,9.81934e-10,-1.7905e-08,9.70094e-07,9.08758,2.84278e-07,8.39008e-10,-1.33269e-06,1.5708,20.4595,20.4599,5.76468e-24,-5.76456e-24
0.130424,8.0752e-09,-1.73432e-07,-1.38295e-08,1.24338e-09,-1.85644e-08,9.71089e-07,9.0941,2.84289e-07,4.6729e-10,-1.33265e-06,1.5708,20.4562,20.4555,-1.03672e-23,1.03676e-23
0.130385,7.65115e-09,-1.73929e-07,-9.84483e-09,1.04615e-09,-1.86174e-08,9.72061e-07,9.10062,2.84282e-07,-1.08496e-10,-1.3326e-06,1.5708,20.4529,20.4535,1.62203e-23,-1.62199e-23
0.130347,7.01073e-09,-1.74249e-07,4.73209e-09,9.32373e-10,-1.94389e-08,9.73068e-07,9.10714,2.84251e-07,-1.41319e-10,-1.33257e-06,1.5708,20.4497,20.447,7.87941e-23,-7.88045e-23
0.130309,5.41423e-09,-1.75008e-07,-7.88552e-09,2.13533e-10,-1.63196e-08,9.7413e-07,9.11366,2.84189e-07,-3.05889e-10,-1.33255e-06,1.5708,20.4464,20.4437,-4.01587e-23,4.01641e-23
0.130271,2.33728e-09,-1.75662e-07,-7.98875e-09,-6.68883e-10,-1.25371e-08,9.75317e-07,9.12017,2.8409e-07,-7.10712e-10,-1.33258e-06,1.5708,20.4432,20.4474,-1.23701e-22,1.23675e-22
0.130233,2.19063e-09,-1.74702e-07,2.52027e-08,-9.41718e-11,-1.56912e-08,9.76598e-07,9.12668,2.83997e-07,-5.11808e-11,-1.33261e-06,1.5708,20.4399,20.4409,0,0
0.130195,4.12741e-09,-1.73871e-07,4.42865e-09,3.81098e-10,-1.60856e-08,9.77824e-07,9.13319,2.83948e-07,5.64242e-10,-1.33261e-06,1.5708,20.4367,20.4376,-1.31662e-23,1.31656e-23
0.130157,5.56172e-09,-1.7324e-07,-8.62368e-09,7.32406e-10,-1.6674e-08,9.78972e-07,9.1397,2.83933e-07,3.705e-10,-1.33259e-06,1.5708,20.4334,20.4327,1.00578e-23,-1.00582e-23
0.130119,5.2845e-09,-1.73094e-07,-8.65088e-09,6.6363e-10,-1.64405e-08,9.80099e-07,9.14621,2.83934e-07,-6.92233e-11,-1.33257e-06,1.5708,20.4301,20.426,0,0
0.130081,2.37073e-09,-1.73757e-07,-1.39099e-08,-2.67533e-10,-1.23461e-08,9.8131e-07,9.15271,2.83917e-07,-6.78579e-10,-1.33257e-06,1.5708,20.4269,20.4274,-1.46996e-23,1.46993e-23
0.130043,3.79299e-11,-1.73636e-07,1.11474e-08,-5.11275e-10,-1.19291e-08,9.82665e-07,9.15922,2.83886e-07,-5.81792e-10,-1.33261e-06,1.5708,20.4236,20.4207,-2.94919e-25,2.9496e-25
0.130005,-2.07962e-09,-1.73796e-07,-2.20789e-09,-1.112e-09,-7.88462e-09,9.84124e-07,9.16572,2.83851e-07,-4.43651e-10,-1.33266e-06,1.5708,20.4204,20.4194,-1.4274e-23,1.42747e-23
0.129967,-4.1208e-09,-1.73554e-07,-3.52655e-10,-1.38656e-09,-5.39962e-09,9.85693e-07,9.17222,2.83816e-07,-4.96583e-10,-1.33273e-06,1.5708,20.4171,20.4213,-6.22407e-23,6.22279e-23
0.129929,-3.15191e-09,-1.72182e-07,2.17171e-08,-4.40925e-10,-8.67693e-09,9.87296e-07,9.17871,2.83822e-07,1.9439e-10,-1.33279e-06,1.5708,20.4139,20.4151,-1.76334e-23,1.76324e-23
0.129891,-6.55524e-10,-1.71264e-07,1.24319e-09,3.02967e-10,-9.66461e-09,9.88802e-07,9.18521,2.83883e-07,6.42113e-10,-1.33281e-06,1.5708,20.4106,20.41,0,0
0.129852,2.61685e-10,-1.71114e-07,-1.43286e-08,5.02867e-10,-9.22032e-09,9.90227e-07,9.1917,2.83967e-07,2.05298e-10,-1.3328e-06,1.5708,20.4074,20.4074,5.30851e-25,-5.3085e-25
0.129814,-1.47238e-10,-1.7124e-07,-2.92667e-09,5.80007e-10,-9.81827e-09,9.91649e-07,9.1982,2.84049e-07,-1.57668e-10,-1.33278e-06,1.5708,20.4041,20.4025,-2.0596e-21,2.05977e-21
0.129776,-1.32524e-09,-1.7183e-07,-2.36266e-09,2.59903e-10,-8.34949e-09,9.93111e-07,9.20469,2.8411e-07,-2.88578e-10,-1.33277e-06,1.5708,20.4009,20.4032,-3.34982e-23,3.34944e-23
0.129738,-1.01087e-09,-1.71805e-07,1.19854e-08,5.98327e-10,-1.01081e-08,9.94601e-07,9.21117,2.84155e-07,5.20517e-11,-1.33276e-06,1.5708,20.3977,20.3959,-2.51878e-23,2.51899e-23
0.1297,-1.01447e-09,-1.72361e-07,-7.43068e-09,3.77178e-10,-8.10435e-09,9.96077e-07,9.21766,2.84182e-07,3.83349e-11,-1.33275e-06,1.5708,20.3944,20.3896,-7.10308e-23,7.10477e-23
0.129662,-4.14631e-09,-1.73581e-07,-2.07031e-08,-6.59046e-10,-2.76648e-09,9.97635e-07,9.22414,2.84162e-07,-7.66337e-10,-1.33277e-06,1.5708,20.3912,20.3957,-3.97219e-21,3.9713e-21
0.129624,-4.80494e-09,-1.72986e-07,2.76985e-08,-1.24006e-12,-6.61904e-09,9.99305e-07,9.23063,2.84125e-07,-2.65333e-10,-1.3328e-06,1.5708,20.3879,20.3926,0,0
0.129586,-8.49156e-10,-1.71849e-07,2.3099e-08,1.32285e-09,-1.09877e-08,1.00088e-06,9.23711,2.84131e-07,9.96743e-10,-1.33278e-06,1.5708,20.3847,20.3862,4.44164e-23,-4.44131e-23
0.129548,3.29871e-09,-1.71426e-07,-1.21395e-08,2.132e-09,-1.26556e-08,1.00225e-06,9.24358,2.84173e-07,1.0407e-09,-1.3327e-06,1.5708,20.3814,20.3775,5.78289e-23,-5.78401e-23
0.12951,2.58159e-09,-1.72443e-07,-3.16733e-08,1.53466e-09,-9.86539e-09,1.00353e-06,9.25006,2.84195e-07,-2.04498e-10,-1.33262e-06,1.5708,20.3782,20.3827,-9.24744e-25,9.24539e-25
0.129472,2.56268e-09,-1.72254e-07,2.10903e-08,2.11261e-09,-1.51482e-08,1.00486e-06,9.25653,2.84194e-07,-1.21575e-10,-1.33254e-06,1.5708,20.375,20.3703,-6.8089e-23,6.81045e-23
0.129434,1.66585e-09,-1.73395e-07,-1.1818e-08,1.27856e-09,-1.07664e-08,1.0062e-06,9.26301,2.84164e-07,-1.05382e-10,-1.33247e-06,1.5708,20.3717,20.3719,3.97299e-24,-3.97296e-24
0.129396,1.53355e-10,-1.73844e-07,-1.98645e-09,9.22534e-10,-9.85219e-09,1.00761e-06,9.26948,2.84092e-07,-3.91111e-10,-1.33243e-06,1.5708,20.3685,20.3666,0,0
0.129358,-1.80077e-09,-1.7424e-07,-9.99031e-10,4.08827e-10,-7.45415e-09,1.0091e-06,9.27595,2.83996e-07,-4.60636e-10,-1.33241e-06,1.5708,20.3653,20.3604,-7.20224e-23,7.20397e-23
0.12932,-5.54206e-09,-1.74916e-07,-1.25449e-08,-6.7552e-10,-1.4956e-09,1.01074e-06,9.28241,2.83869e-07,-8.8261e-10,-1.33243e-06,1.5708,20.362,20.3592,2.00951e-21,-2.00978e-21
0.129282,-9.88147e-09,-1.74924e-07,8.3989e-10,-1.40844e-09,2.83194e-09,1.01259e-06,9.28888,2.83723e-07,-1.09144e-09,-1.33249e-06,1.5708,20.3588,20.3622,4.18453e-21,-4.18382e-21
0.129243,-1.03394e-08,-1.73312e-07,2.83524e-08,-6.25396e-10,9.68507e-10,1.01456e-06,9.29534,2.83619e-07,-1.65095e-10,-1.33255e-06,1.5708,20.3556,20.3549,-8.98826e-24,8.98853e-24
0.129205,-9.06984e-09,-1.7207e-07,-8.22097e-10,-9.61878e-11,2.59124e-09,1.01649e-06,9.3018,2.83583e-07,3.40718e-10,-1.33258e-06,1.5708,20.3523,20.3551,4.01953e-23,-4.01899e-23
0.129167,-7.14215e-09,-1.70552e-07,1.60109e-09,9.47796e-10,1.88355e-10,1.01835e-06,9.30826,2.83616e-07,3.76845e-10,-1.33257e-06,1.5708,20.3491,20.3448,6.11407e-23,-6.11534e-23
0.129129,-8.00333e-09,-1.70583e-07,-2.03135e-08,6.74269e-10,3.68247e-09,1.02017e-06,9.31472,2.83681e-07,-2.45629e-10,-1.33255e-06,1.5708,20.3459,20.3475,-2.40372e-23,2.40352e-23
0.129091,-8.82192e-09,-1.70128e-07,9.27756e-09,1.0555e-09,2.00585e-09,1.02205e-06,9.32118,2.83755e-07,-3.28988e-10,-1.33251e-06,1.5708,20.3426,20.3446,0,0
0.129053,-7.36998e-09,-1.6963e-07,1.46223e-08,1.72818e-09,-9.25138e-11,1.02391e-06,9.32763,2.8385e-07,3.14883e-10,-1.33246e-06,1.5708,20.3394,20.3412,-5.24357e-23,5.24311e-23
0.129015,-4.72721e-09,-1.69422e-07,9.03406e-10,2.3819e-09,-1.83467e-09,1.02566e-06,9.33408,2.8396e-07,6.18534e-10,-1.33236e-06,1.5708,20.3362,20.3337,3.63719e-23,-3.63763e-23
0.128977,-4.50583e-09,-1.70311e-07,-1.92597e-08,2.08867e-09,4.80399e-11,1.02733e-06,9.34053,2.84048e-07,1.6902e-11,-1.33226e-06,1.5708,20.333,20.3293,8.28324e-21,-8.28474e-21
0.128939,-7.40707e-09,-1.71729e-07,-1.36883e-08,1.1932e-09,3.29921e-09,1.02908e-06,9.34698,2.84074e-07,-7.84467e-10,-1.33219e-06,1.5708,20.3297,20.3324,-3.89571e-23,3.89521e-23
0.128901,-8.28344e-09,-1.71901e-07,2.28643e-08,1.42673e-09,9.84757e-10,1.03093e-06,9.35342,2.84059e-07,-3.07096e-10,-1.33214e-06,1.5708,20.3265,20.3295,-4.50702e-23,4.50635e-23
0.128863,-5.5923e-09,-1.71555e-07,1.68079e-08,2.19047e-09,-1.55678e-09,1.03272e-06,9.35987,2.84046e-07,6.62078e-10,-1.33206e-06,1.5708,20.3233,20.3217,0,0
0.128825,-3.98792e-09,-1.71987e-07,-1.8064e-08,2.17146e-09,7.02617e-11,1.0344e-06,9.36631,2.84026e-07,3.97467e-10,-1.33196e-06,1.5708,20.3201,20.3167,-4.25123e-21,4.25193e-21
0.128787,-6.00386e-09,-1.72924e-07,-1.96611e-08,1.4907e-09,2.90075e-09,1.03609e-06,9.37275,2.83968e-07,-5.73228e-10,-1.33189e-06,1.5708,20.3168,20.3191,2.10061e-21,-2.10038e-21
0.128749,-6.96978e-09,-1.7276e-07,1.86171e-08,1.74216e-09,4.84879e-10,1.03787e-06,9.37919,2.83889e-07,-3.44378e-10,-1.33182e-06,1.5708,20.3136,20.3182,0,0
0.128711,-3.7317e-09,-1.71769e-07,2.41259e-08,2.83621e-09,-3.93968e-09,1.03959e-06,9.38563,2.83837e-07,7.8017e-10,-1.33171e-06,1.5708,20.3104,20.3114,3.0488e-23,-3.04864e-23
0.128673,-1.03369e-11,-1.71381e-07,-9.45047e-09,3.43013e-09,-5.16721e-09,1.04112e-06,9.39206,2.83816e-07,9.29732e-10,-1.33157e-06,1.5708,20.3072,20.3044,1.61782e-22,-1.61804e-22
0.128635,-1.06753e-10,-1.72018e-07,-2.55941e-08,2.98503e-09,-3.42012e-09,1.04256e-06,9.39849,2.83784e-07,-6.96976e-11,-1.33142e-06,1.5708,20.304,20.302,-5.95197e-23,5.95256e-23
0.128597,-2.68817e-09,-1.72732e-07,-4.86453e-09,2.30077e-09,-2.20974e-09,1.04409e-06,9.40492,2.83714e-07,-7.06515e-10,-1.3313e-06,1.5708,20.3008,20.2991,0,0
0.128559,-5.083e-09,-1.73177e-07,6.46978e-09,1.66489e-09,-2.2186e-10,1.04573e-06,9.41135,2.83611e-07,-5.90211e-10,-1.33121e-06,1.5708,20.2975,20.2981,8.017e-24,-8.01679e-24
0.128521,-5.70842e-09,-1.72895e-07,9.92149e-09,1.58171e-09,3.84031e-10,1.04745e-06,9.41778,2.83503e-07,-1.50177e-10,-1.33114e-06,1.5708,20.2943,20.2925,2.10599e-21,-2.10619e-21
0.128483,-6.42411e-09,-1.72721e-07,-6.20951e-09,1.27069e-09,3.07288e-09,1.0492e-06,9.42421,2.83402e-07,-1.63472e-10,-1.33108e-06,1.5708,20.2911,20.289,-2.2162e-25,2.21643e-25
0.128445,-8.3329e-09,-1.72526e-07,-7.1992e-09,8.61196e-10,5.77412e-09,1.05101e-06,9.43063,2.83308e-07,-5.11409e-10,-1.33104e-06,1.5708,20.2879,20.2881,-2.63412e-22,2.63409e-22
0.128407,-9.57421e-09,-1.71786e-07,8.56305e-09,9.44554e-10,6.01355e-09,1.05291e-06,9.43705,2.83235e-07,-3.71612e-10,-1.33101e-06,1.5708,20.2847,20.2893,0,0
0.128369,-7.16864e-09,-1.70122e-07,2.30278e-08,2.10583e-09,1.81196e-09,1.05477e-06,9.44347,2.83222e-07,5.28895e-10,-1.33094e-06,1.5708,20.2815,20.2804,-1.02248e-21,1.02254e-21
0.128331,-4.89301e-09,-1.69553e-07,-1.21895e-08,2.4262e-09,2.66369e-09,1.0565e-06,9.44989,2.83261e-07,5.69754e-10,-1.33084e-06,1.5708,20.2783,20.278,-2.56124e-22,2.56127e-22
0.128293,-4.61162e-09,-1.69406e-07,-1.13486e-08,2.50857e-09,2.36814e-09,1.05818e-06,9.4563,2.83314e-07,-2.35164e-11,-1.33073e-06,1.5708,20.2751,20.2701,-7.39465e-23,7.39647e-23
0.128255,-7.49168e-09,-1.70359e-07,-1.58541e-08,1.52952e-09,6.5927e-09,1.05992e-06,9.46272,2.83342e-07,-7.45962e-10,-1.33064e-06,1.5708,20.2718,20.2759,1.20334e-22,-1.20309e-22
0.128217,-7.82939e-09,-1.6986e-07,2.65378e-08,2.02384e-09,3.00778e-09,1.06174e-06,9.46913,2.83357e-07,-1.9121e-10,-1.33056e-06,1.5708,20.2686,20.2714,-1.24903e-22,1.24886e-22
0.128179,-4.68312e-09,-1.69243e-07,1.49133e-08,2.81748e-09,4.25343e-10,1.06349e-06,9.47554,2.83398e-07,7.86098e-10,-1.33045e-06,1.5708,20.2654,20.2605,-1.45119e-22,1.45154e-22
0.128141,-4.65019e-09,-1.70203e-07,-3.21828e-08,2.10663e-09,5.22154e-09,1.06514e-06,9.48195,2.83424e-07,3.23303e-11,-1.33034e-06,1.5708,20.2622,20.2585,-7.78321e-25,7.78464e-25
0.128103,-8.58639e-09,-1.7131e-07,-1.57389e-08,1.0944e-09,8.68496e-09,1.06691e-06,9.48835,2.83395e-07,-1.07753e-09,-1.33028e-06,1.5708,20.259,20.2603,1.87209e-23,-1.87197e-23
0.128065,-1.0713e-08,-1.71255e-07,2.37701e-08,1.09006e-09,7.67547e-09,1.06883e-06,9.49476,2.83338e-07,-6.0966e-10,-1.33023e-06,1.5708,20.2558,20.2553,-2.60938e-26,2.60944e-26
0.128027,-1.0412e-08,-1.71049e-07,8.1997e-09,1.17778e-09,9.15677e-09,1.07078e-06,9.50116,2.83285e-07,9.98406e-11,-1.33019e-06,1.5708,20.2526,20.2567,0,0
0.127989,-7.74515e-09,-1.69962e-07,1.01552e-08,2.21344e-09,5.88761e-09,1.07265e-06,9.50756,2.83263e-07,5.80099e-10,-1.33011e-06,1.5708,20.2494,20.2514,-2.08543e-21,2.08523e-21
0.127951,-4.48809e-09,-1.69202e-07,-9.70569e-10,3.12104e-09,3.10325e-09,1.07437e-06,9.51396,2.83284e-07,7.39767e-10,-1.32999e-06,1.5708,20.2462,20.2423,-5.78342e-23,5.78452e-23
0.127913,-4.64793e-09,-1.69867e-07,-2.48442e-08,2.69609e-09,5.81414e-09,1.07601e-06,9.52035,2.83303e-07,-7.643e-11,-1.32986e-06,1.5708,20.243,20.2441,-1.55822e-23,1.55814e-23
0.127875,-5.62987e-09,-1.70038e-07,5.62304e-09,2.74494e-09,4.14511e-09,1.07769e-06,9.52675,2.83297e-07,-3.62209e-10,-1.32973e-06,1.5708,20.2398,20.2386,0,0
0.127837,-6.11791e-09,-1.70432e-07,4.08064e-09,2.53836e-09,5.07813e-09,1.0794e-06,9.53314,2.83274e-07,-1.25657e-10,-1.32961e-06,1.5708,20.2366,20.2353,-1.03919e-21,1.03926e-21
0.127799,-6.79359e-09,-1.70832e-07,-4.07891e-09,2.23374e-09,6.91982e-09,1.08113e-06,9.53953,2.83227e-07,-1.80143e-10,-1.32951e-06,1.5708,20.2334,20.2358,3.51449e-23,-3.51408e-23
0.127761,-6.15476e-09,-1.70441e-07,1.06653e-08,2.66975e-09,4.83317e-09,1.08287e-06,9.54592,2.83178e-07,8.58894e-11,-1.3294e-06,1.5708,20.2302,20.2267,5.32514e-23,-5.32608e-23
0.127723,-6.79965e-09,-1.70906e-07,-1.34805e-08,2.19276e-09,8.23095e-09,1.08459e-06,9.55231,2.83122e-07,-1.46975e-10,-1.32929e-06,1.5708,20.227,20.2237,4.9306e-23,-4.93141e-23
0.127685,-9.67343e-09,-1.71444e-07,-1.13939e-08,1.46342e-09,1.18403e-08,1.08641e-06,9.55869,2.83037e-07,-7.66185e-10,-1.32921e-06,1.5708,20.2238,20.2196,4.24039e-21,-4.24128e-21
0.127647,-1.38735e-08,-1.71913e-07,-3.09094e-09,5.6061e-10,1.65846e-08,1.0884e-06,9.56508,2.82924e-07,-1.07966e-09,-1.32917e-06,1.5708,20.2207,20.2187,-2.8738e-23,2.87407e-23
0.127609,-1.71061e-08,-1.71638e-07,9.0531e-09,1.86563e-10,1.98397e-08,1.09057e-06,9.57146,2.82804e-07,-8.47185e-10,-1.32916e-06,1.5708,20.2175,20.2214,5.68237e-23,-5.68127e-23
0.127571,-1.60804e-08,-1.69922e-07,2.62521e-08,1.2651e-09,1.73004e-08,1.0928e-06,9.57784,2.82735e-07,1.65956e-10,-1.32914e-06,1.5708,20.2143,20.2097,-4.04123e-21,4.04215e-21
0.127533,-1.60024e-08,-1.69528e-07,-1.99107e-08,1.14743e-09,2.2249e-08,1.09497e-06,9.58422,2.82713e-07,1.91488e-11,-1.32909e-06,1.5708,20.2111,20.2152,6.14313e-23,-6.14188e-23
0.127495,-1.50239e-08,-1.68063e-07,1.21788e-08,2.28794e-09,1.82429e-08,1.09712e-06,9.59059,2.82738e-07,3.6657e-11,-1.32901e-06,1.5708,20.2079,20.2041,4.24809e-21,-4.2489e-21
0.127457,-1.51282e-08,-1.68027e-07,-1.05468e-08,2.2403e-09,2.10502e-08,1.09924e-06,9.59696,2.82795e-07,-7.35465e-11,-1.32891e-06,1.5708,20.2047,20.2031,-2.41324e-23,2.41344e-23
0.12742,-1.64683e-08,-1.68164e-07,-5.68128e-09,2.14286e-09,2.26637e-08,1.10139e-06,9.60334,2.82847e-07,-4.54107e-10,-1.32882e-06,1.5708,20.2015,20.1989,7.69946e-23,-7.70045e-23
0.127382,-1.84557e-08,-1.68559e-07,-9.07454e-10,1.84846e-09,2.51412e-08,1.10362e-06,9.60971,2.82881e-07,-5.90074e-10,-1.32873e-06,1.5708,20.1983,20.2001,2.57399e-23,-2.57377e-23
0.127344,-1.83482e-08,-1.6822e-07,1.58612e-08,2.37068e-09,2.38304e-08,1.10589e-06,9.61607,2.82913e-07,-9.76962e-11,-1.32863e-06,1.5708,20.1951,20.1967,2.27435e-23,-2.27418e-23
0.127306,-1.61453e-08,-1.67811e-07,7.93408e-09,3.13571e-09,2.23335e-08,1.10808e-06,9.62244,2.8296e-07,4.54967e-10,-1.32851e-06,1.5708,20.192,20.1922,-4.1542e-24,4.15415e-24
0.127268,-1.40489e-08,-1.67814e-07,-6.08028e-09,3.66475e-09,2.15137e-08,1.11016e-06,9.62881,2.83013e-07,4.08723e-10,-1.32835e-06,1.5708,20.1888,20.1857,9.07827e-23,-9.07964e-23
0.12723,-1.45105e-08,-1.68687e-07,-1.62433e-08,3.37446e-09,2.34796e-08,1.1122e-06,9.63517,2.8304e-07,-2.27172e-10,-1.32818e-06,1.5708,20.1856,20.1868,1.75497e-23,-1.75487e-23
0.127192,-1.47801e-08,-1.68994e-07,9.58757e-09,3.61883e-09,2.16241e-08,1.11425e-06,9.64153,2.83034e-07,-2.24151e-10,-1.32802e-06,1.5708,20.1824,20.1866,6.19593e-23,-6.19464e-23
0.127154,-1.17107e-08,-1.68567e-07,2.17451e-08,4.65655e-09,1.69266e-08,1.11622e-06,9.64789,2.83029e-07,6.54427e-10,-1.32782e-06,1.5708,20.1792,20.1809,2.07897e-21,-2.0788e-21
0.127116,-7.55508e-09,-1.6855e-07,-2.83817e-09,5.39819e-09,1.44367e-08,1.118e-06,9.65424,2.8303e-07,9.71703e-10,-1.32758e-06,1.5708,20.1761,20.1772,0,0
0.127079,-4.72878e-09,-1.68909e-07,-1.03105e-08,5.81314e-09,1.17994e-08,1.1196e-06,9.6606,2.83019e-07,5.87484e-10,-1.32731e-06,1.5708,20.1729,20.1761,4.26217e-21,-4.26148e-21
0.127041,-1.87501e-09,-1.69078e-07,5.90823e-09,6.43239e-09,6.68676e-09,1.12106e-06,9.66695,2.8299e-07,5.83947e-10,-1.32702e-06,1.5708,20.1697,20.1692,5.25513e-22,-5.25526e-22
0.127003,9.46429e-11,-1.69938e-07,-7.12701e-09,6.2979e-09,5.53393e-09,1.12239e-06,9.6733,2.8293e-07,4.6608e-10,-1.32671e-06,1.5708,20.1665,20.1678,-6.8547e-26,6.85426e-26
0.126965,1.45038e-09,-1.70587e-07,-1.52178e-09,6.2022e-09,3.24143e-09,1.12364e-06,9.67965,2.82827e-07,2.83545e-10,-1.32641e-06,1.5708,20.1633,20.1679,-6.77584e-23,6.77433e-23
0.126927,4.53731e-09,-1.70454e-07,1.4397e-08,6.75053e-09,-2.30142e-09,1.12478e-06,9.686,2.82708e-07,7.17639e-10,-1.3261e-06,1.5708,20.1602,20.1559,-6.3969e-23,6.39825e-23
0.126889,5.02937e-09,-1.71652e-07,-2.44847e-08,5.74753e-09,8.17085e-10,1.12581e-06,9.69234,2.82556e-07,2.01492e-10,-1.3258e-06,1.5708,20.157,20.1528,6.31346e-23,-6.31478e-23
0.126851,1.47163e-09,-1.72921e-07,-1.97073e-08,4.21997e-09,4.67703e-09,1.12694e-06,9.69869,2.82336e-07,-8.91296e-10,-1.32556e-06,1.5708,20.1538,20.1574,-4.32418e-21,4.32342e-21
0.126814,2.61487e-10,-1.723e-07,2.85197e-08,4.19368e-09,1.33967e-09,1.12819e-06,9.70503,2.82098e-07,-3.45262e-10,-1.32536e-06,1.5708,20.1507,20.1534,-2.0948e-21,2.09451e-21
0.126776,2.93045e-09,-1.71067e-07,1.71777e-08,4.63645e-09,-9.14778e-10,1.12939e-06,9.71137,2.81904e-07,7.41951e-10,-1.32515e-06,1.5708,20.1475,20.1444,2.09023e-21,-2.09055e-21
0.126738,3.64113e-09,-1.70759e-07,-2.52733e-08,4.056e-09,2.32892e-09,1.1305e-06,9.71771,2.81744e-07,2.52678e-10,-1.32495e-06,1.5708,20.1443,20.1439,5.34362e-22,-5.34372e-22
0.1267,2.09103e-09,-1.70173e-07,-6.78544e-09,3.63725e-09,2.32407e-09,1.13164e-06,9.72404,2.81603e-07,-4.39726e-10,-1.32477e-06,1.5708,20.1411,20.1377,5.10419e-23,-5.10506e-23
0.126662,-7.18083e-10,-1.69977e-07,-2.88964e-09,2.72399e-09,5.41314e-09,1.13289e-06,9.73038,2.81477e-07,-6.60107e-10,-1.32462e-06,1.5708,20.138,20.1386,-8.72577e-24,8.72552e-24
0.126624,-2.12869e-09,-1.69036e-07,1.17309e-08,2.50519e-09,5.74418e-09,1.13424e-06,9.73671,2.81378e-07,-3.37674e-10,-1.3245e-06,1.5708,20.1348,20.1318,-4.58703e-23,4.58772e-23
0.126586,-3.68682e-09,-1.68525e-07,-6.37038e-09,1.87954e-09,9.56549e-09,1.13566e-06,9.74304,2.81311e-07,-3.22231e-10,-1.3244e-06,1.5708,20.1316,20.1296,-2.15154e-25,2.15176e-25
0.126549,-6.03558e-09,-1.67938e-07,-4.64294e-09,1.3641e-09,1.24463e-08,1.13718e-06,9.74937,2.81268e-07,-5.91112e-10,-1.32433e-06,1.5708,20.1285,20.1307,3.41367e-23,-3.41328e-23
0.126511,-6.31897e-09,-1.66559e-07,1.73823e-08,1.80635e-09,1.07587e-08,1.13876e-06,9.75569,2.81274e-07,-1.19995e-10,-1.32427e-06,1.5708,20.1253,20.123,6.84415e-23,-6.84492e-23
0.126473,-6.37058e-09,-1.65986e-07,-5.77516e-09,1.69545e-09,1.3295e-08,1.14033e-06,9.76202,2.81325e-07,2.07453e-11,-1.32419e-06,1.5708,20.1222,20.1232,1.59158e-23,-1.59149e-23
0.126435,-6.23587e-09,-1.65234e-07,1.67524e-09,2.02656e-09,1.2539e-08,1.14191e-06,9.76834,2.81407e-07,-3.38434e-11,-1.32411e-06,1.5708,20.119,20.1202,0,0
0.126397,-5.22525e-09,-1.6464e-07,6.33644e-09,2.5237e-09,1.09524e-08,1.14346e-06,9.77466,2.8152e-07,2.01183e-10,-1.32401e-06,1.5708,20.1158,20.114,2.80866e-23,-2.80892e-23
0.12636,-5.07231e-09,-1.64914e-07,-9.10994e-09,2.42363e-09,1.24269e-08,1.14496e-06,9.78098,2.81636e-07,2.75159e-11,-1.32389e-06,1.5708,20.1127,20.1128,2.62381e-24,-2.62379e-24
0.126322,-5.37285e-09,-1.65195e-07,1.18694e-10,2.49686e-09,1.2006e-08,1.14647e-06,9.7873,2.81736e-07,-1.39688e-10,-1.32378e-06,1.5708,20.1095,20.1119,0,0
0.126284,-4.0928e-09,-1.65157e-07,1.24835e-08,3.07405e-09,9.28608e-09,1.14795e-06,9.79361,2.81826e-07,2.63579e-10,-1.32365e-06,1.5708,20.1063,20.1079,-2.27101e-23,2.27084e-23
0.126246,-1.69657e-09,-1.65331e-07,2.53619e-09,3.63009e-09,7.34774e-09,1.14934e-06,9.79993,2.8191e-07,5.79519e-10,-1.3235e-06,1.5708,20.1032,20.1058,-3.9305e-23,3.92999e-23
0.126209,1.11724e-09,-1.65523e-07,6.66604e-10,4.33132e-09,4.00791e-09,1.15059e-06,9.80624,2.81981e-07,6.48749e-10,-1.32331e-06,1.5708,20.1,20.0991,-4.87447e-26,4.87469e-26
0.126171,2.33954e-09,-1.66484e-07,-1.15295e-08,4.32563e-09,3.631e-09,1.15173e-06,9.81255,2.82018e-07,2.91051e-10,-1.3231e-06,1.5708,20.0969,20.0949,0,0
0.126133,1.34327e-09,-1.6781e-07,-1.05052e-08,3.83155e-09,4.70327e-09,1.15287e-06,9.81886,2.81993e-07,-2.62827e-10,-1.32291e-06,1.5708,20.0937,20.0916,0,0
0.126095,-8.24273e-10,-1.69018e-07,-2.26337e-09,3.18709e-09,6.56431e-09,1.1541e-06,9.82516,2.819e-07,-5.3286e-10,-1.32275e-06,1.5708,20.0906,20.0916,1.56686e-23,-1.56677e-23
0.126057,-1.5365e-09,-1.69274e-07,1.24795e-08,3.21825e-09,6.00037e-09,1.15539e-06,9.83147,2.81768e-07,-1.74577e-10,-1.3226e-06,1.5708,20.0874,20.0916,0,0
0.12602,1.02399e-09,-1.68478e-07,1.79764e-08,4.17876e-09,2.24616e-09,1.15663e-06,9.83777,2.81648e-07,6.37219e-10,-1.32243e-06,1.5708,20.0843,20.0813,2.06094e-21,-2.06124e-21
0.125982,2.01297e-09,-1.68711e-07,-2.0738e-08,4.02546e-09,4.81538e-09,1.15777e-06,9.84407,2.81537e-07,3.08625e-10,-1.32223e-06,1.5708,20.0811,20.0789,-2.42379e-25,2.42406e-25
0.125944,-6.18562e-12,-1.69037e-07,-1.43061e-08,3.58223e-09,6.64777e-09,1.15895e-06,9.85037,2.81407e-07,-5.40247e-10,-1.32205e-06,1.5708,20.078,20.0783,0,0
0.125907,-1.60359e-09,-1.6872e-07,1.19789e-08,3.61072e-09,6.02632e-09,1.16022e-06,9.85666,2.81275e-07,-4.24138e-10,-1.32189e-06,1.5708,20.0748,20.0701,-7.10236e-23,7.10402e-23
0.125869,-3.96278e-09,-1.69014e-07,-9.4243e-09,2.85124e-09,1.11719e-08,1.16157e-06,9.86296,2.81138e-07,-5.0219e-10,-1.32174e-06,1.5708,20.0717,20.0739,-2.39962e-25,2.39935e-25
0.125831,-4.79732e-09,-1.68041e-07,1.32403e-08,3.24069e-09,1.00565e-08,1.16301e-06,9.86925,2.81017e-07,-2.53889e-10,-1.3216e-06,1.5708,20.0685,20.0652,4.2568e-21,-4.2575e-21
0.125793,-5.92688e-09,-1.67701e-07,-7.13716e-09,2.97868e-09,1.36329e-08,1.16449e-06,9.87554,2.80925e-07,-2.34716e-10,-1.32145e-06,1.5708,20.0654,20.0702,2.19212e-22,-2.1916e-22
0.125756,-4.56354e-09,-1.66092e-07,1.9245e-08,4.09028e-09,9.42306e-09,1.16597e-06,9.88183,2.80881e-07,2.49544e-10,-1.32129e-06,1.5708,20.0622,20.0652,4.53915e-23,-4.53848e-23
0.125718,-8.65698e-10,-1.64734e-07,9.18063e-09,5.2692e-09,5.866e-09,1.1673e-06,9.88811,2.80907e-07,9.059e-10,-1.32106e-06,1.5708,20.0591,20.0566,3.81551e-23,-3.81599e-23
0.12568,4.33548e-10,-1.64865e-07,-2.33105e-08,5.22493e-09,7.47045e-09,1.16851e-06,9.8944,2.80959e-07,3.29614e-10,-1.32081e-06,1.5708,20.0559,20.0593,0,0
0.125643,1.42379e-09,-1.64557e-07,7.55533e-09,5.81612e-09,3.10587e-09,1.16967e-06,9.90068,2.81012e-07,1.34846e-10,-1.32055e-06,1.5708,20.0528,20.0536,1.15466e-23,-1.15461e-23
0.125605,3.11612e-09,-1.64793e-07,4.88791e-09,6.05857e-09,1.17898e-09,1.17075e-06,9.90696,2.81062e-07,4.3378e-10,-1.32026e-06,1.5708,20.0497,20.049,0,0
0.125567,3.9928e-09,-1.65569e-07,-8.78717e-09,5.83327e-09,1.33289e-09,1.17177e-06,9.91324,2.81081e-07,2.43367e-10,-1.31997e-06,1.5708,20.0465,20.0445,3.08939e-23,-3.0897e-23
0.12553,2.8528e-09,-1.66717e-07,-1.09493e-08,5.14779e-09,2.86006e-09,1.17279e-06,9.91952,2.81046e-07,-2.73314e-10,-1.31971e-06,1.5708,20.0434,20.0457,-3.50963e-23,3.50922e-23
0.125492,2.76513e-09,-1.66988e-07,1.35594e-08,5.20549e-09,4.30454e-10,1.17385e-06,9.9258,2.80973e-07,-4.33143e-11,-1.31946e-06,1.5708,20.0402,20.0452,-7.53795e-23,7.53608e-23
0.125454,6.14739e-09,-1.66427e-07,2.01847e-08,6.08319e-09,-4.59142e-09,1.17483e-06,9.93207,2.80905e-07,8.59754e-10,-1.31919e-06,1.5708,20.0371,20.037,-1.3128e-24,1.31281e-24
0.125417,9.08164e-09,-1.66646e-07,-1.3641e-08,6.1953e-09,-5.10604e-09,1.17563e-06,9.93834,2.8084e-07,8.00715e-10,-1.3189e-06,1.5708,20.034,20.0292,-7.16553e-23,7.16722e-23
0.125379,7.22909e-09,-1.67928e-07,-3.02826e-08,5.06067e-09,-1.37431e-09,1.17642e-06,9.94461,2.8073e-07,-4.28065e-10,-1.31863e-06,1.5708,20.0308,20.0331,-2.09416e-21,2.09393e-21
0.125341,5.46671e-09,-1.67966e-07,1.60359e-08,4.91278e-09,-3.98446e-09,1.17731e-06,9.95088,2.80585e-07,-4.81509e-10,-1.31839e-06,1.5708,20.0277,20.0303,1.20344e-22,-1.20328e-22
0.125304,6.98792e-09,-1.6738e-07,1.99354e-08,5.27471e-09,-6.45321e-09,1.1782e-06,9.95715,2.80451e-07,4.59892e-10,-1.31815e-06,1.5708,20.0246,20.0259,-2.05235e-23,2.05221e-23
0.125266,9.48586e-09,-1.66854e-07,-3.97856e-09,5.54857e-09,-7.42451e-09,1.17898e-06,9.96341,2.8034e-07,7.06485e-10,-1.31789e-06,1.5708,20.0214,20.0198,-4.27972e-21,4.28006e-21
0.125229,9.53344e-09,-1.66925e-07,-1.79636e-08,5.171e-09,-6.36397e-09,1.1797e-06,9.96967,2.80236e-07,5.48745e-11,-1.31763e-06,1.5708,20.0183,20.0141,6.4562e-23,-6.45757e-23
0.125191,6.20823e-09,-1.67565e-07,-1.54782e-08,4.04308e-09,-2.68732e-09,1.18051e-06,9.97593,2.80109e-07,-7.79658e-10,-1.31741e-06,1.5708,20.0152,20.0117,5.30484e-23,-5.30577e-23
0.125153,1.65273e-09,-1.6795e-07,-1.98048e-11,2.89662e-09,1.34376e-09,1.18153e-06,9.98219,2.79952e-07,-1.07115e-09,-1.31725e-06,1.5708,20.012,20.0078,-9.13019e-25,9.13211e-25
0.125116,-2.99308e-09,-1.68043e-07,4.86024e-10,1.75792e-09,7.10885e-09,1.18276e-06,9.98845,2.7978e-07,-1.05627e-09,-1.31715e-06,1.5708,20.0089,20.0112,2.06253e-21,-2.0623e-21
0.125078,-4.46423e-09,-1.66573e-07,2.16879e-08,2.06049e-09,6.92659e-09,1.18416e-06,9.9947,2.79641e-07,-3.50688e-10,-1.31706e-06,1.5708,20.0058,20.0099,6.25004e-23,-6.24876e-23
0.12504,-1.8312e-09,-1.64362e-07,1.92008e-08,3.30397e-09,3.96506e-09,1.18551e-06,10.001,2.79594e-07,6.73268e-10,-1.31694e-06,1.5708,20.0026,20.0025,0,0
0.125003,6.42895e-10,-1.63096e-07,-1.23412e-08,3.95915e-09,4.02659e-09,1.18673e-06,10.0072,2.7963e-07,6.37459e-10,-1.31677e-06,1.5708,19.9995,19.9948,1.43831e-22,-1.43865e-22
0.124965,-1.22423e-09,-1.63301e-07,-2.76326e-08,3.38494e-09,7.87703e-09,1.18794e-06,10.0135,2.79688e-07,-4.81831e-10,-1.3166e-06,1.5708,19.9964,19.9934,0,0
0.124928,-5.3436e-09,-1.63705e-07,-2.22803e-09,2.69748e-09,1.05645e-08,1.1893e-06,10.0197,2.79726e-07,-1.07235e-09,-1.31646e-06,1.5708,19.9933,19.9892,-6.24848e-23,6.24976e-23
0.12489,-9.52585e-09,-1.64269e-07,3.41422e-09,1.85089e-09,1.54215e-08,1.19086e-06,10.0259,2.79736e-07,-1.00485e-09,-1.31635e-06,1.5708,19.9901,19.9946,-1.5435e-24,1.54315e-24
0.124852,-9.27027e-09,-1.63198e-07,2.98284e-08,2.74331e-09,1.27157e-08,1.19252e-06,10.0322,2.79758e-07,1.72733e-11,-1.31625e-06,1.5708,19.987,19.986,-5.33735e-26,5.33761e-26
0.124815,-7.62246e-09,-1.62807e-07,-4.11428e-09,3.19844e-09,1.42658e-08,1.19411e-06,10.0384,2.79813e-07,4.45086e-10,-1.31611e-06,1.5708,19.9839,19.9825,0,0
0.124777,-7.72405e-09,-1.62888e-07,-1.43411e-08,3.36137e-09,1.56065e-08,1.19567e-06,10.0447,2.79872e-07,-9.27704e-11,-1.31596e-06,1.5708,19.9808,19.9806,2.20802e-24,-2.20804e-24
0.12474,-8.48982e-09,-1.6299e-07,2.35375e-09,3.63824e-09,1.51028e-08,1.19725e-06,10.0509,2.79923e-07,-2.86414e-10,-1.3158e-06,1.5708,19.9777,19.977,0,0
0.124702,-8.77275e-09,-1.63269e-07,4.15153e-09,3.84262e-09,1.54991e-08,1.19884e-06,10.0571,2.7996e-07,-1.08935e-10,-1.31562e-06,1.5708,19.9745,19.9704,-6.30504e-23,6.30634e-23
0.124665,-1.05727e-08,-1.6424e-07,-1.32073e-08,3.33959e-09,1.97292e-08,1.20048e-06,10.0634,2.79961e-07,-4.55371e-10,-1.31545e-06,1.5708,19.9714,19.973,-1.04068e-21,1.0406e-21
0.124627,-1.14524e-08,-1.64253e-07,1.17914e-08,3.73998e-09,1.86182e-08,1.20219e-06,10.0696,2.79936e-07,-3.24626e-10,-1.31529e-06,1.5708,19.9683,19.9675,-1.08763e-21,1.08768e-21
0.12459,-1.12654e-08,-1.64375e-07,3.83516e-09,4.02947e-09,1.94744e-08,1.2039e-06,10.0758,2.79903e-07,1.9857e-11,-1.3151e-06,1.5708,19.9652,19.9691,4.35077e-21,-4.34993e-21
0.124552,-8.82819e-09,-1.63697e-07,1.29087e-08,5.18753e-09,1.57812e-08,1.20555e-06,10.0821,2.79882e-07,5.06613e-10,-1.31488e-06,1.5708,19.9621,19.9661,0,0
0.124515,-4.4199e-09,-1.6297e-07,8.24125e-09,6.59897e-09,1.09018e-08,1.20701e-06,10.0883,2.79893e-07,1.01392e-09,-1.3146e-06,1.5708,19.959,19.9565,3.80316e-23,-3.80364e-23
0.124477,-2.58267e-09,-1.637e-07,-2.31271e-08,6.67497e-09,1.18099e-08,1.20831e-06,10.0945,2.79898e-07,4.2593e-10,-1.31428e-06,1.5708,19.9558,19.9555,-2.66593e-22,2.66597e-22
0.12444,-3.08151e-09,-1.64527e-07,-6.89078e-09,6.59674e-09,1.08658e-08,1.20958e-06,10.1007,2.79858e-07,-2.29505e-10,-1.31396e-06,1.5708,19.9527,19.9511,-2.1539e-21,2.15408e-21
0.124402,-4.24888e-09,-1.65493e-07,1.34303e-09,6.21672e-09,1.15829e-08,1.21089e-06,10.107,2.79769e-07,-3.15798e-10,-1.31365e-06,1.5708,19.9496,19.9501,-5.30141e-22,5.30128e-22
0.124365,-4.40162e-09,-1.6591e-07,7.369e-09,6.17481e-09,1.12721e-08,1.21223e-06,10.1132,2.7964e-07,-5.39308e-11,-1.31335e-06,1.5708,19.9465,19.9435,-4.69312e-23,4.69384e-23
0.124327,-5.45878e-09,-1.66613e-07,-1.01177e-08,5.59499e-09,1.44531e-08,1.21358e-06,10.1194,2.79479e-07,-2.40679e-10,-1.31307e-06,1.5708,19.9434,19.9417,0,0
0.12429,-7.44944e-09,-1.6688e-07,-3.26067e-09,5.15001e-09,1.64109e-08,1.21502e-06,10.1256,2.79289e-07,-5.35471e-10,-1.31281e-06,1.5708,19.9403,19.9357,-7.07288e-23,7.07452e-23
0.124252,-1.08206e-08,-1.67268e-07,-7.49774e-09,4.25819e-09,2.1275e-08,1.21658e-06,10.1318,2.79078e-07,-8.37765e-10,-1.31259e-06,1.5708,19.9372,19.9344,0,0
0.124215,-1.43423e-08,-1.67031e-07,2.11535e-09,3.67252e-09,2.50392e-08,1.21831e-06,10.138,2.78861e-07,-9.10846e-10,-1.3124e-06,1.5708,19.9341,19.9296,-3.93671e-25,3.93758e-25
0.124177,-1.80828e-08,-1.66637e-07,-2.26993e-09,2.98775e-09,3.05733e-08,1.22021e-06,10.1443,2.78655e-07,-9.44372e-10,-1.31225e-06,1.5708,19.931,19.934,0,0
0.12414,-1.84916e-08,-1.6467e-07,2.39949e-08,3.82806e-09,2.89422e-08,1.22221e-06,10.1505,2.78508e-07,-2.16368e-10,-1.31209e-06,1.5708,19.9279,19.9314,4.36742e-21,-4.36663e-21
0.124102,-1.50191e-08,-1.62344e-07,1.71244e-08,5.31062e-09,2.57262e-08,1.22412e-06,10.1567,2.78467e-07,7.84233e-10,-1.31187e-06,1.5708,19.9248,19.9237,1.56901e-23,-1.56909e-23
0.124065,-1.23411e-08,-1.61237e-07,-1.60926e-08,5.96859e-09,2.60411e-08,1.22585e-06,10.1629,2.78507e-07,5.88954e-10,-1.3116e-06,1.5708,19.9217,19.9254,8.75456e-32,-8.75289e-32
0.124028,-9.70791e-09,-1.60069e-07,5.36123e-09,7.11179e-09,2.08796e-08,1.22747e-06,10.1691,2.78601e-07,4.59291e-10,-1.31128e-06,1.5708,19.9186,19.9136,0,0
0.12399,-9.86285e-09,-1.60894e-07,-1.98581e-08,6.57753e-09,2.38268e-08,1.22899e-06,10.1753,2.78695e-07,-7.79224e-11,-1.31095e-06,1.5708,19.9155,19.9152,-7.40806e-24,7.40815e-24
0.123953,-1.10639e-08,-1.61576e-07,8.70376e-10,6.29544e-09,2.35127e-08,1.23056e-06,10.1815,2.78748e-07,-4.22794e-10,-1.31064e-06,1.5708,19.9124,19.9134,-1.61429e-23,1.61421e-23
0.123915,-1.06757e-08,-1.61966e-07,1.34501e-08,6.38188e-09,2.20411e-08,1.23214e-06,10.1877,2.7877e-07,2.55438e-11,-1.31033e-06,1.5708,19.9093,19.9134,-9.18593e-25,9.18401e-25
0.123878,-7.24797e-09,-1.61742e-07,1.56621e-08,7.20676e-09,1.7754e-08,1.23362e-06,10.1939,2.78784e-07,7.81274e-10,-1.31e-06,1.5708,19.9062,19.9108,7.12042e-23,-7.11877e-23
0.123841,-1.88202e-09,-1.61447e-07,5.65694e-09,8.30484e-09,1.21411e-08,1.23486e-06,10.2001,2.78807e-07,1.25733e-09,-1.30962e-06,1.5708,19.9031,19.9044,0,0
0.123803,2.22806e-09,-1.6199e-07,-1.26358e-08,8.71328e-09,8.79099e-09,1.23586e-06,10.2063,2.78818e-07,9.57988e-10,-1.30921e-06,1.5708,19.9,19.8961,-5.9497e-23,5.95085e-23
0.123766,1.91035e-09,-1.63803e-07,-2.59782e-08,7.74825e-09,1.0425e-08,1.23676e-06,10.2124,2.78762e-07,-1.13565e-10,-1.30881e-06,1.5708,19.8969,19.8924,-7.1473e-23,7.14891e-23
0.123729,-1.91934e-09,-1.65799e-07,-1.17064e-08,6.20285e-09,1.37504e-08,1.23778e-06,10.2186,2.78605e-07,-9.77433e-10,-1.30847e-06,1.5708,19.8938,19.8946,0,0
0.123691,-4.07635e-09,-1.6635e-07,2.01173e-08,5.64443e-09,1.33224e-08,1.23894e-06,10.2248,2.7838e-07,-5.51188e-10,-1.30819e-06,1.5708,19.8907,19.8908,-2.38104e-24,2.38102e-24
0.123654,-3.75732e-09,-1.66185e-07,9.68367e-09,5.45597e-09,1.40455e-08,1.24013e-06,10.231,2.78143e-07,1.37433e-10,-1.30792e-06,1.5708,19.8876,19.8868,2.56526e-23,-2.56537e-23
0.123617,-3.46252e-09,-1.65752e-07,-7.25279e-09,5.27196e-09,1.54347e-08,1.2413e-06,10.2372,2.77916e-07,8.6255e-11,-1.30767e-06,1.5708,19.8845,19.8802,0,0
0.123579,-5.8611e-09,-1.65701e-07,-1.72869e-08,4.44563e-09,1.95262e-08,1.24252e-06,10.2434,2.77697e-07,-6.05292e-10,-1.30744e-06,1.5708,19.8814,19.8859,4.38777e-21,-4.38679e-21
0.123542,-5.79664e-09,-1.63972e-07,2.61784e-08,5.18583e-09,1.52357e-08,1.24381e-06,10.2495,2.77522e-07,-8.89493e-11,-1.30721e-06,1.5708,19.8783,19.8784,0,0
0.123505,-3.76173e-09,-1.6266e-07,4.45234e-09,5.62257e-09,1.49635e-08,1.24502e-06,10.2557,2.77419e-07,5.45541e-10,-1.30695e-06,1.5708,19.8752,19.8774,3.37336e-23,-3.37299e-23
0.123467,-1.32723e-09,-1.61329e-07,-2.24587e-09,6.28472e-09,1.26256e-08,1.24612e-06,10.2619,2.77378e-07,5.57158e-10,-1.30666e-06,1.5708,19.8721,19.8708,1.56362e-37,-1.56373e-37
0.12343,-6.64382e-10,-1.60928e-07,-1.18178e-08,6.24107e-09,1.27441e-08,1.24714e-06,10.2681,2.77376e-07,1.3549e-10,-1.30636e-06,1.5708,19.8691,19.868,-6.01335e-26,6.01367e-26
0.123393,-1.41694e-09,-1.60927e-07,-4.31373e-09,5.94165e-09,1.29287e-08,1.24815e-06,10.2742,2.77379e-07,-2.24925e-10,-1.30606e-06,1.5708,19.866,19.8671,-1.81197e-23,1.81186e-23
0.123356,-1.29447e-09,-1.60706e-07,9.711e-09,5.99064e-09,1.13806e-08,1.24919e-06,10.2804,2.77384e-07,6.01973e-12,-1.30578e-06,1.5708,19.8629,19.864,-1.76043e-23,1.76033e-23
0.123318,8.99647e-11,-1.60524e-07,5.21566e-09,6.15231e-09,1.00845e-08,1.25017e-06,10.2866,2.77395e-07,3.5591e-10,-1.30548e-06,1.5708,19.8598,19.8633,-1.093e-22,1.0928e-22
0.123281,2.96752e-09,-1.60058e-07,7.33982e-09,6.79171e-09,6.20246e-09,1.25105e-06,10.2927,2.77419e-07,6.89773e-10,-1.30517e-06,1.5708,19.8567,19.8613,-7.23198e-23,7.23033e-23
0.123244,7.34268e-09,-1.59559e-07,7.29945e-09,7.7242e-09,5.65635e-10,1.25174e-06,10.2989,2.77462e-07,1.06233e-09,-1.30482e-06,1.5708,19.8536,19.8502,-5.24556e-23,5.24646e-23
0.123207,8.50988e-09,-1.60746e-07,-2.65484e-08,7.09655e-09,2.23271e-09,1.25229e-06,10.3051,2.77482e-07,3.46753e-10,-1.30446e-06,1.5708,19.8506,19.846,-7.16229e-23,7.16392e-23
0.123169,5.1467e-09,-1.6255e-07,-2.11347e-08,5.66571e-09,5.67061e-09,1.2529e-06,10.3112,2.77419e-07,-8.30587e-10,-1.30415e-06,1.5708,19.8475,19.8453,-3.31382e-23,3.31418e-23
0.123132,1.08519e-09,-1.63692e-07,7.55425e-09,4.55158e-09,7.76623e-09,1.2537e-06,10.3174,2.77279e-07,-9.84941e-10,-1.30391e-06,1.5708,19.8444,19.8414,0,0
0.123095,-2.06045e-09,-1.64336e-07,5.09861e-09,3.56277e-09,1.19289e-08,1.25467e-06,10.3235,2.77091e-07,-6.79641e-10,-1.30372e-06,1.5708,19.8413,19.839,-3.56478e-23,3.56519e-23
0.123058,-4.71456e-09,-1.64287e-07,-4.63783e-10,2.92473e-09,1.58652e-08,1.25578e-06,10.3297,2.76884e-07,-5.99053e-10,-1.30357e-06,1.5708,19.8382,19.8367,-8.67498e-26,8.67566e-26
0.12302,-6.96663e-09,-1.6359e-07,1.88398e-09,2.70053e-09,1.85758e-08,1.25701e-06,10.3358,2.76694e-07,-5.47433e-10,-1.30344e-06,1.5708,19.8352,19.8302,0,0
0.122983,-1.04387e-08,-1.63144e-07,-1.00544e-08,2.05833e-09,2.43139e-08,1.25837e-06,10.342,2.76529e-07,-8.35289e-10,-1.30333e-06,1.5708,19.8321,19.8283,4.2947e-21,-4.29551e-21
0.122946,-1.46855e-08,-1.62381e-07,-1.90989e-09,1.60888e-09,2.91203e-08,1.25992e-06,10.3481,2.76391e-07,-1.08569e-09,-1.30325e-06,1.5708,19.829,19.8314,0,0
0.122909,-1.55988e-08,-1.60342e-07,2.53593e-08,2.53169e-09,2.79261e-08,1.2616e-06,10.3543,2.76324e-07,-3.07147e-10,-1.30316e-06,1.5708,19.8259,19.8297,-4.35421e-21,4.35338e-21
0.122872,-1.22693e-08,-1.57965e-07,1.8947e-08,4.2069e-09,2.47588e-08,1.2632e-06,10.3604,2.76366e-07,7.77593e-10,-1.303e-06,1.5708,19.8229,19.8192,-4.35869e-21,4.35949e-21
0.122834,-1.09299e-08,-1.57392e-07,-2.57557e-08,4.54469e-09,2.7828e-08,1.26466e-06,10.3666,2.76476e-07,3.06061e-10,-1.30279e-06,1.5708,19.8198,19.817,0,0
0.122797,-1.30124e-08,-1.57567e-07,-1.50278e-08,4.44673e-09,2.9646e-08,1.26615e-06,10.3727,2.76592e-07,-6.60197e-10,-1.30258e-06,1.5708,19.8167,19.8166,-4.55571e-24,4.55575e-24
0.12276,-1.45847e-08,-1.57637e-07,1.36093e-08,4.7017e-09,2.90942e-08,1.26773e-06,10.3788,2.76698e-07,-5.05295e-10,-1.30236e-06,1.5708,19.8136,19.8092,-7.00288e-23,7.00446e-23
0.122723,-1.63657e-08,-1.58573e-07,-6.08752e-09,4.23905e-09,3.36741e-08,1.26937e-06,10.385,2.76773e-07,-4.45552e-10,-1.30215e-06,1.5708,19.8106,19.8074,0,0
0.122686,-1.90992e-08,-1.59476e-07,-6.23232e-09,3.80501e-09,3.75506e-08,1.27111e-06,10.3911,2.76799e-07,-7.60226e-10,-1.30196e-06,1.5708,19.8075,19.8037,-5.94173e-23,5.94288e-23
0.122649,-2.24351e-08,-1.60309e-07,-1.21137e-09,3.35157e-09,4.1747e-08,1.273e-06,10.3973,2.76777e-07,-9.16407e-10,-1.30179e-06,1.5708,19.8044,19.8011,4.37089e-21,-4.37163e-21
0.122611,-2.55072e-08,-1.60818e-07,2.60955e-09,3.08567e-09,4.58211e-08,1.27503e-06,10.4034,2.76718e-07,-8.55615e-10,-1.30164e-06,1.5708,19.8014,19.7987,0,0
0.122574,-2.78479e-08,-1.6091e-07,3.60364e-09,3.113e-09,4.9336e-08,1.27719e-06,10.4095,2.76641e-07,-6.91129e-10,-1.3015e-06,1.5708,19.7983,19.8003,0,0
0.122537,-2.73596e-08,-1.5994e-07,1.78932e-08,4.21527e-09,4.80131e-08,1.27937e-06,10.4156,2.76585e-07,-4.88132e-11,-1.30133e-06,1.5708,19.7952,19.7971,-2.34081e-25,2.34059e-25
0.1225,-2.44441e-08,-1.58852e-07,8.86777e-09,5.6333e-09,4.5935e-08,1.28146e-06,10.4218,2.76577e-07,5.72014e-10,-1.30109e-06,1.5708,19.7922,19.7937,-2.32146e-23,2.32129e-23
0.122463,-2.10203e-08,-1.58129e-07,-2.20373e-09,6.96555e-09,4.33338e-08,1.28336e-06,10.4279,2.76611e-07,6.67894e-10,-1.30078e-06,1.5708,19.7891,19.7918,4.11747e-23,-4.11692e-23
0.122426,-1.73622e-08,-1.57686e-07,2.23138e-09,8.32246e-09,3.87921e-08,1.28508e-06,10.434,2.76671e-07,6.98447e-10,-1.30041e-06,1.5708,19.7861,19.7873,0,0
0.122389,-1.39252e-08,-1.57938e-07,-1.56691e-09,9.24494e-09,3.52501e-08,1.28661e-06,10.4401,2.76729e-07,6.90239e-10,-1.29998e-06,1.5708,19.783,19.7795,-5.39863e-23,5.39958e-23
0.122352,-1.33357e-08,-1.59479e-07,-1.93724e-08,8.93109e-09,3.66061e-08,1.28803e-06,10.4463,2.76735e-07,3.86447e-11,-1.29954e-06,1.5708,19.7799,19.7798,-2.73536e-24,2.73538e-24
0.122315,-1.38252e-08,-1.60719e-07,1.48817e-09,8.76609e-09,3.54499e-08,1.28944e-06,10.4524,2.76666e-07,-2.77219e-10,-1.29911e-06,1.5708,19.7769,19.7818,-7.65141e-23,7.64952e-23
0.122278,-1.0944e-08,-1.60784e-07,2.60784e-08,9.65605e-09,2.96814e-08,1.29078e-06,10.4585,2.76561e-07,5.88503e-10,-1.29866e-06,1.5708,19.7738,19.7743,-5.68402e-22,5.6839e-22
0.122241,-7.09883e-09,-1.61307e-07,-4.67359e-09,9.99612e-09,2.81378e-08,1.29193e-06,10.4646,2.76435e-07,9.28141e-10,-1.29817e-06,1.5708,19.7708,19.7668,0,0
0.122204,-7.11469e-09,-1.62704e-07,-2.834e-08,9.18914e-09,3.06517e-08,1.29298e-06,10.4707,2.76253e-07,-6.98205e-11,-1.29771e-06,1.5708,19.7677,19.7687,0,0
0.122167,-7.98591e-09,-1.63142e-07,7.51757e-09,8.97103e-09,2.83074e-08,1.29405e-06,10.4768,2.76021e-07,-3.60361e-10,-1.29726e-06,1.5708,19.7646,19.7636,3.18115e-23,-3.18132e-23
0.12213,-7.93247e-09,-1.63381e-07,6.79974e-09,8.61644e-09,2.84745e-08,1.29513e-06,10.4829,2.75767e-07,-8.7872e-13,-1.29684e-06,1.5708,19.7616,19.7571,4.37125e-21,-4.37223e-21
0.122093,-9.48531e-09,-1.63915e-07,-1.56912e-08,7.57483e-09,3.28391e-08,1.29623e-06,10.489,2.75488e-07,-3.77363e-10,-1.29644e-06,1.5708,19.7585,19.7612,4.13775e-23,-4.13719e-23
0.122056,-9.76255e-09,-1.62922e-07,1.51915e-08,7.74825e-09,3.03075e-08,1.29738e-06,10.4951,2.75218e-07,-1.83984e-10,-1.29607e-06,1.5708,19.7555,19.7549,5.55588e-22,-5.55603e-22
0.122019,-8.75374e-09,-1.61947e-07,4.30274e-09,7.77546e-09,3.03303e-08,1.29849e-06,10.5012,2.74992e-07,2.39403e-10,-1.29569e-06,1.5708,19.7524,19.7508,-2.22328e-21,2.22346e-21
0.121982,-8.52619e-09,-1.61183e-07,-9.42565e-09,7.51691e-09,3.15916e-08,1.29956e-06,10.5073,2.74806e-07,1.74289e-11,-1.29532e-06,1.5708,19.7494,19.754,0,0
0.121945,-6.36987e-09,-1.59411e-07,1.77088e-08,8.34968e-09,2.63321e-08,1.30057e-06,10.5134,2.7468e-07,4.09449e-10,-1.29493e-06,1.5708,19.7463,19.7485,-3.40131e-23,3.40094e-23
0.121908,-2.56795e-09,-1.58076e-07,5.39673e-09,9.0088e-09,2.28731e-08,1.30141e-06,10.5195,2.74627e-07,9.15446e-10,-1.29451e-06,1.5708,19.7433,19.7451,8.65947e-23,-8.65866e-23
0.121871,9.27688e-10,-1.57302e-07,-6.27147e-09,9.40094e-09,1.96286e-08,1.30206e-06,10.5256,2.74622e-07,8.15581e-10,-1.29406e-06,1.5708,19.7402,19.7449,7.31731e-23,-7.31558e-23
0.121834,5.00338e-09,-1.56525e-07,7.06582e-09,1.01174e-08,1.30598e-08,1.30253e-06,10.5317,2.74651e-07,9.2514e-10,-1.29358e-06,1.5708,19.7372,19.7406,0,0
0.121797,9.64817e-09,-1.56341e-07,2.51717e-09,1.05697e-08,7.44715e-09,1.30276e-06,10.5378,2.74698e-07,1.13898e-09,-1.29307e-06,1.5708,19.7341,19.7334,1.15647e-23,-1.15651e-23
0.121761,1.20396e-08,-1.57358e-07,-1.73792e-08,9.98563e-09,6.08386e-09,1.30282e-06,10.5439,2.74717e-07,6.28252e-10,-1.29257e-06,1.5708,19.7311,19.7346,-4.4012e-21,4.40042e-21
0.121724,1.39969e-08,-1.57993e-07,5.03219e-09,9.80185e-09,9.82188e-10,1.30277e-06,10.55,2.7469e-07,4.6387e-10,-1.29209e-06,1.5708,19.7281,19.7328,7.46952e-23,-7.46771e-23
0.121687,1.78699e-08,-1.58255e-07,1.41945e-08,1.00063e-08,-5.26527e-09,1.30258e-06,10.5561,2.74635e-07,1.01456e-09,-1.2916e-06,1.5708,19.725,19.7264,-8.10129e-26,8.1007e-26
0.12165,2.14412e-08,-1.5902e-07,-8.59315e-09,9.66193e-09,-8.04921e-09,1.30219e-06,10.5622,2.74547e-07,1.0053e-09,-1.29112e-06,1.5708,19.722,19.7203,2.2038e-21,-2.20399e-21
0.121613,2.1733e-08,-1.60372e-07,-2.08267e-08,8.5011e-09,-7.84381e-09,1.30171e-06,10.5682,2.744e-07,1.75169e-10,-1.29068e-06,1.5708,19.7189,19.7142,1.48097e-22,-1.48132e-22
0.121576,1.80771e-08,-1.62064e-07,-1.76403e-08,6.54066e-09,-4.19566e-09,1.30133e-06,10.5743,2.74171e-07,-7.82539e-10,-1.29032e-06,1.5708,19.7159,19.7191,0,0
0.121539,1.64482e-08,-1.61847e-07,2.47442e-08,6.0303e-09,-6.91237e-09,1.30108e-06,10.5804,2.73901e-07,-3.18978e-10,-1.29001e-06,1.5708,19.7128,19.7124,-7.71859e-24,7.71878e-24
0.121503,1.67281e-08,-1.61373e-07,4.35983e-09,5.48023e-09,-5.72651e-09,1.30086e-06,10.5865,2.73646e-07,2.85533e-10,-1.28974e-06,1.5708,19.7098,19.7067,2.18429e-21,-2.18463e-21
0.121466,1.51458e-08,-1.61053e-07,-1.86708e-08,4.50293e-09,-1.93626e-09,1.30067e-06,10.5925,2.73405e-07,-2.32397e-10,-1.2895e-06,1.5708,19.7068,19.7023,-7.13612e-23,7.13773e-23
0.121429,1.06313e-08,-1.60755e-07,-1.34302e-08,3.22191e-09,2.77983e-09,1.30063e-06,10.5986,2.73177e-07,-1.0145e-09,-1.28932e-06,1.5708,19.7037,19.7002,-5.51191e-23,5.51289e-23
0.121392,5.52094e-09,-1.59982e-07,3.45131e-09,2.18411e-09,7.21579e-09,1.30085e-06,10.6047,2.72972e-07,-1.1561e-09,-1.28919e-06,1.5708,19.7007,19.7044,-5.90072e-23,5.8996e-23
0.121355,4.73542e-09,-1.5758e-07,3.02953e-08,2.80713e-09,5.33949e-09,1.3012e-06,10.6108,2.72846e-07,-1.18343e-10,-1.28908e-06,1.5708,19.6977,19.6997,3.18492e-23,-3.18459e-23
0.121318,7.09969e-09,-1.55231e-07,8.10416e-09,3.7321e-09,4.3996e-09,1.30151e-06,10.6168,2.72838e-07,7.10755e-10,-1.28893e-06,1.5708,19.6946,19.6988,6.50793e-23,-6.50656e-23
0.121282,1.0668e-08,-1.53019e-07,1.38043e-09,5.07572e-09,3.25222e-10,1.30167e-06,10.6229,2.72942e-07,9.07497e-10,-1.28872e-06,1.5708,19.6916,19.6916,-1.7497e-24,1.74969e-24
0.121245,1.2666e-08,-1.52206e-07,-1.22961e-08,5.62236e-09,-1.17086e-09,1.30168e-06,10.6289,2.73116e-07,5.38659e-10,-1.28846e-06,1.5708,19.6886,19.6921,0,0
0.121208,1.46955e-08,-1.51681e-07,6.11438e-09,6.43055e-09,-5.96245e-09,1.30161e-06,10.635,2.73321e-07,5.04445e-10,-1.28817e-06,1.5708,19.6855,19.6845,1.10265e-21,-1.1027e-21
0.121171,1.56747e-08,-1.5249e-07,-8.32815e-09,6.33601e-09,-6.20125e-09,1.30145e-06,10.6411,2.73512e-07,3.5183e-10,-1.28786e-06,1.5708,19.6825,19.6824,1.89944e-24,-1.89944e-24
0.121135,1.54243e-08,-1.537e-07,-5.64035e-09,6.05697e-09,-6.62308e-09,1.30128e-06,10.6471,2.73647e-07,1.43767e-11,-1.28756e-06,1.5708,19.6795,19.6785,1.11977e-21,-1.11982e-21
0.121098,1.43124e-08,-1.55163e-07,-2.55177e-09,5.56205e-09,-5.98708e-09,1.30115e-06,10.6532,2.73711e-07,-1.73499e-10,-1.28728e-06,1.5708,19.6764,19.6764,0,0
0.121061,1.33389e-08,-1.56356e-07,2.68974e-09,5.24325e-09,-5.70761e-09,1.30107e-06,10.6592,2.73704e-07,-1.35049e-10,-1.28702e-06,1.5708,19.6734,19.6694,0,0
0.121024,1.07745e-08,-1.57925e-07,-1.25626e-08,4.30915e-09,-1.34562e-09,1.30108e-06,10.6653,2.73622e-07,-4.88224e-10,-1.2868e-06,1.5708,19.6704,19.6734,0,0
0.120988,9.82403e-09,-1.57975e-07,1.652e-08,4.64042e-09,-3.37493e-09,1.30118e-06,10.6713,2.73498e-07,-1.93471e-10,-1.28658e-06,1.5708,19.6674,19.6678,-7.70937e-24,7.70918e-24
0.120951,1.05265e-08,-1.57835e-07,5.77035e-09,5.02667e-09,-3.48745e-09,1.30129e-06,10.6774,2.73372e-07,3.02001e-10,-1.28635e-06,1.5708,19.6643,19.668,4.31389e-21,-4.3131e-21
0.120914,1.27686e-08,-1.57036e-07,6.36781e-09,6.03804e-09,-6.69853e-09,1.30132e-06,10.6834,2.73268e-07,6.15026e-10,-1.28609e-06,1.5708,19.6613,19.6588,-4.0263e-23,4.02682e-23
0.120878,1.29602e-08,-1.57236e-07,-1.80151e-08,6.02908e-09,-4.88896e-09,1.30129e-06,10.6895,2.73173e-07,1.55974e-10,-1.28579e-06,1.5708,19.6583,19.6622,6.15822e-23,-6.157e-23
0.120841,1.36514e-08,-1.56575e-07,1.10825e-08,6.86508e-09,-9.0522e-09,1.30125e-06,10.6955,2.73087e-07,1.73881e-10,-1.28548e-06,1.5708,19.6553,19.6585,0,0
0.120804,1.63353e-08,-1.55889e-07,1.17877e-08,7.83883e-09,-1.2913e-08,1.30112e-06,10.7016,2.73031e-07,7.60725e-10,-1.28512e-06,1.5708,19.6522,19.6568,-1.66362e-24,1.66323e-24
0.120768,2.05228e-08,-1.55194e-07,4.46682e-09,9.00576e-09,-1.79463e-08,1.30082e-06,10.7076,2.73005e-07,1.1258e-09,-1.28471e-06,1.5708,19.6492,19.65,1.17465e-23,-1.1746e-23
0.120731,2.31383e-08,-1.55471e-07,-1.40972e-08,9.34989e-09,-1.9988e-08,1.30035e-06,10.7136,2.72984e-07,7.57108e-10,-1.28426e-06,1.5708,19.6462,19.6491,-4.67946e-23,4.67876e-23
0.120695,2.48112e-08,-1.55785e-07,-3.58865e-10,9.70977e-09,-2.41336e-08,1.29979e-06,10.7197,2.72943e-07,4.81172e-10,-1.2838e-06,1.5708,19.6432,19.6462,4.78869e-23,-4.78795e-23
0.120658,2.69702e-08,-1.56157e-07,5.88196e-09,1.00233e-08,-2.81856e-08,1.29914e-06,10.7257,2.72879e-07,6.63576e-10,-1.28331e-06,1.5708,19.6402,19.6352,-1.58082e-22,1.58122e-22
0.120622,2.56218e-08,-1.57962e-07,-2.74875e-08,8.71293e-09,-2.39127e-08,1.29846e-06,10.7317,2.72752e-07,-1.08922e-10,-1.28286e-06,1.5708,19.6371,19.6386,4.48564e-23,-4.48532e-23
0.120585,2.33172e-08,-1.58694e-07,4.70454e-09,8.11526e-09,-2.49363e-08,1.29791e-06,10.7378,2.72558e-07,-4.7386e-10,-1.28245e-06,1.5708,19.6341,19.6369,8.83333e-23,-8.83207e-23
0.120548,2.34874e-08,-1.58525e-07,1.88406e-08,8.14963e-09,-2.72125e-08,1.29741e-06,10.7438,2.72346e-07,2.19625e-10,-1.28205e-06,1.5708,19.6311,19.6326,0,0
0.120512,2.49427e-08,-1.58176e-07,-2.53506e-11,8.18246e-09,-2.78223e-08,1.29686e-06,10.7498,2.72142e-07,5.72592e-10,-1.28165e-06,1.5708,19.6281,19.6328,0,0
0.120475,2.74576e-08,-1.57137e-07,5.42115e-09,8.84009e-09,-3.22382e-08,1.29624e-06,10.7558,2.7197e-07,7.46483e-10,-1.28124e-06,1.5708,19.6251,19.6282,-4.90423e-23,4.90347e-23
0.120439,3.02435e-08,-1.56312e-07,-3.42112e-11,9.33451e-09,-3.59752e-08,1.29548e-06,10.7619,2.71839e-07,8.4741e-10,-1.28079e-06,1.5708,19.6221,19.6217,-4.77805e-27,4.77813e-27
0.120402,3.10503e-08,-1.56316e-07,-1.43984e-08,9.01698e-09,-3.63989e-08,1.29465e-06,10.7679,2.71723e-07,3.84447e-10,-1.28035e-06,1.5708,19.6191,19.6183,0,0
0.120366,2.9657e-08,-1.56635e-07,-9.05177e-09,8.29334e-09,-3.60308e-08,1.29384e-06,10.7739,2.71593e-07,-1.76566e-10,-1.27993e-06,1.5708,19.6161,19.6111,0,0
0.120329,2.53737e-08,-1.57632e-07,-1.50225e-08,6.6529e-09,-3.08397e-08,1.29319e-06,10.7799,2.71424e-07,-8.29229e-10,-1.27956e-06,1.5708,19.613,19.6133,-3.43902e-24,3.43898e-24
0.120293,2.16278e-08,-1.57526e-07,1.11079e-08,5.83021e-09,-2.94089e-08,1.29275e-06,10.7859,2.71229e-07,-7.54663e-10,-1.27926e-06,1.5708,19.61,19.6108,-1.19995e-23,1.19991e-23
0.120256,2.01843e-08,-1.56726e-07,1.26892e-08,5.55637e-09,-2.83284e-08,1.29245e-06,10.792,2.71054e-07,-1.38696e-10,-1.27899e-06,1.5708,19.607,19.6108,-4.39286e-21,4.39202e-21
0.12022,2.14196e-08,-1.55132e-07,1.16619e-08,6.12862e-09,-3.03318e-08,1.29216e-06,10.798,2.70936e-07,4.74163e-10,-1.27871e-06,1.5708,19.604,19.6013,0,0
0.120183,2.09018e-08,-1.54634e-07,-1.94456e-08,5.73074e-09,-2.71545e-08,1.29185e-06,10.804,2.70866e-07,6.84909e-11,-1.27842e-06,1.5708,19.601,19.6009,-1.79902e-24,1.79903e-24
0.120147,1.87853e-08,-1.54074e-07,-4.22518e-09,5.48351e-09,-2.65676e-08,1.29162e-06,10.81,2.70818e-07,-4.32311e-10,-1.27815e-06,1.5708,19.598,19.5968,0,0
0.12011,1.64928e-08,-1.53736e-07,2.82978e-09,5.12003e-09,-2.48798e-08,1.29152e-06,10.816,2.70788e-07,-4.20868e-10,-1.2779e-06,1.5708,19.595,19.5908,-6.64116e-23,6.64258e-23
0.120073,1.29326e-08,-1.54005e-07,-1.03481e-08,4.18856e-09,-1.9507e-08,1.29156e-06,10.822,2.70756e-07,-7.00364e-10,-1.27768e-06,1.5708,19.592,19.5958,-9.52275e-25,9.52088e-25
0.120037,1.17842e-08,-1.52942e-07,2.10216e-08,4.69151e-09,-2.1527e-08,1.29174e-06,10.828,2.70742e-07,-2.19479e-10,-1.27747e-06,1.5708,19.589,19.5927,0,0
0.120001,1.4067e-08,-1.51667e-07,1.61689e-08,5.72038e-09,-2.42313e-08,1.29188e-06,10.834,2.70784e-07,6.9459e-10,-1.27722e-06,1.5708,19.586,19.5858,-2.62218e-24,2.6222e-24
0.119964,1.57533e-08,-1.51382e-07,-1.40849e-08,6.09846e-09,-2.37136e-08,1.29193e-06,10.84,2.7086e-07,5.45843e-10,-1.27693e-06,1.5708,19.583,19.5818,-1.91558e-23,1.91569e-23
0.119928,1.47561e-08,-1.51825e-07,-1.46526e-08,5.96479e-09,-2.28177e-08,1.29197e-06,10.846,2.70927e-07,-1.89176e-10,-1.27664e-06,1.5708,19.58,19.5847,0,0
0.119891,1.5415e-08,-1.51525e-07,2.03463e-08,6.7757e-09,-2.75307e-08,1.29204e-06,10.852,2.70987e-07,1.89375e-10,-1.27633e-06,1.5708,19.577,19.5748,-5.02418e-25,5.02474e-25
0.119855,1.576e-08,-1.52398e-07,-9.54898e-09,6.56491e-09,-2.53857e-08,1.29207e-06,10.858,2.71028e-07,2.64618e-10,-1.27601e-06,1.5708,19.574,19.5783,-7.7396e-37,7.7379e-37
0.119819,1.69042e-08,-1.52492e-07,7.50734e-09,7.20664e-09,-2.89476e-08,1.29209e-06,10.864,2.71041e-07,3.26636e-10,-1.27567e-06,1.5708,19.571,19.5743,4.47506e-21,-4.4743e-21
0.119782,1.93806e-08,-1.52601e-07,7.64054e-09,7.95073e-09,-3.25315e-08,1.29202e-06,10.87,2.71044e-07,7.13169e-10,-1.2753e-06,1.5708,19.568,19.5683,0,0
0.119746,2.09001e-08,-1.53374e-07,-1.09103e-08,8.06835e-09,-3.31105e-08,1.29185e-06,10.876,2.7102e-07,5.06315e-10,-1.27491e-06,1.5708,19.565,19.5682,-1.01508e-22,1.01491e-22
0.11971,2.21288e-08,-1.53813e-07,2.21966e-09,8.47633e-09,-3.65254e-08,1.29163e-06,10.8819,2.70961e-07,3.72971e-10,-1.27451e-06,1.5708,19.562,19.5636,0,0
0.119673,2.33735e-08,-1.54399e-07,7.94268e-10,8.6573e-09,-3.85378e-08,1.29136e-06,10.8879,2.70871e-07,4.40284e-10,-1.27409e-06,1.5708,19.559,19.5589,1.39835e-22,-1.39836e-22
0.119637,2.35224e-08,-1.55248e-07,-8.30582e-09,8.40024e-09,-3.84334e-08,1.29106e-06,10.8939,2.70739e-07,1.88484e-10,-1.27368e-06,1.5708,19.556,19.555,1.13394e-21,-1.13401e-21
0.119601,2.20118e-08,-1.56132e-07,-8.20976e-09,7.82054e-09,-3.71532e-08,1.29081e-06,10.8999,2.70559e-07,-2.31161e-10,-1.27328e-06,1.5708,19.553,19.5526,0,0
0.119564,1.99568e-08,-1.56606e-07,6.51494e-10,7.3111e-09,-3.60152e-08,1.29067e-06,10.9059,2.7034e-07,-3.64442e-10,-1.27292e-06,1.5708,19.5501,19.548,0,0
0.119528,1.7355e-08,-1.56924e-07,-3.57387e-09,6.60325e-09,-3.28211e-08,1.29064e-06,10.9119,2.70097e-07,-4.67165e-10,-1.27258e-06,1.5708,19.5471,19.546,1.69975e-23,-1.69984e-23
0.119492,1.46337e-08,-1.56688e-07,1.56309e-10,6.12153e-09,-3.01971e-08,1.29077e-06,10.9178,2.69847e-07,-5.29403e-10,-1.27227e-06,1.5708,19.5441,19.54,0,0
0.119455,1.06973e-08,-1.56546e-07,-8.91235e-09,5.24835e-09,-2.46849e-08,1.29106e-06,10.9238,2.69603e-07,-8.12997e-10,-1.272e-06,1.5708,19.5411,19.5368,6.88238e-23,-6.88389e-23
0.119419,5.41004e-09,-1.56188e-07,-6.46015e-09,4.30216e-09,-1.85073e-08,1.29159e-06,10.9298,2.69367e-07,-1.18816e-09,-1.27177e-06,1.5708,19.5381,19.5335,-2.22174e-22,2.22226e-22
0.119383,-4.7712e-10,-1.55539e-07,-1.24708e-09,3.41426e-09,-1.17e-08,1.29241e-06,10.9357,2.69153e-07,-1.34991e-09,-1.27159e-06,1.5708,19.5351,19.5308,-7.04872e-23,7.05028e-23
0.119346,-6.14595e-09,-1.54522e-07,1.79536e-09,2.76077e-09,-4.78883e-09,1.29352e-06,10.9417,2.68979e-07,-1.31611e-09,-1.27145e-06,1.5708,19.5321,19.5359,6.02988e-23,-6.02872e-23
0.11931,-7.46693e-09,-1.51893e-07,2.94879e-08,3.86507e-09,-5.67285e-09,1.29482e-06,10.9477,2.68895e-07,-3.35434e-10,-1.27129e-06,1.5708,19.5291,19.5292,-5.92046e-25,5.92045e-25
0.119274,-6.39514e-09,-1.49807e-07,3.13982e-09,4.86886e-09,-4.15116e-09,1.2961e-06,10.9536,2.68927e-07,3.18935e-10,-1.27109e-06,1.5708,19.5262,19.5261,-8.28843e-29,8.28845e-29
0.119237,-5.87748e-09,-1.48422e-07,-9.14826e-09,5.69521e-09,-3.36887e-09,1.29735e-06,10.9596,2.69043e-07,8.40684e-11,-1.27083e-06,1.5708,19.5232,19.527,4.55029e-21,-4.54941e-21
0.119201,-4.27088e-09,-1.47093e-07,1.1748e-08,7.0666e-09,-7.28859e-09,1.29856e-06,10.9656,2.69223e-07,2.89802e-10,-1.27052e-06,1.5708,19.5202,19.5154,1.52201e-22,-1.52238e-22
0.119165,-4.85231e-09,-1.47852e-07,-1.96177e-08,6.84537e-09,-3.27278e-09,1.29973e-06,10.9715,2.69411e-07,-1.19836e-10,-1.27018e-06,1.5708,19.5172,19.5129,6.8858e-23,-6.88731e-23
0.119129,-8.61223e-09,-1.49356e-07,-1.55404e-08,6.06854e-09,1.23364e-09,1.30102e-06,10.9775,2.69536e-07,-9.87475e-10,-1.26987e-06,1.5708,19.5142,19.5168,-8.14945e-23,8.14839e-23
0.119093,-1.02092e-08,-1.49787e-07,2.45832e-08,6.47079e-09,-4.81719e-10,1.30245e-06,10.9834,2.69609e-07,-4.89733e-10,-1.26957e-06,1.5708,19.5113,19.5088,-4.00106e-23,4.00157e-23
0.119056,-1.05883e-08,-1.50796e-07,-8.05387e-10,6.36852e-09,2.84807e-09,1.30391e-06,10.9894,2.69642e-07,-5.42517e-11,-1.26926e-06,1.5708,19.5083,19.5089,0,0
0.11902,-1.06998e-08,-1.51369e-07,-1.05578e-09,6.68774e-09,3.33587e-09,1.3054e-06,10.9953,2.69631e-07,-1.0331e-10,-1.26894e-06,1.5708,19.5053,19.5016,4.55965e-21,-4.5605e-21
0.118984,-1.24798e-08,-1.52486e-07,-1.1442e-08,6.36264e-09,6.94447e-09,1.30692e-06,11.0013,2.69572e-07,-4.90784e-10,-1.26863e-06,1.5708,19.5023,19.5007,2.28049e-21,-2.28068e-21
0.118948,-1.48498e-08,-1.53206e-07,7.99929e-10,6.23049e-09,9.08843e-09,1.30855e-06,11.0072,2.69464e-07,-6.80061e-10,-1.26832e-06,1.5708,19.4994,19.4988,-9.09883e-24,9.09909e-24
0.118912,-1.61157e-08,-1.53386e-07,8.62719e-09,6.44862e-09,1.03448e-08,1.31027e-06,11.0132,2.69329e-07,-3.88091e-10,-1.26802e-06,1.5708,19.4964,19.4915,-7.91127e-23,7.91327e-23
0.118875,-1.85037e-08,-1.54012e-07,-1.24192e-08,5.99544e-09,1.59327e-08,1.31207e-06,11.0191,2.69168e-07,-6.25269e-10,-1.26772e-06,1.5708,19.4934,19.4966,2.28198e-21,-2.28161e-21
0.118839,-1.88855e-08,-1.53124e-07,1.85353e-08,6.90556e-09,1.38603e-08,1.31395e-06,11.0251,2.69013e-07,-2.63118e-10,-1.2674e-06,1.5708,19.4904,19.4937,-5.19217e-23,5.1913e-23
0.118803,-1.59372e-08,-1.51826e-07,1.70305e-08,8.30905e-09,1.08327e-08,1.31575e-06,11.031,2.68909e-07,6.31946e-10,-1.26703e-06,1.5708,19.4875,19.4922,1.53978e-22,-1.5394e-22
0.118767,-1.0751e-08,-1.50449e-07,6.41416e-09,1.00472e-08,5.80149e-09,1.31734e-06,11.037,2.68869e-07,1.15797e-09,-1.26658e-06,1.5708,19.4845,19.4805,-1.88187e-24,1.88226e-24
0.118731,-9.30478e-09,-1.51025e-07,-3.10911e-08,1.00139e-08,8.02968e-09,1.31875e-06,11.0429,2.68841e-07,2.79869e-10,-1.26609e-06,1.5708,19.4815,19.484,8.08675e-23,-8.08571e-23
0.118695,-9.03741e-09,-1.5115e-07,5.2794e-09,1.04719e-08,4.33308e-09,1.32014e-06,11.0488,2.68791e-07,-1.34114e-10,-1.26559e-06,1.5708,19.4786,19.4817,0,0
0.118659,-6.55484e-09,-1.5112e-07,1.77298e-08,1.11634e-08,2.23998e-10,1.32145e-06,11.0548,2.68733e-07,5.34594e-10,-1.26506e-06,1.5708,19.4756,19.4768,4.06935e-23,-4.06909e-23
0.118623,-3.37095e-09,-1.51509e-07,-3.30645e-09,1.14796e-08,-1.4994e-09,1.32261e-06,11.0607,2.68661e-07,7.61403e-10,-1.2645e-06,1.5708,19.4726,19.4733,-1.1171e-23,1.11706e-23
0.118587,-1.53033e-09,-1.52182e-07,-9.85894e-09,1.14572e-08,-3.06318e-09,1.32365e-06,11.0666,2.68555e-07,3.82833e-10,-1.26394e-06,1.5708,19.4697,19.4694,2.86014e-22,-2.86018e-22
0.118551,-1.16517e-09,-1.53046e-07,-5.26325e-09,1.10774e-08,-3.92611e-09,1.32464e-06,11.0726,2.68405e-07,2.87705e-11,-1.26339e-06,1.5708,19.4667,19.4628,-9.06649e-25,9.06829e-25
0.118515,-3.07644e-09,-1.54392e-07,-1.25799e-08,9.88922e-09,-7.33491e-10,1.32567e-06,11.0785,2.68192e-07,-4.74211e-10,-1.26287e-06,1.5708,19.4637,19.4683,-7.44568e-23,7.44391e-23
0.118479,-2.62007e-09,-1.54012e-07,2.31579e-08,1.01119e-08,-4.77386e-09,1.32674e-06,11.0844,2.67952e-07,3.34906e-11,-1.26238e-06,1.5708,19.4608,19.465,-1.37019e-22,1.36989e-22
0.118443,1.28416e-09,-1.53061e-07,1.59384e-08,1.08026e-08,-8.89246e-09,1.32769e-06,11.0903,2.67741e-07,9.8035e-10,-1.26187e-06,1.5708,19.4578,19.4568,1.14541e-21,-1.14547e-21
0.118407,3.75828e-09,-1.52946e-07,-1.99279e-08,1.05843e-08,-8.45861e-09,1.32848e-06,11.0962,2.6755e-07,6.3965e-10,-1.26134e-06,1.5708,19.4548,19.4534,-1.7082e-25,1.70832e-25
0.118371,2.99753e-09,-1.53141e-07,-1.57357e-08,9.88804e-09,-8.00763e-09,1.32924e-06,11.1022,2.67352e-07,-2.39828e-10,-1.26084e-06,1.5708,19.4519,19.4471,-7.7534e-23,7.75531e-23
0.118335,-6.49061e-10,-1.53832e-07,-1.10347e-08,8.41208e-09,-3.93751e-09,1.33011e-06,11.1081,2.67124e-07,-8.89865e-10,-1.2604e-06,1.5708,19.4489,19.4487,-4.07454e-24,4.07459e-24
0.118299,-3.44523e-09,-1.53513e-07,1.25565e-08,7.64585e-09,-2.72284e-09,1.33115e-06,11.114,2.66884e-07,-6.93909e-10,-1.26001e-06,1.5708,19.446,19.4449,1.14674e-21,-1.1468e-21
0.118263,-4.71004e-09,-1.52794e-07,6.14161e-09,7.10177e-09,-3.69138e-10,1.33228e-06,11.1199,2.66665e-07,-2.61089e-10,-1.25965e-06,1.5708,19.443,19.4389,-1.34333e-22,1.34361e-22
0.118227,-7.17714e-09,-1.52358e-07,-1.34236e-08,6.13641e-09,4.84698e-09,1.3335e-06,11.1258,2.66471e-07,-5.77162e-10,-1.25933e-06,1.5708,19.44,19.4386,1.14767e-21,-1.14775e-21
0.118191,-1.01312e-08,-1.51395e-07,1.35116e-09,5.61557e-09,7.3175e-09,1.33487e-06,11.1317,2.66309e-07,-7.85961e-10,-1.25905e-06,1.5708,19.4371,19.441,-6.393e-23,6.3917e-23
0.118155,-9.53327e-09,-1.49299e-07,2.61459e-08,6.37906e-09,4.38549e-09,1.33629e-06,11.1376,2.66221e-07,7.91761e-11,-1.25876e-06,1.5708,19.4341,19.435,0,0
0.118119,-7.03875e-09,-1.47728e-07,1.56159e-09,6.97943e-09,3.96784e-09,1.33763e-06,11.1436,2.66222e-07,6.20238e-10,-1.25843e-06,1.5708,19.4312,19.4285,-2.25406e-21,2.25438e-21
0.118083,-6.98172e-09,-1.47329e-07,-2.12468e-08,6.74329e-09,6.37673e-09,1.33889e-06,11.1495,2.66266e-07,-3.28677e-11,-1.2581e-06,1.5708,19.4282,19.4324,0,0
0.118047,-6.08517e-09,-1.46304e-07,1.56413e-08,7.48517e-09,1.76604e-09,1.34015e-06,11.1554,2.66344e-07,7.07742e-11,-1.25775e-06,1.5708,19.4253,19.4268,0,0
0.118012,-3.52809e-09,-1.45913e-07,7.77633e-09,8.01276e-09,-4.96966e-10,1.34131e-06,11.1613,2.66452e-07,6.14294e-10,-1.25738e-06,1.5708,19.4223,19.4271,-7.82047e-23,7.81852e-23
0.117976,6.82414e-10,-1.45492e-07,6.76858e-09,8.98605e-09,-5.60641e-09,1.3423e-06,11.1672,2.66576e-07,9.77964e-10,-1.25696e-06,1.5708,19.4194,19.4161,0,0
0.11794,1.82567e-09,-1.46837e-07,-2.53791e-08,8.45478e-09,-3.85229e-09,1.34315e-06,11.1731,2.6667e-07,2.8997e-10,-1.25654e-06,1.5708,19.4164,19.4136,-9.23967e-23,9.24103e-23
0.117904,-5.85206e-10,-1.48625e-07,-1.45744e-08,7.43637e-09,-1.9282e-09,1.34404e-06,11.179,2.6668e-07,-6.54656e-10,-1.25615e-06,1.5708,19.4135,19.4096,4.54071e-21,-4.54161e-21
0.117868,-4.50517e-09,-1.50404e-07,-1.26577e-09,6.16773e-09,1.72352e-09,1.34509e-06,11.1849,2.66594e-07,-9.69167e-10,-1.25582e-06,1.5708,19.4105,19.4106,-5.98562e-25,5.98561e-25
0.117832,-6.64732e-09,-1.51043e-07,1.45254e-08,5.72129e-09,2.99277e-09,1.3463e-06,11.1907,2.66445e-07,-5.26578e-10,-1.25553e-06,1.5708,19.4076,19.4091,1.12571e-21,-1.12562e-21
0.117796,-6.13529e-09,-1.50743e-07,1.21542e-08,6.0073e-09,2.7809e-09,1.34754e-06,11.1966,2.66284e-07,1.36442e-10,-1.25525e-06,1.5708,19.4046,19.4009,-6.1837e-23,6.1849e-23
0.117761,-6.99555e-09,-1.50964e-07,-1.73138e-08,5.59409e-09,6.9884e-09,1.34878e-06,11.2025,2.66121e-07,-1.916e-10,-1.25497e-06,1.5708,19.4017,19.3999,-2.92415e-23,2.92442e-23
0.117725,-9.44833e-09,-1.50805e-07,-5.29051e-09,5.35886e-09,9.0876e-09,1.35011e-06,11.2084,2.65952e-07,-6.8669e-10,-1.25471e-06,1.5708,19.3987,19.3985,-2.96542e-27,2.96545e-27
0.117689,-1.09515e-08,-1.50086e-07,1.10844e-08,5.57317e-09,9.62359e-09,1.35154e-06,11.2143,2.65803e-07,-4.30117e-10,-1.25445e-06,1.5708,19.3958,19.3918,-4.54856e-21,4.54949e-21
0.117653,-1.28449e-08,-1.49823e-07,-7.51802e-09,5.26853e-09,1.41842e-08,1.35304e-06,11.2202,2.65674e-07,-4.63709e-10,-1.25419e-06,1.5708,19.3929,19.392,1.32393e-23,-1.32398e-23
0.117617,-1.46896e-08,-1.49075e-07,1.94942e-09,5.4207e-09,1.59312e-08,1.35464e-06,11.2261,2.65567e-07,-5.42375e-10,-1.25393e-06,1.5708,19.3899,19.3872,-1.74936e-22,1.74961e-22
0.117582,-1.66042e-08,-1.48528e-07,-7.74717e-10,5.41764e-09,1.90343e-08,1.35632e-06,11.2319,2.65489e-07,-5.30851e-10,-1.25367e-06,1.5708,19.387,19.3911,6.73953e-23,-6.73809e-23
0.117546,-1.54439e-08,-1.46918e-07,2.18555e-08,6.67262e-09,1.57747e-08,1.35802e-06,11.2378,2.65464e-07,1.56617e-10,-1.25338e-06,1.5708,19.384,19.3795,-1.50229e-22,1.50264e-22
0.11751,-1.53476e-08,-1.46832e-07,-1.73851e-08,6.65455e-09,1.99999e-08,1.35967e-06,11.2437,2.65475e-07,8.4248e-12,-1.25305e-06,1.5708,19.3811,19.3841,4.88443e-23,-4.88367e-23
0.117474,-1.48081e-08,-1.46058e-07,8.31151e-09,7.55314e-09,1.71769e-08,1.36132e-06,11.2496,2.65504e-07,-5.09163e-11,-1.25271e-06,1.5708,19.3782,19.377,-3.70486e-23,3.70507e-23
0.117439,-1.40554e-08,-1.46063e-07,1.4205e-10,7.93446e-09,1.74517e-08,1.36291e-06,11.2554,2.65548e-07,1.09673e-10,-1.25233e-06,1.5708,19.3752,19.3718,-4.51079e-21,4.51159e-21
0.117403,-1.50736e-08,-1.46877e-07,-1.37692e-08,7.62348e-09,2.05125e-08,1.36451e-06,11.2613,2.65566e-07,-3.30008e-10,-1.25195e-06,1.5708,19.3723,19.3749,4.26614e-23,-4.26557e-23
0.117367,-1.49176e-08,-1.4686e-07,1.45778e-08,8.21274e-09,1.79002e-08,1.36614e-06,11.2672,2.6556e-07,-1.20253e-10,-1.25157e-06,1.5708,19.3693,19.3675,0,0
0.117332,-1.44052e-08,-1.47454e-07,-2.27571e-09,8.25217e-09,1.93456e-08,1.36773e-06,11.2731,2.65535e-07,8.02757e-11,-1.25117e-06,1.5708,19.3664,19.367,0,0
0.117296,-1.37841e-08,-1.47781e-07,-1.86341e-12,8.5482e-09,1.87267e-08,1.36929e-06,11.2789,2.65481e-07,3.75224e-11,-1.25076e-06,1.5708,19.3635,19.3596,-6.24161e-23,6.24284e-23
0.11726,-1.49712e-08,-1.48775e-07,-1.2587e-08,8.0759e-09,2.18566e-08,1.37085e-06,11.2848,2.65389e-07,-3.66902e-10,-1.25035e-06,1.5708,19.3605,19.3588,-2.7639e-23,2.76414e-23
0.117225,-1.69391e-08,-1.49399e-07,-6.49234e-11,7.76521e-09,2.34989e-08,1.3725e-06,11.2906,2.65252e-07,-6.05419e-10,-1.24996e-06,1.5708,19.3576,19.353,0,0
0.117189,-1.98493e-08,-1.50177e-07,-5.4774e-09,7.02964e-09,2.81763e-08,1.37425e-06,11.2965,2.65074e-07,-7.82823e-10,-1.24961e-06,1.5708,19.3547,19.3548,-7.09337e-23,7.09334e-23
0.117153,-2.14201e-08,-1.49872e-07,1.15846e-08,7.12946e-09,2.89982e-08,1.37612e-06,11.3024,2.64882e-07,-5.13721e-10,-1.24926e-06,1.5708,19.3517,19.3509,1.31221e-23,-1.31226e-23
0.117118,-2.1509e-08,-1.49257e-07,5.75094e-09,7.42127e-09,3.02758e-08,1.37801e-06,11.3082,2.64709e-07,-1.11634e-10,-1.24891e-06,1.5708,19.3488,19.3477,1.15832e-21,-1.15839e-21
0.117082,-2.14044e-08,-1.48595e-07,-2.81334e-09,7.7205e-09,3.158e-08,1.37989e-06,11.3141,2.64564e-07,-9.40889e-11,-1.24854e-06,1.5708,19.3459,19.3449,1.56619e-23,-1.56627e-23
0.117046,-2.15713e-08,-1.47949e-07,-1.39713e-09,8.02312e-09,3.22253e-08,1.38177e-06,11.3199,2.64447e-07,-1.91822e-10,-1.24816e-06,1.5708,19.343,19.338,-8.10021e-23,8.10228e-23
0.117011,-2.36617e-08,-1.48077e-07,-1.28635e-08,7.5354e-09,3.65891e-08,1.38368e-06,11.3258,2.64338e-07,-6.31401e-10,-1.24778e-06,1.5708,19.34,19.3412,-1.94121e-23,1.94109e-23
0.116975,-2.45472e-08,-1.47312e-07,1.43684e-08,7.94834e-09,3.56256e-08,1.38568e-06,11.3316,2.64242e-07,-4.1147e-10,-1.2474e-06,1.5708,19.3371,19.3354,5.73682e-23,-5.73734e-23
0.11694,-2.43608e-08,-1.46879e-07,2.64248e-09,8.12451e-09,3.72209e-08,1.38767e-06,11.3375,2.64171e-07,-5.69545e-11,-1.24701e-06,1.5708,19.3342,19.3358,2.59501e-23,-2.59479e-23
0.116904,-2.29203e-08,-1.46088e-07,5.94482e-09,8.80842e-09,3.57228e-08,1.38961e-06,11.3433,2.64127e-07,1.83641e-10,-1.2466e-06,1.5708,19.3313,19.3323,-1.66916e-23,1.66907e-23
0.116869,-2.07183e-08,-1.45515e-07,2.69882e-09,9.49633e-09,3.38743e-08,1.39144e-06,11.3492,2.64113e-07,3.82027e-10,-1.24615e-06,1.5708,19.3283,19.3283,7.76681e-25,-7.76683e-25
0.116833,-1.88613e-08,-1.45452e-07,-4.0604e-09,9.8783e-09,3.27486e-08,1.39317e-06,11.355,2.64109e-07,3.02374e-10,-1.24567e-06,1.5708,19.3254,19.3291,4.64389e-21,-4.643e-21
0.116798,-1.57772e-08,-1.45084e-07,1.07389e-08,1.07739e-08,2.78688e-08,1.39477e-06,11.3608,2.64112e-07,5.71281e-10,-1.24517e-06,1.5708,19.3225,19.3247,3.57356e-23,-3.57315e-23
0.116762,-1.18121e-08,-1.45157e-07,2.58282e-09,1.14474e-08,2.40813e-08,1.39617e-06,11.3667,2.64117e-07,8.56075e-10,-1.24462e-06,1.5708,19.3196,19.3246,1.63083e-22,-1.63041e-22
0.116727,-6.69726e-09,-1.45111e-07,6.48012e-09,1.24374e-08,1.75267e-08,1.39735e-06,11.3725,2.64116e-07,1.11306e-09,-1.24403e-06,1.5708,19.3167,19.317,-4.84167e-24,4.8416e-24
0.116691,-2.97116e-09,-1.46089e-07,-1.22741e-08,1.25048e-08,1.48444e-08,1.39829e-06,11.3784,2.64084e-07,8.40749e-10,-1.24342e-06,1.5708,19.3137,19.3172,1.12213e-22,-1.12193e-22
0.116656,2.08298e-10,-1.46867e-07,1.62302e-09,1.27304e-08,9.49006e-09,1.39906e-06,11.3842,2.64002e-07,6.62751e-10,-1.2428e-06,1.5708,19.3108,19.309,-2.32591e-21,2.32613e-21
0.116621,1.49541e-09,-1.48443e-07,-1.20837e-08,1.19633e-08,9.19514e-09,1.39972e-06,11.39,2.63854e-07,3.05216e-10,-1.24219e-06,1.5708,19.3079,19.303,8.04077e-23,-8.04281e-23
0.116585,-8.42179e-10,-1.5048e-07,-2.04923e-08,1.02697e-08,1.29139e-08,1.40039e-06,11.3959,2.63607e-07,-5.79929e-10,-1.24164e-06,1.5708,19.305,19.3094,-7.34314e-23,7.34144e-23
0.11655,-1.06657e-09,-1.50449e-07,2.57913e-08,1.01623e-08,8.57321e-09,1.40115e-06,11.4017,2.63308e-07,-1.36205e-10,-1.24114e-06,1.5708,19.3021,19.3044,3.88198e-23,-3.88151e-23
0.116514,1.83811e-09,-1.49859e-07,1.33437e-08,1.03263e-08,6.15142e-09,1.40181e-06,11.4075,2.63019e-07,7.7667e-10,-1.24064e-06,1.5708,19.2992,19.2966,1.27724e-22,-1.27742e-22
0.116479,2.84834e-09,-1.49854e-07,-2.26353e-08,9.63547e-09,8.38522e-09,1.40237e-06,11.4133,2.6274e-07,3.00204e-10,-1.24015e-06,1.5708,19.2962,19.2998,-5.99331e-23,5.99219e-23
0.116444,3.6915e-09,-1.48755e-07,7.6517e-09,9.83297e-09,4.1874e-09,1.4029e-06,11.4192,2.62484e-07,1.21192e-10,-1.23968e-06,1.5708,19.2933,19.2961,2.32945e-21,-2.32911e-21
0.116408,6.26316e-09,-1.47467e-07,1.21178e-08,1.02022e-08,3.64779e-10,1.40334e-06,11.425,2.62284e-07,6.54215e-10,-1.23919e-06,1.5708,19.2904,19.2858,-7.71923e-23,7.72107e-23
0.116373,6.13575e-09,-1.47538e-07,-2.55159e-08,9.16602e-09,4.08008e-09,1.4037e-06,11.4308,2.62108e-07,6.21426e-11,-1.23871e-06,1.5708,19.2875,19.285,0,0
0.116338,3.09112e-09,-1.47539e-07,-1.09024e-08,8.03544e-09,6.26795e-09,1.40416e-06,11.4366,2.61925e-07,-7.67151e-10,-1.23829e-06,1.5708,19.2846,19.289,-7.40384e-23,7.40215e-23
0.116302,3.06491e-09,-1.46124e-07,2.95383e-08,8.29465e-09,2.15592e-09,1.40469e-06,11.4424,2.61775e-07,-2.30647e-11,-1.23789e-06,1.5708,19.2817,19.2847,9.94696e-23,-9.9454e-23
0.116267,6.43714e-09,-1.44647e-07,1.23175e-08,8.81431e-09,-4.91292e-10,1.40513e-06,11.4482,2.61693e-07,9.27224e-10,-1.23748e-06,1.5708,19.2788,19.2793,-9.31006e-24,9.30979e-24
0.116232,9.05563e-09,-1.43877e-07,-1.43513e-08,8.88266e-09,-1.34225e-09,1.40541e-06,11.4541,2.61663e-07,6.97701e-10,-1.23704e-06,1.5708,19.2759,19.2759,6.91932e-25,-6.9193e-25
0.116196,9.49024e-09,-1.43642e-07,-1.02243e-08,8.62257e-09,-2.5819e-09,1.40563e-06,11.4599,2.61653e-07,1.00014e-10,-1.23662e-06,1.5708,19.273,19.2772,0,0
0.116161,1.11889e-08,-1.42988e-07,1.58162e-08,9.00979e-09,-7.61288e-09,1.4058e-06,11.4657,2.61661e-07,4.1625e-10,-1.23618e-06,1.5708,19.2701,19.2739,0,0
0.116126,1.49693e-08,-1.42501e-07,9.41898e-09,9.52381e-09,-1.20802e-08,1.40583e-06,11.4715,2.61693e-07,1.01594e-09,-1.23573e-06,1.5708,19.2672,19.2676,0,0
0.116091,1.75493e-08,-1.42927e-07,-1.432e-08,9.34609e-09,-1.34073e-08,1.40569e-06,11.4773,2.61721e-07,7.33035e-10,-1.23527e-06,1.5708,19.2643,19.2635,-6.1166e-26,6.11683e-26
0.116055,1.74398e-08,-1.43907e-07,-1.35057e-08,8.66242e-09,-1.38591e-08,1.4055e-06,11.4831,2.61707e-07,3.05179e-11,-1.23483e-06,1.5708,19.2614,19.2594,2.33767e-21,-2.3379e-21
0.11602,1.54645e-08,-1.45126e-07,-5.3339e-09,7.61351e-09,-1.26813e-08,1.40538e-06,11.4889,2.61633e-07,-3.94402e-10,-1.23443e-06,1.5708,19.2585,19.2628,0,0
0.115985,1.59584e-08,-1.45051e-07,2.16308e-08,7.72974e-09,-1.64388e-08,1.40529e-06,11.4947,2.61527e-07,2.00292e-10,-1.23406e-06,1.5708,19.2555,19.2589,4.62305e-21,-4.62225e-21
0.11595,1.89472e-08,-1.44679e-07,8.81286e-09,8.13586e-09,-1.93889e-08,1.40512e-06,11.5005,2.61428e-07,8.89599e-10,-1.23367e-06,1.5708,19.2526,19.2508,-3.12933e-23,3.12963e-23
0.115915,1.97329e-08,-1.45157e-07,-2.22042e-08,7.63905e-09,-1.78258e-08,1.40485e-06,11.5063,2.61321e-07,3.41959e-10,-1.23329e-06,1.5708,19.2498,19.2503,0,0
0.115879,1.86326e-08,-1.45344e-07,-4.37559e-09,7.2978e-09,-1.87766e-08,1.4046e-06,11.5121,2.61193e-07,-2.15372e-10,-1.23293e-06,1.5708,19.2469,19.2434,5.40184e-28,-5.4028e-28
0.115844,1.59435e-08,-1.45957e-07,-6.69884e-09,6.3368e-09,-1.56735e-08,1.40446e-06,11.5179,2.6104e-07,-5.12822e-10,-1.2326e-06,1.5708,19.244,19.2486,7.73511e-23,-7.73323e-23
0.115809,1.5981e-08,-1.45025e-07,2.2748e-08,6.79467e-09,-1.91079e-08,1.40439e-06,11.5237,2.60893e-07,9.21e-11,-1.23228e-06,1.5708,19.2411,19.2376,4.57104e-21,-4.57186e-21
0.115774,1.54688e-08,-1.45029e-07,-1.35435e-08,6.27028e-09,-1.52867e-08,1.40432e-06,11.5295,2.60764e-07,8.40632e-11,-1.23196e-06,1.5708,19.2382,19.2397,-9.21939e-26,9.21866e-26
0.115739,1.45376e-08,-1.44364e-07,7.50605e-11,6.36744e-09,-1.59058e-08,1.4043e-06,11.5353,2.60649e-07,-1.67765e-10,-1.23166e-06,1.5708,19.2353,19.2387,5.63538e-23,-5.63438e-23
0.115704,1.55172e-08,-1.43186e-07,1.53379e-08,7.08694e-09,-1.90727e-08,1.40429e-06,11.541,2.60577e-07,3.2637e-10,-1.23133e-06,1.5708,19.2324,19.2361,4.68893e-21,-4.68803e-21
0.115669,1.85192e-08,-1.42026e-07,7.6879e-09,8.04124e-09,-2.25334e-08,1.40417e-06,11.5468,2.6056e-07,8.61434e-10,-1.23096e-06,1.5708,19.2295,19.231,-4.95842e-23,4.95803e-23
0.115633,2.09415e-08,-1.41588e-07,-9.15038e-09,8.55544e-09,-2.44296e-08,1.40393e-06,11.5526,2.60578e-07,7.12068e-10,-1.23056e-06,1.5708,19.2266,19.2253,-2.1372e-23,2.13735e-23
0.115598,2.06767e-08,-1.42096e-07,-1.56716e-08,8.28869e-09,-2.40282e-08,1.40364e-06,11.5584,2.60589e-07,3.70113e-11,-1.23014e-06,1.5708,19.2237,19.2258,-5.21821e-25,5.21763e-25
0.115563,2.02843e-08,-1.4233e-07,7.46091e-09,8.37102e-09,-2.6414e-08,1.40338e-06,11.5642,2.60576e-07,-1.74883e-11,-1.22974e-06,1.5708,19.2208,19.2255,-7.74592e-23,7.74404e-23
0.115528,2.25288e-08,-1.42076e-07,1.75583e-08,9.06372e-09,-3.08137e-08,1.40308e-06,11.5699,2.60561e-07,6.86697e-10,-1.22931e-06,1.5708,19.2179,19.2167,-3.96952e-23,3.96976e-23
0.115493,2.37818e-08,-1.4283e-07,-1.57705e-08,8.81371e-09,-2.96896e-08,1.40269e-06,11.5757,2.60527e-07,5.09882e-10,-1.22887e-06,1.5708,19.215,19.2166,0,0
0.115458,2.36423e-08,-1.43362e-07,-4.85626e-09,8.73023e-09,-3.12579e-08,1.40229e-06,11.5815,2.60456e-07,5.79527e-11,-1.22845e-06,1.5708,19.2121,19.2142,-6.81151e-23,6.81079e-23
0.115423,2.39289e-08,-1.43652e-07,7.37487e-09,8.81729e-09,-3.34871e-08,1.40189e-06,11.5873,2.6036e-07,2.03741e-10,-1.22802e-06,1.5708,19.2093,19.2105,1.9863e-23,-1.98618e-23
0.115388,2.46687e-08,-1.43946e-07,5.65099e-10,8.81248e-09,-3.43935e-08,1.40148e-06,11.593,2.60244e-07,3.60418e-10,-1.22759e-06,1.5708,19.2064,19.2066,0,0
0.115353,2.4617e-08,-1.44327e-07,-6.80136e-09,8.58789e-09,-3.42647e-08,1.40106e-06,11.5988,2.60106e-07,1.52626e-10,-1.22716e-06,1.5708,19.2035,19.2033,-2.28274e-24,2.28275e-24
0.115318,2.35647e-08,-1.44645e-07,-4.16796e-09,8.24907e-09,-3.38668e-08,1.40067e-06,11.6046,2.59947e-07,-1.08926e-10,-1.22675e-06,1.5708,19.2006,19.2022,2.6583e-23,-2.65808e-23
0.115283,2.30272e-08,-1.44468e-07,6.31068e-09,8.24609e-09,-3.48697e-08,1.40034e-06,11.6103,2.59779e-07,1.55363e-11,-1.22635e-06,1.5708,19.1977,19.2004,0,0
0.115248,2.39076e-08,-1.43876e-07,7.743e-09,8.5882e-09,-3.67434e-08,1.40001e-06,11.6161,2.59628e-07,3.82786e-10,-1.22594e-06,1.5708,19.1948,19.1941,5.88471e-22,-5.88494e-22
0.115213,2.39326e-08,-1.43767e-07,-1.03965e-08,8.40005e-09,-3.56074e-08,1.39966e-06,11.6219,2.59488e-07,1.94251e-10,-1.22552e-06,1.5708,19.192,19.1916,-6.05104e-24,6.05115e-24
0.115178,2.25143e-08,-1.43696e-07,-6.643e-09,8.08852e-09,-3.48335e-08,1.39936e-06,11.6276,2.59348e-07,-2.14302e-10,-1.22512e-06,1.5708,19.1891,19.1873,-5.95521e-23,5.95577e-23
0.115143,2.00086e-08,-1.43788e-07,-3.68431e-09,7.50107e-09,-3.2564e-08,1.39917e-06,11.6334,2.59203e-07,-4.57468e-10,-1.22474e-06,1.5708,19.1862,19.1905,0,0
0.115108,1.99966e-08,-1.42749e-07,2.00209e-08,8.02251e-09,-3.54422e-08,1.39905e-06,11.6391,2.5908e-07,1.16449e-10,-1.22436e-06,1.5708,19.1833,19.1821,-1.945e-23,1.94512e-23
0.115073,2.0203e-08,-1.4241e-07,-7.16844e-09,7.91273e-09,-3.3515e-08,1.39893e-06,11.6449,2.58985e-07,2.62045e-10,-1.22398e-06,1.5708,19.1804,19.1775,4.84982e-23,-4.85056e-23
0.115038,1.77775e-08,-1.42624e-07,-1.82905e-08,7.22826e-09,-2.98753e-08,1.39888e-06,11.6506,2.58889e-07,-4.60101e-10,-1.22361e-06,1.5708,19.1776,19.1773,-4.14179e-27,4.14185e-27
0.115004,1.47537e-08,-1.42437e-07,4.56681e-09,6.89419e-09,-2.88008e-08,1.39898e-06,11.6564,2.58788e-07,-6.56923e-10,-1.22327e-06,1.5708,19.1747,19.1778,5.12755e-23,-5.12672e-23
0.114969,1.45773e-08,-1.41485e-07,2.02172e-08,7.39006e-09,-3.05152e-08,1.39917e-06,11.6621,2.58713e-07,7.81375e-11,-1.22292e-06,1.5708,19.1718,19.1719,-1.09815e-27,1.09814e-27
0.114934,1.5342e-08,-1.40957e-07,-3.1871e-09,7.61825e-09,-2.95161e-08,1.39934e-06,11.6679,2.58671e-07,3.5532e-10,-1.22255e-06,1.5708,19.1689,19.168,1.57066e-23,-1.57073e-23
0.114899,1.45258e-08,-1.40888e-07,-1.24633e-08,7.50672e-09,-2.79541e-08,1.39952e-06,11.6736,2.58638e-07,-1.04825e-10,-1.22218e-06,1.5708,19.1661,19.1675,2.37302e-23,-2.37285e-23
0.114864,1.36319e-08,-1.40605e-07,5.43429e-09,7.71652e-09,-2.89814e-08,1.39976e-06,11.6794,2.58611e-07,-1.64254e-10,-1.22181e-06,1.5708,19.1632,19.1664,-7.9935e-25,7.99215e-25
0.114829,1.4772e-08,-1.40047e-07,1.36221e-08,8.37666e-09,-3.15807e-08,1.4e-06,11.6851,2.58601e-07,3.75369e-10,-1.22142e-06,1.5708,19.1603,19.1649,0,0
0.114795,1.80233e-08,-1.39398e-07,8.43578e-09,9.3872e-09,-3.55433e-08,1.40013e-06,11.6909,2.58618e-07,9.02266e-10,-1.22099e-06,1.5708,19.1574,19.1604,4.97504e-23,-4.97427e-23
0.11476,2.12777e-08,-1.39305e-07,-5.01522e-09,1.01099e-08,-3.87766e-08,1.40011e-06,11.6966,2.58648e-07,8.99812e-10,-1.22051e-06,1.5708,19.1546,19.1575,-4.88111e-23,4.88036e-23
0.114725,2.36758e-08,-1.39644e-07,-4.31661e-09,1.05951e-08,-4.24303e-08,1.39997e-06,11.7023,2.58667e-07,6.67273e-10,-1.22e-06,1.5708,19.1517,19.1478,-6.50538e-23,6.5067e-23
0.11469,2.24051e-08,-1.41413e-07,-2.32804e-08,9.62241e-09,-3.95517e-08,1.3998e-06,11.7081,2.58625e-07,-1.6151e-10,-1.2195e-06,1.5708,19.1488,19.1483,-1.66688e-23,1.66693e-23
0.114655,1.94865e-08,-1.42769e-07,-8.3755e-10,8.80089e-09,-3.8686e-08,1.39976e-06,11.7138,2.58499e-07,-6.25545e-10,-1.21905e-06,1.5708,19.146,19.1473,4.47417e-23,-4.47386e-23
0.114621,1.81117e-08,-1.43318e-07,1.40031e-08,8.49969e-09,-3.89248e-08,1.39983e-06,11.7195,2.58322e-07,-1.91587e-10,-1.21863e-06,1.5708,19.1431,19.1479,1.60348e-22,-1.60308e-22
0.114586,1.99979e-08,-1.42779e-07,1.68585e-08,9.11837e-09,-4.20468e-08,1.3999e-06,11.7253,2.58142e-07,6.12878e-10,-1.2182e-06,1.5708,19.1402,19.1362,1.33497e-22,-1.33525e-22
0.114551,1.9518e-08,-1.43394e-07,-2.62944e-08,8.40504e-09,-3.76431e-08,1.39994e-06,11.731,2.57953e-07,8.47805e-11,-1.21777e-06,1.5708,19.1374,19.1324,-8.26599e-23,8.26813e-23
0.114516,1.45468e-08,-1.44273e-07,-2.25917e-08,7.06737e-09,-3.22308e-08,1.40013e-06,11.7367,2.57721e-07,-1.13469e-09,-1.2174e-06,1.5708,19.1345,19.1364,-4.81213e-25,4.81164e-25
0.114482,1.10558e-08,-1.43614e-07,2.35471e-08,6.95408e-09,-3.2779e-08,1.40056e-06,11.7424,2.57481e-07,-8.0268e-10,-1.21706e-06,1.5708,19.1316,19.1273,0,0
0.114447,8.24152e-09,-1.43373e-07,-3.68454e-09,6.21595e-09,-2.67587e-08,1.40113e-06,11.7482,2.57259e-07,-4.79265e-10,-1.21674e-06,1.5708,19.1288,19.1276,-1.92611e-23,1.92623e-23
0.114412,5.25477e-09,-1.42514e-07,-3.27127e-09,5.93245e-09,-2.32057e-08,1.40186e-06,11.7539,2.57062e-07,-6.53707e-10,-1.21645e-06,1.5708,19.1259,19.1244,-2.46092e-23,2.4611e-23
0.114377,2.3961e-09,-1.41432e-07,2.30244e-09,5.83945e-09,-2.02457e-08,1.40275e-06,11.7596,2.5691e-07,-6.41373e-10,-1.21616e-06,1.5708,19.1231,19.1258,-3.38571e-25,3.38523e-25
0.114343,2.0284e-09,-1.3961e-07,1.67268e-08,6.64285e-09,-2.12354e-08,1.40372e-06,11.7653,2.56829e-07,-6.09591e-11,-1.21586e-06,1.5708,19.1202,19.1152,0,0
0.114308,2.43023e-10,-1.39164e-07,-1.83013e-08,6.28944e-09,-1.54902e-08,1.40474e-06,11.771,2.56799e-07,-3.34947e-10,-1.21555e-06,1.5708,19.1173,19.1211,-4.74652e-21,4.7456e-21
0.114273,-4.40061e-10,-1.37783e-07,1.37706e-08,7.12944e-09,-1.77869e-08,1.40585e-06,11.7768,2.56813e-07,-2.3622e-10,-1.21522e-06,1.5708,19.1145,19.1121,0,0
0.114239,-1.09004e-09,-1.3749e-07,-3.80409e-09,7.21141e-09,-1.51491e-08,1.40698e-06,11.7825,2.56864e-07,-9.99928e-11,-1.21487e-06,1.5708,19.1116,19.1133,-2.34698e-21,2.34677e-21
0.114204,-1.16076e-09,-1.37054e-07,3.95387e-09,7.72882e-09,-1.57557e-08,1.40814e-06,11.7882,2.5693e-07,-4.44129e-11,-1.21451e-06,1.5708,19.1088,19.1101,2.28708e-23,-2.28691e-23
0.114169,-3.68282e-10,-1.36873e-07,4.89003e-09,8.30456e-09,-1.67694e-08,1.40928e-06,11.7939,2.57007e-07,1.86911e-10,-1.21412e-06,1.5708,19.1059,19.1078,3.50576e-30,-3.50542e-30
0.114135,1.1218e-09,-1.36939e-07,2.40885e-09,8.91985e-09,-1.83462e-08,1.41037e-06,11.7996,2.57082e-07,3.56173e-10,-1.21369e-06,1.5708,19.1031,19.0993,-6.21197e-23,6.21318e-23
0.1141,1.52595e-10,-1.38235e-07,-1.91681e-08,8.43243e-09,-1.49534e-08,1.41144e-06,11.8053,2.57117e-07,-2.14327e-10,-1.21327e-06,1.5708,19.1002,19.1048,1.53383e-22,-1.53347e-22
0.114066,4.67682e-10,-1.38412e-07,1.75604e-08,9.10358e-09,-1.89747e-08,1.41256e-06,11.811,2.57111e-07,-1.00697e-11,-1.21284e-06,1.5708,19.0973,19.0985,-3.86673e-23,3.8665e-23
0.114031,2.34408e-09,-1.38893e-07,5.7794e-09,9.5387e-09,-2.01324e-08,1.4136e-06,11.8167,2.57084e-07,5.0529e-10,-1.21238e-06,1.5708,19.0945,19.0946,7.26175e-38,-7.26171e-38
0.113997,3.48769e-09,-1.3968e-07,-9.89659e-09,9.63687e-09,-2.00313e-08,1.41458e-06,11.8224,2.5702e-07,2.96e-10,-1.21191e-06,1.5708,19.0916,19.0883,4.70316e-21,-4.70399e-21
0.113962,1.68761e-09,-1.41059e-07,-1.71791e-08,8.9465e-09,-1.70824e-08,1.41558e-06,11.8281,2.56895e-07,-4.41639e-10,-1.21146e-06,1.5708,19.0888,19.0847,-6.90778e-23,6.90927e-23
0.113927,-2.44889e-09,-1.42426e-07,-7.96608e-09,7.89072e-09,-1.27767e-08,1.41674e-06,11.8338,2.56696e-07,-1.02025e-09,-1.21105e-06,1.5708,19.0859,19.0842,8.8905e-23,-8.89133e-23
0.113893,-6.10722e-09,-1.42916e-07,8.55275e-09,7.28532e-09,-9.68649e-09,1.4181e-06,11.8395,2.56447e-07,-8.95368e-10,-1.21068e-06,1.5708,19.0831,19.0849,2.3816e-21,-2.38137e-21
0.113858,-6.78738e-09,-1.42153e-07,1.78203e-08,7.64765e-09,-9.53208e-09,1.41957e-06,11.8452,2.56202e-07,-1.62562e-10,-1.21032e-06,1.5708,19.0802,19.0802,0,0
0.113824,-6.21505e-09,-1.41233e-07,-4.67675e-10,8.05031e-09,-8.19354e-09,1.42104e-06,11.8509,2.55995e-07,1.56916e-10,-1.20994e-06,1.5708,19.0774,19.082,7.80989e-23,-7.80798e-23
0.113789,-3.85941e-09,-1.39516e-07,1.08036e-08,9.31759e-09,-1.20771e-08,1.42244e-06,11.8566,2.55852e-07,4.95296e-10,-1.20951e-06,1.5708,19.0746,19.0746,6.68455e-25,-6.68454e-25
0.113755,-1.83869e-09,-1.38653e-07,-6.8383e-09,9.92186e-09,-1.27179e-08,1.42373e-06,11.8623,2.55769e-07,4.78588e-10,-1.20904e-06,1.5708,19.0717,19.0712,5.87791e-22,-5.87807e-22
0.113721,-1.50576e-09,-1.38401e-07,-1.00292e-08,1.00586e-08,-1.27274e-08,1.42496e-06,11.868,2.55708e-07,2.81456e-11,-1.20855e-06,1.5708,19.0689,19.0715,4.43189e-23,-4.43128e-23
0.113686,-6.65816e-10,-1.37943e-07,9.25524e-09,1.05444e-08,-1.56281e-08,1.42618e-06,11.8736,2.5566e-07,1.37225e-10,-1.20804e-06,1.5708,19.066,19.064,-3.44148e-23,3.44185e-23
0.113652,-5.84532e-10,-1.38393e-07,-8.21569e-09,1.02146e-08,-1.39243e-08,1.42737e-06,11.8793,2.55607e-07,4.70705e-11,-1.20753e-06,1.5708,19.0632,19.0638,0,0
0.113617,-9.5536e-10,-1.3867e-07,-6.8903e-10,1.00543e-08,-1.41482e-08,1.42857e-06,11.885,2.5553e-07,-1.29293e-10,-1.20704e-06,1.5708,19.0603,19.0575,0,0
0.113583,-2.60149e-09,-1.39438e-07,-7.84802e-09,9.31932e-09,-1.12841e-08,1.42983e-06,11.8907,2.55421e-07,-3.94419e-10,-1.20656e-06,1.5708,19.0575,19.0618,-3.89477e-25,3.89389e-25
0.113548,-2.03114e-09,-1.38959e-07,1.9334e-08,9.76597e-09,-1.4601e-08,1.43112e-06,11.8964,2.55302e-07,7.92812e-11,-1.20609e-06,1.5708,19.0547,19.0551,0,0
0.113514,-3.19602e-10,-1.38809e-07,4.79032e-10,9.90814e-09,-1.478e-08,1.43235e-06,11.902,2.55193e-07,4.57675e-10,-1.20561e-06,1.5708,19.0518,19.0499,2.35813e-21,-2.35836e-21
0.11348,-5.01688e-10,-1.39186e-07,-1.6086e-08,9.47208e-09,-1.28471e-08,1.43355e-06,11.9077,2.55073e-07,-4.99963e-11,-1.20514e-06,1.5708,19.049,19.0533,7.22648e-23,-7.22483e-23
0.113445,3.96323e-10,-1.38574e-07,1.50903e-08,1.00004e-08,-1.70376e-08,1.43474e-06,11.9134,2.54956e-07,1.32817e-10,-1.20466e-06,1.5708,19.0461,19.0435,4.47381e-23,-4.47444e-23
0.113411,6.1518e-10,-1.38936e-07,-9.51139e-09,9.5428e-09,-1.48261e-08,1.4359e-06,11.9191,2.54838e-07,1.10579e-10,-1.20418e-06,1.5708,19.0433,19.0421,-4.00188e-23,4.00213e-23
0.113377,-6.95017e-10,-1.39262e-07,-8.60007e-09,8.9977e-09,-1.32383e-08,1.43709e-06,11.9247,2.54699e-07,-3.44258e-10,-1.20373e-06,1.5708,19.0405,19.0387,-2.36229e-21,2.36252e-21
0.113342,-2.84821e-09,-1.39515e-07,-1.11092e-09,8.36561e-09,-1.12042e-08,1.43837e-06,11.9304,2.5454e-07,-5.41527e-10,-1.2033e-06,1.5708,19.0376,19.0385,1.19655e-21,-1.1965e-21
0.113308,-3.72265e-09,-1.39104e-07,1.04266e-08,8.27746e-09,-1.11283e-08,1.43974e-06,11.9361,2.54381e-07,-2.27578e-10,-1.2029e-06,1.5708,19.0348,19.0313,4.72934e-21,-4.7302e-21
0.113274,-5.2888e-09,-1.39157e-07,-9.81719e-09,7.62284e-09,-6.98326e-09,1.44116e-06,11.9417,2.54227e-07,-3.4732e-10,-1.20251e-06,1.5708,19.032,19.0302,2.36502e-21,-2.36524e-21
0.113239,-7.76223e-09,-1.38913e-07,-3.72543e-09,7.14263e-09,-4.2795e-09,1.44269e-06,11.9474,2.54073e-07,-6.51439e-10,-1.20215e-06,1.5708,19.0291,19.0287,0,0
0.113205,-9.4805e-09,-1.38226e-07,7.95729e-09,7.05792e-09,-3.01774e-09,1.44432e-06,11.9531,2.53939e-07,-4.65946e-10,-1.20181e-06,1.5708,19.0263,19.0254,-2.93902e-23,2.93915e-23
0.113171,-1.02982e-08,-1.37482e-07,2.96629e-09,7.07353e-09,-1.18223e-09,1.44602e-06,11.9587,2.53837e-07,-2.21412e-10,-1.20146e-06,1.5708,19.0235,19.0284,0,0
0.113136,-8.22777e-09,-1.35825e-07,1.82093e-08,8.21166e-09,-4.99352e-09,1.44769e-06,11.9644,2.53794e-07,4.19242e-10,-1.20109e-06,1.5708,19.0206,19.0166,-6.8294e-23,6.83085e-23
0.113102,-7.81209e-09,-1.35762e-07,-2.02728e-08,8.00517e-09,-1.4124e-09,1.44928e-06,11.97,2.53787e-07,1.09914e-10,-1.2007e-06,1.5708,19.0178,19.0138,-6.79696e-23,6.7984e-23
0.113068,-1.08645e-08,-1.36299e-07,-1.79817e-08,7.26822e-09,2.46467e-09,1.45095e-06,11.9757,2.53763e-07,-8.48374e-10,-1.20032e-06,1.5708,19.015,19.0112,4.79768e-21,-4.79864e-21
0.113034,-1.52299e-08,-1.36873e-07,9.04826e-10,6.44897e-09,6.43177e-09,1.45282e-06,11.9813,2.53707e-07,-1.15718e-09,-1.19999e-06,1.5708,19.0122,19.0077,1.49941e-22,-1.49976e-22
0.112999,-1.94685e-08,-1.37369e-07,1.9981e-09,5.59581e-09,1.21375e-08,1.45488e-06,11.987,2.5362e-07,-1.07639e-09,-1.1997e-06,1.5708,19.0093,19.0115,-2.40111e-21,2.40084e-21
0.112965,-2.0519e-08,-1.36496e-07,2.10528e-08,6.09554e-09,1.21396e-08,1.45709e-06,11.9926,2.53541e-07,-3.62849e-10,-1.19942e-06,1.5708,19.0065,19.0078,0,0
0.112931,-1.89202e-08,-1.35425e-07,8.90756e-09,6.97293e-09,1.19358e-08,1.45926e-06,11.9983,2.53507e-07,3.18462e-10,-1.1991e-06,1.5708,19.0037,19.0009,0,0
0.112897,-1.87111e-08,-1.35244e-07,-1.65868e-08,7.15496e-09,1.47694e-08,1.46138e-06,12.0039,2.535e-07,-4.71033e-11,-1.19876e-06,1.5708,19.0009,19.0039,5.09999e-23,-5.09918e-23
0.112863,-1.79437e-08,-1.34487e-07,1.0525e-08,8.12649e-09,1.16393e-08,1.46349e-06,12.0096,2.53514e-07,-2.03642e-11,-1.19838e-06,1.5708,18.998,19.0026,0,0
0.112829,-1.42097e-08,-1.33581e-07,1.88982e-08,9.59396e-09,6.61256e-09,1.46548e-06,12.0152,2.53566e-07,7.84401e-10,-1.19795e-06,1.5708,18.9952,18.9992,-2.01723e-24,2.01681e-24
0.112794,-8.855e-09,-1.33161e-07,2.34093e-09,1.09756e-08,1.91978e-09,1.46723e-06,12.0209,2.53647e-07,1.21468e-09,-1.19744e-06,1.5708,18.9924,18.9903,-6.96101e-23,6.96176e-23
0.11276,-6.64311e-09,-1.3433e-07,-2.51272e-08,1.10083e-08,2.13255e-09,1.46879e-06,12.0265,2.53701e-07,4.51747e-10,-1.1969e-06,1.5708,18.9896,18.9938,0,0
0.112726,-4.82155e-09,-1.34999e-07,8.91314e-09,1.16182e-08,-3.36171e-09,1.47026e-06,12.0321,2.53705e-07,2.66531e-10,-1.19635e-06,1.5708,18.9868,18.9858,-1.65586e-23,1.65595e-23
0.112692,-3.37212e-09,-1.36444e-07,-3.0546e-09,1.14156e-08,-3.84086e-09,1.47164e-06,12.0378,2.5365e-07,3.35819e-10,-1.19578e-06,1.5708,18.9839,18.9864,-4.15215e-23,4.15161e-23
0.112658,-1.62632e-09,-1.374e-07,2.65415e-09,1.1528e-08,-6.5005e-09,1.47294e-06,12.0434,2.53528e-07,3.63861e-10,-1.19522e-06,1.5708,18.9811,18.9829,6.16452e-23,-6.16393e-23
0.112624,4.3242e-10,-1.38153e-07,1.80114e-09,1.16333e-08,-8.94858e-09,1.47415e-06,12.049,2.53359e-07,4.71683e-10,-1.19465e-06,1.5708,18.9783,18.9803,-2.52513e-25,2.52486e-25
0.11259,2.60242e-09,-1.38653e-07,4.37531e-11,1.17493e-08,-1.15046e-08,1.47526e-06,12.0547,2.53153e-07,5.07065e-10,-1.19407e-06,1.5708,18.9755,18.9735,-3.32254e-23,3.32289e-23
0.112556,2.80725e-09,-1.39576e-07,-1.39674e-08,1.11155e-08,-1.04159e-08,1.4763e-06,12.0603,2.52905e-07,5.93079e-11,-1.19351e-06,1.5708,18.9727,18.9766,6.70815e-23,-6.70675e-23
0.112522,3.84786e-09,-1.39319e-07,1.24913e-08,1.1341e-08,-1.44269e-08,1.47733e-06,12.0659,2.52637e-07,1.98432e-10,-1.19296e-06,1.5708,18.9699,18.9712,2.20352e-23,-2.20337e-23
0.112488,5.84549e-09,-1.39017e-07,3.21706e-09,1.13909e-08,-1.61068e-08,1.47828e-06,12.0715,2.52377e-07,5.36371e-10,-1.1924e-06,1.5708,18.967,18.9705,-5.8545e-23,5.85344e-23
0.112454,8.54096e-09,-1.38267e-07,2.28915e-09,1.17421e-08,-1.95584e-08,1.47911e-06,12.0772,2.5214e-07,6.70498e-10,-1.19183e-06,1.5708,18.9642,18.9613,0,0
0.11242,8.59057e-09,-1.38483e-07,-1.99871e-08,1.09648e-08,-1.76126e-08,1.47988e-06,12.0828,2.51909e-07,7.15471e-11,-1.19127e-06,1.5708,18.9614,18.9621,-1.10477e-23,1.10473e-23
0.112386,7.44866e-09,-1.3822e-07,3.28034e-10,1.0451e-08,-1.84131e-08,1.48069e-06,12.0884,2.51674e-07,-2.93128e-10,-1.19075e-06,1.5708,18.9586,18.9544,-7.16582e-23,7.16742e-23
0.112352,4.77902e-09,-1.38476e-07,-8.72678e-09,9.18177e-09,-1.43171e-08,1.48159e-06,12.094,2.51434e-07,-5.67451e-10,-1.19027e-06,1.5708,18.9558,18.9567,-3.03401e-23,3.03387e-23
0.112318,2.935e-09,-1.37743e-07,9.36999e-09,8.68753e-09,-1.38991e-08,1.48261e-06,12.0996,2.51202e-07,-4.30439e-10,-1.18983e-06,1.5708,18.953,18.9568,-6.54837e-23,6.54704e-23
0.112284,4.2217e-09,-1.36101e-07,1.90164e-08,9.1085e-09,-1.65392e-08,1.48365e-06,12.1053,2.51027e-07,3.56292e-10,-1.18939e-06,1.5708,18.9502,18.9518,0,0
0.11225,6.66495e-09,-1.34741e-07,-1.41572e-09,9.42876e-09,-1.7676e-08,1.4846e-06,12.1109,2.50923e-07,6.67942e-10,-1.18894e-06,1.5708,18.9474,18.9498,-4.13977e-23,4.13924e-23
0.112216,8.7595e-09,-1.33606e-07,-3.89357e-09,9.77831e-09,-2.02351e-08,1.48544e-06,12.1165,2.50877e-07,5.16496e-10,-1.18847e-06,1.5708,18.9446,18.9417,0,0
0.112182,8.12623e-09,-1.33727e-07,-1.72351e-08,9.06905e-09,-1.83217e-08,1.48624e-06,12.1221,2.5085e-07,-1.10164e-10,-1.18801e-06,1.5708,18.9418,18.938,-4.77205e-21,4.77299e-21
0.112149,4.71978e-09,-1.34399e-07,-1.16489e-08,7.82423e-09,-1.47755e-08,1.48716e-06,12.1277,2.50798e-07,-8.08038e-10,-1.1876e-06,1.5708,18.939,18.9355,-4.71988e-21,4.72074e-21
0.112115,3.819e-10,-1.34992e-07,2.5136e-10,6.55646e-09,-1.05847e-08,1.48827e-06,12.1333,2.50709e-07,-1.01894e-09,-1.18725e-06,1.5708,18.9361,18.9331,5.1266e-23,-5.12741e-23
0.112081,-3.5452e-09,-1.35211e-07,3.49983e-09,5.5262e-09,-5.92696e-09,1.4896e-06,12.1389,2.50597e-07,-9.02125e-10,-1.18696e-06,1.5708,18.9333,18.9306,1.42693e-22,-1.42714e-22
0.112047,-6.97784e-09,-1.35027e-07,1.10409e-09,4.78889e-09,-1.2221e-09,1.4911e-06,12.1445,2.5048e-07,-8.01255e-10,-1.18671e-06,1.5708,18.9305,18.9281,-4.2048e-23,4.20534e-23
0.112013,-1.0074e-08,-1.34487e-07,7.39779e-10,4.36226e-09,2.94892e-09,1.49277e-06,12.1501,2.50378e-07,-7.57033e-10,-1.18649e-06,1.5708,18.9277,18.9259,-3.09806e-23,3.09836e-23
0.111979,-1.25932e-08,-1.33649e-07,3.03049e-09,4.28081e-09,6.21098e-09,1.49458e-06,12.1557,2.50309e-07,-6.46037e-10,-1.18628e-06,1.5708,18.9249,18.9227,2.42172e-21,-2.42201e-21
0.111945,-1.47862e-08,-1.32829e-07,3.37225e-10,4.31478e-09,9.62708e-09,1.49651e-06,12.1613,2.50278e-07,-5.78528e-10,-1.18608e-06,1.5708,18.9221,18.9268,1.59327e-22,-1.59287e-22
0.111911,-1.36261e-08,-1.30963e-07,2.31448e-08,5.71417e-09,6.32215e-09,1.49846e-06,12.1669,2.50314e-07,1.71216e-10,-1.18584e-06,1.5708,18.9193,18.9238,1.53058e-22,-1.53021e-22
0.111878,-9.18624e-09,-1.29267e-07,1.31611e-08,7.49872e-09,2.1134e-09,1.50026e-06,12.1725,2.50436e-07,1.02865e-09,-1.18551e-06,1.5708,18.9165,18.9165,-2.31804e-24,2.31805e-24
0.111844,-5.93713e-09,-1.29026e-07,-1.6807e-08,8.38382e-09,1.27441e-09,1.50187e-06,12.1781,2.50602e-07,7.36106e-10,-1.18513e-06,1.5708,18.9137,18.9164,0,0
0.11181,-3.85377e-09,-1.29202e-07,-1.73518e-09,9.29081e-09,-2.67972e-09,1.50335e-06,12.1837,2.50764e-07,3.65077e-10,-1.18469e-06,1.5708,18.9109,18.915,0,0
0.111776,-6.13801e-10,-1.29617e-07,1.1807e-08,1.03361e-08,-7.99698e-09,1.5047e-06,12.1893,2.50908e-07,7.11968e-10,-1.18421e-06,1.5708,18.9082,18.9071,-1.86112e-23,1.86122e-23
0.111743,1.46172e-09,-1.31251e-07,-1.29246e-08,1.03554e-08,-8.11381e-09,1.5059e-06,12.1949,2.50993e-07,5.1863e-10,-1.1837e-06,1.5708,18.9054,18.901,-7.68024e-23,7.68202e-23
0.111709,-4.07624e-10,-1.33778e-07,-2.36073e-08,9.33906e-09,-4.70959e-09,1.50711e-06,12.2005,2.50967e-07,-4.82304e-10,-1.18322e-06,1.5708,18.9026,18.9058,-2.37304e-21,2.37263e-21
0.111675,-1.3203e-09,-1.34889e-07,1.91058e-08,9.44328e-09,-7.78766e-09,1.5084e-06,12.206,2.50846e-07,-3.11831e-10,-1.18276e-06,1.5708,18.8998,18.9027,-5.02857e-23,5.02779e-23
0.111641,9.27634e-10,-1.35342e-07,1.69266e-08,9.97788e-09,-1.03485e-08,1.50965e-06,12.2116,2.50682e-07,5.9058e-10,-1.18228e-06,1.5708,18.897,18.9,0,0
0.111608,4.45101e-09,-1.35448e-07,-6.95746e-10,1.06743e-08,-1.30454e-08,1.51076e-06,12.2172,2.505e-07,8.86208e-10,-1.18178e-06,1.5708,18.8942,18.8942,-3.18136e-25,3.18136e-25
0.111574,6.15414e-09,-1.35913e-07,-1.43217e-08,1.08045e-08,-1.39427e-08,1.51173e-06,12.2228,2.50298e-07,4.13315e-10,-1.18125e-06,1.5708,18.8914,18.8913,-1.27343e-24,1.27344e-24
0.111541,6.07263e-09,-1.36359e-07,-5.81291e-09,1.06761e-08,-1.48412e-08,1.51268e-06,12.2284,2.50068e-07,-4.21806e-11,-1.18072e-06,1.5708,18.8886,18.8847,-6.67521e-23,6.67659e-23
0.111507,3.78838e-09,-1.37223e-07,-1.1296e-08,9.75647e-09,-1.15558e-08,1.51368e-06,12.2339,2.49798e-07,-5.14251e-10,-1.18022e-06,1.5708,18.8858,18.8848,0,0
0.111473,1.19323e-09,-1.37341e-07,3.26663e-09,9.16243e-09,-9.81327e-09,1.51482e-06,12.2395,2.495e-07,-6.21547e-10,-1.17976e-06,1.5708,18.883,18.8793,0,0
0.111439,-1.89579e-09,-1.37359e-07,-4.09248e-09,8.28232e-09,-5.18518e-09,1.51609e-06,12.2451,2.49194e-07,-6.91919e-10,-1.17933e-06,1.5708,18.8802,18.8848,7.80357e-23,-7.80169e-23
0.111406,-1.85116e-09,-1.35628e-07,2.3383e-08,8.94576e-09,-7.90644e-09,1.51745e-06,12.2507,2.48929e-07,-1.77284e-11,-1.17891e-06,1.5708,18.8775,18.8785,0,0
0.111372,1.12234e-10,-1.34042e-07,3.60453e-09,9.51939e-09,-8.33662e-09,1.51875e-06,12.2562,2.48744e-07,5.37067e-10,-1.17846e-06,1.5708,18.8747,18.8765,-3.20669e-23,3.20637e-23
0.111339,2.05678e-09,-1.326e-07,-4.51041e-09,1.0121e-08,-9.96598e-09,1.51996e-06,12.2618,2.4863e-07,4.60009e-10,-1.17798e-06,1.5708,18.8719,18.8672,0,0
0.111305,5.64102e-10,-1.32588e-07,-2.27599e-08,9.42279e-09,-6.29701e-09,1.52116e-06,12.2674,2.48546e-07,-3.55753e-10,-1.1775e-06,1.5708,18.8691,18.866,1.04939e-22,-1.04956e-22
0.111271,-3.17499e-09,-1.32754e-07,-5.4025e-09,8.54092e-09,-3.30139e-09,1.52249e-06,12.2729,2.48453e-07,-9.56744e-10,-1.17706e-06,1.5708,18.8663,18.867,1.22563e-23,-1.22559e-23
0.111238,-5.10786e-09,-1.3223e-07,1.77644e-08,8.37171e-09,-3.05905e-09,1.52397e-06,12.2785,2.48366e-07,-4.87757e-10,-1.17665e-06,1.5708,18.8635,18.8655,-3.42907e-23,3.4287e-23
0.111204,-4.11247e-09,-1.31315e-07,1.32311e-08,8.74204e-09,-3.69708e-09,1.52547e-06,12.284,2.48311e-07,2.70678e-10,-1.17623e-06,1.5708,18.8608,18.8651,-1.12771e-24,1.12745e-24
0.111171,-8.16847e-10,-1.30093e-07,8.31015e-09,9.71095e-09,-7.23337e-09,1.52686e-06,12.2896,2.48307e-07,7.86164e-10,-1.17577e-06,1.5708,18.858,18.8608,4.82158e-23,-4.82087e-23
0.111137,2.7723e-09,-1.29424e-07,-2.79707e-09,1.04947e-08,-1.06173e-08,1.52808e-06,12.2952,2.48346e-07,8.52583e-10,-1.17528e-06,1.5708,18.8552,18.8584,-1.11738e-22,1.11719e-22
0.111104,6.05081e-09,-1.29222e-07,-1.3151e-09,1.11528e-08,-1.49661e-08,1.52913e-06,12.3007,2.48401e-07,7.5811e-10,-1.17474e-06,1.5708,18.8524,18.8483,4.87973e-21,-4.88078e-21
0.11107,5.80517e-09,-1.30684e-07,-2.37288e-08,1.02889e-08,-1.25691e-08,1.53011e-06,12.3063,2.48417e-07,-2.86893e-11,-1.17422e-06,1.5708,18.8496,18.8544,0,0
0.111037,6.33678e-09,-1.31055e-07,1.66542e-08,1.05154e-08,-1.74128e-08,1.53109e-06,12.3118,2.48383e-07,6.08894e-11,-1.17371e-06,1.5708,18.8469,18.8423,7.82264e-23,-7.82453e-23
0.111003,5.56794e-09,-1.32637e-07,-1.37652e-08,9.42764e-09,-1.35583e-08,1.53207e-06,12.3174,2.48293e-07,-6.86788e-11,-1.17322e-06,1.5708,18.8441,18.8425,-1.00291e-25,1.00299e-25
0.11097,3.18977e-09,-1.33769e-07,-7.63417e-09,8.48604e-09,-1.12999e-08,1.53314e-06,12.3229,2.48131e-07,-5.72406e-10,-1.17278e-06,1.5708,18.8413,18.8393,0,0
0.110936,3.91123e-10,-1.34448e-07,1.83216e-09,7.65202e-09,-8.77426e-09,1.53434e-06,12.3285,2.47919e-07,-6.57063e-10,-1.17239e-06,1.5708,18.8385,18.8367,6.18139e-23,-6.18198e-23
0.110903,-1.98432e-09,-1.34573e-07,2.64356e-09,7.03693e-09,-5.84043e-09,1.53568e-06,12.334,2.47683e-07,-5.37959e-10,-1.17203e-06,1.5708,18.8358,18.8339,2.44478e-21,-2.44503e-21
0.11087,-4.15561e-09,-1.34236e-07,-4.83189e-10,6.60904e-09,-2.70612e-09,1.53712e-06,12.3396,2.47449e-07,-5.04037e-10,-1.1717e-06,1.5708,18.833,18.8305,0,0
0.110836,-6.66679e-09,-1.33652e-07,-3.02683e-09,6.22917e-09,8.58699e-10,1.53869e-06,12.3451,2.47234e-07,-6.10528e-10,-1.17139e-06,1.5708,18.8302,18.8333,-4.06518e-25,4.0645e-25
0.110803,-6.75757e-09,-1.31912e-07,1.83762e-08,6.99245e-09,-9.54094e-10,1.54032e-06,12.3506,2.47076e-07,-7.7164e-11,-1.17107e-06,1.5708,18.8274,18.8232,-7.37846e-23,7.38011e-23
0.110769,-7.58247e-09,-1.31233e-07,-1.33669e-08,6.80218e-09,3.46625e-09,1.54197e-06,12.3562,2.46974e-07,-1.61653e-10,-1.17073e-06,1.5708,18.8247,18.8212,4.83461e-21,-4.83551e-21
0.110736,-1.06435e-08,-1.30833e-07,-1.25702e-08,6.38609e-09,7.48279e-09,1.54371e-06,12.3617,2.46895e-07,-8.16518e-10,-1.17041e-06,1.5708,18.8219,18.8189,-3.84622e-25,3.84682e-25
0.110702,-1.42981e-08,-1.30417e-07,2.67007e-09,6.04589e-09,1.08944e-08,1.54563e-06,12.3673,2.46833e-07,-9.67004e-10,-1.17011e-06,1.5708,18.8191,18.8155,-4.7748e-21,4.77572e-21
0.110669,-1.76105e-08,-1.30097e-07,2.15993e-09,5.68193e-09,1.55483e-08,1.54771e-06,12.3728,2.46785e-07,-8.4781e-10,-1.16983e-06,1.5708,18.8164,18.8211,-1.62141e-22,1.62101e-22
0.110636,-1.69147e-08,-1.2843e-07,2.68406e-08,6.90256e-09,1.27157e-08,1.54987e-06,12.3783,2.46786e-07,5.47995e-11,-1.16952e-06,1.5708,18.8136,18.8186,0,0
0.110602,-1.22367e-08,-1.26692e-07,1.61801e-08,8.69224e-09,8.35861e-09,1.55187e-06,12.3839,2.46871e-07,1.07857e-09,-1.16914e-06,1.5708,18.8108,18.8153,7.72177e-23,-7.71993e-23
0.110569,-6.46965e-09,-1.25647e-07,-2.21809e-09,1.03939e-08,3.26185e-09,1.55361e-06,12.3894,2.4702e-07,1.31144e-09,-1.16867e-06,1.5708,18.8081,18.8078,5.02155e-24,-5.02162e-24
0.110536,-3.43612e-09,-1.26238e-07,-1.96308e-08,1.09471e-08,1.35574e-09,1.55512e-06,12.3949,2.47175e-07,6.39546e-10,-1.16815e-06,1.5708,18.8053,18.8052,-3.37898e-24,3.37899e-24
0.110503,-2.83443e-09,-1.27602e-07,-7.54689e-09,1.09639e-08,-5.06124e-10,1.55655e-06,12.4004,2.47274e-07,2.87465e-11,-1.16761e-06,1.5708,18.8025,18.7981,-7.67121e-23,7.67302e-23
0.110469,-4.80393e-09,-1.29948e-07,-1.2298e-08,9.94143e-09,2.54654e-09,1.55801e-06,12.406,2.47273e-07,-5.08045e-10,-1.1671e-06,1.5708,18.7998,18.8035,-9.58856e-25,9.58668e-25
0.110436,-4.8213e-09,-1.30903e-07,2.03289e-08,1.01087e-08,-5.40695e-10,1.55954e-06,12.4115,2.47186e-07,-8.59675e-11,-1.1666e-06,1.5708,18.797,18.7981,-1.93989e-23,1.93977e-23
0.110403,-2.86991e-09,-1.31667e-07,6.45516e-09,1.02909e-08,-1.47209e-09,1.561e-06,12.417,2.47051e-07,5.03053e-10,-1.1661e-06,1.5708,18.7943,18.7894,-1.69113e-22,1.69156e-22
0.11037,-3.84111e-09,-1.33209e-07,-2.63345e-08,9.36973e-09,3.11732e-09,1.56242e-06,12.4225,2.46852e-07,-2.21669e-10,-1.16562e-06,1.5708,18.7915,18.7912,-9.83296e-24,9.8331e-24
0.110336,-6.16812e-09,-1.33792e-07,1.30536e-09,8.97765e-09,3.41457e-09,1.56395e-06,12.428,2.46596e-07,-6.7421e-10,-1.16517e-06,1.5708,18.7887,18.7867,-1.39557e-22,1.39572e-22
0.110303,-8.02935e-09,-1.34005e-07,5.78862e-09,8.56452e-09,5.50348e-09,1.56558e-06,12.4336,2.46315e-07,-4.63954e-10,-1.16474e-06,1.5708,18.786,18.7814,-7.93207e-23,7.93399e-23
0.11027,-1.08059e-08,-1.34212e-07,-9.81761e-09,7.75856e-09,1.08041e-08,1.56731e-06,12.4391,2.46019e-07,-6.7086e-10,-1.16435e-06,1.5708,18.7832,18.7849,2.8456e-23,-2.84535e-23
0.110237,-1.21217e-08,-1.33032e-07,1.37011e-08,8.06012e-09,1.04305e-08,1.56915e-06,12.4446,2.45746e-07,-4.1521e-10,-1.16396e-06,1.5708,18.7805,18.7842,1.52372e-29,-1.52342e-29
0.110204,-9.98328e-09,-1.31044e-07,1.96116e-08,9.17889e-09,7.48834e-09,1.57097e-06,12.4501,2.4555e-07,4.71964e-10,-1.16354e-06,1.5708,18.7777,18.7801,4.23936e-23,-4.23881e-23
0.11017,-6.34771e-09,-1.29312e-07,3.6657e-10,1.02651e-08,5.10245e-09,1.57263e-06,12.4556,2.45443e-07,8.52094e-10,-1.16306e-06,1.5708,18.7749,18.776,1.7491e-23,-1.749e-23
0.110137,-3.81689e-09,-1.28307e-07,-9.98864e-09,1.09151e-08,3.1196e-09,1.57413e-06,12.4611,2.45399e-07,5.3835e-10,-1.16254e-06,1.5708,18.7722,18.7737,2.59238e-23,-2.59218e-23
0.110104,-2.17261e-09,-1.27791e-07,-1.30695e-09,1.13552e-08,2.8624e-10,1.57554e-06,12.4666,2.45389e-07,3.09018e-10,-1.16199e-06,1.5708,18.7694,18.7701,1.19495e-23,-1.1949e-23
0.110071,-8.26461e-10,-1.27836e-07,1.2954e-10,1.14594e-08,-1.4915e-09,1.57687e-06,12.4721,2.45385e-07,2.8875e-10,-1.16143e-06,1.5708,18.7667,18.7686,-6.71073e-23,6.71005e-23
0.110038,8.9463e-10,-1.28014e-07,3.09501e-09,1.15934e-08,-3.93265e-09,1.57812e-06,12.4776,2.4537e-07,3.90719e-10,-1.16086e-06,1.5708,18.7639,18.7652,1.20914e-21,-1.20906e-21
0.110005,2.66575e-09,-1.28454e-07,-7.26336e-10,1.15657e-08,-5.80756e-09,1.57929e-06,12.4831,2.45334e-07,4.25622e-10,-1.16029e-06,1.5708,18.7612,18.7623,0,0
0.109972,4.09563e-09,-1.29038e-07,-2.17019e-09,1.14116e-08,-7.53831e-09,1.58037e-06,12.4886,2.45267e-07,3.42407e-10,-1.15973e-06,1.5708,18.7584,18.7538,-8.04174e-23,8.04373e-23
0.109939,2.52012e-09,-1.30578e-07,-2.0257e-08,1.01373e-08,-3.85136e-09,1.58146e-06,12.4941,2.4514e-07,-3.49046e-10,-1.1592e-06,1.5708,18.7557,18.76,4.85591e-21,-4.85481e-21
0.109906,2.33525e-09,-1.3058e-07,1.93128e-08,1.01779e-08,-7.63005e-09,1.58261e-06,12.4996,2.44971e-07,-1.08984e-10,-1.1587e-06,1.5708,18.7529,18.7573,0,0
0.109873,5.60181e-09,-1.29979e-07,1.86288e-08,1.07634e-08,-1.17423e-08,1.58367e-06,12.5051,2.44813e-07,8.52069e-10,-1.15818e-06,1.5708,18.7502,18.7487,5.26155e-23,-5.26198e-23
0.10984,7.58894e-09,-1.3025e-07,-1.97015e-08,1.04158e-08,-1.0576e-08,1.58459e-06,12.5106,2.44658e-07,5.6912e-10,-1.15766e-06,1.5708,18.7474,18.7442,-5.68299e-23,5.68398e-23
0.109807,5.63658e-09,-1.30986e-07,-2.13776e-08,9.39173e-09,-8.14948e-09,1.58553e-06,12.5161,2.44471e-07,-4.87389e-10,-1.15718e-06,1.5708,18.7447,18.7472,0,0
0.109774,4.43347e-09,-1.30618e-07,1.74697e-08,9.26176e-09,-1.06546e-08,1.58655e-06,12.5216,2.44272e-07,-3.27629e-10,-1.15672e-06,1.5708,18.7419,18.7412,1.26018e-23,-1.26022e-23
0.109741,4.55819e-09,-1.30331e-07,4.11864e-09,8.92937e-09,-9.59032e-09,1.58759e-06,12.5271,2.44085e-07,1.3256e-10,-1.15628e-06,1.5708,18.7392,18.7374,3.09374e-23,-3.09403e-23
0.109708,3.73227e-09,-1.30153e-07,-1.10528e-08,8.36107e-09,-7.15013e-09,1.58865e-06,12.5326,2.43905e-07,-1.45181e-10,-1.15586e-06,1.5708,18.7365,18.741,7.86067e-23,-7.85877e-23
0.109675,4.55879e-09,-1.28842e-07,1.62736e-08,8.91774e-09,-1.10156e-08,1.58973e-06,12.5381,2.4376e-07,1.70106e-10,-1.15543e-06,1.5708,18.7337,18.7344,1.17869e-23,-1.17865e-23
0.109642,6.34867e-09,-1.27982e-07,1.08694e-09,9.16025e-09,-1.18761e-08,1.59073e-06,12.5435,2.43665e-07,5.10606e-10,-1.15499e-06,1.5708,18.731,18.7289,-3.66304e-23,3.66344e-23
0.109609,6.14489e-09,-1.27894e-07,-1.6665e-08,8.72278e-09,-1.00149e-08,1.59169e-06,12.549,2.43589e-07,-4.23393e-12,-1.15455e-06,1.5708,18.7282,18.7327,0,0
0.109576,6.9647e-09,-1.2697e-07,1.48623e-08,9.24865e-09,-1.43581e-08,1.59265e-06,12.5545,2.43535e-07,1.60395e-10,-1.15411e-06,1.5708,18.7255,18.7256,2.46735e-24,-2.46734e-24
0.109543,8.42023e-09,-1.26718e-07,1.2401e-10,9.29455e-09,-1.49068e-08,1.59355e-06,12.56,2.43505e-07,4.43459e-10,-1.15366e-06,1.5708,18.7228,18.7254,-9.15269e-23,9.15141e-23
0.10951,1.01528e-08,-1.26401e-07,2.54074e-10,9.57321e-09,-1.73318e-08,1.59437e-06,12.5655,2.43486e-07,4.541e-10,-1.15319e-06,1.5708,18.72,18.7194,0,0
0.109477,1.06516e-08,-1.26755e-07,-8.66524e-09,9.30341e-09,-1.73428e-08,1.59514e-06,12.5709,2.4346e-07,1.80624e-10,-1.15273e-06,1.5708,18.7173,18.718,1.23597e-23,-1.23592e-23
0.109444,1.04951e-08,-1.27105e-07,-6.61613e-10,9.07039e-09,-1.82279e-08,1.59591e-06,12.5764,2.43412e-07,-3.25462e-12,-1.15228e-06,1.5708,18.7145,18.7158,0,0
0.109412,1.08121e-08,-1.27315e-07,4.83618e-09,8.98284e-09,-1.94543e-08,1.59668e-06,12.5819,2.43345e-07,1.39699e-10,-1.15184e-06,1.5708,18.7118,18.7073,7.85362e-23,-7.85551e-23
0.109379,8.91479e-09,-1.284e-07,-1.80282e-08,7.908e-09,-1.50614e-08,1.59749e-06,12.5873,2.43241e-07,-3.48676e-10,-1.15143e-06,1.5708,18.7091,18.7099,0,0
0.109346,6.81689e-09,-1.28579e-07,5.81964e-09,7.54688e-09,-1.5024e-08,1.59842e-06,12.5928,2.43101e-07,-5.00285e-10,-1.15105e-06,1.5708,18.7063,18.7023,0,0
0.109313,4.06454e-09,-1.2908e-07,-5.42634e-09,6.66692e-09,-1.05957e-08,1.59946e-06,12.5983,2.42939e-07,-5.65539e-10,-1.15071e-06,1.5708,18.7036,18.7021,5.28036e-23,-5.28079e-23
0.10928,1.21346e-09,-1.28981e-07,4.40194e-10,6.16955e-09,-7.67458e-09,1.60064e-06,12.6037,2.42765e-07,-6.53466e-10,-1.15039e-06,1.5708,18.7009,18.7021,0,0
0.109247,1.53267e-10,-1.28029e-07,1.28306e-08,6.4391e-09,-7.58631e-09,1.60193e-06,12.6092,2.42614e-07,-2.332e-10,-1.15009e-06,1.5708,18.6981,18.7008,-3.51871e-25,3.51821e-25
0.109214,1.50407e-09,-1.26616e-07,1.11775e-08,7.2766e-09,-9.11279e-09,1.60321e-06,12.6147,2.4252e-07,3.66718e-10,-1.14975e-06,1.5708,18.6954,18.6926,0,0
0.109182,1.43166e-09,-1.26211e-07,-1.68347e-08,7.26497e-09,-6.25118e-09,1.60445e-06,12.6201,2.42467e-07,3.58203e-11,-1.1494e-06,1.5708,18.6927,18.6914,0,0
0.109149,-4.34951e-10,-1.25962e-07,-6.67549e-09,7.19783e-09,-4.93232e-09,1.60575e-06,12.6256,2.42427e-07,-4.94696e-10,-1.14905e-06,1.5708,18.6899,18.6886,0,0
0.109116,-2.42436e-09,-1.25818e-07,4.05141e-09,7.11902e-09,-3.45991e-09,1.60715e-06,12.631,2.42392e-07,-4.90026e-10,-1.1487e-06,1.5708,18.6872,18.6909,1.55533e-29,-1.55503e-29
0.109083,-1.5369e-09,-1.24913e-07,1.93364e-08,7.97867e-09,-6.01993e-09,1.60858e-06,12.6365,2.42382e-07,2.07111e-10,-1.14833e-06,1.5708,18.6845,18.6889,0,0
0.109051,2.17311e-09,-1.23916e-07,1.10672e-08,9.25955e-09,-9.82051e-09,1.60989e-06,12.6419,2.42416e-07,9.25776e-10,-1.14791e-06,1.5708,18.6818,18.6773,7.74888e-23,-7.75072e-23
0.109018,2.64125e-09,-1.24749e-07,-3.0264e-08,8.93998e-09,-6.33367e-09,1.61109e-06,12.6474,2.42447e-07,1.61539e-10,-1.14746e-06,1.5708,18.679,18.679,4.7474e-25,-4.7474e-25
0.108985,8.46744e-10,-1.25438e-07,-3.73607e-09,8.80072e-09,-6.77527e-09,1.61233e-06,12.6528,2.42436e-07,-5.26617e-10,-1.14703e-06,1.5708,18.6763,18.6768,6.2165e-22,-6.21632e-22
0.108953,8.73065e-11,-1.25921e-07,1.28449e-08,8.86435e-09,-7.47599e-09,1.61365e-06,12.6583,2.42391e-07,-1.84255e-10,-1.1466e-06,1.5708,18.6736,18.6695,7.10149e-23,-7.10303e-23
0.10892,-1.49295e-09,-1.27042e-07,-1.14896e-08,8.17795e-09,-3.0352e-09,1.61501e-06,12.6637,2.42301e-07,-3.12309e-10,-1.14618e-06,1.5708,18.6709,18.6701,-1.33529e-23,1.33535e-23
0.108887,-3.63169e-09,-1.2756e-07,-7.70946e-10,7.89055e-09,-1.3455e-09,1.61647e-06,12.6692,2.42165e-07,-5.52891e-10,-1.14579e-06,1.5708,18.6681,18.668,1.99481e-24,-1.99482e-24
0.108854,-4.83502e-09,-1.27564e-07,8.1848e-09,7.95181e-09,-6.00075e-10,1.61802e-06,12.6746,2.42013e-07,-3.0459e-10,-1.1454e-06,1.5708,18.6654,18.6648,1.96979e-23,-1.96985e-23
0.108822,-5.24668e-09,-1.2737e-07,1.78684e-09,8.0981e-09,7.10679e-10,1.61961e-06,12.6801,2.41862e-07,-9.36236e-11,-1.14501e-06,1.5708,18.6627,18.6637,0,0
0.108789,-4.94756e-09,-1.26808e-07,3.12085e-09,8.56686e-09,3.61483e-10,1.62119e-06,12.6855,2.41727e-07,4.0159e-11,-1.1446e-06,1.5708,18.66,18.6573,4.65016e-23,-4.65082e-23
0.108757,-5.78773e-09,-1.26784e-07,-9.81942e-09,8.46773e-09,2.86672e-09,1.62279e-06,12.691,2.41602e-07,-2.16717e-10,-1.14418e-06,1.5708,18.6572,18.661,4.91722e-21,-4.91624e-21
0.108724,-5.0878e-09,-1.25841e-07,1.50296e-08,9.3189e-09,-3.2207e-10,1.6244e-06,12.6964,2.41498e-07,8.17348e-11,-1.14375e-06,1.5708,18.6545,18.6587,-7.37391e-23,7.37225e-23
0.108691,-1.62133e-09,-1.24726e-07,1.44619e-08,1.05464e-08,-4.48721e-09,1.6259e-06,12.7018,2.41442e-07,8.28565e-10,-1.14326e-06,1.5708,18.6518,18.6487,0,0
0.108659,-3.5226e-10,-1.25118e-07,-2.37786e-08,1.04255e-08,-2.21687e-09,1.62727e-06,12.7073,2.41398e-07,3.36394e-10,-1.14274e-06,1.5708,18.6491,18.6485,1.08297e-23,-1.08301e-23
0.108626,-1.52708e-09,-1.25609e-07,-8.31585e-09,1.02051e-08,-2.25656e-09,1.62865e-06,12.7127,2.41327e-07,-3.77085e-10,-1.14224e-06,1.5708,18.6464,18.6435,5.09208e-23,-5.09287e-23
0.108594,-3.83077e-09,-1.2644e-07,-1.3694e-09,9.54244e-09,1.66267e-11,1.63012e-06,12.7181,2.41217e-07,-5.77333e-10,-1.14175e-06,1.5708,18.6437,18.64,-4.92738e-21,4.92835e-21
0.108561,-6.85237e-09,-1.2729e-07,-3.90701e-09,8.63891e-09,4.20844e-09,1.63172e-06,12.7236,2.4106e-07,-7.28765e-10,-1.14131e-06,1.5708,18.6409,18.6455,-8.16148e-23,8.1595e-23
0.108529,-6.61948e-09,-1.26494e-07,2.48023e-08,9.24779e-09,1.25499e-09,1.63339e-06,12.729,2.409e-07,-5.50825e-12,-1.14087e-06,1.5708,18.6382,18.6429,0,0
0.108496,-2.6137e-09,-1.25214e-07,1.63229e-08,1.04482e-08,-2.75956e-09,1.63495e-06,12.7344,2.40788e-07,9.84559e-10,-1.14039e-06,1.5708,18.6355,18.6362,1.29252e-23,-1.29247e-23
0.108464,8.24553e-10,-1.2475e-07,-1.40874e-08,1.10058e-08,-3.98525e-09,1.63632e-06,12.7398,2.40716e-07,8.38741e-10,-1.13986e-06,1.5708,18.6328,18.633,-3.04121e-22,3.04117e-22
0.108431,1.87078e-09,-1.24834e-07,-1.22062e-08,1.11138e-08,-5.51051e-09,1.63758e-06,12.7453,2.40647e-07,1.82388e-10,-1.13931e-06,1.5708,18.6301,18.6311,0,0
0.108399,2.30371e-09,-1.25037e-07,3.30305e-09,1.11387e-08,-7.6473e-09,1.63881e-06,12.7507,2.40566e-07,5.94117e-11,-1.13877e-06,1.5708,18.6274,18.6286,0,0
0.108366,3.39036e-09,-1.25261e-07,4.90578e-09,1.114e-08,-9.23173e-09,1.64e-06,12.7561,2.40469e-07,2.79057e-10,-1.13822e-06,1.5708,18.6247,18.6207,1.39185e-22,-1.39215e-22
0.108334,2.33386e-09,-1.26334e-07,-1.7915e-08,1.01638e-08,-5.70247e-09,1.64119e-06,12.7615,2.40333e-07,-2.04324e-10,-1.1377e-06,1.5708,18.622,18.624,-2.46548e-21,2.46521e-21
0.108301,1.4398e-09,-1.2642e-07,8.54962e-09,9.97955e-09,-7.26789e-09,1.64244e-06,12.7669,2.40165e-07,-2.66048e-10,-1.1372e-06,1.5708,18.6192,18.624,1.66806e-22,-1.66763e-22
0.108269,3.78075e-09,-1.25625e-07,2.15701e-08,1.06294e-08,-1.15498e-08,1.64365e-06,12.7723,2.40012e-07,5.8738e-10,-1.1367e-06,1.5708,18.6165,18.6189,0,0
0.108237,7.35041e-09,-1.25075e-07,-1.74368e-09,1.10926e-08,-1.38246e-08,1.6447e-06,12.7778,2.39887e-07,9.36517e-10,-1.13616e-06,1.5708,18.6138,18.6135,-5.77822e-24,5.77833e-24
0.108204,8.76567e-09,-1.25183e-07,-1.68569e-08,1.09143e-08,-1.42993e-08,1.64564e-06,12.7832,2.39768e-07,3.62519e-10,-1.13562e-06,1.5708,18.6111,18.608,0,0
0.108172,6.92415e-09,-1.25939e-07,-1.51701e-08,9.96504e-09,-1.2375e-08,1.64659e-06,12.7886,2.39621e-07,-4.41221e-10,-1.13511e-06,1.5708,18.6084,18.6045,6.88874e-23,-6.89021e-23
0.108139,3.06597e-09,-1.26796e-07,-5.67178e-09,8.64247e-09,-8.62782e-09,1.6477e-06,12.794,2.39428e-07,-9.08403e-10,-1.13465e-06,1.5708,18.6057,18.609,-5.92854e-23,5.92748e-23
0.108107,2.0772e-09,-1.26108e-07,2.45068e-08,8.65599e-09,-1.04584e-08,1.64893e-06,12.7994,2.39229e-07,-2.27836e-10,-1.13423e-06,1.5708,18.603,18.5986,7.8013e-23,-7.80315e-23
0.108075,8.91173e-10,-1.26141e-07,-1.21608e-08,7.81547e-09,-5.34056e-09,1.6502e-06,12.8048,2.39041e-07,-1.58528e-10,-1.13383e-06,1.5708,18.6003,18.5957,7.93797e-23,-7.93991e-23
0.108042,-3.00585e-09,-1.26225e-07,-1.74435e-08,6.70963e-09,9.82808e-11,1.65161e-06,12.8102,2.38846e-07,-9.4732e-10,-1.13347e-06,1.5708,18.5976,18.6015,4.94422e-21,-4.94318e-21
0.10801,-4.36934e-09,-1.24663e-07,2.71032e-08,7.18792e-09,-2.52502e-09,1.65316e-06,12.8156,2.38686e-07,-4.04352e-10,-1.13314e-06,1.5708,18.5949,18.5955,1.98026e-23,-1.9802e-23
0.107978,-3.02581e-09,-1.23272e-07,9.05994e-09,7.66464e-09,-2.28112e-09,1.6547e-06,12.821,2.38598e-07,3.95427e-10,-1.13277e-06,1.5708,18.5922,18.5932,1.74814e-23,-1.74804e-23
0.107945,-1.49605e-09,-1.22119e-07,-6.17076e-09,8.1607e-09,-2.59598e-09,1.65616e-06,12.8264,2.38569e-07,3.674e-10,-1.13239e-06,1.5708,18.5895,18.5944,8.60192e-23,-8.59967e-23
0.107913,1.19822e-09,-1.20703e-07,1.03405e-08,9.29709e-09,-7.5938e-09,1.65753e-06,12.8318,2.38603e-07,5.83899e-10,-1.13196e-06,1.5708,18.5868,18.5916,-8.44229e-23,8.44011e-23
0.107881,5.65902e-09,-1.19685e-07,9.34376e-09,1.05231e-08,-1.31498e-08,1.65871e-06,12.8372,2.38693e-07,1.07843e-09,-1.13147e-06,1.5708,18.5841,18.58,2.19505e-22,-2.19554e-22
0.107849,6.64326e-09,-1.20764e-07,-2.9805e-08,9.97771e-09,-1.0633e-08,1.65976e-06,12.8426,2.38774e-07,2.96637e-10,-1.13097e-06,1.5708,18.5814,18.5807,1.25057e-23,-1.25062e-23
0.107816,4.80423e-09,-1.21968e-07,-7.65042e-09,9.3646e-09,-1.06959e-08,1.66084e-06,12.848,2.38793e-07,-5.0862e-10,-1.13049e-06,1.5708,18.5787,18.5795,-2.58996e-26,2.58986e-26
0.107784,3.80134e-09,-1.22827e-07,1.31437e-08,9.05729e-09,-1.16221e-08,1.662e-06,12.8534,2.38756e-07,-2.3014e-10,-1.13004e-06,1.5708,18.576,18.5742,6.30353e-23,-6.30413e-23
0.107752,3.13923e-09,-1.23853e-07,-2.78903e-09,8.45746e-09,-9.28418e-09,1.66319e-06,12.8587,2.38666e-07,-7.30654e-11,-1.12961e-06,1.5708,18.5733,18.5713,3.51678e-23,-3.51716e-23
0.10772,1.39515e-09,-1.24721e-07,-8.4019e-09,7.78943e-09,-6.5932e-09,1.66444e-06,12.8641,2.38525e-07,-3.95391e-10,-1.12922e-06,1.5708,18.5706,18.5706,8.9716e-29,-8.97162e-29
0.107687,-2.01139e-10,-1.24913e-07,4.94578e-09,7.56056e-09,-5.93179e-09,1.66579e-06,12.8695,2.38354e-07,-3.94366e-10,-1.12884e-06,1.5708,18.5679,18.568,1.4788e-24,-1.47879e-24
0.107655,-7.4848e-10,-1.2467e-07,6.068e-09,7.59794e-09,-5.32943e-09,1.66719e-06,12.8749,2.38181e-07,-1.06695e-10,-1.12847e-06,1.5708,18.5652,18.5676,4.23374e-23,-4.2332e-23
0.107623,3.3213e-10,-1.23818e-07,8.158e-09,8.18927e-09,-6.86586e-09,1.66857e-06,12.8803,2.38032e-07,2.69292e-10,-1.12809e-06,1.5708,18.5625,18.5646,-3.71814e-23,3.71773e-23
0.107591,2.31049e-09,-1.22921e-07,2.12267e-09,8.89773e-09,-8.75679e-09,1.66988e-06,12.8857,2.37924e-07,4.9074e-10,-1.12767e-06,1.5708,18.5599,18.5613,2.53886e-23,-2.53866e-23
0.107559,4.0903e-09,-1.223e-07,-3.08714e-09,9.45852e-09,-1.05359e-08,1.6711e-06,12.891,2.3785e-07,4.31575e-10,-1.12722e-06,1.5708,18.5572,18.5591,3.36465e-23,-3.36431e-23
0.107527,5.68872e-09,-1.21874e-07,2.00556e-10,9.97058e-09,-1.29835e-08,1.67223e-06,12.8964,2.37798e-07,3.80208e-10,-1.12674e-06,1.5708,18.5545,18.5563,3.17565e-23,-3.17535e-23
0.107495,7.34689e-09,-1.21708e-07,1.08026e-09,1.03647e-08,-1.53098e-08,1.67329e-06,12.9018,2.37756e-07,4.18809e-10,-1.12624e-06,1.5708,18.5518,18.5489,5.05032e-23,-5.0511e-23
0.107463,6.85855e-09,-1.22522e-07,-1.56452e-08,9.80506e-09,-1.32137e-08,1.67432e-06,12.9072,2.37692e-07,-6.34194e-11,-1.12575e-06,1.5708,18.5491,18.5462,-5.13599e-23,5.13678e-23
0.10743,4.08238e-09,-1.23523e-07,-9.51998e-09,8.90688e-09,-1.0494e-08,1.67543e-06,12.9125,2.37577e-07,-6.63026e-10,-1.12529e-06,1.5708,18.5464,18.5442,-3.91103e-23,3.9115e-23
0.107398,8.83507e-10,-1.24189e-07,2.85228e-09,8.10555e-09,-7.78304e-09,1.67671e-06,12.9179,2.37416e-07,-7.50345e-10,-1.12487e-06,1.5708,18.5437,18.5471,4.98328e-21,-4.98237e-21
0.107366,8.00494e-10,-1.23538e-07,2.17381e-08,8.47415e-09,-9.56711e-09,1.67806e-06,12.9233,2.37252e-07,1.35311e-12,-1.12447e-06,1.5708,18.541,18.5392,-3.22617e-23,3.22649e-23
0.107334,1.12638e-09,-1.23328e-07,-7.46817e-09,8.35122e-09,-7.06686e-09,1.6794e-06,12.9286,2.37105e-07,1.69528e-10,-1.12405e-06,1.5708,18.5384,18.5432,-8.58771e-23,8.58548e-23
0.107302,2.81027e-09,-1.22133e-07,1.03892e-08,9.25437e-09,-1.09916e-08,1.68071e-06,12.934,2.36992e-07,3.63163e-10,-1.12362e-06,1.5708,18.5357,18.5388,-5.55435e-23,5.55342e-23
0.10727,5.86024e-09,-1.21137e-07,6.39988e-09,1.0159e-08,-1.45074e-08,1.68189e-06,12.9394,2.36929e-07,7.6395e-10,-1.12315e-06,1.5708,18.533,18.5285,-2.44578e-24,2.44637e-24
0.107238,5.65996e-09,-1.21747e-07,-2.71178e-08,9.55871e-09,-1.10574e-08,1.68299e-06,12.9447,2.36869e-07,1.31154e-11,-1.12266e-06,1.5708,18.5303,18.5298,1.80814e-23,-1.80819e-23
0.107206,3.42311e-09,-1.22141e-07,-3.07398e-09,9.12008e-09,-1.0774e-08,1.68418e-06,12.9501,2.3678e-07,-5.94755e-10,-1.1222e-06,1.5708,18.5276,18.5227,-8.87355e-23,8.87593e-23
0.107174,-2.2984e-10,-1.23074e-07,-5.63008e-09,7.98848e-09,-5.97979e-09,1.68551e-06,12.9555,2.36652e-07,-8.33556e-10,-1.12179e-06,1.5708,18.5249,18.5215,0,0
0.107142,-4.34127e-09,-1.23609e-07,-1.05651e-09,6.99968e-09,-1.2155e-09,1.68703e-06,12.9608,2.36483e-07,-9.73485e-10,-1.12142e-06,1.5708,18.5223,18.5201,7.75315e-23,-7.75406e-23
0.10711,-7.74069e-09,-1.23483e-07,5.51544e-09,6.44736e-09,2.56527e-09,1.68875e-06,12.9662,2.36301e-07,-8.16453e-10,-1.1211e-06,1.5708,18.5196,18.5152,-1.56686e-22,1.56723e-22
0.107078,-1.13322e-08,-1.23296e-07,-4.4872e-09,5.77725e-09,8.33703e-09,1.69063e-06,12.9715,2.36124e-07,-8.5735e-10,-1.1208e-06,1.5708,18.5169,18.5139,-5.36564e-23,5.36651e-23
0.107046,-1.49925e-08,-1.22662e-07,9.43391e-11,5.43081e-09,1.28385e-08,1.6927e-06,12.9769,2.35964e-07,-9.38854e-10,-1.12053e-06,1.5708,18.5142,18.511,-5.85199e-23,5.85303e-23
0.107014,-1.8355e-08,-1.21833e-07,1.9458e-09,5.2514e-09,1.73379e-08,1.69493e-06,12.9822,2.35838e-07,-8.74888e-10,-1.12027e-06,1.5708,18.5116,18.5127,0,0
0.106982,-1.93329e-08,-1.20212e-07,1.55767e-08,6.00516e-09,1.7742e-08,1.69728e-06,12.9876,2.35772e-07,-3.38202e-10,-1.12e-06,1.5708,18.5089,18.5119,0,0
0.10695,-1.72337e-08,-1.18323e-07,1.45332e-08,7.40424e-09,1.57489e-08,1.69958e-06,12.9929,2.35792e-07,4.2105e-10,-1.11967e-06,1.5708,18.5062,18.5028,1.22322e-22,-1.22345e-22
0.106918,-1.6564e-08,-1.17907e-07,-1.86319e-08,7.74516e-09,1.87042e-08,1.70181e-06,12.9983,2.35864e-07,9.54351e-11,-1.1193e-06,1.5708,18.5035,18.5045,-1.71884e-23,1.71875e-23
0.106886,-1.66995e-08,-1.17526e-07,9.89405e-10,8.39962e-09,1.73863e-08,1.70403e-06,13.0036,2.35954e-07,-2.22538e-10,-1.11891e-06,1.5708,18.5009,18.5047,-1.054e-24,1.05378e-24
0.106854,-1.44048e-08,-1.16982e-07,1.95145e-08,9.6199e-09,1.31141e-08,1.70619e-06,13.009,2.36063e-07,4.2293e-10,-1.11846e-06,1.5708,18.4982,18.4991,-1.55659e-23,1.55651e-23
0.106823,-1.1205e-08,-1.17286e-07,-2.12158e-09,1.03726e-08,1.16409e-08,1.70819e-06,13.0143,2.36173e-07,7.21283e-10,-1.11797e-06,1.5708,18.4955,18.4922,-1.17219e-22,1.1724e-22
0.106791,-1.09828e-08,-1.18803e-07,-2.24087e-08,1.00752e-08,1.37006e-08,1.71011e-06,13.0197,2.36231e-07,-3.82484e-11,-1.11747e-06,1.5708,18.4928,18.4899,5.24698e-23,-5.24781e-23
0.106759,-1.33467e-08,-1.20563e-07,-7.9724e-09,9.43958e-09,1.55556e-08,1.71209e-06,13.025,2.36201e-07,-7.15101e-10,-1.11699e-06,1.5708,18.4902,18.494,1.38575e-22,-1.38546e-22
0.106727,-1.29122e-08,-1.21004e-07,2.63375e-08,9.98494e-09,1.19615e-08,1.71411e-06,13.0303,2.36114e-07,-1.88429e-11,-1.11651e-06,1.5708,18.4875,18.4892,3.00855e-23,-3.00828e-23
0.106695,-9.93656e-09,-1.21333e-07,7.32907e-09,1.05702e-08,1.04665e-08,1.71604e-06,13.0357,2.36002e-07,7.11085e-10,-1.11601e-06,1.5708,18.4848,18.487,3.84661e-23,-3.84616e-23
0.106664,-6.83346e-09,-1.21544e-07,-5.35306e-09,1.11949e-08,8.09039e-09,1.71781e-06,13.041,2.35873e-07,6.76944e-10,-1.11547e-06,1.5708,18.4822,18.4834,2.24366e-23,-2.24351e-23
0.106632,-4.69871e-09,-1.21876e-07,-4.84104e-09,1.15984e-08,5.53248e-09,1.71945e-06,13.0463,2.35726e-07,4.21145e-10,-1.11491e-06,1.5708,18.4795,18.4782,2.25966e-23,-2.25981e-23
0.1066,-4.17746e-09,-1.22622e-07,-8.23327e-09,1.14013e-08,5.3435e-09,1.72102e-06,13.0517,2.35545e-07,6.58849e-11,-1.11435e-06,1.5708,18.4768,18.4754,-2.55321e-23,2.55341e-23
0.106568,-4.90098e-09,-1.23338e-07,-4.41762e-09,1.09453e-08,5.99373e-09,1.72259e-06,13.057,2.35323e-07,-2.30594e-10,-1.1138e-06,1.5708,18.4742,18.4723,2.54143e-21,-2.54168e-21
0.106537,-6.2675e-09,-1.2384e-07,-1.64615e-09,1.03598e-08,7.58177e-09,1.72422e-06,13.0623,2.35065e-07,-3.66496e-10,-1.11327e-06,1.5708,18.4715,18.467,7.90999e-23,-7.91191e-23
0.106505,-9.08104e-09,-1.24398e-07,-9.35757e-09,9.31949e-09,1.20823e-08,1.72594e-06,13.0676,2.34775e-07,-6.98167e-10,-1.11279e-06,1.5708,18.4688,18.4696,-1.31675e-23,1.3167e-23
0.106473,-1.07567e-08,-1.23728e-07,1.21465e-08,9.16954e-09,1.23082e-08,1.72778e-06,13.073,2.34486e-07,-4.8384e-10,-1.11234e-06,1.5708,18.4662,18.4665,0,0
0.106441,-1.05473e-08,-1.22593e-07,8.88808e-09,9.3307e-09,1.26716e-08,1.72965e-06,13.0783,2.34238e-07,2.95928e-11,-1.11188e-06,1.5708,18.4635,18.4618,-3.02344e-23,3.02372e-23
0.10641,-1.05781e-08,-1.21662e-07,-7.39965e-09,9.24168e-09,1.46296e-08,1.73151e-06,13.0836,2.34038e-07,-4.12665e-11,-1.11143e-06,1.5708,18.4609,18.46,1.24114e-21,-1.2412e-21
0.106378,-1.13254e-08,-1.20705e-07,-2.94241e-09,9.19313e-09,1.54211e-08,1.73338e-06,13.0889,2.33882e-07,-2.74734e-10,-1.11098e-06,1.5708,18.4582,18.4617,5.02814e-21,-5.02719e-21
0.106346,-1.00062e-08,-1.19126e-07,1.70788e-08,9.93266e-09,1.20705e-08,1.73525e-06,13.0942,2.33786e-07,2.18641e-10,-1.11051e-06,1.5708,18.4555,18.4537,2.47975e-21,-2.48e-21
0.106315,-8.81234e-09,-1.18545e-07,-8.10149e-09,9.91392e-09,1.33517e-08,1.73703e-06,13.0996,2.33739e-07,2.79071e-10,-1.11002e-06,1.5708,18.4529,18.4501,4.95916e-23,-4.9599e-23
0.106283,-9.8779e-09,-1.18613e-07,-1.45731e-08,9.38811e-09,1.55831e-08,1.73881e-06,13.1049,2.337e-07,-3.41135e-10,-1.10955e-06,1.5708,18.4502,18.4542,7.16382e-23,-7.16227e-23
0.106251,-9.22994e-09,-1.17812e-07,1.99217e-08,9.9059e-09,1.15925e-08,1.74061e-06,13.1102,2.33677e-07,2.5201e-11,-1.10907e-06,1.5708,18.4476,18.4502,4.73569e-23,-4.73501e-23
0.10622,-6.05287e-09,-1.17202e-07,1.11232e-08,1.05179e-08,8.71119e-09,1.7423e-06,13.1155,2.33685e-07,7.56591e-10,-1.10857e-06,1.5708,18.4449,18.4422,9.84891e-23,-9.85037e-23
0.106188,-4.8589e-09,-1.17818e-07,-2.14083e-08,1.00922e-08,1.06105e-08,1.74387e-06,13.1208,2.33686e-07,2.77869e-10,-1.10806e-06,1.5708,18.4422,18.4378,-2.47045e-24,2.47105e-24
0.106156,-7.53432e-09,-1.19106e-07,-1.92459e-08,8.95391e-09,1.38999e-08,1.74548e-06,13.1261,2.33634e-07,-7.4229e-10,-1.1076e-06,1.5708,18.4396,18.435,8.06958e-23,-8.07157e-23
0.106125,-1.19816e-08,-1.20344e-07,-1.59186e-09,7.64089e-09,1.79598e-08,1.74727e-06,13.1314,2.33513e-07,-1.15501e-09,-1.10719e-06,1.5708,18.4369,18.4348,1.14996e-22,-1.1501e-22
0.106093,-1.52026e-08,-1.20771e-07,1.12163e-08,6.87161e-09,2.10811e-08,1.74925e-06,13.1367,2.33348e-07,-8.24932e-10,-1.10684e-06,1.5708,18.4343,18.4318,4.45639e-23,-4.45699e-23
0.106062,-1.72092e-08,-1.20693e-07,3.12864e-09,6.39085e-09,2.48426e-08,1.75134e-06,13.142,2.3317e-07,-5.14119e-10,-1.10652e-06,1.5708,18.4316,18.4288,-2.50255e-21,2.50294e-21
0.10603,-1.9253e-08,-1.2031e-07,-3.61824e-09,6.06178e-09,2.857e-08,1.75353e-06,13.1473,2.33002e-07,-5.71802e-10,-1.10621e-06,1.5708,18.429,18.433,-1.11859e-24,1.11835e-24
0.105999,-1.84036e-08,-1.18591e-07,2.1673e-08,7.11096e-09,2.55007e-08,1.75575e-06,13.1526,2.32885e-07,5.63895e-11,-1.10589e-06,1.5708,18.4263,18.4218,7.98472e-23,-7.98667e-23
0.105967,-1.82253e-08,-1.18104e-07,-1.41549e-08,7.08535e-09,2.93537e-08,1.75792e-06,13.1579,2.32818e-07,8.5346e-12,-1.10555e-06,1.5708,18.4237,18.4224,2.24582e-23,-2.24597e-23
0.105935,-1.93825e-08,-1.17572e-07,-5.94945e-09,7.22004e-09,3.04895e-08,1.76012e-06,13.1632,2.32774e-07,-4.48348e-10,-1.1052e-06,1.5708,18.421,18.421,7.63748e-26,-7.63749e-26
0.105904,-1.98292e-08,-1.16928e-07,9.51504e-09,7.64225e-09,3.00369e-08,1.76235e-06,13.1685,2.32756e-07,-2.54493e-10,-1.10484e-06,1.5708,18.4184,18.4227,-7.96202e-23,7.96014e-23
0.105873,-1.69747e-08,-1.1573e-07,2.01046e-08,8.92283e-09,2.59128e-08,1.76452e-06,13.1738,2.32782e-07,5.69981e-10,-1.10443e-06,1.5708,18.4157,18.4203,-8.32672e-23,8.32464e-23
0.105841,-1.16392e-08,-1.14736e-07,7.93729e-09,1.04417e-08,2.08429e-08,1.76646e-06,13.1791,2.32859e-07,1.20264e-09,-1.10395e-06,1.5708,18.4131,18.4148,3.10229e-23,-3.102e-23
0.10581,-7.15038e-09,-1.1479e-07,-1.13275e-08,1.13286e-08,1.73972e-08,1.76815e-06,13.1844,2.32955e-07,9.88137e-10,-1.10342e-06,1.5708,18.4104,18.4069,1.29514e-22,-1.29539e-22
0.105778,-6.74696e-09,-1.16373e-07,-2.43366e-08,1.08608e-08,1.83608e-08,1.76972e-06,13.1897,2.33002e-07,-6.07425e-12,-1.10287e-06,1.5708,18.4078,18.4113,5.05564e-21,-5.05469e-21
0.105747,-6.05123e-09,-1.17204e-07,1.49167e-08,1.11439e-08,1.37304e-08,1.77126e-06,13.195,2.32985e-07,1.62745e-11,-1.10233e-06,1.5708,18.4051,18.4035,5.80011e-23,-5.80061e-23
0.105715,-5.03465e-09,-1.18595e-07,-1.16625e-09,1.07751e-08,1.42013e-08,1.77275e-06,13.2003,2.32907e-07,2.58861e-10,-1.10179e-06,1.5708,18.4025,18.4061,-5.05803e-21,5.05706e-21
0.105684,-2.85346e-09,-1.19113e-07,7.14812e-09,1.11109e-08,1.0735e-08,1.77416e-06,13.2056,2.32777e-07,4.66711e-10,-1.10125e-06,1.5708,18.3999,18.3996,-4.70008e-27,4.70015e-27
0.105653,-1.13169e-09,-1.19885e-07,-5.99341e-09,1.10064e-08,9.92931e-09,1.77546e-06,13.2108,2.32609e-07,4.08515e-10,-1.10071e-06,1.5708,18.3972,18.3993,7.62505e-23,-7.62417e-23
0.105621,5.12141e-10,-1.20166e-07,1.60361e-09,1.11657e-08,7.10314e-09,1.77668e-06,13.2161,2.32411e-07,3.47656e-10,-1.10016e-06,1.5708,18.3946,18.3917,-1.03659e-22,1.03675e-22
0.10559,3.62488e-10,-1.20974e-07,-1.25176e-08,1.05136e-08,8.66513e-09,1.77785e-06,13.2214,2.32179e-07,-2.42842e-11,-1.09963e-06,1.5708,18.3919,18.3948,-5.25735e-23,5.25652e-23
0.105559,8.88007e-10,-1.20712e-07,1.03857e-08,1.06414e-08,5.68354e-09,1.77902e-06,13.2267,2.31931e-07,7.43758e-11,-1.09911e-06,1.5708,18.3893,18.3919,-9.60652e-23,9.60514e-23
0.105527,3.23484e-09,-1.20037e-07,1.01151e-08,1.10302e-08,2.70147e-09,1.78011e-06,13.232,2.31702e-07,5.94362e-10,-1.09857e-06,1.5708,18.3867,18.3895,-5.19245e-23,5.19164e-23
0.105496,6.43683e-09,-1.19229e-07,5.99697e-10,1.15029e-08,-5.0553e-10,1.78106e-06,13.2372,2.31506e-07,8.03734e-10,-1.09802e-06,1.5708,18.384,18.3822,-2.53343e-21,2.53368e-21
0.105465,7.32131e-09,-1.19252e-07,-1.76585e-08,1.10802e-08,-3.29092e-12,1.78191e-06,13.2425,2.31324e-07,2.47932e-10,-1.09746e-06,1.5708,18.3814,18.3774,-1.12494e-24,1.12518e-24
0.105433,4.80409e-09,-1.19816e-07,-1.62681e-08,9.91693e-09,2.8112e-09,1.7828e-06,13.2478,2.31122e-07,-6.06169e-10,-1.09695e-06,1.5708,18.3787,18.3757,1.08257e-22,-1.08275e-22
0.105402,1.09331e-09,-1.20095e-07,7.29853e-10,8.756e-09,5.64999e-09,1.78385e-06,13.2531,2.30894e-07,-8.88348e-10,-1.09649e-06,1.5708,18.3761,18.3727,-6.09741e-23,6.09853e-23
0.105371,-2.39063e-09,-1.20023e-07,2.69793e-09,7.67025e-09,9.80887e-09,1.78507e-06,13.2583,2.30657e-07,-7.88272e-10,-1.09609e-06,1.5708,18.3735,18.3726,0,0
0.105339,-4.58791e-09,-1.19154e-07,7.20494e-09,7.19985e-09,1.21861e-08,1.78644e-06,13.2636,2.30441e-07,-5.06409e-10,-1.09573e-06,1.5708,18.3708,18.3701,1.39629e-23,-1.39635e-23
0.105308,-5.67739e-09,-1.17921e-07,3.84517e-09,7.07051e-09,1.40095e-08,1.78788e-06,13.2689,2.30274e-07,-2.47778e-10,-1.09538e-06,1.5708,18.3682,18.3638,-2.45321e-24,2.4538e-24
0.105277,-8.01757e-09,-1.17216e-07,-1.19682e-08,6.45419e-09,1.86843e-08,1.7894e-06,13.2741,2.30153e-07,-5.60187e-10,-1.09505e-06,1.5708,18.3656,18.3623,0,0
0.105246,-1.14446e-08,-1.16483e-07,-3.31266e-09,5.92183e-09,2.23545e-08,1.79106e-06,13.2794,2.30064e-07,-8.91499e-10,-1.09475e-06,1.5708,18.3629,18.3644,-2.70811e-23,2.70789e-23
0.105214,-1.25432e-08,-1.14981e-07,1.91892e-08,6.35275e-09,2.17988e-08,1.79284e-06,13.2847,2.30029e-07,-3.37484e-10,-1.09445e-06,1.5708,18.3603,18.3565,1.39845e-22,-1.39875e-22
0.105183,-1.34499e-08,-1.14368e-07,-7.24163e-09,6.17589e-09,2.59141e-08,1.79464e-06,13.2899,2.30044e-07,-2.09997e-10,-1.09415e-06,1.5708,18.3577,18.3549,5.10575e-23,-5.10653e-23
0.105152,-1.55888e-08,-1.14026e-07,-8.28563e-09,5.96452e-09,2.90734e-08,1.79652e-06,13.2952,2.30078e-07,-6.12222e-10,-1.09385e-06,1.5708,18.355,18.3594,-7.92497e-23,7.92309e-23
0.105121,-1.48629e-08,-1.12721e-07,2.4982e-08,7.06385e-09,2.52499e-08,1.79844e-06,13.3004,2.30153e-07,3.46382e-11,-1.09354e-06,1.5708,18.3524,18.3511,4.81724e-23,-4.81758e-23
0.10509,-1.30678e-08,-1.1245e-07,-2.54645e-09,7.55458e-09,2.61228e-08,1.80027e-06,13.3057,2.30263e-07,4.21855e-10,-1.09318e-06,1.5708,18.3498,18.3491,-1.16885e-23,1.16889e-23
0.105058,-1.23937e-08,-1.12688e-07,-9.86044e-09,7.85967e-09,2.63389e-08,1.80204e-06,13.3109,2.3037e-07,5.73989e-11,-1.0928e-06,1.5708,18.3472,18.3506,-4.76721e-25,4.76633e-25
0.105027,-1.06665e-08,-1.12614e-07,1.26133e-08,8.78031e-09,2.22331e-08,1.80375e-06,13.3162,2.30469e-07,2.77541e-10,-1.09239e-06,1.5708,18.3445,18.3437,-1.50412e-23,1.50419e-23
0.104996,-8.86298e-09,-1.13394e-07,-3.58337e-09,9.08895e-09,2.18426e-08,1.80535e-06,13.3214,2.30546e-07,3.99315e-10,-1.09196e-06,1.5708,18.3419,18.345,0,0
0.104965,-6.46146e-09,-1.13899e-07,4.65266e-09,9.81745e-09,1.82052e-08,1.80685e-06,13.3267,2.30587e-07,4.8166e-10,-1.09149e-06,1.5708,18.3393,18.3377,2.92279e-23,-2.92304e-23
0.104934,-5.25997e-09,-1.15193e-07,-9.80933e-09,9.7914e-09,1.82819e-08,1.80825e-06,13.3319,2.30577e-07,2.54022e-10,-1.09101e-06,1.5708,18.3367,18.3352,-2.69007e-23,2.69028e-23
0.104903,-5.69121e-09,-1.16603e-07,-7.61234e-09,9.49415e-09,1.87241e-08,1.80963e-06,13.3372,2.30494e-07,-1.7462e-10,-1.09054e-06,1.5708,18.334,18.3367,2.5799e-21,-2.57951e-21
0.104872,-4.84588e-09,-1.17116e-07,1.39251e-08,9.8935e-09,1.56372e-08,1.811e-06,13.3424,2.3036e-07,1.29792e-10,-1.09006e-06,1.5708,18.3314,18.3265,8.92338e-23,-8.92576e-23
0.104841,-5.49999e-09,-1.18453e-07,-1.60246e-08,9.18937e-09,1.95599e-08,1.81234e-06,13.3477,2.30174e-07,-1.23571e-10,-1.08959e-06,1.5708,18.3288,18.3287,1.1652e-24,-1.1652e-24
0.10481,-6.83779e-09,-1.18892e-07,4.64536e-10,9.01117e-09,1.97276e-08,1.81374e-06,13.3529,2.29939e-07,-4.09535e-10,-1.08915e-06,1.5708,18.3262,18.3274,0,0
0.104779,-6.64485e-09,-1.18566e-07,1.26764e-08,9.32532e-09,1.84283e-08,1.81517e-06,13.3581,2.29699e-07,6.31564e-12,-1.0887e-06,1.5708,18.3235,18.322,2.74069e-23,-2.74092e-23
0.104748,-6.23695e-09,-1.18332e-07,-4.31227e-09,9.34319e-09,1.97655e-08,1.81656e-06,13.3634,2.29469e-07,1.05763e-10,-1.08824e-06,1.5708,18.3209,18.3194,5.48726e-23,-5.48771e-23
0.104717,-6.87332e-09,-1.18021e-07,-7.14192e-09,9.24967e-09,2.09948e-08,1.81796e-06,13.3686,2.29248e-07,-2.04614e-10,-1.08778e-06,1.5708,18.3183,18.3142,7.45403e-23,-7.45569e-23
0.104686,-9.28735e-09,-1.18003e-07,-9.07018e-09,8.6667e-09,2.43981e-08,1.81943e-06,13.3739,2.2903e-07,-6.30173e-10,-1.08734e-06,1.5708,18.3157,18.3113,1.57628e-22,-1.57666e-22
0.104655,-1.29136e-08,-1.17932e-07,-4.09961e-09,7.9095e-09,2.87125e-08,1.82105e-06,13.3791,2.28811e-07,-9.32384e-10,-1.08694e-06,1.5708,18.3131,18.3137,0,0
0.104624,-1.45433e-08,-1.16814e-07,1.67329e-08,8.0807e-09,2.9024e-08,1.82279e-06,13.3843,2.2862e-07,-4.72071e-10,-1.08655e-06,1.5708,18.3105,18.3142,5.17291e-21,-5.17184e-21
0.104593,-1.22927e-08,-1.14903e-07,2.04569e-08,9.18561e-09,2.61863e-08,1.82451e-06,13.3896,2.28502e-07,4.99157e-10,-1.08612e-06,1.5708,18.3078,18.3111,5.94274e-23,-5.94167e-23
0.104562,-8.0459e-09,-1.13202e-07,3.19174e-09,1.04335e-08,2.28546e-08,1.82605e-06,13.3948,2.28472e-07,9.85937e-10,-1.08564e-06,1.5708,18.3052,18.3037,-1.23936e-21,1.23947e-21
0.104531,-6.00742e-09,-1.12838e-07,-1.9225e-08,1.06964e-08,2.27037e-08,1.82743e-06,13.4,2.28488e-07,4.28537e-10,-1.08512e-06,1.5708,18.3026,18.2996,5.55543e-23,-5.55635e-23
0.1045,-7.18627e-09,-1.13413e-07,-1.43202e-08,1.02055e-08,2.38328e-08,1.82878e-06,13.4052,2.28493e-07,-3.92328e-10,-1.08461e-06,1.5708,18.3,18.3042,-1.20248e-24,1.2022e-24
0.104469,-6.32649e-09,-1.1312e-07,2.36078e-08,1.07347e-08,1.91272e-08,1.83015e-06,13.4105,2.28487e-07,9.71615e-11,-1.08409e-06,1.5708,18.2974,18.2979,0,0
0.104438,-3.77591e-09,-1.13354e-07,3.39532e-09,1.09152e-08,1.80658e-08,1.83141e-06,13.4157,2.28478e-07,6.49497e-10,-1.08356e-06,1.5708,18.2948,18.2934,0,0
0.104407,-2.79141e-09,-1.1417e-07,-1.54671e-08,1.05637e-08,1.87723e-08,1.83257e-06,13.4209,2.28438e-07,2.16537e-10,-1.08303e-06,1.5708,18.2922,18.2905,3.00115e-23,-3.00142e-23
0.104376,-3.7803e-09,-1.15133e-07,-7.33785e-09,9.9738e-09,1.92499e-08,1.83374e-06,13.4261,2.28347e-07,-3.0952e-10,-1.08253e-06,1.5708,18.2895,18.2943,8.62553e-23,-8.62331e-23
0.104346,-2.28125e-09,-1.14922e-07,2.31642e-08,1.04853e-08,1.43823e-08,1.8349e-06,13.4313,2.28235e-07,2.96833e-10,-1.08202e-06,1.5708,18.2869,18.2862,1.44017e-23,-1.44024e-23
0.104315,-1.24572e-10,-1.15275e-07,-4.64382e-09,1.03965e-08,1.4462e-08,1.83594e-06,13.4366,2.28114e-07,5.82626e-10,-1.08151e-06,1.5708,18.2843,18.2844,-1.86421e-24,1.8642e-24
0.104284,7.65962e-10,-1.156e-07,-9.62614e-09,1.0221e-08,1.3799e-08,1.83692e-06,13.4418,2.27972e-07,1.86375e-10,-1.081e-06,1.5708,18.2817,18.2829,0,0
0.104253,1.40017e-09,-1.15634e-07,3.39322e-09,1.02206e-08,1.16396e-08,1.83785e-06,13.447,2.27817e-07,1.14734e-10,-1.0805e-06,1.5708,18.2791,18.2795,3.17833e-22,-3.17827e-22
0.104222,2.32756e-09,-1.15646e-07,1.96476e-09,1.0135e-08,1.05357e-08,1.83874e-06,13.4522,2.27656e-07,2.41602e-10,-1.08e-06,1.5708,18.2765,18.2788,4.16538e-23,-4.16485e-23
0.104191,4.06751e-09,-1.15277e-07,4.68709e-09,1.03602e-08,7.96487e-09,1.83956e-06,13.4574,2.275e-07,4.29159e-10,-1.07949e-06,1.5708,18.2739,18.2745,1.01968e-23,-1.01964e-23
0.104161,5.6312e-09,-1.15092e-07,-3.33153e-09,1.03633e-08,6.63989e-09,1.84029e-06,13.4626,2.27354e-07,4.10266e-10,-1.07899e-06,1.5708,18.2713,18.2753,-7.59904e-23,7.59736e-23
0.10413,8.14329e-09,-1.14412e-07,8.06438e-09,1.08781e-08,2.13535e-09,1.84092e-06,13.4678,2.27226e-07,6.06952e-10,-1.07846e-06,1.5708,18.2687,18.2653,-1.2316e-22,1.23182e-22
0.104099,8.53291e-09,-1.14905e-07,-1.80417e-08,1.01958e-08,3.98543e-09,1.84147e-06,13.473,2.27096e-07,1.78918e-10,-1.07794e-06,1.5708,18.2661,18.265,-1.92332e-23,1.92343e-23
0.104068,7.02164e-09,-1.15266e-07,-6.38005e-09,9.49601e-09,4.45636e-09,1.84206e-06,13.4782,2.26941e-07,-3.64717e-10,-1.07746e-06,1.5708,18.2635,18.2617,3.28804e-23,-3.28836e-23
0.104038,5.07156e-09,-1.15511e-07,1.87024e-09,8.73118e-09,5.86825e-09,1.84273e-06,13.4834,2.26766e-07,-4.24536e-10,-1.07701e-06,1.5708,18.2609,18.2656,0,0
0.104007,6.28391e-09,-1.14458e-07,2.23647e-08,9.19749e-09,2.11943e-09,1.84342e-06,13.4886,2.2661e-07,3.28963e-10,-1.07657e-06,1.5708,18.2583,18.2606,0,0
0.103976,9.37402e-09,-1.13496e-07,3.22276e-09,9.67757e-09,-7.993e-11,1.84399e-06,13.4938,2.265e-07,8.52494e-10,-1.07611e-06,1.5708,18.2557,18.2574,0,0
0.103946,1.18381e-08,-1.12862e-07,-8.34176e-09,9.97809e-09,-2.33434e-09,1.84443e-06,13.499,2.26426e-07,6.45286e-10,-1.07563e-06,1.5708,18.2531,18.2555,0,0
0.103915,1.3719e-08,-1.12397e-07,-2.79096e-10,1.02712e-08,-5.87932e-09,1.84476e-06,13.5042,2.26375e-07,4.79929e-10,-1.07513e-06,1.5708,18.2505,18.2529,-4.4878e-23,4.4872e-23
0.103884,1.58253e-08,-1.12166e-07,3.25241e-09,1.04941e-08,-9.30688e-09,1.84499e-06,13.5094,2.26338e-07,5.79345e-10,-1.07462e-06,1.5708,18.2479,18.2445,6.08903e-23,-6.09014e-23
0.103854,1.54863e-08,-1.13085e-07,-1.86446e-08,9.59984e-09,-7.16546e-09,1.84517e-06,13.5146,2.26277e-07,4.15878e-11,-1.07412e-06,1.5708,18.2453,18.2439,-5.01406e-23,5.01443e-23
0.103823,1.32559e-08,-1.13883e-07,-5.54514e-09,8.68924e-09,-6.11689e-09,1.84543e-06,13.5198,2.26168e-07,-4.86591e-10,-1.07368e-06,1.5708,18.2427,18.2386,-1.16147e-24,1.16172e-24
0.103792,9.74701e-09,-1.1482e-07,-4.63456e-09,7.40058e-09,-2.17001e-09,1.84583e-06,13.525,2.26012e-07,-7.39765e-10,-1.07328e-06,1.5708,18.2401,18.2403,0,0
0.103762,7.41137e-09,-1.14738e-07,1.05947e-08,6.88507e-09,-1.03418e-09,1.84638e-06,13.5302,2.25831e-07,-4.86645e-10,-1.07294e-06,1.5708,18.2375,18.237,0,0
0.103731,6.44574e-09,-1.14221e-07,5.11831e-09,6.66977e-09,5.03967e-10,1.84701e-06,13.5354,2.25662e-07,-1.23466e-10,-1.07261e-06,1.5708,18.2349,18.2315,5.15368e-21,-5.15465e-21
0.103701,4.43117e-09,-1.13961e-07,-1.15326e-08,6.09867e-09,4.50795e-09,1.84771e-06,13.5406,2.2551e-07,-3.97937e-10,-1.0723e-06,1.5708,18.2323,18.2281,7.76581e-23,-7.76761e-23
0.10367,5.341e-10,-1.13768e-07,-9.35197e-09,5.34253e-09,9.0667e-09,1.84856e-06,13.5458,2.25365e-07,-9.15049e-10,-1.07202e-06,1.5708,18.2297,18.2281,6.08563e-23,-6.08618e-23
0.103639,-2.89984e-09,-1.13009e-07,8.37409e-09,5.09479e-09,1.16004e-08,1.84959e-06,13.5509,2.25241e-07,-8.21896e-10,-1.07177e-06,1.5708,18.2271,18.232,-8.91817e-23,8.9158e-23
0.103609,-1.95666e-09,-1.10998e-07,2.82095e-08,6.27956e-09,8.49168e-09,1.85068e-06,13.5561,2.25187e-07,2.41352e-10,-1.07149e-06,1.5708,18.2245,18.2238,1.32979e-23,-1.32984e-23
0.103578,-4.90681e-12,-1.09871e-07,-6.65342e-09,6.93977e-09,9.5392e-09,1.85169e-06,13.5613,2.25208e-07,5.57283e-10,-1.07117e-06,1.5708,18.2219,18.2222,-5.63472e-24,5.63463e-24
0.103548,6.41095e-10,-1.09205e-07,-9.70163e-09,7.49299e-09,9.00174e-09,1.85263e-06,13.5665,2.2527e-07,1.20869e-10,-1.07082e-06,1.5708,18.2194,18.2234,-7.53695e-23,7.53526e-23
0.103517,2.43586e-09,-1.08381e-07,1.3768e-08,8.60731e-09,4.35007e-09,1.85352e-06,13.5716,2.25368e-07,3.8111e-10,-1.07042e-06,1.5708,18.2168,18.2215,8.78638e-23,-8.78409e-23
0.103487,6.63464e-09,-1.07823e-07,1.26426e-08,9.92738e-09,-9.3245e-10,1.85425e-06,13.5768,2.25496e-07,1.0459e-09,-1.06997e-06,1.5708,18.2142,18.2181,-5.15793e-21,5.15683e-21
0.103456,1.14398e-08,-1.07956e-07,-2.42423e-09,1.09973e-08,-5.70926e-09,1.85475e-06,13.582,2.2563e-07,1.20573e-09,-1.06945e-06,1.5708,18.2116,18.209,4.72272e-23,-4.72338e-23
0.103426,1.26332e-08,-1.09707e-07,-2.55939e-08,1.06572e-08,-5.25083e-09,1.8551e-06,13.5872,2.2571e-07,3.38351e-10,-1.06892e-06,1.5708,18.209,18.2135,5.14582e-21,-5.14456e-21
0.103395,1.36623e-08,-1.1077e-07,1.11764e-08,1.10138e-08,-1.05982e-08,1.85541e-06,13.5923,2.25716e-07,2.17037e-10,-1.06838e-06,1.5708,18.2064,18.2045,-2.58207e-21,2.58233e-21
0.103365,1.41335e-08,-1.12598e-07,-5.54238e-09,1.04759e-08,-9.92621e-09,1.85568e-06,13.5975,2.25643e-07,2.48871e-10,-1.06785e-06,1.5708,18.2038,18.2064,0,0
0.103335,1.48849e-08,-1.13659e-07,3.17291e-09,1.04309e-08,-1.21603e-08,1.85592e-06,13.6027,2.25494e-07,2.4684e-10,-1.06734e-06,1.5708,18.2012,18.2019,-1.237e-23,1.23695e-23
0.103304,1.56319e-08,-1.14528e-07,-6.01567e-10,1.02747e-08,-1.31616e-08,1.85612e-06,13.6078,2.25291e-07,2.87163e-10,-1.06683e-06,1.5708,18.1987,18.2021,6.4225e-23,-6.42127e-23
0.103274,1.73204e-08,-1.1462e-07,6.7863e-09,1.06062e-08,-1.64864e-08,1.85627e-06,13.613,2.25062e-07,4.93995e-10,-1.06632e-06,1.5708,18.1961,18.1959,-1.52263e-27,1.52264e-27
0.103243,1.83415e-08,-1.14919e-07,-7.50874e-09,1.046e-08,-1.68503e-08,1.85635e-06,13.6182,2.24817e-07,3.80327e-10,-1.0658e-06,1.5708,18.1935,18.1897,-1.08722e-24,1.08744e-24
0.103213,1.63455e-08,-1.15661e-07,-1.8976e-08,9.49901e-09,-1.37132e-08,1.85646e-06,13.6233,2.24542e-07,-3.70176e-10,-1.06531e-06,1.5708,18.1909,18.1934,4.63912e-23,-4.63848e-23
0.103183,1.4954e-08,-1.15146e-07,1.36805e-08,9.44659e-09,-1.56845e-08,1.85667e-06,13.6285,2.24257e-07,-2.87037e-10,-1.06485e-06,1.5708,18.1883,18.1898,-1.06208e-25,1.06199e-25
0.103152,1.55742e-08,-1.14245e-07,1.04285e-08,9.59734e-09,-1.65705e-08,1.85689e-06,13.6336,2.24005e-07,3.04748e-10,-1.06438e-06,1.5708,18.1858,18.1859,0,0
0.103122,1.62137e-08,-1.13425e-07,-6.36878e-09,9.57852e-09,-1.61478e-08,1.85708e-06,13.6388,2.23793e-07,2.9602e-10,-1.06391e-06,1.5708,18.1832,18.1789,7.77895e-23,-7.78079e-23
0.103092,1.38186e-08,-1.13363e-07,-2.01918e-08,8.68578e-09,-1.22068e-08,1.85732e-06,13.644,2.23597e-07,-4.7217e-10,-1.06346e-06,1.5708,18.1806,18.1818,0,0
0.103061,1.15522e-08,-1.12492e-07,1.0578e-08,8.51031e-09,-1.28092e-08,1.85769e-06,13.6491,2.23421e-07,-5.1157e-10,-1.06304e-06,1.5708,18.178,18.1755,-4.59247e-23,4.5931e-23
0.103031,9.72533e-09,-1.11963e-07,5.1352e-10,7.98411e-09,-9.82395e-09,1.85815e-06,13.6543,2.23277e-07,-2.96658e-10,-1.06263e-06,1.5708,18.1754,18.1779,-9.0566e-23,9.05538e-23
0.103001,9.50599e-09,-1.10727e-07,9.54838e-09,8.24524e-09,-1.07255e-08,1.85868e-06,13.6594,2.23175e-07,1.96488e-11,-1.06224e-06,1.5708,18.1729,18.1715,2.4789e-23,-2.47908e-23
0.10297,9.15923e-09,-1.10055e-07,-5.43466e-09,8.1147e-09,-9.06258e-09,1.85921e-06,13.6646,2.23116e-07,2.43118e-11,-1.06184e-06,1.5708,18.1703,18.1752,-9.18858e-23,9.18608e-23
0.10294,1.06168e-08,-1.0869e-07,1.41528e-08,8.94092e-09,-1.31203e-08,1.85973e-06,13.6697,2.23107e-07,3.76986e-10,-1.06142e-06,1.5708,18.1677,18.1718,-2.37413e-24,2.37359e-24
0.10291,1.40639e-08,-1.07614e-07,8.83693e-09,9.88593e-09,-1.72453e-08,1.86012e-06,13.6749,2.23155e-07,9.26732e-10,-1.06095e-06,1.5708,18.1651,18.1674,0,0
0.10288,1.72439e-08,-1.07361e-07,-7.17218e-09,1.04092e-08,-2.0064e-08,1.86034e-06,13.68,2.23231e-07,8.62526e-10,-1.06045e-06,1.5708,18.1626,18.1585,7.64038e-23,-7.64211e-23
0.102849,1.63485e-08,-1.08708e-07,-2.65789e-08,9.518e-09,-1.74845e-08,1.86052e-06,13.6852,2.23274e-07,-1.25759e-10,-1.05997e-06,1.5708,18.16,18.1593,-2.67644e-26,2.67655e-26
0.102819,1.36159e-08,-1.09903e-07,-2.23359e-10,8.73127e-09,-1.71231e-08,1.8608e-06,13.6903,2.23248e-07,-6.31978e-10,-1.05952e-06,1.5708,18.1574,18.1543,1.16661e-22,-1.16681e-22
0.102789,1.05622e-08,-1.11208e-07,7.65903e-10,7.65515e-09,-1.37424e-08,1.86122e-06,13.6954,2.23155e-07,-6.11785e-10,-1.05912e-06,1.5708,18.1549,18.1523,2.53629e-21,-2.53665e-21
0.102759,7.42771e-09,-1.12095e-07,-1.54381e-09,6.71832e-09,-9.84421e-09,1.8618e-06,13.7006,2.23003e-07,-6.47217e-10,-1.05877e-06,1.5708,18.1523,18.1523,1.67771e-24,-1.67771e-24
0.102728,5.34694e-09,-1.12062e-07,7.54539e-09,6.452e-09,-8.32644e-09,1.86252e-06,13.7057,2.22828e-07,-4.34007e-10,-1.05845e-06,1.5708,18.1497,18.1499,-3.59035e-24,3.59031e-24
0.102698,4.57055e-09,-1.11516e-07,5.69172e-09,6.56262e-09,-7.30556e-09,1.8633e-06,13.7108,2.22664e-07,-1.09636e-10,-1.05813e-06,1.5708,18.1471,18.1444,-5.05741e-23,5.05817e-23
0.102668,3.03238e-09,-1.11222e-07,-9.28091e-09,6.33604e-09,-3.99247e-09,1.86414e-06,13.716,2.22518e-07,-3.00994e-10,-1.05782e-06,1.5708,18.1446,18.1489,0,0
0.102638,3.41016e-09,-1.098e-07,1.6998e-08,7.28111e-09,-7.17407e-09,1.86503e-06,13.7211,2.22414e-07,7.07723e-11,-1.05749e-06,1.5708,18.142,18.1375,8.38419e-23,-8.38627e-23
0.102608,2.62452e-09,-1.09666e-07,-1.48967e-08,7.04825e-09,-3.08938e-09,1.8659e-06,13.7262,2.22344e-07,-8.86816e-11,-1.05714e-06,1.5708,18.1394,18.1358,5.20438e-21,-5.20543e-21
0.102577,-6.5117e-10,-1.09811e-07,-1.35086e-08,6.52983e-09,8.38807e-10,1.86689e-06,13.7314,2.2227e-07,-8.02391e-10,-1.05681e-06,1.5708,18.1369,18.141,5.19648e-21,-5.19531e-21
0.102547,-1.36398e-09,-1.08709e-07,2.5995e-08,7.34732e-09,-2.17987e-09,1.86799e-06,13.7365,2.22219e-07,-2.21113e-10,-1.05647e-06,1.5708,18.1343,18.1387,0,0
0.102517,1.968e-09,-1.07391e-07,1.88176e-08,8.68535e-09,-5.62774e-09,1.86901e-06,13.7416,2.22226e-07,8.71414e-10,-1.05607e-06,1.5708,18.1317,18.1306,2.22546e-23,-2.2256e-23
0.102487,4.18791e-09,-1.07326e-07,-1.94598e-08,9.08092e-09,-4.66519e-09,1.86989e-06,13.7468,2.22262e-07,5.99793e-10,-1.05564e-06,1.5708,18.1292,18.1327,-6.6155e-23,6.61421e-23
0.102457,5.63265e-09,-1.07117e-07,1.33025e-09,9.87087e-09,-8.68308e-09,1.87069e-06,13.7519,2.22302e-07,2.77394e-10,-1.05517e-06,1.5708,18.1266,18.1241,9.30375e-23,-9.30503e-23
0.102427,5.50539e-09,-1.08078e-07,-9.04074e-09,9.64142e-09,-7.64201e-09,1.87145e-06,13.757,2.22318e-07,1.20026e-11,-1.05469e-06,1.5708,18.1241,18.1204,-5.21395e-21,5.21501e-21
0.102397,3.07269e-09,-1.0956e-07,-1.26489e-08,8.80763e-09,-4.35959e-09,1.87228e-06,13.7621,2.22267e-07,-5.64109e-10,-1.05424e-06,1.5708,18.1215,18.1207,2.92435e-23,-2.92448e-23
0.102367,5.39657e-10,-1.10462e-07,5.80517e-09,8.34491e-09,-3.08201e-09,1.87323e-06,13.7672,2.22152e-07,-6.15268e-10,-1.05382e-06,1.5708,18.1189,18.1149,7.51074e-23,-7.51241e-23
0.102337,-2.32187e-09,-1.11434e-07,-3.87985e-09,7.54015e-09,1.4919e-09,1.87432e-06,13.7724,2.21986e-07,-6.31144e-10,-1.05343e-06,1.5708,18.1164,18.1176,-2.19492e-23,2.19478e-23
0.102307,-3.7301e-09,-1.11243e-07,1.08874e-08,7.64802e-09,1.86871e-09,1.87552e-06,13.7775,2.21798e-07,-3.54411e-10,-1.05306e-06,1.5708,18.1138,18.1143,8.21545e-24,-8.21525e-24
0.102277,-3.58999e-09,-1.10669e-07,6.36421e-09,8.02169e-09,2.25436e-09,1.87675e-06,13.7826,2.21627e-07,5.43387e-11,-1.05268e-06,1.5708,18.1113,18.1147,6.50076e-23,-6.49951e-23
0.102247,-1.58917e-09,-1.095e-07,9.04918e-09,9.02082e-09,-4.36148e-10,1.87792e-06,13.7877,2.21497e-07,4.64572e-10,-1.05226e-06,1.5708,18.1087,18.1064,4.39556e-23,-4.39613e-23
0.102217,-9.87171e-10,-1.09296e-07,-1.46796e-08,9.12909e-09,1.219e-09,1.87902e-06,13.7928,2.21397e-07,1.62997e-10,-1.05181e-06,1.5708,18.1061,18.1018,-8.19557e-23,8.19756e-23
0.102187,-3.61425e-09,-1.09778e-07,-1.75816e-08,8.49576e-09,4.85661e-09,1.88018e-06,13.7979,2.21284e-07,-6.77403e-10,-1.05138e-06,1.5708,18.1036,18.1078,-1.2254e-24,1.22512e-24
0.102157,-4.08774e-09,-1.08954e-07,2.50301e-08,9.15531e-09,1.30773e-09,1.88142e-06,13.803,2.21179e-07,-2.03551e-10,-1.05095e-06,1.5708,18.101,18.1049,-1.0393e-24,1.03908e-24
0.102127,-8.21434e-10,-1.07917e-07,1.76595e-08,1.02049e-08,-1.96181e-09,1.88258e-06,13.8081,2.21117e-07,8.33661e-10,-1.05047e-06,1.5708,18.0985,18.0966,3.47567e-23,-3.47603e-23
0.102097,1.0495e-09,-1.08044e-07,-2.08511e-08,1.02549e-08,-4.57218e-10,1.8836e-06,13.8132,2.21072e-07,4.95589e-10,-1.04997e-06,1.5708,18.0959,18.0976,0,0
0.102067,1.40575e-09,-1.08068e-07,-3.27337e-09,1.04854e-08,-2.69177e-09,1.88459e-06,13.8183,2.21019e-07,-8.69e-13,-1.04946e-06,1.5708,18.0934,18.0909,9.27706e-23,-9.27833e-23
0.102037,4.73629e-10,-1.08796e-07,-4.91563e-09,1.00131e-08,-1.38684e-09,1.88558e-06,13.8234,2.20943e-07,-2.20253e-10,-1.04895e-06,1.5708,18.0908,18.0889,-7.19766e-23,7.19842e-23
0.102007,-1.23276e-09,-1.0954e-07,-3.07016e-09,9.39332e-09,5.74965e-10,1.88664e-06,13.8285,2.20824e-07,-4.11253e-10,-1.04848e-06,1.5708,18.0883,18.089,-4.93712e-26,4.93692e-26
0.101977,-2.01734e-09,-1.09658e-07,8.35701e-09,9.25521e-09,4.64689e-10,1.88776e-06,13.8336,2.20681e-07,-2.00541e-10,-1.04802e-06,1.5708,18.0857,18.0905,-9.02718e-23,9.02478e-23
0.101948,2.91341e-10,-1.08825e-07,1.86812e-08,1.00549e-08,-3.42093e-09,1.88885e-06,13.8387,2.20554e-07,5.56472e-10,-1.04754e-06,1.5708,18.0832,18.0821,1.93655e-23,-1.93666e-23
0.101918,2.20142e-09,-1.08788e-07,-1.21144e-08,1.00989e-08,-2.76583e-09,1.88981e-06,13.8438,2.20443e-07,5.18175e-10,-1.04705e-06,1.5708,18.0806,18.0856,0,0
0.101888,4.60734e-09,-1.08078e-07,7.05683e-09,1.08775e-08,-7.7802e-09,1.89069e-06,13.8489,2.20348e-07,5.17635e-10,-1.04653e-06,1.5708,18.0781,18.0747,6.25141e-23,-6.25256e-23
0.101858,4.95538e-09,-1.08683e-07,-1.596e-08,1.03678e-08,-6.04973e-09,1.89149e-06,13.854,2.2025e-07,1.37537e-10,-1.04601e-06,1.5708,18.0755,18.0769,-2.63776e-23,2.63756e-23
0.101828,4.64292e-09,-1.08855e-07,1.72417e-09,1.02065e-08,-7.55712e-09,1.89229e-06,13.8591,2.20128e-07,-1.06659e-10,-1.0455e-06,1.5708,18.073,18.073,0,0
0.101798,4.64599e-09,-1.09041e-07,3.54322e-09,9.94979e-09,-7.86798e-09,1.89311e-06,13.8642,2.19993e-07,3.95094e-11,-1.04501e-06,1.5708,18.0704,18.0723,2.62105e-21,-2.62078e-21
0.101769,5.58115e-09,-1.08858e-07,4.8514e-09,9.99345e-09,-9.30549e-09,1.8939e-06,13.8693,2.19854e-07,2.61908e-10,-1.04452e-06,1.5708,18.0679,18.0716,5.24374e-21,-5.24267e-21
0.101739,7.93608e-09,-1.08261e-07,7.71297e-09,1.04643e-08,-1.27181e-08,1.89461e-06,13.8744,2.19731e-07,6.00879e-10,-1.04401e-06,1.5708,18.0653,18.0647,1.20731e-23,-1.20736e-23
0.101709,9.26236e-09,-1.08348e-07,-1.11243e-08,1.02683e-08,-1.27323e-08,1.89522e-06,13.8795,2.19617e-07,3.88487e-10,-1.0435e-06,1.5708,18.0628,18.0652,-8.83403e-23,8.83288e-23
0.101679,1.01457e-08,-1.08163e-07,1.17791e-09,1.03285e-08,-1.53322e-08,1.8958e-06,13.8846,2.195e-07,2.17612e-10,-1.043e-06,1.5708,18.0603,18.0553,9.30382e-23,-9.30637e-23
0.10165,8.37392e-09,-1.09077e-07,-1.80044e-08,9.17544e-09,-1.14581e-08,1.89638e-06,13.8896,2.1936e-07,-3.38644e-10,-1.04252e-06,1.5708,18.0577,18.0562,5.86771e-23,-5.86822e-23
0.10162,5.32246e-09,-1.09518e-07,-1.45227e-09,8.25273e-09,-9.48323e-09,1.89711e-06,13.8947,2.19182e-07,-7.23437e-10,-1.04209e-06,1.5708,18.0552,18.0569,0,0
0.10159,4.29899e-09,-1.08999e-07,1.70463e-08,8.12583e-09,-1.01754e-08,1.89793e-06,13.8998,2.19003e-07,-2.03291e-10,-1.04169e-06,1.5708,18.0526,18.0515,-2.15741e-23,2.15755e-23
0.10156,4.11274e-09,-1.0857e-07,-1.84332e-09,7.83789e-09,-8.16506e-09,1.89878e-06,13.9049,2.18844e-07,5.74469e-11,-1.0413e-06,1.5708,18.0501,18.0471,5.67542e-23,-5.67637e-23
0.101531,2.22427e-09,-1.08413e-07,-1.373e-08,7.19461e-09,-4.7006e-09,1.89969e-06,13.91,2.18697e-07,-4.18255e-10,-1.04093e-06,1.5708,18.0476,18.0518,-8.1181e-23,8.11619e-23
0.101501,2.16391e-09,-1.07066e-07,1.93487e-08,7.77461e-09,-7.97938e-09,1.90066e-06,13.915,2.18585e-07,-5.45357e-11,-1.04057e-06,1.5708,18.045,18.0452,0,0
0.101471,3.47021e-09,-1.06182e-07,2.7507e-09,8.07454e-09,-8.02313e-09,1.90158e-06,13.9201,2.18526e-07,3.97075e-10,-1.04018e-06,1.5708,18.0425,18.0437,-2.25348e-23,2.25333e-23
0.101442,4.64096e-09,-1.05489e-07,-4.55644e-09,8.3921e-09,-8.86269e-09,1.90245e-06,13.9252,2.18503e-07,3.02464e-10,-1.03977e-06,1.5708,18.0399,18.0352,1.79953e-22,-1.80001e-22
0.101412,2.72709e-09,-1.06011e-07,-2.02478e-08,7.61293e-09,-5.00167e-09,1.90333e-06,13.9303,2.18479e-07,-4.33496e-10,-1.03938e-06,1.5708,18.0374,18.0338,0,0
0.101382,-1.30964e-09,-1.06644e-07,-5.75502e-09,6.67885e-09,-1.41619e-09,1.90437e-06,13.9353,2.18421e-07,-9.98678e-10,-1.03903e-06,1.5708,18.0349,18.0315,6.28933e-23,-6.29051e-23
0.101353,-5.34046e-09,-1.0706e-07,4.55763e-09,5.85735e-09,2.69576e-09,1.90561e-06,13.9404,2.18335e-07,-9.6064e-10,-1.03873e-06,1.5708,18.0323,18.036,-7.08453e-23,7.08308e-23
0.101323,-5.60416e-09,-1.06066e-07,2.49702e-08,6.45791e-09,1.15438e-09,1.90697e-06,13.9455,2.18261e-07,-7.3166e-11,-1.03843e-06,1.5708,18.0298,18.0288,1.84599e-23,-1.84609e-23
0.101293,-4.65154e-09,-1.05511e-07,-3.40436e-09,6.77177e-09,2.95106e-09,1.90829e-06,13.9505,2.18224e-07,2.86229e-10,-1.03811e-06,1.5708,18.0273,18.0245,5.18693e-23,-5.18772e-23
0.101264,-5.74827e-09,-1.05511e-07,-1.63296e-08,6.63814e-09,5.76351e-09,1.90962e-06,13.9556,2.18196e-07,-3.02221e-10,-1.03778e-06,1.5708,18.0247,18.0276,1.63612e-22,-1.63586e-22
0.101234,-5.93743e-09,-1.04808e-07,1.42905e-08,7.35153e-09,3.1149e-09,1.91099e-06,13.9607,2.18184e-07,-1.49775e-10,-1.03744e-06,1.5708,18.0222,18.0201,4.00957e-23,-4.01005e-23
0.101205,-5.87016e-09,-1.04883e-07,-2.59424e-09,7.45821e-09,4.89071e-09,1.91234e-06,13.9657,2.18184e-07,3.51204e-11,-1.03708e-06,1.5708,18.0197,18.02,0,0
0.101175,-5.8728e-09,-1.04882e-07,-1.20053e-09,7.75673e-09,4.92593e-09,1.9137e-06,13.9708,2.18178e-07,-5.21415e-11,-1.03671e-06,1.5708,18.0171,18.0167,6.67988e-22,-6.68006e-22
0.101146,-6.03497e-09,-1.05075e-07,-2.48399e-10,7.96147e-09,5.20686e-09,1.91507e-06,13.9758,2.18164e-07,-8.26777e-11,-1.03632e-06,1.5708,18.0146,18.015,0,0
0.101116,-5.84697e-09,-1.05233e-07,2.76571e-09,8.27084e-09,4.84397e-09,1.91643e-06,13.9809,2.18138e-07,1.48792e-12,-1.03592e-06,1.5708,18.0121,18.0155,6.51817e-23,-6.51692e-23
0.101087,-3.89577e-09,-1.04943e-07,1.15025e-08,9.13704e-09,1.67678e-09,1.91774e-06,13.9859,2.18113e-07,4.22965e-10,-1.03549e-06,1.5708,18.0096,18.0048,1.79372e-22,-1.7942e-22
0.101057,-4.17218e-09,-1.05988e-07,-2.131e-08,8.69008e-09,5.41458e-09,1.91899e-06,13.991,2.18062e-07,-4.5581e-11,-1.03506e-06,1.5708,18.007,18.0072,0,0
0.101028,-5.58451e-09,-1.06517e-07,4.32875e-11,8.64161e-09,5.18756e-09,1.9203e-06,13.9961,2.17969e-07,-4.44282e-10,-1.03463e-06,1.5708,18.0045,18.0019,-9.78962e-23,9.79103e-23
0.100998,-7.25402e-09,-1.07198e-07,6.80252e-10,8.28687e-09,7.39582e-09,1.92168e-06,14.0011,2.17841e-07,-4.21766e-10,-1.03422e-06,1.5708,18.002,17.9972,-1.79416e-22,1.79463e-22
0.100969,-1.0214e-08,-1.0806e-07,-9.96118e-09,7.49083e-09,1.24062e-08,1.92317e-06,14.0062,2.1767e-07,-7.29169e-10,-1.03383e-06,1.5708,17.9994,18.0013,2.67693e-21,-2.67665e-21
0.100939,-1.15129e-08,-1.07592e-07,1.58518e-08,7.80877e-09,1.17625e-08,1.92477e-06,14.0112,2.17488e-07,-4.07146e-10,-1.03346e-06,1.5708,17.9969,18.0007,-1.13533e-24,1.13509e-24
0.10091,-9.24622e-09,-1.06339e-07,1.9447e-08,8.91514e-09,8.86876e-09,1.92634e-06,14.0162,2.17347e-07,5.15111e-10,-1.03305e-06,1.5708,17.9944,17.9947,5.29863e-24,-5.29855e-24
0.10088,-6.59539e-09,-1.0563e-07,-7.83448e-09,9.59847e-09,8.5038e-09,1.92777e-06,14.0213,2.17251e-07,6.28687e-10,-1.03259e-06,1.5708,17.9919,17.9906,2.4018e-23,-2.40197e-23
0.100851,-6.16812e-09,-1.05539e-07,-1.44518e-08,9.74491e-09,8.80754e-09,1.92914e-06,14.0263,2.1717e-07,1.75126e-11,-1.03212e-06,1.5708,17.9894,17.9919,-4.72302e-23,4.72237e-23
0.100821,-5.45062e-09,-1.05119e-07,9.88699e-09,1.03023e-08,5.64441e-09,1.93047e-06,14.0314,2.17099e-07,6.38461e-11,-1.03162e-06,1.5708,17.9868,17.9915,1.59075e-24,-1.59034e-24
0.100792,-2.0598e-09,-1.04418e-07,1.67847e-08,1.13167e-08,8.26447e-10,1.9317e-06,14.0364,2.17053e-07,7.88746e-10,-1.03109e-06,1.5708,17.9843,17.9804,7.40932e-23,-7.41094e-23
0.100763,-8.92309e-10,-1.05278e-07,-2.43646e-08,1.08602e-08,3.51492e-09,1.9328e-06,14.0415,2.16997e-07,3.21357e-10,-1.03054e-06,1.5708,17.9818,17.9843,0,0
0.100733,-6.93814e-10,-1.05539e-07,2.24773e-09,1.09629e-08,6.29705e-10,1.93389e-06,14.0465,2.16908e-07,-6.37432e-11,-1.03001e-06,1.5708,17.9793,17.9773,3.63169e-23,-3.63208e-23
0.100704,-1.0374e-09,-1.06307e-07,-1.64608e-09,1.0473e-08,1.47231e-09,1.93497e-06,14.0515,2.16789e-07,-7.44507e-11,-1.02948e-06,1.5708,17.9768,17.9796,5.31421e-23,-5.31338e-23
0.100675,-6.2022e-11,-1.06322e-07,9.88932e-09,1.06181e-08,-8.81934e-10,1.93604e-06,14.0566,2.16647e-07,2.12342e-10,-1.02896e-06,1.5708,17.9742,17.9706,-1.37796e-22,1.37824e-22
0.100645,-5.02419e-10,-1.07078e-07,-1.43334e-08,9.86237e-09,2.0937e-09,1.93708e-06,14.0616,2.16479e-07,-6.24203e-11,-1.02846e-06,1.5708,17.9717,17.9718,-9.52284e-25,9.52281e-25
0.100616,-1.70425e-09,-1.07249e-07,-2.93399e-10,9.46205e-09,2.22359e-09,1.93818e-06,14.0666,2.16286e-07,-3.40965e-10,-1.02798e-06,1.5708,17.9692,17.9713,3.91194e-23,-3.91149e-23
0.100587,-1.29881e-09,-1.06731e-07,1.33786e-08,9.6086e-09,3.95827e-10,1.93929e-06,14.0717,2.16097e-07,8.32343e-11,-1.02751e-06,1.5708,17.9667,17.9683,7.20872e-26,-7.20808e-26
0.100557,5.02857e-10,-1.06062e-07,4.01852e-09,9.87122e-09,-9.08904e-10,1.94034e-06,14.0767,2.15935e-07,4.63541e-10,-1.02703e-06,1.5708,17.9642,17.9604,-5.37659e-21,5.37771e-21
0.100528,-5.00353e-11,-1.06264e-07,-2.02259e-08,9.19539e-09,2.19341e-09,1.94136e-06,14.0817,2.1578e-07,-1.10667e-10,-1.02657e-06,1.5708,17.9617,17.9639,-3.42933e-25,3.4289e-25
0.100499,-6.05614e-10,-1.0565e-07,8.64829e-09,9.26504e-09,1.31478e-11,1.94242e-06,14.0867,2.15632e-07,-2.12579e-10,-1.02611e-06,1.5708,17.9591,17.9621,-1.12436e-22,1.12417e-22
0.10047,1.16636e-09,-1.04707e-07,1.53688e-08,9.7368e-09,-2.87774e-09,1.94344e-06,14.0918,2.15521e-07,4.43478e-10,-1.02564e-06,1.5708,17.9566,17.9545,-3.1774e-25,3.17778e-25
0.10044,2.06221e-09,-1.04648e-07,-1.41792e-08,9.40234e-09,-1.09373e-09,1.94438e-06,14.0968,2.15429e-07,2.7662e-10,-1.02517e-06,1.5708,17.9541,17.9551,-1.32668e-21,1.3266e-21
0.100411,1.96809e-09,-1.0439e-07,-2.46499e-09,9.30122e-09,-2.20438e-09,1.94532e-06,14.1018,2.15342e-07,-6.86831e-11,-1.02471e-06,1.5708,17.9516,17.9486,-5.73735e-23,5.73831e-23
0.100382,5.08566e-10,-1.0474e-07,-6.82798e-09,8.58483e-09,1.96492e-11,1.94629e-06,14.1068,2.15247e-07,-3.34353e-10,-1.02428e-06,1.5708,17.9491,17.9492,0,0
0.100353,-6.89383e-10,-1.04664e-07,5.05548e-09,8.24522e-09,3.33427e-10,1.94733e-06,14.1118,2.15143e-07,-3.00236e-10,-1.02386e-06,1.5708,17.9466,17.9455,-4.24655e-23,4.24682e-23
0.100323,-1.50503e-09,-1.04585e-07,1.08718e-09,7.88012e-09,1.78091e-09,1.94842e-06,14.1169,2.15039e-07,-1.70498e-10,-1.02347e-06,1.5708,17.9441,17.9439,8.58287e-24,-8.58294e-24
0.100294,-2.0099e-09,-1.04292e-07,8.93437e-10,7.721e-09,2.481e-09,1.94954e-06,14.1219,2.14941e-07,-1.21442e-10,-1.02309e-06,1.5708,17.9416,17.9371,8.45667e-23,-8.45879e-23
0.100265,-4.25743e-09,-1.04608e-07,-1.32162e-08,6.90742e-09,6.78526e-09,1.95072e-06,14.1269,2.14838e-07,-5.29315e-10,-1.02273e-06,1.5708,17.9391,17.9425,-1.30365e-22,1.3034e-22
0.100236,-4.76264e-09,-1.03699e-07,1.80555e-08,7.32212e-09,4.42234e-09,1.95199e-06,14.1319,2.14748e-07,-1.97536e-10,-1.02238e-06,1.5708,17.9366,17.9318,9.06634e-23,-9.06875e-23
0.100207,-5.8717e-09,-1.03808e-07,-1.10088e-08,6.77226e-09,8.85954e-09,1.95327e-06,14.1369,2.14674e-07,-2.12312e-10,-1.02204e-06,1.5708,17.934,17.938,-1.51677e-22,1.51644e-22
0.100178,-5.47741e-09,-1.02794e-07,1.32629e-08,7.43271e-09,6.10252e-09,1.95459e-06,14.1419,2.14622e-07,7.04394e-12,-1.02169e-06,1.5708,17.9315,17.9352,-5.2559e-21,5.25483e-21
0.100148,-2.55381e-09,-1.01679e-07,1.36649e-08,8.46668e-09,2.52254e-09,1.95582e-06,14.1469,2.1462e-07,6.95069e-10,-1.0213e-06,1.5708,17.929,17.9295,-1.70279e-26,1.70275e-26
0.100119,1.10752e-10,-1.01397e-07,-9.3235e-09,8.96181e-09,1.51929e-09,1.95689e-06,14.1519,2.14649e-07,6.52312e-10,-1.02087e-06,1.5708,17.9265,17.9229,-6.79385e-28,6.79523e-28
0.10009,-6.80602e-10,-1.02262e-07,-2.18712e-08,8.44457e-09,3.76299e-09,1.95793e-06,14.1569,2.14658e-07,-2.25178e-10,-1.02045e-06,1.5708,17.924,17.9279,-7.4333e-23,7.43169e-23
0.100061,-5.90652e-10,-1.02231e-07,1.75071e-08,8.891e-09,-2.64668e-10,1.95899e-06,14.1619,2.14643e-07,-7.3406e-11,-1.02002e-06,1.5708,17.9215,17.9189,1.0193e-22,-1.01945e-22
0.100032,-4.2855e-10,-1.03045e-07,-4.60752e-09,8.52819e-09,1.75432e-09,1.96003e-06,14.1669,2.14604e-07,1.07221e-10,-1.01959e-06,1.5708,17.919,17.9142,9.22098e-23,-9.22346e-23
0.100003,-2.96898e-09,-1.04355e-07,-1.9651e-08,7.50575e-09,6.47431e-09,1.96113e-06,14.172,2.14507e-07,-6.10587e-10,-1.0192e-06,1.5708,17.9165,17.9157,-1.57201e-23,1.57208e-23
0.0999739,-5.90817e-09,-1.04842e-07,6.26849e-09,7.06133e-09,7.68232e-09,1.96238e-06,14.1769,2.14362e-07,-7.78335e-10,-1.01885e-06,1.5708,17.914,17.9151,0,0
0.0999449,-6.43532e-09,-1.0452e-07,1.65022e-08,7.27176e-09,7.494e-09,1.96371e-06,14.1819,2.14211e-07,-1.30736e-10,-1.0185e-06,1.5708,17.9115,17.9142,-2.80979e-25,2.80937e-25
0.0999159,-4.46585e-09,-1.03633e-07,9.43801e-09,8.03874e-09,5.89096e-09,1.96499e-06,14.1869,2.14088e-07,4.82258e-10,-1.01812e-06,1.5708,17.909,17.9078,-2.2609e-23,2.26105e-23
0.0998869,-3.35185e-09,-1.03321e-07,-1.23037e-08,8.2828e-09,6.77484e-09,1.96619e-06,14.1919,2.13991e-07,2.64325e-10,-1.01772e-06,1.5708,17.9065,17.9087,-9.75304e-26,9.75188e-26
0.0998579,-2.50261e-09,-1.02733e-07,2.73475e-09,8.87255e-09,4.28962e-09,1.96735e-06,14.1969,2.13913e-07,1.21286e-10,-1.0173e-06,1.5708,17.904,17.9042,4.08439e-24,-4.08434e-24
0.0998289,-1.5454e-09,-1.02515e-07,1.33841e-09,9.19565e-09,3.28621e-09,1.96846e-06,14.2019,2.13852e-07,2.15671e-10,-1.01686e-06,1.5708,17.9015,17.9034,2.70642e-21,-2.70614e-21
0.0997999,-4.16715e-11,-1.02263e-07,3.15546e-09,9.65375e-09,1.24418e-09,1.96951e-06,14.2069,2.13799e-07,3.42251e-10,-1.01639e-06,1.5708,17.899,17.899,-1.93447e-27,1.93448e-27
0.099771,1.01185e-09,-1.02438e-07,-4.56274e-09,9.76401e-09,6.79976e-10,1.97049e-06,14.2119,2.13744e-07,2.55019e-10,-1.01591e-06,1.5708,17.8965,17.8981,-3.07169e-23,3.07141e-23
0.099742,2.03619e-09,-1.02531e-07,1.69006e-09,9.99351e-09,-1.27165e-09,1.97142e-06,14.2169,2.13679e-07,2.23742e-10,-1.01543e-06,1.5708,17.894,17.891,5.80068e-23,-5.80168e-23
0.0997131,1.3717e-09,-1.03383e-07,-1.21237e-08,9.41137e-09,8.85024e-10,1.97234e-06,14.2219,2.13584e-07,-1.3396e-10,-1.01495e-06,1.5708,17.8916,17.8886,-1.13907e-22,1.13926e-22
0.0996841,-1.13066e-09,-1.0428e-07,-8.01911e-09,8.57912e-09,3.59399e-09,1.97334e-06,14.2269,2.13441e-07,-6.19256e-10,-1.01451e-06,1.5708,17.8891,17.8873,-2.72838e-25,2.72865e-25
0.0996552,-3.73312e-09,-1.04711e-07,4.0714e-09,7.95866e-09,5.70492e-09,1.97447e-06,14.2318,2.13261e-07,-6.39216e-10,-1.01411e-06,1.5708,17.8866,17.8847,-2.67639e-21,2.67666e-21
0.0996262,-5.66572e-09,-1.04735e-07,3.47934e-09,7.51289e-09,8.30953e-09,1.97571e-06,14.2368,2.13067e-07,-4.51214e-10,-1.01373e-06,1.5708,17.8841,17.8884,1.65242e-22,-1.65202e-22
0.0995973,-4.55927e-09,-1.03463e-07,1.93468e-08,8.28884e-09,5.48534e-09,1.97697e-06,14.2418,2.12903e-07,2.35521e-10,-1.01334e-06,1.5708,17.8816,17.8777,-9.89374e-25,9.89587e-25
0.0995684,-4.39773e-09,-1.03218e-07,-1.59546e-08,8.05604e-09,8.92916e-09,1.97818e-06,14.2468,2.12772e-07,8.6236e-11,-1.01294e-06,1.5708,17.8791,17.8801,-1.75088e-25,1.75078e-25
0.0995396,-4.90459e-09,-1.02516e-07,-1.23686e-11,8.29375e-09,8.09545e-09,1.97942e-06,14.2518,2.12662e-07,-2.13666e-10,-1.01254e-06,1.5708,17.8766,17.8769,5.81005e-24,-5.80995e-24
0.0995107,-4.77649e-09,-1.01877e-07,6.60642e-09,8.56481e-09,7.40671e-09,1.98066e-06,14.2567,2.12583e-07,-1.72147e-12,-1.01213e-06,1.5708,17.8741,17.8722,-2.67966e-21,2.67994e-21
0.0994818,-5.02652e-09,-1.01736e-07,-5.73846e-09,8.42964e-09,9.08419e-09,1.98189e-06,14.2617,2.12519e-07,-6.20545e-11,-1.01171e-06,1.5708,17.8716,17.8678,5.2841e-21,-5.28523e-21
0.099453,-7.19774e-09,-1.021e-07,-1.21298e-08,7.79319e-09,1.26003e-08,1.98318e-06,14.2667,2.12445e-07,-5.59513e-10,-1.01131e-06,1.5708,17.8691,17.8733,-8.09889e-23,8.09699e-23
0.0994242,-7.09567e-09,-1.01251e-07,2.22827e-08,8.42844e-09,9.23405e-09,1.98454e-06,14.2717,2.12381e-07,-7.15376e-11,-1.01091e-06,1.5708,17.8667,17.8696,5.72592e-23,-5.72497e-23
0.0993954,-4.04349e-09,-1.00392e-07,1.26298e-08,9.29682e-09,6.53684e-09,1.9858e-06,14.2766,2.12358e-07,7.52546e-10,-1.01048e-06,1.5708,17.8642,17.8608,1.28086e-22,-1.2811e-22
0.0993666,-3.12291e-09,-1.00821e-07,-2.35144e-08,9.03808e-09,9.08625e-09,1.98695e-06,14.2816,2.1234e-07,2.34456e-10,-1.01003e-06,1.5708,17.8617,17.8643,9.89e-23,-9.88857e-23
0.0993378,-2.89741e-09,-1.00746e-07,4.33331e-09,9.36683e-09,6.09964e-09,1.98808e-06,14.2866,2.1231e-07,-6.7707e-11,-1.00958e-06,1.5708,17.8592,17.8624,-8.32829e-25,8.32679e-25
0.0993091,-7.14155e-10,-1.00511e-07,1.52957e-08,9.99754e-09,2.32226e-09,1.98915e-06,14.2915,2.12284e-07,5.05042e-10,-1.0091e-06,1.5708,17.8567,17.8523,1.66992e-22,-1.67033e-22
0.0992803,-4.88166e-10,-1.01599e-07,-2.12722e-08,9.33125e-09,5.69863e-09,1.99015e-06,14.2965,2.12232e-07,1.08954e-10,-1.00862e-06,1.5708,17.8542,17.8555,4.71216e-23,-4.71183e-23
0.0992515,-1.22499e-09,-1.02059e-07,8.69759e-10,9.18567e-09,4.42356e-09,1.99117e-06,14.3015,2.12137e-07,-2.62434e-10,-1.00817e-06,1.5708,17.8517,17.8504,-2.55395e-23,2.55414e-23
0.0992228,-1.9232e-09,-1.02608e-07,2.56467e-09,8.82634e-09,5.16457e-09,1.99223e-06,14.3064,2.12012e-07,-1.63797e-10,-1.00773e-06,1.5708,17.8493,17.8462,-7.41833e-25,7.41959e-25
0.099194,-3.48794e-09,-1.03284e-07,-7.68583e-09,8.13222e-09,8.21178e-09,1.99333e-06,14.3114,2.11853e-07,-3.62632e-10,-1.00731e-06,1.5708,17.8468,17.8469,-2.37641e-24,2.37639e-24
0.0991653,-4.74948e-09,-1.03235e-07,5.05804e-09,7.95078e-09,8.62462e-09,1.99451e-06,14.3163,2.11675e-07,-3.44547e-10,-1.00692e-06,1.5708,17.8443,17.8453,1.91251e-23,-1.9124e-23
0.0991366,-4.52899e-09,-1.02673e-07,9.11133e-09,8.17228e-09,8.06886e-09,1.99571e-06,14.3213,2.11511e-07,4.3022e-11,-1.00652e-06,1.5708,17.8418,17.839,-1.10143e-22,1.10161e-22
0.0991079,-5.06992e-09,-1.02556e-07,-1.0312e-08,7.87104e-09,1.08105e-08,1.99691e-06,14.3263,2.11358e-07,-1.17205e-10,-1.00613e-06,1.5708,17.8393,17.8436,0,0
0.0990792,-4.04854e-09,-1.01373e-07,1.46791e-08,8.64894e-09,7.15932e-09,1.99811e-06,14.3312,2.11238e-07,1.60762e-10,-1.00572e-06,1.5708,17.8369,17.8339,5.6832e-23,-5.68414e-23
0.0990505,-3.66118e-09,-1.0119e-07,-9.7404e-09,8.51103e-09,9.21283e-09,1.99925e-06,14.3362,2.11146e-07,1.23469e-10,-1.0053e-06,1.5708,17.8344,17.8392,9.1947e-23,-9.19222e-23
0.0990219,-1.9196e-09,-1.00145e-07,1.23663e-08,9.35805e-09,4.89875e-09,2.00036e-06,14.3411,2.11084e-07,3.37945e-10,-1.00486e-06,1.5708,17.8319,17.83,2.72775e-21,-2.72804e-21
0.0989933,-8.25329e-10,-1.00145e-07,-8.69728e-09,9.32277e-09,5.66315e-09,2.00138e-06,14.3461,2.11042e-07,2.90805e-10,-1.0044e-06,1.5708,17.8294,17.8336,1.93362e-25,-1.93317e-25
0.0989647,1.08295e-09,-9.96104e-08,8.44898e-09,9.96973e-09,1.5531e-09,2.00233e-06,14.351,2.11012e-07,3.99067e-10,-1.00393e-06,1.5708,17.827,17.827,4.23363e-23,-4.23363e-23
0.0989361,2.82454e-09,-9.97788e-08,-3.53507e-09,1.00686e-08,5.08554e-10,2.00318e-06,14.356,2.10986e-07,4.44253e-10,-1.00344e-06,1.5708,17.8245,17.8295,-9.62712e-23,9.62443e-23
0.0989075,5.74819e-09,-9.94856e-08,9.37903e-09,1.07694e-08,-4.56432e-09,2.00392e-06,14.3609,2.1096e-07,6.79364e-10,-1.00292e-06,1.5708,17.822,17.8212,1.65617e-23,-1.65625e-23
0.098879,7.5954e-09,-1.00167e-07,-1.0997e-08,1.05873e-08,-5.03635e-09,2.00454e-06,14.3659,2.10918e-07,5.02374e-10,-1.0024e-06,1.5708,17.8195,17.8162,6.42355e-23,-6.42477e-23
0.0988503,6.26429e-09,-1.0153e-07,-1.87009e-08,9.60063e-09,-2.81052e-09,2.00514e-06,14.3708,2.1082e-07,-3.04731e-10,-1.0019e-06,1.5708,17.8171,17.814,-6.00934e-23,6.01038e-23
0.0988217,2.97038e-09,-1.02763e-07,-4.33518e-09,8.44295e-09,-2.67429e-10,2.00587e-06,14.3757,2.10653e-07,-7.9521e-10,-1.00146e-06,1.5708,17.8146,17.8158,0,0
0.0987932,1.46097e-09,-1.02871e-07,1.66633e-08,8.1095e-09,-5.44571e-10,2.00672e-06,14.3807,2.10449e-07,-3.41521e-10,-1.00105e-06,1.5708,17.8121,17.8119,1.49364e-26,-1.49365e-26
0.0987646,1.54415e-09,-1.02611e-07,4.05948e-09,7.93907e-09,5.6279e-10,2.0076e-06,14.3856,2.10246e-07,1.01622e-10,-1.00066e-06,1.5708,17.8097,17.8097,-3.30027e-27,3.30026e-27
0.0987361,1.67818e-09,-1.02072e-07,-3.71256e-09,7.91467e-09,1.1186e-09,2.00847e-06,14.3906,2.1006e-07,5.85946e-11,-1.00027e-06,1.5708,17.8072,17.8077,-9.21135e-24,9.2111e-24
0.0987076,1.69014e-09,-1.01336e-07,3.1644e-10,8.03589e-09,6.46631e-10,2.00934e-06,14.3955,2.09904e-07,-9.19346e-13,-9.99881e-07,1.5708,17.8047,17.8057,0,0
0.0986791,2.18219e-09,-1.00501e-07,3.81067e-09,8.29239e-09,-3.78069e-10,2.0102e-06,14.4004,2.09783e-07,1.27449e-10,-9.9948e-07,1.5708,17.8023,17.7984,1.50666e-22,-1.50699e-22
0.0986505,9.28283e-10,-1.00513e-07,-1.4275e-08,7.72132e-09,2.94285e-09,2.01107e-06,14.4054,2.09679e-07,-2.59588e-10,-9.99088e-07,1.5708,17.7998,17.7956,-8.1474e-23,8.14933e-23
0.098622,-2.60635e-09,-1.0077e-07,-1.06248e-08,6.82129e-09,7.01089e-09,2.01207e-06,14.4103,2.09564e-07,-8.69029e-10,-9.98733e-07,1.5708,17.7973,17.8014,-2.74278e-24,2.74215e-24
0.0985935,-3.25373e-09,-9.96115e-08,2.68667e-08,7.35363e-09,4.1559e-09,2.01317e-06,14.4152,2.09471e-07,-2.05635e-10,-9.98387e-07,1.5708,17.7949,17.7921,5.24048e-23,-5.24128e-23
0.098565,-3.02321e-09,-9.92414e-08,-4.76986e-09,7.2271e-09,7.11007e-09,2.01427e-06,14.4202,2.09412e-07,1.45451e-10,-9.9803e-07,1.5708,17.7924,17.7973,2.30526e-25,-2.30462e-25
0.0985366,-1.15879e-09,-9.79901e-08,1.04305e-08,8.1842e-09,3.3146e-09,2.01533e-06,14.4251,2.09393e-07,3.9106e-10,-9.97652e-07,1.5708,17.7899,17.792,-6.43387e-25,6.43311e-25
0.0985082,1.6038e-09,-9.72438e-08,2.69089e-09,8.96334e-09,6.21907e-10,2.01626e-06,14.43,2.0942e-07,6.73472e-10,-9.9723e-07,1.5708,17.7875,17.7864,-4.11946e-23,4.1197e-23
0.0984798,2.79027e-09,-9.74861e-08,-1.34124e-08,9.00826e-09,6.75669e-10,2.01709e-06,14.4349,2.09455e-07,2.93314e-10,-9.96789e-07,1.5708,17.785,17.7875,4.90968e-23,-4.90898e-23
0.0984514,3.74716e-09,-9.76025e-08,4.41325e-09,9.35379e-09,-2.40001e-09,2.01788e-06,14.4399,2.09477e-07,1.83395e-10,-9.96337e-07,1.5708,17.7825,17.7828,6.00222e-24,-6.00212e-24
0.098423,4.80464e-09,-9.81621e-08,6.80689e-10,9.37814e-09,-3.47577e-09,2.01861e-06,14.4448,2.09478e-07,2.88182e-10,-9.95876e-07,1.5708,17.7801,17.7796,-6.77219e-22,6.77236e-22
0.0983946,5.13887e-09,-9.90025e-08,-5.89467e-09,9.12538e-09,-3.38426e-09,2.0193e-06,14.4497,2.0944e-07,1.11678e-10,-9.95422e-07,1.5708,17.7776,17.7764,2.3825e-23,-2.38267e-23
0.0983662,4.33055e-09,-9.99504e-08,-5.5383e-09,8.65155e-09,-2.55013e-09,2.02001e-06,14.4546,2.09353e-07,-1.76885e-10,-9.94986e-07,1.5708,17.7751,17.7791,0,0
0.0983379,5.29565e-09,-9.99099e-08,1.59458e-08,9.0589e-09,-6.04086e-09,2.02072e-06,14.4595,2.09241e-07,2.31378e-10,-9.94551e-07,1.5708,17.7727,17.7742,0,0
0.0983096,7.47705e-09,-9.99332e-08,2.35468e-09,9.35928e-09,-7.59386e-09,2.02135e-06,14.4645,2.09125e-07,6.06476e-10,-9.94098e-07,1.5708,17.7702,17.7741,7.4112e-23,-7.40958e-23
0.0982813,1.0331e-08,-9.9612e-08,2.08403e-09,9.99288e-09,-1.13896e-08,2.02185e-06,14.4694,2.09014e-07,7.17845e-10,-9.93621e-07,1.5708,17.7678,17.7677,4.92307e-25,-4.92308e-25
0.098253,1.18972e-08,-9.98939e-08,-9.96099e-09,9.99988e-09,-1.24633e-08,2.02225e-06,14.4743,2.08899e-07,4.37193e-10,-9.93129e-07,1.5708,17.7653,17.769,-1.12991e-24,1.12968e-24
0.0982247,1.35919e-08,-9.9758e-08,5.56121e-09,1.03764e-08,-1.64941e-08,2.02257e-06,14.4792,2.08777e-07,4.29e-10,-9.92627e-07,1.5708,17.7629,17.766,1.48528e-25,-1.48502e-25
0.0981964,1.61855e-08,-9.96068e-08,5.59213e-09,1.07622e-08,-2.01596e-08,2.02278e-06,14.4841,2.08659e-07,7.13214e-10,-9.92106e-07,1.5708,17.7604,17.7624,-7.21195e-25,7.21113e-25
0.0981682,1.85649e-08,-9.97015e-08,-4.3255e-09,1.0882e-08,-2.26347e-08,2.02287e-06,14.489,2.08538e-07,6.79476e-10,-9.91572e-07,1.5708,17.7579,17.7614,-6.73576e-23,6.73445e-23
0.0981399,2.08047e-08,-9.96626e-08,7.30448e-10,1.11008e-08,-2.64943e-08,2.02286e-06,14.4939,2.08411e-07,6.21965e-10,-9.9103e-07,1.5708,17.7555,17.7518,-5.35934e-21,5.36046e-21
0.0981117,2.01154e-08,-1.00731e-07,-2.04007e-08,1.00607e-08,-2.41009e-08,2.02281e-06,14.4988,2.08253e-07,-1.95367e-11,-9.9051e-07,1.5708,17.753,17.7542,2.33134e-23,-2.33118e-23
0.0980834,1.8583e-08,-1.01086e-07,3.07851e-09,9.4664e-09,-2.50735e-08,2.02282e-06,14.5037,2.08055e-07,-3.03648e-10,-9.9003e-07,1.5708,17.7506,17.7491,-2.96439e-23,2.96465e-23
0.0980551,1.70111e-08,-1.01406e-07,6.95847e-10,8.64506e-09,-2.33673e-08,2.02292e-06,14.5086,2.07836e-07,-2.23604e-10,-9.89586e-07,1.5708,17.7481,17.7444,-5.43551e-21,5.43666e-21
0.0980269,1.4056e-08,-1.01784e-07,-1.103e-08,7.44689e-09,-1.89364e-08,2.02313e-06,14.5135,2.07596e-07,-5.64989e-10,-9.89192e-07,1.5708,17.7457,17.741,0,0
0.0979986,9.25305e-09,-1.01959e-07,-8.9446e-09,6.09326e-09,-1.3465e-08,2.02355e-06,14.5184,2.07339e-07,-1.05964e-09,-9.88863e-07,1.5708,17.7432,17.7433,-1.76541e-24,1.7654e-24
0.0979703,5.8373e-09,-1.00932e-07,1.45838e-08,5.68846e-09,-1.17482e-08,2.02418e-06,14.5233,2.07101e-07,-7.59387e-10,-9.88577e-07,1.5708,17.7408,17.7389,-2.72013e-21,2.72041e-21
0.0979421,3.84386e-09,-9.97044e-08,4.00744e-09,5.41335e-09,-8.32695e-09,2.02493e-06,14.5282,2.06918e-07,-3.57101e-10,-9.88308e-07,1.5708,17.7383,17.7398,0,0
0.0979139,3.32876e-09,-9.78976e-08,6.43966e-09,5.82719e-09,-8.01773e-09,2.02576e-06,14.5331,2.0681e-07,-7.50973e-11,-9.88035e-07,1.5708,17.7359,17.7408,9.57034e-23,-9.56769e-23
0.0978858,5.47442e-09,-9.56255e-08,1.5559e-08,7.07198e-09,-1.17235e-08,2.02655e-06,14.538,2.06803e-07,5.45649e-10,-9.87719e-07,1.5708,17.7334,17.7367,-6.30946e-23,6.30831e-23
0.0978577,8.90792e-09,-9.40104e-08,1.69529e-09,8.20177e-09,-1.4824e-08,2.02719e-06,14.5429,2.0689e-07,8.92408e-10,-9.87344e-07,1.5708,17.731,17.728,5.85403e-23,-5.85503e-23
0.0978295,9.29979e-09,-9.4146e-08,-2.40589e-08,8.03685e-09,-1.29939e-08,2.02774e-06,14.5478,2.07009e-07,1.51584e-10,-9.86946e-07,1.5708,17.7285,17.7294,4.14996e-26,-4.14975e-26
0.0978014,8.22654e-09,-9.44429e-08,3.82783e-10,8.00903e-09,-1.43327e-08,2.02832e-06,14.5527,2.07114e-07,-2.87755e-10,-9.86552e-07,1.5708,17.7261,17.7304,-1.34597e-24,1.34564e-24
0.0977733,9.61108e-09,-9.43944e-08,2.05177e-08,8.62066e-09,-1.83119e-08,2.0289e-06,14.5576,2.0721e-07,3.78515e-10,-9.86144e-07,1.5708,17.7236,17.7214,2.76122e-21,-2.76157e-21
0.0977451,1.04341e-08,-9.55003e-08,-1.32644e-08,8.27237e-09,-1.62397e-08,2.02941e-06,14.5625,2.07274e-07,3.37691e-10,-9.85729e-07,1.5708,17.7212,17.7212,1.60912e-25,-1.60912e-25
0.097717,9.63649e-09,-9.6582e-08,-8.13591e-09,7.95657e-09,-1.60289e-08,2.02994e-06,14.5674,2.0728e-07,-1.72612e-10,-9.85332e-07,1.5708,17.7188,17.7154,6.6682e-23,-6.66948e-23
0.0976889,7.06179e-09,-9.8045e-08,-7.4521e-09,7.11741e-09,-1.3104e-08,2.03055e-06,14.5722,2.07217e-07,-5.64837e-10,-9.84963e-07,1.5708,17.7163,17.714,4.44923e-23,-4.4498e-23
0.0976608,3.98454e-09,-9.91203e-08,3.60232e-10,6.39121e-09,-1.01811e-08,2.03131e-06,14.5771,2.07088e-07,-6.93367e-10,-9.84634e-07,1.5708,17.7139,17.711,5.69721e-23,-5.69815e-23
0.0976327,8.53155e-10,-9.98082e-08,-2.03991e-10,5.73363e-09,-6.26565e-09,2.03222e-06,14.582,2.06911e-07,-6.93397e-10,-9.8434e-07,1.5708,17.7114,17.712,0,0
0.0976046,-8.22658e-10,-9.94805e-08,9.87914e-09,5.83705e-09,-5.16356e-09,2.03326e-06,14.5869,2.06724e-07,-3.80072e-10,-9.84059e-07,1.5708,17.709,17.7043,2.23162e-25,-2.23221e-25
0.0975765,-3.34477e-09,-9.95121e-08,-1.09715e-08,5.37998e-09,1.41918e-10,2.03439e-06,14.5918,2.0654e-07,-5.47217e-10,-9.83788e-07,1.5708,17.7066,17.7089,-4.6441e-23,4.64347e-23
0.0975484,-4.50496e-09,-9.83326e-08,1.30231e-08,6.03166e-09,-6.79446e-10,2.03563e-06,14.5967,2.06385e-07,-3.34984e-10,-9.8351e-07,1.5708,17.7041,17.6992,9.65037e-23,-9.65305e-23
0.0975204,-6.41853e-09,-9.79967e-08,-1.0204e-08,5.83445e-09,4.19767e-09,2.03693e-06,14.6015,2.06264e-07,-4.18429e-10,-9.83222e-07,1.5708,17.7017,17.7007,1.90962e-23,-1.90973e-23
0.0974923,-8.64314e-09,-9.72747e-08,3.24329e-10,6.02697e-09,6.15043e-09,2.03835e-06,14.6064,2.06167e-07,-5.99723e-10,-9.82933e-07,1.5708,17.6992,17.7006,0,0
0.0974643,-9.06908e-09,-9.61259e-08,1.37106e-08,6.78774e-09,5.60933e-09,2.03983e-06,14.6113,2.06116e-07,-1.5335e-10,-9.8262e-07,1.5708,17.6968,17.6984,-3.13449e-23,3.13421e-23
0.0974363,-7.62592e-09,-9.50536e-08,7.01934e-09,7.74475e-09,4.72163e-09,2.04127e-06,14.6162,2.06118e-07,3.29519e-10,-9.82264e-07,1.5708,17.6944,17.6923,-4.09434e-23,4.09482e-23
0.0974084,-7.30817e-09,-9.49216e-08,-1.28699e-08,8.02866e-09,6.52928e-09,2.04267e-06,14.621,2.06146e-07,4.79374e-11,-9.81877e-07,1.5708,17.6919,17.6883,0,0
0.0973803,-9.49182e-09,-9.55099e-08,-1.29603e-08,7.72476e-09,9.51084e-09,2.04412e-06,14.6259,2.06158e-07,-6.10051e-10,-9.81491e-07,1.5708,17.6895,17.6897,4.85266e-24,-4.85259e-24
0.0973524,-1.1143e-08,-9.56901e-08,1.10738e-08,7.89586e-09,9.47534e-09,2.04567e-06,14.6308,2.06148e-07,-4.97804e-10,-9.81108e-07,1.5708,17.6871,17.6831,7.45167e-23,-7.45332e-23
0.0973244,-1.28399e-08,-9.64191e-08,-4.04174e-09,7.53078e-09,1.34524e-08,2.04728e-06,14.6356,2.06111e-07,-4.19922e-10,-9.80731e-07,1.5708,17.6846,17.688,1.58611e-25,-1.58581e-25
0.0972965,-1.24635e-08,-9.60738e-08,1.49704e-08,8.26143e-09,1.14493e-08,2.04894e-06,14.6405,2.06062e-07,-1.49821e-11,-9.80343e-07,1.5708,17.6822,17.6809,-2.52992e-23,2.53011e-23
0.0972685,-1.16332e-08,-9.62336e-08,-3.00514e-09,8.56097e-09,1.2553e-08,2.05055e-06,14.6454,2.06015e-07,1.69525e-10,-9.7993e-07,1.5708,17.6798,17.6771,-5.13438e-23,5.13514e-23
0.0972406,-1.24395e-08,-9.68072e-08,-1.22291e-08,8.42454e-09,1.48244e-08,2.05217e-06,14.6502,2.05945e-07,-2.79727e-10,-9.79513e-07,1.5708,17.6773,17.6769,-8.55174e-24,8.55196e-24
0.0972127,-1.35755e-08,-9.70794e-08,3.49579e-09,8.5143e-09,1.50451e-08,2.05383e-06,14.6551,2.0585e-07,-3.97102e-10,-9.79098e-07,1.5708,17.6749,17.6771,8.51619e-23,-8.51514e-23
0.0971848,-1.26642e-08,-9.67889e-08,1.45406e-08,9.14747e-09,1.31793e-08,2.05549e-06,14.6599,2.05754e-07,1.35549e-10,-9.78663e-07,1.5708,17.6725,17.6711,2.69682e-23,-2.69702e-23
0.0971569,-1.16448e-08,-9.69571e-08,-6.19445e-09,9.31928e-09,1.43212e-08,2.0571e-06,14.6648,2.05656e-07,2.09574e-10,-9.78209e-07,1.5708,17.67,17.6699,-3.6895e-24,3.68952e-24
0.0971291,-1.13878e-08,-9.70702e-08,-4.36399e-09,9.50065e-09,1.41425e-08,2.05867e-06,14.6697,2.05548e-07,-4.68519e-11,-9.77746e-07,1.5708,17.6676,17.6649,1.07547e-22,-1.07564e-22
0.0971012,-1.2425e-08,-9.75636e-08,-6.42873e-09,9.20314e-09,1.59805e-08,2.06026e-06,14.6745,2.0542e-07,-3.35336e-10,-9.77287e-07,1.5708,17.6652,17.6669,0,0
0.0970734,-1.23294e-08,-9.734e-08,1.14933e-08,9.52482e-09,1.44221e-08,2.06187e-06,14.6794,2.05283e-07,-8.68911e-11,-9.76826e-07,1.5708,17.6627,17.6592,-5.56146e-21,5.56259e-21
0.0970455,-1.28483e-08,-9.77311e-08,-8.84052e-09,9.1311e-09,1.74552e-08,2.06348e-06,14.6842,2.05137e-07,-1.55166e-10,-9.76367e-07,1.5708,17.6603,17.6575,5.57818e-23,-5.57908e-23
0.0970176,-1.48071e-08,-9.80582e-08,-7.94005e-09,8.61834e-09,2.02004e-08,2.06515e-06,14.6891,2.04969e-07,-5.76285e-10,-9.75932e-07,1.5708,17.6579,17.6579,9.53353e-26,-9.53353e-26
0.0969898,-1.6033e-08,-9.77319e-08,9.71571e-09,8.6103e-09,2.04032e-08,2.0669e-06,14.6939,2.04799e-07,-4.13406e-10,-9.75509e-07,1.5708,17.6555,17.6539,6.3015e-23,-6.30207e-23
0.096962,-1.64507e-08,-9.73916e-08,2.15491e-09,8.53622e-09,2.21362e-08,2.06869e-06,14.6988,2.04642e-07,-1.61908e-10,-9.75088e-07,1.5708,17.653,17.6561,-6.03016e-23,6.02912e-23
0.0969342,-1.49618e-08,-9.62991e-08,1.13638e-08,9.24443e-09,1.97959e-08,2.07044e-06,14.7036,2.04519e-07,2.43587e-10,-9.74651e-07,1.5708,17.6506,17.6499,1.34398e-23,-1.34403e-23
0.0969065,-1.34e-08,-9.57509e-08,-4.68333e-09,9.53096e-09,1.98404e-08,2.0721e-06,14.7085,2.04433e-07,3.06556e-10,-9.74189e-07,1.5708,17.6482,17.6493,2.27347e-23,-2.27332e-23
0.0968787,-1.20784e-08,-9.52447e-08,-7.59969e-10,9.90425e-09,1.81486e-08,2.0737e-06,14.7133,2.0437e-07,1.94322e-10,-9.7371e-07,1.5708,17.6458,17.6438,3.86934e-23,-3.86977e-23
0.096851,-1.18986e-08,-9.54093e-08,-6.97187e-09,9.70121e-09,1.88737e-08,2.07524e-06,14.7182,2.04311e-07,-4.38654e-11,-9.73227e-07,1.5708,17.6433,17.6443,1.35737e-21,-1.3573e-21
0.0968232,-1.15322e-08,-9.53653e-08,4.70026e-09,9.75514e-09,1.75725e-08,2.07678e-06,14.723,2.04245e-07,-2.37616e-11,-9.72748e-07,1.5708,17.6409,17.6448,-7.76723e-23,7.76553e-23
0.0967956,-8.96546e-09,-9.48491e-08,1.46976e-08,1.03959e-08,1.36486e-08,2.07823e-06,14.7278,2.04191e-07,5.36673e-10,-9.72252e-07,1.5708,17.6385,17.6386,-1.72028e-22,1.72027e-22
0.0967679,-6.35216e-09,-9.49726e-08,-6.52598e-09,1.05214e-08,1.27077e-08,2.07955e-06,14.7327,2.04142e-07,6.03132e-10,-9.71736e-07,1.5708,17.6361,17.6325,-6.98947e-23,6.99088e-23
0.0967401,-6.79211e-09,-9.59549e-08,-2.04062e-08,9.75522e-09,1.4815e-08,2.08081e-06,14.7375,2.0406e-07,-1.7478e-10,-9.71237e-07,1.5708,17.6337,17.6378,0,0
0.0967125,-6.20516e-09,-9.58318e-08,1.75829e-08,1.00221e-08,1.04617e-08,2.08207e-06,14.7423,2.03954e-07,6.94777e-12,-9.7075e-07,1.5708,17.6312,17.6287,-4.95396e-23,4.95466e-23
0.0966848,-5.52289e-09,-9.64093e-08,-4.56556e-09,9.51949e-09,1.19759e-08,2.08329e-06,14.7472,2.03832e-07,1.90377e-10,-9.70269e-07,1.5708,17.6288,17.6253,-2.72283e-21,2.72337e-21
0.0966571,-6.98657e-09,-9.72134e-08,-1.55614e-08,8.58105e-09,1.50658e-08,2.08452e-06,14.752,2.03671e-07,-3.95221e-10,-9.69825e-07,1.5708,17.6264,17.6246,-2.75536e-21,2.75565e-21
0.0966294,-9.37711e-09,-9.75355e-08,7.98685e-10,7.86037e-09,1.66385e-08,2.08585e-06,14.7568,2.03478e-07,-6.61848e-10,-9.69423e-07,1.5708,17.624,17.6278,3.67759e-25,-3.67679e-25
0.0966018,-8.61814e-09,-9.65586e-08,2.39052e-08,8.30801e-09,1.36282e-08,2.08723e-06,14.7617,2.033e-07,1.20935e-10,-9.69026e-07,1.5708,17.6216,17.6247,1.48498e-25,-1.48472e-25
0.0965742,-5.12959e-09,-9.53537e-08,8.7052e-09,9.05624e-09,1.09698e-08,2.08848e-06,14.7665,2.03175e-07,8.49457e-10,-9.68599e-07,1.5708,17.6192,17.6202,-2.11124e-23,2.11111e-23
0.0965466,-2.19017e-09,-9.46298e-08,-1.04303e-08,9.47131e-09,9.29507e-09,2.08956e-06,14.7713,2.03094e-07,6.78084e-10,-9.68143e-07,1.5708,17.6167,17.6119,-4.59333e-25,4.59459e-25
0.096519,-3.23833e-09,-9.51665e-08,-2.44718e-08,8.66277e-09,1.20656e-08,2.0906e-06,14.7762,2.03013e-07,-3.0372e-10,-9.67698e-07,1.5708,17.6143,17.6127,-3.22942e-23,3.22972e-23
0.0964914,-5.84323e-09,-9.54868e-08,1.2352e-09,7.97861e-09,1.28676e-08,2.09174e-06,14.781,2.02906e-07,-7.23578e-10,-9.6729e-07,1.5708,17.6119,17.6141,1.02929e-25,-1.02917e-25
0.0964638,-5.91132e-09,-9.49931e-08,2.04338e-08,8.07739e-09,1.11913e-08,2.09294e-06,14.7858,2.02802e-07,-4.41461e-11,-9.66896e-07,1.5708,17.6095,17.613,-7.32558e-25,7.3241e-25
0.0964362,-2.98389e-09,-9.40672e-08,1.19889e-08,8.72168e-09,8.49023e-09,2.09406e-06,14.7906,2.02731e-07,7.24645e-10,-9.66483e-07,1.5708,17.6071,17.6092,-4.07237e-23,4.0719e-23
0.0964087,2.62294e-10,-9.34589e-08,-5.34473e-09,9.24294e-09,6.1872e-09,2.09502e-06,14.7955,2.02695e-07,7.78265e-10,-9.66041e-07,1.5708,17.6047,17.6092,-1.43795e-24,1.43758e-24
0.0963812,3.7636e-09,-9.27989e-08,3.37736e-09,1.00525e-08,8.68055e-10,2.09581e-06,14.8003,2.02688e-07,7.86696e-10,-9.65565e-07,1.5708,17.6023,17.6004,-2.76214e-21,2.76244e-21
0.0963537,5.21091e-09,-9.34149e-08,-1.49112e-08,9.74697e-09,7.41947e-10,2.09647e-06,14.8051,2.02677e-07,3.71314e-10,-9.65078e-07,1.5708,17.5999,17.5991,-3.08449e-26,3.08463e-26
0.0963262,4.71344e-09,-9.42674e-08,-7.29141e-09,9.18592e-09,4.46487e-10,2.09712e-06,14.8099,2.02624e-07,-1.42759e-10,-9.64612e-07,1.5708,17.5975,17.5956,7.31796e-23,-7.31873e-23
0.0962987,3.26618e-09,-9.52166e-08,-1.59731e-09,8.38926e-09,1.56017e-09,2.09781e-06,14.8147,2.02522e-07,-3.31018e-10,-9.64181e-07,1.5708,17.595,17.5981,2.80078e-21,-2.8003e-21
0.0962712,3.70897e-09,-9.51898e-08,1.50238e-08,8.42977e-09,-7.6226e-10,2.09854e-06,14.8195,2.02395e-07,1.21558e-10,-9.63769e-07,1.5708,17.5926,17.5941,-2.93335e-23,2.93311e-23
0.0962437,5.51912e-09,-9.50224e-08,3.23328e-09,8.55119e-09,-1.98894e-09,2.09919e-06,14.8244,2.02269e-07,5.07537e-10,-9.63352e-07,1.5708,17.5902,17.5952,0,0
0.0962163,8.7269e-09,-9.42707e-08,6.94957e-09,9.2849e-09,-6.58221e-09,2.09973e-06,14.8292,2.02165e-07,7.91685e-10,-9.62913e-07,1.5708,17.5878,17.5922,5.51779e-21,-5.51641e-21
0.0961889,1.28163e-08,-9.35868e-08,3.38516e-09,1.00846e-08,-1.16533e-08,2.10008e-06,14.834,2.02093e-07,1.03119e-09,-9.62435e-07,1.5708,17.5854,17.5891,-7.22527e-23,7.22378e-23
0.0961615,1.67348e-08,-9.32845e-08,-2.86997e-09,1.06573e-08,-1.63556e-08,2.10024e-06,14.8388,2.02042e-07,1.00289e-09,-9.61923e-07,1.5708,17.583,17.5829,-3.18519e-24,3.1852e-24
0.0961341,1.84776e-08,-9.38745e-08,-1.39909e-08,1.03951e-08,-1.79335e-08,2.10025e-06,14.8436,2.01978e-07,4.99855e-10,-9.61405e-07,1.5708,17.5806,17.5784,4.31041e-23,-4.31095e-23
0.0961066,1.73631e-08,-9.50341e-08,-1.33986e-08,9.43092e-09,-1.71176e-08,2.10026e-06,14.8484,2.01866e-07,-1.93109e-10,-9.60917e-07,1.5708,17.5782,17.5799,3.33512e-23,-3.3348e-23
0.0960792,1.6462e-08,-9.54952e-08,9.34202e-09,8.94711e-09,-1.87466e-08,2.10033e-06,14.8532,2.0171e-07,-1.44592e-10,-9.60466e-07,1.5708,17.5758,17.58,-1.35229e-24,1.35196e-24
0.0960519,1.82022e-08,-9.51331e-08,1.63213e-08,9.15363e-09,-2.2111e-08,2.10037e-06,14.858,2.01549e-07,5.55107e-10,-9.60021e-07,1.5708,17.5734,17.5774,7.885e-23,-7.88322e-23
0.0960245,2.15131e-08,-9.45423e-08,2.9064e-09,9.56749e-09,-2.54742e-08,2.10029e-06,14.8628,2.01408e-07,9.5509e-10,-9.5956e-07,1.5708,17.571,17.5757,-2.26899e-25,2.26838e-25
0.0959972,2.51173e-08,-9.38611e-08,-7.20936e-10,1.01301e-08,-3.02796e-08,2.10005e-06,14.8676,2.01297e-07,9.86818e-10,-9.59074e-07,1.5708,17.5686,17.5687,-8.16143e-27,8.16136e-27
0.0959699,2.67108e-08,-9.4031e-08,-1.37977e-08,9.87326e-09,-3.1702e-08,2.09968e-06,14.8724,2.01194e-07,5.30332e-10,-9.58582e-07,1.5708,17.5662,17.569,5.64386e-23,-5.64295e-23
0.0959425,2.75289e-08,-9.40356e-08,1.19213e-09,9.74848e-09,-3.49886e-08,2.09926e-06,14.8772,2.01082e-07,3.09768e-10,-9.58099e-07,1.5708,17.5638,17.5636,6.69228e-24,-6.69234e-24
0.0959152,2.75849e-08,-9.44354e-08,-4.03461e-09,9.15189e-09,-3.53138e-08,2.09883e-06,14.882,2.00957e-07,2.02628e-10,-9.57634e-07,1.5708,17.5614,17.563,-3.15253e-23,3.15225e-23
0.0958879,2.748e-08,-9.45504e-08,5.43699e-10,8.71691e-09,-3.64141e-08,2.09841e-06,14.8868,2.00814e-07,1.44413e-10,-9.57195e-07,1.5708,17.559,17.561,0,0
0.0958606,2.77886e-08,-9.43905e-08,3.23773e-09,8.45982e-09,-3.78434e-08,2.09799e-06,14.8916,2.0067e-07,2.58685e-10,-9.56774e-07,1.5708,17.5566,17.5589,-1.12028e-25,1.12013e-25
0.0958333,2.85943e-08,-9.40238e-08,2.07296e-09,8.35868e-09,-3.95227e-08,2.09755e-06,14.8964,2.00537e-07,3.86153e-10,-9.56361e-07,1.5708,17.5542,17.5573,2.69172e-21,-2.69125e-21
0.095806,2.99098e-08,-9.3467e-08,2.44552e-09,8.45755e-09,-4.20209e-08,2.09706e-06,14.9012,2.00423e-07,5.03767e-10,-9.55948e-07,1.5708,17.5518,17.5469,-9.66587e-23,9.66855e-23
0.0957787,2.80051e-08,-9.41439e-08,-2.43398e-08,7.2496e-09,-3.77757e-08,2.0966e-06,14.906,2.00301e-07,-2.32129e-10,-9.55564e-07,1.5708,17.5494,17.5506,-2.34031e-23,2.34015e-23
0.0957514,2.52874e-08,-9.40216e-08,4.62601e-09,6.6884e-09,-3.80119e-08,2.09627e-06,14.9108,2.00163e-07,-5.40554e-10,-9.55224e-07,1.5708,17.547,17.5482,0,0
0.0957242,2.42015e-08,-9.3494e-08,1.23e-08,6.47579e-09,-3.81023e-08,2.09604e-06,14.9155,2.00039e-07,-5.87272e-11,-9.54903e-07,1.5708,17.5446,17.5458,0,0
0.0956969,2.42396e-08,-9.28131e-08,1.57951e-09,6.44287e-09,-3.77459e-08,2.09584e-06,14.9203,1.99943e-07,2.22916e-10,-9.54587e-07,1.5708,17.5422,17.5436,-6.60938e-26,6.60887e-26
0.0956697,2.42726e-08,-9.21105e-08,-2.40676e-09,6.52594e-09,-3.80567e-08,2.09565e-06,14.9251,1.99879e-07,1.75318e-10,-9.54271e-07,1.5708,17.5398,17.5444,9.08092e-23,-9.07855e-23
0.0956425,2.5584e-08,-9.10166e-08,1.01077e-08,7.20024e-09,-4.16288e-08,2.09544e-06,14.9299,1.99858e-07,4.54924e-10,-9.53935e-07,1.5708,17.5374,17.5358,-1.37752e-21,1.37765e-21
0.0956153,2.56702e-08,-9.10323e-08,-1.28962e-08,6.96876e-09,-4.01435e-08,2.0952e-06,14.9347,1.9986e-07,2.30517e-10,-9.53588e-07,1.5708,17.5351,17.535,-1.73472e-24,1.73473e-24
0.0955881,2.4188e-08,-9.12241e-08,-6.69718e-09,6.65907e-09,-3.95934e-08,2.09501e-06,14.9395,1.99854e-07,-2.2669e-10,-9.53255e-07,1.5708,17.5327,17.5343,6.45527e-23,-6.45467e-23
0.0955609,2.31898e-08,-9.11946e-08,7.97854e-09,6.65419e-09,-4.04551e-08,2.09489e-06,14.9442,1.9984e-07,-9.61773e-11,-9.5293e-07,1.5708,17.5303,17.5281,-8.51528e-23,8.51631e-23
0.0955337,2.16598e-08,-9.17031e-08,-6.82849e-09,6.14567e-09,-3.76719e-08,2.09483e-06,14.949,1.99812e-07,-1.65807e-10,-9.52618e-07,1.5708,17.5279,17.5309,-1.20402e-22,1.20382e-22
0.0955065,2.10589e-08,-9.14777e-08,8.44891e-09,6.3934e-09,-3.90215e-08,2.09485e-06,14.9538,1.99774e-07,-2.26259e-11,-9.52312e-07,1.5708,17.5255,17.5213,-5.48458e-21,5.48588e-21
0.0954793,1.89289e-08,-9.21649e-08,-1.41296e-08,5.71562e-09,-3.4642e-08,2.09493e-06,14.9586,1.9972e-07,-3.17963e-10,-9.52018e-07,1.5708,17.5231,17.5241,-2.0404e-23,2.04029e-23
0.0954522,1.66941e-08,-9.21582e-08,4.17683e-09,5.65836e-09,-3.41502e-08,2.09514e-06,14.9633,1.99648e-07,-4.49158e-10,-9.51742e-07,1.5708,17.5207,17.5217,-8.27647e-26,8.27599e-26
0.095425,1.57965e-08,-9.18553e-08,9.12507e-09,5.89942e-09,-3.39483e-08,2.09544e-06,14.9681,1.99581e-07,-7.77339e-11,-9.5146e-07,1.5708,17.5183,17.5207,9.25906e-23,-9.25783e-23
0.0953979,1.63726e-08,-9.12843e-08,5.66309e-09,6.48821e-09,-3.47435e-08,2.09574e-06,14.9729,1.99534e-07,2.75493e-10,-9.51158e-07,1.5708,17.5159,17.5169,-1.8919e-23,1.8918e-23
0.0953708,1.69291e-08,-9.09766e-08,-3.85342e-09,6.93796e-09,-3.49265e-08,2.09603e-06,14.9776,1.99506e-07,2.58103e-10,-9.5083e-07,1.5708,17.5136,17.514,1.77448e-23,-1.77444e-23
0.0953437,1.66975e-08,-9.09538e-08,-4.5471e-09,7.20719e-09,-3.501e-08,2.09631e-06,14.9824,1.99484e-07,3.97563e-11,-9.50483e-07,1.5708,17.5112,17.5121,1.9234e-23,-1.92329e-23
0.0953166,1.62932e-08,-9.10129e-08,1.31241e-09,7.47197e-09,-3.55209e-08,2.09663e-06,14.9872,1.99457e-07,-3.43783e-12,-9.50124e-07,1.5708,17.5088,17.5047,8.23687e-23,-8.23882e-23
0.0952895,1.39068e-08,-9.19326e-08,-1.43679e-08,6.84365e-09,-3.13647e-08,2.09701e-06,14.9919,1.99401e-07,-4.40409e-10,-9.49774e-07,1.5708,17.5064,17.5097,-6.54299e-23,6.54177e-23
0.0952624,1.26495e-08,-9.17891e-08,1.40791e-08,7.21106e-09,-3.29709e-08,2.09751e-06,14.9967,1.99325e-07,-2.57987e-10,-9.4943e-07,1.5708,17.504,17.5017,4.69293e-23,-4.69356e-23
0.0952354,1.1498e-08,-9.21763e-08,-4.07303e-09,7.00548e-09,-3.00216e-08,2.09806e-06,15.0015,1.99238e-07,-1.24611e-10,-9.49083e-07,1.5708,17.5016,17.4967,9.80028e-23,-9.80302e-23
0.0952083,7.89694e-09,-9.30132e-08,-1.78959e-08,6.17704e-09,-2.43786e-08,2.09874e-06,15.0062,1.99117e-07,-7.76076e-10,-9.48762e-07,1.5708,17.4993,17.5015,4.45754e-23,-4.45697e-23
0.0951812,5.43176e-09,-9.25979e-08,1.62197e-08,6.44607e-09,-2.48519e-08,2.09958e-06,15.011,1.98984e-07,-5.9123e-10,-9.48454e-07,1.5708,17.4969,17.4942,2.72761e-21,-2.72803e-21
0.0951541,3.75892e-09,-9.24936e-08,1.08779e-10,6.33509e-09,-2.1241e-08,2.10053e-06,15.0157,1.98861e-07,-2.83427e-10,-9.48142e-07,1.5708,17.4945,17.4947,3.54231e-22,-3.54227e-22
0.0951271,2.50474e-09,-9.1972e-08,4.49705e-10,6.60185e-09,-1.97563e-08,2.10155e-06,15.0205,1.98751e-07,-2.67036e-10,-9.47826e-07,1.5708,17.4921,17.4922,1.35681e-24,-1.35681e-24
0.0951001,1.64301e-09,-9.13761e-08,2.3434e-09,6.98632e-09,-1.88868e-08,2.10263e-06,15.0253,1.98667e-07,-1.83398e-10,-9.47494e-07,1.5708,17.4897,17.4919,-1.06789e-25,1.06775e-25
0.0950731,2.07787e-09,-9.05317e-08,8.02184e-09,7.75121e-09,-2.00091e-08,2.10373e-06,15.03,1.98617e-07,1.18255e-10,-9.47132e-07,1.5708,17.4874,17.4842,6.34569e-23,-6.34684e-23
0.0950461,1.21683e-09,-9.0661e-08,-1.32555e-08,7.66349e-09,-1.68166e-08,2.10484e-06,15.0348,1.98581e-07,-1.56969e-10,-9.46755e-07,1.5708,17.485,17.482,-1.18338e-22,1.18358e-22
0.0950191,-1.63656e-09,-9.10904e-08,-9.49794e-09,7.2781e-09,-1.35821e-08,2.10605e-06,15.0395,1.98527e-07,-7.11031e-10,-9.46389e-07,1.5708,17.4826,17.4821,9.68825e-24,-9.68851e-24
0.0949921,-4.05289e-09,-9.11388e-08,8.70063e-09,7.24888e-09,-1.22584e-08,2.1074e-06,15.0443,1.98458e-07,-6.10063e-10,-9.46033e-07,1.5708,17.4802,17.4851,-2.3913e-25,2.39063e-25
0.0949652,-2.72448e-09,-9.02072e-08,2.37365e-08,8.30256e-09,-1.52809e-08,2.10877e-06,15.049,1.98411e-07,3.15668e-10,-9.45651e-07,1.5708,17.4779,17.475,5.63845e-23,-5.63936e-23
0.0949382,-1.91265e-09,-9.04122e-08,-1.55425e-08,8.35513e-09,-1.22698e-08,2.11009e-06,15.0538,1.98377e-07,2.62069e-10,-9.45242e-07,1.5708,17.4755,17.4712,-8.74943e-23,8.75159e-23
0.0949113,-4.61869e-09,-9.12539e-08,-2.11837e-08,7.73395e-09,-8.19788e-09,2.11146e-06,15.0585,1.98312e-07,-7.1022e-10,-9.44848e-07,1.5708,17.4731,17.4742,-2.25122e-23,2.25108e-23
0.0948843,-6.86511e-09,-9.12856e-08,1.45849e-08,7.84349e-09,-8.76045e-09,2.11296e-06,15.0633,1.98223e-07,-6.39597e-10,-9.44466e-07,1.5708,17.4707,17.4741,-6.77839e-23,6.77708e-23
0.0948574,-5.56433e-09,-9.06753e-08,2.11991e-08,8.63765e-09,-1.08289e-08,2.11449e-06,15.068,1.98147e-07,3.15077e-10,-9.44061e-07,1.5708,17.4684,17.4704,1.00731e-25,-1.00719e-25
0.0948306,-2.77214e-09,-9.02337e-08,-6.96889e-10,9.39266e-09,-1.19764e-08,2.11591e-06,15.0727,1.98094e-07,6.90793e-10,-9.43617e-07,1.5708,17.466,17.4667,-6.97332e-22,6.97305e-22
0.0948037,-1.17209e-09,-9.02603e-08,-1.05147e-08,9.79135e-09,-1.29057e-08,2.11722e-06,15.0775,1.98048e-07,3.40136e-10,-9.43144e-07,1.5708,17.4636,17.4604,6.5783e-23,-6.57953e-23
0.0947768,-2.39742e-09,-9.11514e-08,-1.50833e-08,9.30515e-09,-1.08342e-08,2.11853e-06,15.0822,1.97973e-07,-3.41741e-10,-9.42674e-07,1.5708,17.4613,17.4582,-2.72386e-21,2.72433e-21
0.0947499,-5.31993e-09,-9.21326e-08,-4.12842e-09,8.54547e-09,-8.13136e-09,2.11995e-06,15.087,1.97848e-07,-7.57672e-10,-9.42236e-07,1.5708,17.4589,17.4562,2.65041e-25,-2.65082e-25
0.094723,-8.32398e-09,-9.28143e-08,2.72045e-09,7.82286e-09,-4.83101e-09,2.12151e-06,15.0917,1.97677e-07,-7.48039e-10,-9.41835e-07,1.5708,17.4565,17.4561,1.58646e-23,-1.58649e-23
0.0946962,-9.99691e-09,-9.27474e-08,8.26357e-09,7.61252e-09,-2.99726e-09,2.1232e-06,15.0964,1.97488e-07,-4.31733e-10,-9.41457e-07,1.5708,17.4541,17.4591,-1.00268e-22,1.0024e-22
0.0946694,-8.22085e-09,-9.14612e-08,2.03323e-08,8.57237e-09,-6.12643e-09,2.12488e-06,15.1012,1.97333e-07,3.76486e-10,-9.41059e-07,1.5708,17.4518,17.4499,2.84797e-21,-2.84827e-21
0.0946425,-6.79878e-09,-9.10399e-08,-1.26489e-08,8.72774e-09,-4.36488e-09,2.12647e-06,15.1059,1.97216e-07,3.51963e-10,-9.40634e-07,1.5708,17.4494,17.445,0,0
0.0946157,-8.84429e-09,-9.13573e-08,-2.15711e-08,8.09662e-09,-6.67156e-10,2.12809e-06,15.1106,1.97097e-07,-5.78414e-10,-9.40221e-07,1.5708,17.447,17.4481,-2.04351e-23,2.04339e-23
0.0945889,-1.06967e-08,-9.0948e-08,1.25956e-08,8.13225e-09,-1.45408e-09,2.12981e-06,15.1154,1.96979e-07,-5.7893e-10,-9.39823e-07,1.5708,17.4447,17.4401,-9.25099e-23,9.25341e-23
0.0945621,-1.26724e-08,-9.11704e-08,-4.19406e-09,7.48463e-09,3.05501e-09,2.13162e-06,15.1201,1.96861e-07,-4.774e-10,-9.39441e-07,1.5708,17.4423,17.4439,1.42533e-21,-1.4252e-21
0.0945353,-1.33735e-08,-9.05188e-08,9.02417e-09,7.67969e-09,3.01198e-09,2.1335e-06,15.1248,1.96752e-07,-2.66379e-10,-9.39069e-07,1.5708,17.44,17.4364,-1.43099e-22,1.43128e-22
0.0945085,-1.4574e-08,-9.04361e-08,-7.33815e-09,7.32489e-09,6.57142e-09,2.13542e-06,15.1295,1.96657e-07,-3.32802e-10,-9.38702e-07,1.5708,17.4376,17.439,1.39767e-21,-1.39756e-21
0.0944817,-1.49984e-08,-8.9738e-08,7.52176e-09,7.63213e-09,6.06582e-09,2.13738e-06,15.1343,1.9658e-07,-2.29027e-10,-9.38335e-07,1.5708,17.4352,17.4377,-4.89613e-23,4.89545e-23
0.094455,-1.34245e-08,-8.88097e-08,1.18276e-08,8.34663e-09,4.10082e-09,2.13932e-06,15.139,1.96542e-07,2.92102e-10,-9.37942e-07,1.5708,17.4329,17.4376,-1.89378e-22,1.89327e-22
0.0944283,-9.60671e-09,-8.7727e-08,1.0046e-08,9.51607e-09,-1.38627e-10,2.14111e-06,15.1437,1.96552e-07,8.3701e-10,-9.37502e-07,1.5708,17.4305,17.4346,0,0
0.0944017,-4.99164e-09,-8.71096e-08,3.36763e-10,1.05898e-08,-4.70496e-09,2.14269e-06,15.1484,1.96601e-07,1.03673e-09,-9.37005e-07,1.5708,17.4281,17.4307,5.11666e-23,-5.11592e-23
0.094375,-1.23959e-09,-8.72789e-08,-6.7484e-09,1.11929e-08,-8.57533e-09,2.14407e-06,15.1532,1.96657e-07,8.26596e-10,-9.36467e-07,1.5708,17.4258,17.4277,3.87929e-23,-3.87886e-23
0.0943484,1.34145e-09,-8.80465e-08,-4.58749e-09,1.13813e-08,-1.19951e-08,2.14528e-06,15.1579,1.96685e-07,5.528e-10,-9.35909e-07,1.5708,17.4234,17.4198,7.11547e-23,-7.11693e-23
0.0943217,9.65656e-10,-8.99323e-08,-1.77492e-08,1.03947e-08,-1.02217e-08,2.14645e-06,15.1626,1.9664e-07,-1.03373e-10,-9.35373e-07,1.5708,17.4211,17.4188,-4.5298e-23,4.53038e-23
0.094295,-1.36685e-09,-9.16655e-08,-5.38528e-09,9.2528e-09,-8.5118e-09,2.14769e-06,15.1673,1.965e-07,-6.09653e-10,-9.3489e-07,1.5708,17.4187,17.4157,-1.20864e-22,1.20884e-22
0.0942683,-4.2443e-09,-9.3018e-08,4.38945e-10,8.05604e-09,-5.39198e-09,2.14906e-06,15.172,1.96278e-07,-6.96865e-10,-9.34466e-07,1.5708,17.4163,17.42,-7.29717e-23,7.29566e-23
0.0942416,-4.26175e-09,-9.27327e-08,2.05232e-08,8.12658e-09,-7.22691e-09,2.1505e-06,15.1767,1.96029e-07,-2.9507e-11,-9.34069e-07,1.5708,17.414,17.4136,1.70883e-23,-1.70887e-23
0.094215,-3.21228e-09,-9.23714e-08,-1.83047e-09,8.04304e-09,-6.17478e-09,2.15191e-06,15.1814,1.95793e-07,2.96983e-10,-9.33672e-07,1.5708,17.4116,17.4107,-1.94951e-23,1.94962e-23
0.0941884,-3.3647e-09,-9.19494e-08,-1.03366e-08,7.82735e-09,-5.01936e-09,2.15331e-06,15.1862,1.95573e-07,-6.93692e-11,-9.33283e-07,1.5708,17.4093,17.4074,2.8236e-21,-2.8239e-21
0.0941617,-4.89633e-09,-9.15433e-08,-4.96029e-09,7.43362e-09,-3.50234e-09,2.15475e-06,15.1909,1.95371e-07,-4.22816e-10,-9.3291e-07,1.5708,17.4069,17.4064,-7.05122e-22,7.05144e-22
0.0941351,-6.19082e-09,-9.08232e-08,5.0563e-09,7.25037e-09,-2.70334e-09,2.15626e-06,15.1956,1.95195e-07,-3.53641e-10,-9.3255e-07,1.5708,17.4046,17.4058,4.93018e-23,-4.92983e-23
0.0941085,-6.00548e-09,-8.97148e-08,8.72631e-09,7.47333e-09,-3.10381e-09,2.1578e-06,15.2003,1.95062e-07,2.15202e-11,-9.32189e-07,1.5708,17.4022,17.401,0,0
0.0940819,-5.89434e-09,-8.89809e-08,-5.19022e-09,7.42084e-09,-1.66202e-09,2.15933e-06,15.205,1.94973e-07,1.86105e-11,-9.31824e-07,1.5708,17.3999,17.3954,-1.78513e-22,1.78558e-22
0.0940553,-8.12614e-09,-8.89641e-08,-1.56295e-08,6.70207e-09,2.38803e-09,2.16091e-06,15.2097,1.94898e-07,-5.8096e-10,-9.31479e-07,1.5708,17.3975,17.3971,0,0
0.0940287,-1.04105e-08,-8.84937e-08,7.05238e-09,6.47469e-09,3.26263e-09,2.16261e-06,15.2144,1.94833e-07,-6.48016e-10,-9.31158e-07,1.5708,17.3952,17.391,-1.69564e-22,1.69605e-22
0.0940021,-1.28193e-08,-8.84748e-08,-2.53244e-09,5.84559e-09,7.58091e-09,2.16442e-06,15.2191,1.94778e-07,-5.97194e-10,-9.30858e-07,1.5708,17.3928,17.3941,2.55364e-23,-2.55345e-23
0.0939756,-1.37155e-08,-8.77101e-08,1.06229e-08,6.05245e-09,7.78485e-09,2.16631e-06,15.2238,1.9474e-07,-3.03656e-10,-9.30567e-07,1.5708,17.3905,17.3918,-2.70124e-23,2.70103e-23
0.0939491,-1.27708e-08,-8.68273e-08,8.52425e-09,6.59884e-09,7.20982e-09,2.1682e-06,15.2285,1.94742e-07,1.69541e-10,-9.30258e-07,1.5708,17.3881,17.3859,4.37436e-23,-4.3749e-23
0.0939225,-1.25564e-08,-8.66877e-08,-1.0407e-08,6.63011e-09,9.20794e-09,2.17006e-06,15.2332,1.94766e-07,-4.71166e-12,-9.29935e-07,1.5708,17.3858,17.3893,-7.6072e-25,7.60565e-25
0.093896,-1.13992e-08,-8.6037e-08,1.04984e-08,7.41715e-09,6.031e-09,2.17188e-06,15.2379,1.94809e-07,1.37192e-10,-9.2959e-07,1.5708,17.3834,17.3793,-1.6539e-22,1.65429e-22
0.0938695,-1.15745e-08,-8.66672e-08,-1.28027e-08,7.12289e-09,8.91747e-09,2.17367e-06,15.2426,1.94847e-07,-7.69761e-11,-9.29234e-07,1.5708,17.3811,17.3789,-8.84592e-23,8.84702e-23
0.093843,-1.33316e-08,-8.74122e-08,-6.93252e-09,6.74715e-09,1.08938e-08,2.17551e-06,15.2473,1.94847e-07,-5.40086e-10,-9.28895e-07,1.5708,17.3787,17.3754,-6.75756e-23,6.75886e-23
0.0938165,-1.58763e-08,-8.82611e-08,-1.133e-09,6.20281e-09,1.39232e-08,2.17746e-06,15.252,1.94804e-07,-7.06822e-10,-9.28579e-07,1.5708,17.3764,17.3729,-7.04857e-23,7.04997e-23
0.09379,-1.85929e-08,-8.89602e-08,-3.18382e-10,5.66303e-09,1.77395e-08,2.17953e-06,15.2566,1.94719e-07,-7.38562e-10,-9.28291e-07,1.5708,17.374,17.3779,0,0
0.0937636,-1.81716e-08,-8.82632e-08,2.23442e-08,6.46768e-09,1.54865e-08,2.18167e-06,15.2613,1.94634e-07,-2.69305e-11,-9.27995e-07,1.5708,17.3717,17.3688,-1.17516e-22,1.17535e-22
0.0937371,-1.74888e-08,-8.82553e-08,-8.27581e-09,6.61862e-09,1.82073e-08,2.18375e-06,15.266,1.94562e-07,1.26679e-10,-9.27675e-07,1.5708,17.3693,17.3725,-6.40819e-23,6.40703e-23
0.0937107,-1.61382e-08,-8.7557e-08,5.78947e-09,7.52669e-09,1.56006e-08,2.1858e-06,15.2707,1.94508e-07,1.57355e-10,-9.27328e-07,1.5708,17.367,17.3623,9.57449e-23,-9.57709e-23
0.0936842,-1.66606e-08,-8.80254e-08,-1.47706e-08,7.32143e-09,1.8778e-08,2.18781e-06,15.2754,1.94454e-07,-2.08435e-10,-9.26964e-07,1.5708,17.3646,17.3682,1.42635e-22,-1.42606e-22
0.0936578,-1.60642e-08,-8.7548e-08,1.39895e-08,8.09418e-09,1.56328e-08,2.18982e-06,15.2801,1.94399e-07,-3.63656e-11,-9.26586e-07,1.5708,17.3623,17.3629,-1.13889e-23,1.13885e-23
0.0936315,-1.41532e-08,-8.73727e-08,5.1277e-09,8.67754e-09,1.45655e-08,2.19176e-06,15.2848,1.94357e-07,3.91007e-10,-9.26173e-07,1.5708,17.36,17.355,2.03521e-22,-2.03579e-22
0.093605,-1.47849e-08,-8.82791e-08,-2.2147e-08,8.16812e-09,1.84909e-08,2.19366e-06,15.2894,1.94292e-07,-2.24111e-10,-9.2576e-07,1.5708,17.3576,17.3602,5.23169e-23,-5.23092e-23
0.0935787,-1.51376e-08,-8.82153e-08,1.14027e-08,8.56028e-09,1.60101e-08,2.19559e-06,15.2941,1.94204e-07,-2.73641e-10,-9.25349e-07,1.5708,17.3553,17.3534,-2.80203e-21,2.80234e-21
0.0935523,-1.49509e-08,-8.8546e-08,1.52114e-09,8.51686e-09,1.71945e-08,2.19751e-06,15.2988,1.94105e-07,-1.07852e-11,-9.24929e-07,1.5708,17.3529,17.3549,3.94834e-23,-3.94789e-23
0.093526,-1.37272e-08,-8.83514e-08,5.29081e-09,8.95513e-09,1.56982e-08,2.1994e-06,15.3035,1.94001e-07,1.87752e-10,-9.24499e-07,1.5708,17.3506,17.3546,8.00859e-23,-8.00675e-23
0.0934997,-1.0682e-08,-8.77268e-08,1.07435e-08,9.88405e-09,1.16965e-08,2.20118e-06,15.3082,1.93915e-07,6.32309e-10,-9.24035e-07,1.5708,17.3483,17.3491,-1.73925e-23,1.73917e-23
0.0934734,-7.71129e-09,-8.76545e-08,-5.55416e-09,1.03536e-08,9.87183e-09,2.20279e-06,15.3128,1.93842e-07,6.55789e-10,-9.23535e-07,1.5708,17.3459,17.3499,-8.1159e-23,8.11406e-23
0.0934471,-4.54363e-09,-8.74145e-08,3.16705e-09,1.10745e-08,5.21515e-09,2.20426e-06,15.3175,1.93774e-07,6.5349e-10,-9.23006e-07,1.5708,17.3436,17.3462,-5.29771e-23,5.29692e-23
0.0934208,-1.2036e-09,-8.75041e-08,1.18839e-09,1.15507e-08,1.31939e-09,2.20556e-06,15.3222,1.93705e-07,7.51355e-10,-9.22447e-07,1.5708,17.3412,17.3367,-5.67678e-21,5.67828e-21
0.0933945,-1.18002e-09,-8.89132e-08,-2.4167e-08,1.06129e-08,3.85178e-09,2.20677e-06,15.3268,1.93593e-07,-2.49613e-12,-9.21901e-07,1.5708,17.3389,17.3369,8.27389e-23,-8.27486e-23
0.0933682,-3.50681e-09,-9.00804e-08,-5.95206e-09,9.61164e-09,5.00494e-09,2.20805e-06,15.3315,1.93412e-07,-6.47438e-10,-9.21403e-07,1.5708,17.3366,17.3323,-9.99761e-25,1.00001e-24
0.0933419,-6.77217e-09,-9.11401e-08,-1.2774e-09,8.31249e-09,8.7649e-09,2.20946e-06,15.3362,1.93171e-07,-8.00445e-10,-9.20963e-07,1.5708,17.3342,17.3341,-2.01443e-24,2.01444e-24
0.0933156,-8.60464e-09,-9.10576e-08,1.10267e-08,7.76449e-09,1.0046e-08,2.211e-06,15.3408,1.92903e-07,-4.70443e-10,-9.20569e-07,1.5708,17.3319,17.3361,0,0
0.0932894,-6.98753e-09,-8.96875e-08,1.95633e-08,8.32945e-09,7.39595e-09,2.21254e-06,15.3455,1.92671e-07,3.64931e-10,-9.20174e-07,1.5708,17.3296,17.3291,1.93791e-23,-1.93797e-23
0.0932632,-5.0289e-09,-8.87139e-08,-7.68644e-09,8.49187e-09,7.83758e-09,2.21398e-06,15.3502,1.92495e-07,4.85399e-10,-9.19761e-07,1.5708,17.3272,17.3277,0,0
0.0932369,-4.23423e-09,-8.78202e-08,-7.04644e-09,8.61687e-09,6.90763e-09,2.21536e-06,15.3548,1.92362e-07,1.14877e-10,-9.1934e-07,1.5708,17.3249,17.3237,2.47225e-23,-2.47242e-23
0.0932107,-4.54858e-09,-8.73352e-08,-3.54943e-09,8.39966e-09,7.07236e-09,2.21672e-06,15.3595,1.92261e-07,-1.31408e-10,-9.18922e-07,1.5708,17.3226,17.323,-8.1446e-24,8.14441e-24
0.0931845,-4.5962e-09,-8.67947e-08,4.43404e-09,8.31718e-09,6.46213e-09,2.2181e-06,15.3642,1.92182e-07,-5.56363e-11,-9.18511e-07,1.5708,17.3202,17.317,2.75761e-21,-2.75813e-21
0.0931583,-5.63471e-09,-8.68836e-08,-8.71713e-09,7.65717e-09,9.21469e-09,2.21949e-06,15.3688,1.9211e-07,-2.52467e-10,-9.1812e-07,1.5708,17.3179,17.313,9.99863e-23,-1.00015e-22
0.0931321,-8.83101e-09,-8.73626e-08,-1.23381e-08,6.54662e-09,1.37709e-08,2.22099e-06,15.3735,1.9202e-07,-8.126e-10,-9.17773e-07,1.5708,17.3156,17.3188,0,0
0.0931059,-9.7532e-09,-8.65129e-08,2.25687e-08,6.76237e-09,1.17003e-08,2.22259e-06,15.3781,1.91939e-07,-3.19444e-10,-9.17447e-07,1.5708,17.3133,17.3085,9.6329e-23,-9.63552e-23
0.0930797,-1.06337e-08,-8.65491e-08,-8.64087e-09,6.15265e-09,1.62026e-08,2.22423e-06,15.3828,1.91874e-07,-1.73448e-10,-9.17132e-07,1.5708,17.3109,17.307,1.62258e-22,-1.62295e-22
0.0930535,-1.34151e-08,-8.66878e-08,-1.29104e-08,5.41048e-09,2.04388e-08,2.22595e-06,15.3874,1.91802e-07,-7.5051e-10,-9.16851e-07,1.5708,17.3086,17.3047,8.02413e-23,-8.02596e-23
0.0930273,-1.71559e-08,-8.67123e-08,-3.87539e-10,4.7285e-09,2.42908e-08,2.22784e-06,15.3921,1.91724e-07,-1.0056e-09,-9.16606e-07,1.5708,17.3063,17.3032,1.86519e-22,-1.86552e-22
0.0930011,-2.01858e-08,-8.64213e-08,6.24815e-09,4.33291e-09,2.7939e-08,2.22989e-06,15.3967,1.9165e-07,-8.12482e-10,-9.16387e-07,1.5708,17.304,17.3015,4.94612e-23,-4.94681e-23
0.0929749,-2.21933e-08,-8.58626e-08,3.91065e-09,4.2428e-09,3.12755e-08,2.23206e-06,15.4014,1.91595e-07,-5.69814e-10,-9.16181e-07,1.5708,17.3016,17.3065,-2.46136e-25,2.46066e-25
0.0929488,-2.05718e-08,-8.41282e-08,2.30974e-08,5.56343e-09,2.7933e-08,2.23424e-06,15.406,1.91599e-07,2.45473e-10,-9.15942e-07,1.5708,17.2993,17.2984,-1.41162e-21,1.4117e-21
0.0929228,-1.82014e-08,-8.33232e-08,-5.4243e-09,6.33708e-09,2.83574e-08,2.23629e-06,15.4107,1.91663e-07,5.04931e-10,-9.15651e-07,1.5708,17.297,17.2927,-8.94193e-23,8.94415e-23
0.0928966,-1.88461e-08,-8.36712e-08,-2.18079e-08,6.22661e-09,3.13079e-08,2.2383e-06,15.4153,1.91735e-07,-2.97358e-10,-9.15344e-07,1.5708,17.2947,17.2899,-9.84353e-23,9.84626e-23
0.0928705,-2.21448e-08,-8.45379e-08,-8.47901e-09,5.69142e-09,3.46648e-08,2.24041e-06,15.42,1.91772e-07,-9.79291e-10,-9.15054e-07,1.5708,17.2923,17.2899,-9.82046e-23,9.82182e-23
0.0928444,-2.48963e-08,-8.50883e-08,1.00789e-08,5.47615e-09,3.69041e-08,2.24266e-06,15.4246,1.91772e-07,-8.15002e-10,-9.14783e-07,1.5708,17.29,17.2913,6.32207e-26,-6.32161e-26
0.0928183,-2.46929e-08,-8.48842e-08,1.72103e-08,6.06928e-09,3.66278e-08,2.24497e-06,15.4293,1.91761e-07,-7.31322e-11,-9.14501e-07,1.5708,17.2877,17.2829,9.82063e-23,-9.82335e-23
0.0927922,-2.51574e-08,-8.54511e-08,-1.404e-08,5.93243e-09,4.10169e-08,2.24726e-06,15.4339,1.91738e-07,-2.01108e-10,-9.14208e-07,1.5708,17.2854,17.2806,-9.89469e-23,9.89745e-23
0.0927661,-2.79814e-08,-8.61834e-08,-1.29189e-08,5.5425e-09,4.51654e-08,2.24963e-06,15.4385,1.91679e-07,-8.79812e-10,-9.13929e-07,1.5708,17.283,17.2874,-2.18334e-25,2.18279e-25
0.0927401,-2.77311e-08,-8.53839e-08,2.93961e-08,6.68429e-09,4.1399e-08,2.25207e-06,15.4432,1.91622e-07,-1.78233e-10,-9.1363e-07,1.5708,17.2807,17.2829,1.07786e-25,-1.07772e-25
0.0927141,-2.4079e-08,-8.46205e-08,1.27507e-08,7.97645e-09,3.92116e-08,2.25438e-06,15.4478,1.91601e-07,7.83248e-10,-9.1327e-07,1.5708,17.2784,17.2826,8.56857e-23,-8.5665e-23
0.0926882,-1.9082e-08,-8.38674e-08,6.5918e-10,9.52759e-09,3.47605e-08,2.25647e-06,15.4524,1.91617e-07,1.04409e-09,-9.12838e-07,1.5708,17.2761,17.2763,3.95142e-24,-3.95138e-24
0.0926622,-1.56818e-08,-8.4122e-08,-1.24609e-08,1.0314e-08,3.22848e-08,2.25834e-06,15.4571,1.9164e-07,6.56492e-10,-9.12348e-07,1.5708,17.2738,17.2748,2.20099e-23,-2.20085e-23
0.0926363,-1.35667e-08,-8.47733e-08,-2.88974e-09,1.08184e-08,2.9071e-08,2.26007e-06,15.4617,1.91637e-07,3.29938e-10,-9.11827e-07,1.5708,17.2715,17.2732,0,0
0.0926104,-1.12215e-08,-8.55285e-08,5.09941e-09,1.12396e-08,2.56658e-08,2.26168e-06,15.4663,1.91595e-07,4.39632e-10,-9.11282e-07,1.5708,17.2691,17.2698,-2.52713e-23,2.52704e-23
0.0925844,-8.90942e-09,-8.65093e-08,-1.70777e-09,1.13565e-08,2.37123e-08,2.26317e-06,15.471,1.91504e-07,4.80658e-10,-9.10724e-07,1.5708,17.2668,17.2709,0,0
0.0925585,-5.66944e-09,-8.69491e-08,7.27726e-09,1.18905e-08,1.89435e-08,2.26451e-06,15.4756,1.91375e-07,6.82562e-10,-9.10149e-07,1.5708,17.2645,17.267,-5.08638e-23,5.08565e-23
0.0925326,-2.01158e-09,-8.7442e-08,5.65069e-10,1.22414e-08,1.51214e-08,2.26568e-06,15.4802,1.91218e-07,8.37578e-10,-9.09552e-07,1.5708,17.2622,17.2577,1.83226e-22,-1.83274e-22
0.0925067,-1.71957e-09,-8.89638e-08,-2.47183e-08,1.12673e-08,1.73006e-08,2.26673e-06,15.4849,1.91005e-07,5.43443e-11,-9.08972e-07,1.5708,17.2599,17.2631,-1.6291e-25,1.6288e-25
0.0924808,-1.51341e-09,-8.92484e-08,1.07574e-08,1.11462e-08,1.35165e-08,2.26779e-06,15.4895,1.90743e-07,-6.40983e-11,-9.08419e-07,1.5708,17.2576,17.2546,-1.31354e-24,1.31377e-24
0.0924549,-1.64429e-09,-8.98644e-08,-4.04035e-09,1.03208e-08,1.51735e-08,2.26883e-06,15.4941,1.90455e-07,8.03715e-12,-9.0789e-07,1.5708,17.2553,17.2563,2.05272e-23,-2.0526e-23
0.092429,-1.5154e-09,-8.96372e-08,2.26927e-09,9.96362e-09,1.43977e-08,2.26987e-06,15.4987,1.90154e-07,5.09147e-12,-9.0739e-07,1.5708,17.2529,17.25,6.1196e-23,-6.12066e-23
0.0924031,-2.42766e-09,-8.95384e-08,-7.98057e-09,9.15295e-09,1.6587e-08,2.27092e-06,15.5033,1.89857e-07,-2.08696e-10,-9.0692e-07,1.5708,17.2506,17.253,9.88169e-23,-9.88031e-23
0.0923773,-2.27841e-09,-8.84072e-08,1.08322e-08,9.14719e-09,1.45602e-08,2.27199e-06,15.508,1.89589e-07,-1.05866e-11,-9.0647e-07,1.5708,17.2483,17.2511,0,0
0.0923514,-1.09781e-10,-8.68922e-08,1.06561e-08,9.50677e-09,1.18737e-08,2.273e-06,15.5126,1.89385e-07,5.35128e-10,-9.0601e-07,1.5708,17.246,17.2431,-2.85704e-21,2.85752e-21
0.0923256,5.3987e-10,-8.62942e-08,-1.68481e-08,8.98739e-09,1.37706e-08,2.27392e-06,15.5172,1.8923e-07,1.94088e-10,-9.05555e-07,1.5708,17.2437,17.2443,-5.93294e-26,5.93272e-26
0.0922997,1.50547e-10,-8.54794e-08,-1.01032e-09,8.72412e-09,1.26349e-08,2.27485e-06,15.5218,1.89108e-07,-1.54615e-10,-9.0512e-07,1.5708,17.2414,17.2444,6.2133e-23,-6.21221e-23
0.0922739,1.45326e-09,-8.43208e-08,1.48256e-08,8.96027e-09,9.37537e-09,2.27575e-06,15.5264,1.89033e-07,3.0267e-10,-9.04684e-07,1.5708,17.2391,17.2372,-2.88054e-21,2.88085e-21
0.0922481,2.38998e-09,-8.40327e-08,-9.06176e-09,8.50707e-09,1.05058e-08,2.27659e-06,15.531,1.8899e-07,2.89984e-10,-9.04255e-07,1.5708,17.2368,17.2385,-1.44573e-25,1.44559e-25
0.0922223,3.02075e-09,-8.35669e-08,1.8594e-10,8.38622e-09,8.68741e-09,2.27739e-06,15.5357,1.88963e-07,1.25929e-10,-9.0384e-07,1.5708,17.2345,17.2395,1.02969e-22,-1.02939e-22
0.0921966,5.69956e-09,-8.26825e-08,1.6012e-08,8.93236e-09,3.60857e-09,2.2781e-06,15.5403,1.88968e-07,6.43885e-10,-9.03413e-07,1.5708,17.2322,17.2329,1.48878e-23,-1.48872e-23
0.0921709,8.53386e-09,-8.26127e-08,-5.72411e-09,8.93053e-09,2.00624e-09,2.27867e-06,15.5449,1.88992e-07,7.6082e-10,-9.02973e-07,1.5708,17.2299,17.2315,3.34432e-23,-3.34401e-23
0.0921451,1.02981e-08,-8.28332e-08,-6.62081e-09,8.81732e-09,-4.06028e-10,2.27913e-06,15.5495,1.8901e-07,4.40906e-10,-9.02536e-07,1.5708,17.2276,17.2266,1.92431e-23,-1.92442e-23
0.0921194,1.04658e-08,-8.3614e-08,-7.3219e-09,8.2115e-09,-8.68851e-10,2.27954e-06,15.5541,1.88998e-07,8.15222e-11,-9.02118e-07,1.5708,17.2253,17.2267,2.94523e-23,-2.94499e-23
0.0920936,1.06834e-08,-8.41177e-08,4.64972e-09,7.85813e-09,-2.66235e-09,2.27994e-06,15.5587,1.88951e-07,9.3468e-11,-9.01724e-07,1.5708,17.223,17.2248,-3.76923e-23,3.76883e-23
0.0920679,1.18294e-08,-8.43783e-08,5.56681e-09,7.71315e-09,-4.52995e-09,2.2803e-06,15.5633,1.88882e-07,3.5964e-10,-9.01342e-07,1.5708,17.2207,17.2223,-3.47012e-23,3.46979e-23
0.0920422,1.3353e-08,-8.45246e-08,-2.30205e-10,7.64609e-09,-6.23694e-09,2.2806e-06,15.5679,1.888e-07,4.56879e-10,-9.00965e-07,1.5708,17.2183,17.216,4.80692e-23,-4.80756e-23
0.0920165,1.29721e-08,-8.51907e-08,-1.40442e-08,6.95171e-09,-4.78077e-09,2.28087e-06,15.5725,1.88693e-07,1.5089e-12,-9.00608e-07,1.5708,17.216,17.2181,2.05998e-25,-2.05974e-25
0.0919908,1.25897e-08,-8.51481e-08,6.40708e-09,6.82742e-09,-6.73036e-09,2.28117e-06,15.5771,1.88569e-07,-5.63216e-11,-9.00271e-07,1.5708,17.2137,17.2156,2.92692e-21,-2.92661e-21
0.0919651,1.35241e-08,-8.48103e-08,8.32762e-09,6.9381e-09,-8.48055e-09,2.28145e-06,15.5817,1.88452e-07,3.31489e-10,-8.99934e-07,1.5708,17.2114,17.2085,-6.14532e-23,6.14638e-23
0.0919394,1.30093e-08,-8.51041e-08,-1.49432e-08,6.33203e-09,-5.9123e-09,2.28171e-06,15.5863,1.88333e-07,7.86052e-12,-8.9961e-07,1.5708,17.2091,17.2083,1.72254e-23,-1.72263e-23
0.0919138,1.11507e-08,-8.51047e-08,-4.02076e-09,5.88287e-09,-5.04427e-09,2.28205e-06,15.5909,1.88204e-07,-4.01864e-10,-8.99312e-07,1.5708,17.2068,17.2079,2.09892e-23,-2.0988e-23
0.0918881,1.02577e-08,-8.45831e-08,1.04135e-08,5.88659e-09,-5.69084e-09,2.28245e-06,15.5955,1.88086e-07,-1.42934e-10,-8.99025e-07,1.5708,17.2046,17.2068,0,0
0.0918625,1.12196e-08,-8.3705e-08,8.91334e-09,6.29601e-09,-7.06433e-09,2.28286e-06,15.6001,1.88001e-07,3.38883e-10,-8.98728e-07,1.5708,17.2023,17.1975,-1.96625e-22,1.96679e-22
0.0918368,9.97849e-09,-8.39008e-08,-2.1174e-08,5.66272e-09,-2.82946e-09,2.28326e-06,15.6047,1.8793e-07,-1.73924e-10,-8.98437e-07,1.5708,17.2,17.1977,-3.21585e-25,3.21626e-25
0.0918111,6.76436e-09,-8.39459e-08,-5.91227e-09,5.12299e-09,-5.92797e-10,2.28378e-06,15.6093,1.8785e-07,-7.61457e-10,-8.98175e-07,1.5708,17.1977,17.1955,-1.10844e-25,1.10858e-25
0.0917855,3.72198e-09,-8.38123e-08,6.11524e-09,4.71738e-09,1.84471e-09,2.28446e-06,15.6139,1.8777e-07,-6.76253e-10,-8.97937e-07,1.5708,17.1954,17.1996,8.85158e-23,-8.84938e-23
0.0917599,4.20493e-09,-8.25558e-08,2.27344e-08,5.53144e-09,-5.42955e-10,2.28521e-06,15.6184,1.87725e-07,1.68718e-10,-8.97687e-07,1.5708,17.1931,17.1883,1.96103e-22,-1.96157e-22
0.0917343,3.71931e-09,-8.25429e-08,-1.81719e-08,5.25467e-09,4.01961e-09,2.28594e-06,15.623,1.87708e-07,1.17844e-11,-8.97425e-07,1.5708,17.1908,17.1891,1.3984e-21,-1.39854e-21
0.0917087,1.34136e-09,-8.24763e-08,-8.4008e-09,5.09858e-09,5.92622e-09,2.28675e-06,15.6276,1.8769e-07,-5.99271e-10,-8.97174e-07,1.5708,17.1885,17.191,2.56064e-25,-2.56027e-25
0.0916831,7.44991e-10,-8.17596e-08,1.86368e-08,5.73679e-09,3.92911e-09,2.28764e-06,15.6322,1.87691e-07,-1.58447e-10,-8.9691e-07,1.5708,17.1862,17.1835,1.39186e-25,-1.39208e-25
0.0916575,4.72087e-10,-8.18236e-08,-5.26029e-09,5.76414e-09,6.62471e-09,2.28854e-06,15.6368,1.87705e-07,2.23924e-11,-8.96629e-07,1.5708,17.1839,17.1882,0,0
0.091632,1.70938e-09,-8.1132e-08,1.07584e-08,6.74128e-09,3.43342e-09,2.28942e-06,15.6414,1.87734e-07,2.69279e-10,-8.96323e-07,1.5708,17.1816,17.1861,9.22158e-23,-9.21915e-23
0.0916065,5.11865e-09,-8.04459e-08,1.16532e-08,8.03238e-09,-1.02711e-09,2.29018e-06,15.646,1.87796e-07,8.45736e-10,-8.9596e-07,1.5708,17.1793,17.184,-9.69775e-23,9.69511e-23
0.091581,9.67907e-09,-8.01227e-08,2.19961e-09,9.31759e-09,-6.0076e-09,2.29074e-06,15.6505,1.87879e-07,1.13547e-09,-8.95532e-07,1.5708,17.177,17.1791,4.29272e-23,-4.2922e-23
0.0915556,1.31086e-08,-8.06901e-08,-9.76672e-09,9.98945e-09,-9.439e-09,2.2911e-06,15.6551,1.87953e-07,8.63381e-10,-8.95055e-07,1.5708,17.1747,17.1714,-2.8709e-21,2.87146e-21
0.09153,1.28226e-08,-8.25507e-08,-2.18511e-08,9.39255e-09,-8.26046e-09,2.29138e-06,15.6597,1.8796e-07,-2.17036e-11,-8.94578e-07,1.5708,17.1724,17.1728,-1.57576e-26,1.57573e-26
0.0915045,1.13474e-08,-8.40466e-08,2.74198e-09,8.95644e-09,-9.22905e-09,2.29172e-06,15.6643,1.87879e-07,-3.4386e-10,-8.94126e-07,1.5708,17.1702,17.1702,-4.48117e-27,4.48115e-27
0.0914791,1.07285e-08,-8.51695e-08,7.51295e-09,8.60967e-09,-9.25531e-09,2.29211e-06,15.6688,1.87729e-07,-5.11321e-11,-8.93695e-07,1.5708,17.1679,17.1676,1.18876e-26,-1.18878e-26
0.0914536,1.05071e-08,-8.59226e-08,-1.09741e-09,8.30435e-09,-8.43056e-09,2.29251e-06,15.6734,1.87529e-07,5.46419e-11,-8.93279e-07,1.5708,17.1656,17.1626,-2.88193e-21,2.88243e-21
0.0914281,8.75582e-09,-8.66814e-08,-1.15706e-08,7.61132e-09,-5.48105e-09,2.29297e-06,15.678,1.87287e-07,-3.37674e-10,-8.92889e-07,1.5708,17.1633,17.1634,0,0
0.0914026,6.91883e-09,-8.66057e-08,4.49143e-09,7.38043e-09,-5.02087e-09,2.29353e-06,15.6826,1.87027e-07,-4.10724e-10,-8.92522e-07,1.5708,17.161,17.1565,9.39148e-23,-9.39395e-23
0.0913771,4.17504e-09,-8.67162e-08,-7.4445e-09,6.62343e-09,-5.66342e-10,2.29419e-06,15.6871,1.86762e-07,-5.65715e-10,-8.9218e-07,1.5708,17.1587,17.1623,-1.51638e-22,1.51606e-22
0.0913517,3.57691e-09,-8.53499e-08,1.77147e-08,7.13178e-09,-2.44752e-09,2.29495e-06,15.6917,1.86528e-07,-1.36553e-10,-8.91843e-07,1.5708,17.1564,17.1606,-8.56221e-23,8.56015e-23
0.0913263,6.11944e-09,-8.35006e-08,1.53344e-08,8.19312e-09,-5.53044e-09,2.29565e-06,15.6963,1.86373e-07,6.88633e-10,-8.91466e-07,1.5708,17.1542,17.1561,2.94738e-21,-2.94705e-21
0.0913009,9.07763e-09,-8.21601e-08,-5.90696e-09,8.96914e-09,-7.33095e-09,2.29621e-06,15.7008,1.86296e-07,7.86988e-10,-8.91044e-07,1.5708,17.1519,17.1523,9.32708e-24,-9.32684e-24
0.0912755,1.03227e-08,-8.15426e-08,-1.10535e-08,9.25668e-09,-8.6588e-09,2.29667e-06,15.7054,1.86264e-07,3.21241e-10,-8.90594e-07,1.5708,17.1496,17.1504,-1.64017e-23,1.64009e-23
0.0912502,1.05991e-08,-8.1337e-08,-8.39442e-10,9.32578e-09,-1.03293e-08,2.29709e-06,15.71,1.86249e-07,8.6859e-11,-8.90136e-07,1.5708,17.1473,17.1519,-9.71518e-23,9.71259e-23
0.0912248,1.26156e-08,-8.08451e-08,1.44566e-08,9.89327e-09,-1.47111e-08,2.29747e-06,15.7145,1.86249e-07,5.35576e-10,-8.89662e-07,1.5708,17.145,17.1425,1.05212e-22,-1.05227e-22
0.0911995,1.33522e-08,-8.15901e-08,-1.53539e-08,9.36194e-09,-1.30303e-08,2.29776e-06,15.7191,1.86237e-07,3.13891e-10,-8.89188e-07,1.5708,17.1427,17.1404,4.94282e-23,-4.9435e-23
0.0911741,1.1416e-08,-8.26639e-08,-1.39634e-08,8.43673e-09,-1.11085e-08,2.2981e-06,15.7236,1.86176e-07,-4.22868e-10,-8.8875e-07,1.5708,17.1405,17.1371,-1.74504e-25,1.74539e-25
0.0911487,7.91025e-09,-8.37668e-08,-3.23245e-09,7.27359e-09,-8.07738e-09,2.29858e-06,15.7282,1.86056e-07,-7.89019e-10,-8.88366e-07,1.5708,17.1382,17.1398,-3.43559e-23,3.43526e-23
0.0911233,6.3633e-09,-8.37693e-08,1.67318e-08,7.00147e-09,-8.34047e-09,2.29918e-06,15.7327,1.85907e-07,-3.12433e-10,-8.88016e-07,1.5708,17.1359,17.1396,-5.83125e-21,5.83001e-21
0.091098,7.96304e-09,-8.29698e-08,1.50687e-08,7.4781e-09,-1.03765e-08,2.29979e-06,15.7373,1.85777e-07,4.857e-10,-8.87661e-07,1.5708,17.1336,17.1374,7.96547e-23,-7.9637e-23
0.0910728,1.11268e-08,-8.19875e-08,2.42319e-09,8.23461e-09,-1.33404e-08,2.30027e-06,15.7419,1.85689e-07,8.4662e-10,-8.87275e-07,1.5708,17.1313,17.1332,-3.38901e-37,3.38863e-37
0.0910475,1.3556e-08,-8.14693e-08,-7.76264e-09,8.67935e-09,-1.57133e-08,2.30062e-06,15.7464,1.85635e-07,6.43011e-10,-8.86858e-07,1.5708,17.1291,17.1255,-7.45717e-23,7.45872e-23
0.0910222,1.26753e-08,-8.21011e-08,-2.00915e-08,8.01231e-09,-1.37582e-08,2.30093e-06,15.751,1.85574e-07,-1.47992e-10,-8.86448e-07,1.5708,17.1268,17.1234,6.98355e-23,-6.98492e-23
0.0909969,9.31135e-09,-8.29517e-08,-7.78495e-09,6.98826e-09,-1.10969e-08,2.30135e-06,15.7555,1.85472e-07,-7.75358e-10,-8.86081e-07,1.5708,17.1245,17.1257,4.83984e-23,-4.83951e-23
0.0909716,7.38761e-09,-8.29139e-08,1.59409e-08,6.70192e-09,-1.12956e-08,2.30191e-06,15.7601,1.85348e-07,-4.09647e-10,-8.85746e-07,1.5708,17.1222,17.119,1.69308e-25,-1.6934e-25
0.0909463,5.73557e-09,-8.3143e-08,-4.75304e-09,6.02082e-09,-7.34844e-09,2.30256e-06,15.7646,1.85216e-07,-2.63212e-10,-8.85436e-07,1.5708,17.12,17.1199,5.87728e-25,-5.87729e-25
0.090921,4.16854e-09,-8.27746e-08,3.25694e-10,5.82253e-09,-6.036e-09,2.30329e-06,15.7692,1.85085e-07,-3.42075e-10,-8.85148e-07,1.5708,17.1177,17.1164,2.77358e-23,-2.7738e-23
0.0908957,2.65224e-09,-8.23406e-08,5.20932e-10,5.648e-09,-4.25478e-09,2.3041e-06,15.7737,1.84973e-07,-3.19343e-10,-8.84868e-07,1.5708,17.1154,17.1144,0,0
0.0908705,1.29128e-09,-8.18086e-08,5.17503e-10,5.57657e-09,-2.60688e-09,2.30498e-06,15.7782,1.84882e-07,-2.93047e-10,-8.84595e-07,1.5708,17.1131,17.1124,-1.45511e-23,1.45517e-23
0.0908453,1.8232e-10,-8.12167e-08,1.22221e-09,5.62554e-09,-1.30943e-09,2.30592e-06,15.7828,1.84818e-07,-2.44166e-10,-8.84322e-07,1.5708,17.1109,17.1091,3.80393e-23,-3.80433e-23
0.09082,-1.19535e-09,-8.08432e-08,-2.80072e-09,5.54536e-09,8.30754e-10,2.30693e-06,15.7873,1.84775e-07,-3.11284e-10,-8.8405e-07,1.5708,17.1086,17.1073,2.81954e-23,-2.81977e-23
0.0907948,-2.74936e-09,-8.05164e-08,-4.3146e-10,5.51513e-09,2.59469e-09,2.30801e-06,15.7919,1.84748e-07,-3.77834e-10,-8.83781e-07,1.5708,17.1063,17.1027,1.51974e-22,-1.52006e-22
0.0907696,-5.17437e-09,-8.06039e-08,-6.02754e-09,5.14121e-09,6.29851e-09,2.30918e-06,15.7964,1.84723e-07,-5.79712e-10,-8.83522e-07,1.5708,17.1041,17.1039,-3.99664e-24,3.99668e-24
0.0907444,-6.9408e-09,-8.02639e-08,7.07407e-09,5.26767e-09,7.3728e-09,2.31047e-06,15.8009,1.84704e-07,-4.65803e-10,-8.83269e-07,1.5708,17.1018,17.1058,8.18656e-23,-8.18467e-23
0.0907192,-5.63684e-09,-7.92276e-08,1.93006e-08,6.30064e-09,4.7054e-09,2.31176e-06,15.8055,1.84718e-07,2.86921e-10,-8.82986e-07,1.5708,17.0995,17.101,-3.03552e-23,3.03526e-23
0.0906941,-3.0383e-09,-7.86627e-08,-2.35952e-10,7.17225e-09,3.53343e-09,2.31295e-06,15.81,1.8477e-07,6.41794e-10,-8.82655e-07,1.5708,17.0973,17.1018,5.93112e-21,-5.92953e-21
0.090669,2.96195e-10,-7.80899e-08,3.37842e-09,8.3925e-09,-9.55947e-10,2.31399e-06,15.8146,1.84848e-07,7.46125e-10,-8.82272e-07,1.5708,17.095,17.091,-1.69305e-22,1.69344e-22
0.0906438,7.19081e-10,-7.91896e-08,-2.1806e-08,8.15805e-09,1.01313e-09,2.31493e-06,15.8191,1.84908e-07,1.09244e-10,-8.81865e-07,1.5708,17.0927,17.0892,-7.85785e-25,7.85945e-25
0.0906187,-1.90946e-09,-8.07229e-08,-1.23012e-08,7.43749e-09,3.36362e-09,2.31593e-06,15.8236,1.84897e-07,-6.95314e-10,-8.81483e-07,1.5708,17.0905,17.0855,-1.03943e-22,1.03973e-22
0.0905935,-6.05287e-09,-8.2353e-08,-2.88383e-09,6.37224e-09,7.71509e-09,2.31711e-06,15.8282,1.84803e-07,-1.01915e-09,-8.81145e-07,1.5708,17.0882,17.0928,-9.83878e-23,9.83613e-23
0.0905684,-6.42237e-09,-8.2156e-08,2.92983e-08,6.91953e-09,5.14531e-09,2.3184e-06,15.8327,1.84673e-07,-1.32369e-10,-8.8082e-07,1.5708,17.0859,17.0816,-1.51782e-24,1.5182e-24
0.0905432,-6.57711e-09,-8.26777e-08,-1.16436e-08,6.5974e-09,9.61216e-09,2.31968e-06,15.8372,1.84532e-07,4.35656e-11,-8.8049e-07,1.5708,17.0837,17.0856,-4.10817e-23,4.10769e-23
0.0905182,-6.70736e-09,-8.22799e-08,1.59754e-09,7.04378e-09,8.64008e-09,2.32098e-06,15.8417,1.84385e-07,-1.23694e-10,-8.80155e-07,1.5708,17.0814,17.0814,9.44218e-25,-9.44215e-25
0.0904931,-6.39945e-09,-8.18698e-08,3.95103e-09,7.45402e-09,8.20604e-09,2.32227e-06,15.8463,1.84257e-07,3.3193e-11,-8.798e-07,1.5708,17.0791,17.0806,2.99509e-23,-2.99484e-23
0.090468,-5.24717e-09,-8.12929e-08,4.11626e-09,8.0417e-09,6.91403e-09,2.32352e-06,15.8508,1.84151e-07,2.39627e-10,-8.79419e-07,1.5708,17.0769,17.0784,3.26578e-23,-3.26549e-23
0.090443,-3.582e-09,-8.07659e-08,1.51388e-09,8.65286e-09,5.21643e-09,2.3247e-06,15.8553,1.8407e-07,3.65628e-10,-8.79008e-07,1.5708,17.0746,17.0771,-5.34487e-23,5.34409e-23
0.090418,-1.39331e-09,-8.02724e-08,2.87455e-09,9.34953e-09,2.41362e-09,2.32578e-06,15.8598,1.84012e-07,4.86527e-10,-8.78564e-07,1.5708,17.0723,17.0764,1.70347e-22,-1.70307e-22
0.090393,1.83148e-09,-7.97631e-08,6.3975e-09,1.02316e-08,-1.97668e-09,2.32673e-06,15.8643,1.83976e-07,7.46197e-10,-8.7808e-07,1.5708,17.0701,17.0732,-6.63369e-23,6.63247e-23
0.090368,5.40864e-09,-7.96502e-08,-1.18022e-10,1.08983e-08,-5.90238e-09,2.32751e-06,15.8689,1.83953e-07,8.6277e-10,-8.77558e-07,1.5708,17.0678,17.067,0,0
0.090343,6.9633e-09,-8.04787e-08,-1.46253e-08,1.06858e-08,-6.57721e-09,2.32815e-06,15.8734,1.83906e-07,3.90982e-10,-8.77025e-07,1.5708,17.0656,17.0683,-5.72053e-23,5.71962e-23
0.0903181,8.01825e-09,-8.10337e-08,3.47817e-09,1.06928e-08,-9.91871e-09,2.32874e-06,15.8779,1.83821e-07,2.28279e-10,-8.76497e-07,1.5708,17.0633,17.0653,-1.02378e-25,1.02366e-25
0.0902931,9.69124e-09,-8.15681e-08,5.02288e-09,1.06317e-08,-1.24158e-08,2.32926e-06,15.8824,1.83706e-07,4.55028e-10,-8.75971e-07,1.5708,17.061,17.0571,-8.33992e-23,8.34186e-23
0.0902681,9.03475e-09,-8.29085e-08,-1.92163e-08,9.52975e-09,-9.44364e-09,2.32975e-06,15.8869,1.83538e-07,-6.78824e-11,-8.75474e-07,1.5708,17.0588,17.0629,0,0
0.0902432,9.02953e-09,-8.2922e-08,1.27365e-08,9.4721e-09,-1.28838e-08,2.33027e-06,15.8914,1.83334e-07,-1.94949e-11,-8.75006e-07,1.5708,17.0565,17.0601,-6.29804e-25,6.29671e-25
0.0902182,1.13673e-08,-8.24582e-08,1.35764e-08,9.74529e-09,-1.61757e-08,2.33073e-06,15.896,1.83139e-07,6.55785e-10,-8.74532e-07,1.5708,17.0543,17.0565,-4.62164e-23,4.62105e-23
0.0901933,1.41259e-08,-8.20668e-08,-4.43865e-09,9.86423e-09,-1.81856e-08,2.33106e-06,15.9005,1.82962e-07,7.68294e-10,-8.74049e-07,1.5708,17.052,17.0479,-6.45781e-25,6.45938e-25
0.0901684,1.32554e-08,-8.26656e-08,-2.53435e-08,8.824e-09,-1.5401e-08,2.33134e-06,15.905,1.82776e-07,-1.28992e-10,-8.73589e-07,1.5708,17.0498,17.0483,6.02947e-23,-6.02997e-23
0.0901434,1.03578e-08,-8.29118e-08,-2.52085e-09,7.8631e-09,-1.43925e-08,2.33174e-06,15.9095,1.82564e-07,-6.85834e-10,-8.7318e-07,1.5708,17.0475,17.0434,8.77023e-23,-8.77237e-23
0.0901184,6.7688e-09,-8.31757e-08,-1.04448e-09,6.58841e-09,-1.0293e-08,2.33229e-06,15.914,1.82337e-07,-7.66955e-10,-8.72827e-07,1.5708,17.0453,17.0451,-3.02949e-24,3.02952e-24
0.0900935,4.40845e-09,-8.25021e-08,8.9169e-09,6.00983e-09,-8.48998e-09,2.333e-06,15.9185,1.82118e-07,-5.00356e-10,-8.72519e-07,1.5708,17.043,17.0459,-6.12769e-23,6.12666e-23
0.0900686,4.70089e-09,-8.09324e-08,1.46491e-08,6.29724e-09,-9.54949e-09,2.33376e-06,15.923,1.81955e-07,1.37514e-10,-8.72219e-07,1.5708,17.0408,17.0398,-2.04499e-23,2.0451e-23
0.0900437,5.13468e-09,-7.98041e-08,-6.86305e-09,6.26418e-09,-8.07822e-09,2.33449e-06,15.9275,1.81857e-07,1.92097e-10,-8.71911e-07,1.5708,17.0385,17.042,-7.51197e-23,7.51043e-23
0.0900189,6.19786e-09,-7.8298e-08,5.83002e-09,6.83891e-09,-1.08302e-08,2.3352e-06,15.932,1.81824e-07,2.50615e-10,-8.7159e-07,1.5708,17.0362,17.0405,0,0
0.0899941,8.92184e-09,-7.68954e-08,1.04181e-08,7.69418e-09,-1.49006e-08,2.33582e-06,15.9365,1.81862e-07,6.94857e-10,-8.71233e-07,1.5708,17.034,17.0378,-5.89735e-21,5.89602e-21
0.0899693,1.25332e-08,-7.60316e-08,1.38262e-09,8.46197e-09,-1.88105e-08,2.33627e-06,15.941,1.81954e-07,9.35106e-10,-8.70835e-07,1.5708,17.0317,17.0342,5.2365e-23,-5.23574e-23
0.0899445,1.54033e-08,-7.59745e-08,-6.61668e-09,8.83138e-09,-2.19908e-08,2.33657e-06,15.9455,1.82065e-07,7.48808e-10,-8.70409e-07,1.5708,17.0295,17.0302,0,0
0.0899197,1.6622e-08,-7.67313e-08,-8.43733e-09,8.65393e-09,-2.37818e-08,2.33677e-06,15.95,1.82154e-07,3.53771e-10,-8.69978e-07,1.5708,17.0272,17.0307,-1.78566e-25,1.7853e-25
0.0898949,1.79885e-08,-7.7413e-08,6.0871e-09,8.69617e-09,-2.74232e-08,2.33692e-06,15.9545,1.82204e-07,3.91046e-10,-8.69551e-07,1.5708,17.025,17.0284,7.24112e-23,-7.23965e-23
0.0898701,2.03236e-08,-7.81074e-08,5.58215e-09,8.80839e-09,-3.0825e-08,2.33697e-06,15.959,1.82217e-07,6.84796e-10,-8.6912e-07,1.5708,17.0228,17.025,-4.62745e-23,4.62685e-23
0.0898453,2.2453e-08,-7.90008e-08,-4.38389e-09,8.71528e-09,-3.30888e-08,2.33692e-06,15.9635,1.82186e-07,6.48987e-10,-8.68689e-07,1.5708,17.0205,17.024,-6.10333e-25,6.10208e-25
0.0898206,2.43587e-08,-7.96805e-08,1.02951e-10,8.75371e-09,-3.65724e-08,2.33678e-06,15.968,1.82113e-07,5.70209e-10,-8.68259e-07,1.5708,17.0183,17.0213,-1.59419e-25,1.5939e-25
0.0897959,2.62849e-08,-8.02624e-08,1.07786e-09,8.76813e-09,-3.97833e-08,2.33655e-06,15.9725,1.82005e-07,6.06961e-10,-8.67827e-07,1.5708,17.016,17.0188,0,0
0.0897711,2.80991e-08,-8.07315e-08,-9.21046e-10,8.73598e-09,-4.26091e-08,2.33623e-06,15.9769,1.81867e-07,5.9781e-10,-8.67397e-07,1.5708,17.0138,17.0142,9.21169e-24,-9.21146e-24
0.0897464,2.86425e-08,-8.13932e-08,-8.50391e-09,8.28954e-09,-4.33218e-08,2.33586e-06,15.9814,1.81698e-07,3.07511e-10,-8.66978e-07,1.5708,17.0115,17.0096,-2.95686e-21,2.95719e-21
0.0897216,2.69769e-08,-8.22303e-08,-1.17699e-08,7.34054e-09,-4.16875e-08,2.33554e-06,15.9859,1.81487e-07,-2.30176e-10,-8.66595e-07,1.5708,17.0093,17.0085,-3.16785e-23,3.16799e-23
0.0896969,2.44281e-08,-8.25712e-08,-1.60155e-10,6.50867e-09,-4.03714e-08,2.33533e-06,15.9904,1.81244e-07,-4.56378e-10,-8.66257e-07,1.5708,17.007,17.004,6.41233e-23,-6.41347e-23
0.0896721,2.11733e-08,-8.27424e-08,-3.98245e-09,5.47028e-09,-3.65473e-08,2.33527e-06,15.9949,1.80985e-07,-5.87493e-10,-8.65966e-07,1.5708,17.0048,17.0004,-9.53449e-23,9.53696e-23
0.0896473,1.66158e-08,-8.26947e-08,-8.21727e-09,4.27286e-09,-3.09422e-08,2.33541e-06,15.9994,1.80721e-07,-9.26465e-10,-8.65731e-07,1.5708,17.0026,17.0009,3.58095e-23,-3.58131e-23
0.0896226,1.23296e-08,-8.17918e-08,5.3135e-09,3.64415e-09,-2.73215e-08,2.33578e-06,16.0039,1.80479e-07,-9.10354e-10,-8.65541e-07,1.5708,17.0003,16.9954,-2.55803e-25,2.55876e-25
0.0895978,7.79504e-09,-8.09023e-08,-4.04241e-09,2.83756e-09,-2.09791e-08,2.33638e-06,16.0083,1.80281e-07,-9.40784e-10,-8.65387e-07,1.5708,16.9981,16.9978,-5.31839e-24,5.31847e-24
0.0895731,4.46967e-09,-7.91734e-08,8.9137e-09,2.86298e-09,-1.82629e-08,2.33718e-06,16.0128,1.80148e-07,-7.30632e-10,-8.65252e-07,1.5708,16.9958,16.9918,8.41063e-23,-8.4126e-23
0.0895484,1.21082e-09,-7.7847e-08,-3.78615e-09,2.64083e-09,-1.29749e-08,2.33815e-06,16.0173,1.80091e-07,-6.85174e-10,-8.65121e-07,1.5708,16.9936,16.9957,4.46869e-23,-4.46814e-23
0.0895237,-2.4774e-10,-7.58705e-08,1.28427e-08,3.38244e-09,-1.27975e-08,2.33924e-06,16.0218,1.80116e-07,-3.43894e-10,-8.64977e-07,1.5708,16.9914,16.9921,4.0954e-26,-4.09521e-26
0.089499,-3.87958e-11,-7.42895e-08,6.29757e-09,4.22769e-09,-1.23725e-08,2.34036e-06,16.0262,1.80229e-07,9.94237e-11,-8.64793e-07,1.5708,16.9891,16.9843,1.02802e-22,-1.02831e-22
0.0894743,-1.83174e-09,-7.41545e-08,-1.8998e-08,4.08674e-09,-7.55476e-09,2.34152e-06,16.0307,1.80381e-07,-3.92662e-10,-8.64592e-07,1.5708,16.9869,16.9876,-1.49467e-23,1.49461e-23
0.0894497,-3.85873e-09,-7.3867e-08,5.85173e-09,4.48399e-09,-7.39576e-09,2.34278e-06,16.0352,1.80543e-07,-5.61473e-10,-8.64385e-07,1.5708,16.9846,16.9826,-4.31689e-23,4.3174e-23
0.089425,-5.37132e-09,-7.42012e-08,3.12445e-09,4.61341e-09,-5.07431e-09,2.34413e-06,16.0397,1.807e-07,-3.51424e-10,-8.64164e-07,1.5708,16.9824,16.9784,2.0863e-25,-2.08679e-25
0.0894003,-7.80614e-09,-7.51676e-08,-9.18181e-09,4.31911e-09,-5.89897e-10,2.34558e-06,16.0441,1.80822e-07,-5.8787e-10,-8.63948e-07,1.5708,16.9802,16.9844,8.95749e-23,-8.95524e-23
0.0893757,-7.92467e-09,-7.50649e-08,1.99957e-08,5.2868e-09,-3.10413e-09,2.3471e-06,16.0486,1.80922e-07,-1.18048e-10,-8.63714e-07,1.5708,16.9779,16.9767,5.04898e-23,-5.04933e-23
0.0893511,-7.11191e-09,-7.56423e-08,-1.29943e-09,5.78449e-09,-1.75392e-09,2.34859e-06,16.0531,1.81007e-07,2.15572e-10,-8.63444e-07,1.5708,16.9757,16.9766,7.33297e-22,-7.33259e-22
0.0893266,-6.48367e-09,-7.62133e-08,-3.22939e-09,6.4069e-09,-2.12993e-09,2.35005e-06,16.0575,1.81061e-07,8.75002e-11,-8.63146e-07,1.5708,16.9735,16.9756,-9.16354e-23,9.16238e-23
0.089302,-5.32785e-09,-7.66593e-08,5.59699e-09,7.2434e-09,-4.26416e-09,2.35147e-06,16.062,1.81087e-07,2.06717e-10,-8.62811e-07,1.5708,16.9712,16.9741,6.05772e-23,-6.0567e-23
0.0892775,-3.02837e-09,-7.70509e-08,6.33697e-09,8.20895e-09,-7.06931e-09,2.3528e-06,16.0665,1.8109e-07,5.15457e-10,-8.6243e-07,1.5708,16.969,16.9684,0,0
0.0892529,-1.62587e-09,-7.8046e-08,-9.64781e-09,8.55752e-09,-7.13851e-09,2.35404e-06,16.0709,1.81054e-07,3.24651e-10,-8.62018e-07,1.5708,16.9668,16.9681,-2.95658e-23,2.95634e-23
0.0892284,-9.12096e-10,-7.88727e-08,-1.06877e-09,8.95208e-09,-8.82982e-09,2.35523e-06,16.0754,1.80969e-07,1.09295e-10,-8.61587e-07,1.5708,16.9645,16.9662,-1.49577e-25,1.49562e-25
0.0892039,2.06737e-10,-7.95043e-08,4.85016e-09,9.38099e-09,-1.07864e-08,2.35637e-06,16.0799,1.80845e-07,2.45089e-10,-8.61135e-07,1.5708,16.9623,16.9592,6.67389e-23,-6.67512e-23
0.0891793,-2.49046e-10,-8.06969e-08,-1.32034e-08,8.98297e-09,-8.39257e-09,2.35749e-06,16.0843,1.80671e-07,-8.79548e-11,-8.60683e-07,1.5708,16.9601,16.9571,1.55332e-25,-1.55358e-25
0.0891548,-2.69843e-09,-8.17338e-08,-9.02382e-09,8.33551e-09,-5.68623e-09,2.3587e-06,16.0888,1.80437e-07,-6.25779e-10,-8.60257e-07,1.5708,16.9578,16.9579,-5.00513e-27,5.0051e-27
0.0891302,-4.52281e-09,-8.18732e-08,9.91315e-09,8.18424e-09,-5.17084e-09,2.36001e-06,16.0932,1.80171e-07,-4.7693e-10,-8.59852e-07,1.5708,16.9556,16.9509,1.00117e-22,-1.00145e-22
0.0891057,-6.87931e-09,-8.21847e-08,-7.57771e-09,7.48011e-09,-2.94692e-10,2.36143e-06,16.0977,1.79891e-07,-5.3443e-10,-8.59468e-07,1.5708,16.9534,16.9576,-9.26532e-23,9.26299e-23
0.0890812,-6.94252e-09,-8.08863e-08,1.82001e-08,8.13261e-09,-2.5695e-09,2.36291e-06,16.1021,1.79636e-07,-9.21644e-11,-8.59084e-07,1.5708,16.9512,16.9497,-3.08212e-23,3.08238e-23
0.0890567,-6.33823e-09,-7.99842e-08,-2.57575e-09,8.3215e-09,-1.03939e-09,2.36437e-06,16.1066,1.79432e-07,1.66748e-10,-8.58679e-07,1.5708,16.9489,16.9523,7.09833e-23,-7.09692e-23
0.0890323,-4.84338e-09,-7.85593e-08,5.30115e-09,9.07807e-09,-3.51459e-09,2.36578e-06,16.1111,1.79285e-07,2.88759e-10,-8.5825e-07,1.5708,16.9467,16.9488,-4.47198e-23,4.47143e-23
0.0890079,-2.69212e-09,-7.7416e-08,2.94606e-09,9.73665e-09,-5.84062e-09,2.3671e-06,16.1155,1.792e-07,4.83033e-10,-8.57786e-07,1.5708,16.9445,16.9485,-8.50933e-23,8.50732e-23
0.0889835,3.84342e-10,-7.63844e-08,5.05273e-09,1.05437e-08,-9.84328e-09,2.36829e-06,16.12,1.79166e-07,7.00839e-10,-8.57284e-07,1.5708,16.9422,16.9387,7.47601e-23,-7.47758e-23
0.088959,8.6828e-10,-7.6878e-08,-2.07573e-08,1.00043e-08,-7.87199e-09,2.36939e-06,16.1244,1.79141e-07,1.29072e-10,-8.56777e-07,1.5708,16.94,16.9364,7.75966e-23,-7.76133e-23
0.0889346,-1.80782e-09,-7.78854e-08,-1.37781e-08,8.90819e-09,-5.19436e-09,2.37055e-06,16.1288,1.79073e-07,-7.03239e-10,-8.56312e-07,1.5708,16.9378,16.9338,1.71969e-22,-1.7201e-22
0.0889101,-5.73984e-09,-7.88913e-08,-4.87767e-10,7.62093e-09,-1.48027e-09,2.37188e-06,16.1333,1.78951e-07,-9.77827e-10,-8.55906e-07,1.5708,16.9356,16.9326,6.33393e-23,-6.33503e-23
0.0888856,-9.14299e-09,-7.9401e-08,5.05373e-09,6.57578e-09,2.4525e-09,2.37339e-06,16.1377,1.78789e-07,-8.24959e-10,-8.55559e-07,1.5708,16.9334,16.933,-1.47997e-23,1.48e-23
0.0888612,-1.08548e-08,-7.90547e-08,9.21248e-09,6.19531e-09,4.48233e-09,2.37502e-06,16.1422,1.78621e-07,-4.34391e-10,-8.55247e-07,1.5708,16.9311,16.9272,2.06929e-25,-2.06977e-25
0.0888368,-1.28569e-08,-7.88369e-08,-7.36714e-09,5.55754e-09,8.99569e-09,2.37675e-06,16.1466,1.78464e-07,-4.98265e-10,-8.54961e-07,1.5708,16.9289,16.9307,-3.84447e-23,3.84406e-23
0.0888124,-1.36129e-08,-7.76694e-08,1.07268e-08,5.84478e-09,8.52885e-09,2.37855e-06,16.1511,1.78342e-07,-2.92127e-10,-8.54683e-07,1.5708,16.9267,16.9274,2.86104e-23,-2.86092e-23
0.088788,-1.28175e-08,-7.64806e-08,7.06531e-09,6.30043e-09,8.29452e-09,2.38034e-06,16.1555,1.78277e-07,1.3615e-10,-8.54385e-07,1.5708,16.9245,16.9277,-4.02739e-25,4.02663e-25
0.0887637,-1.04613e-08,-7.51386e-08,6.72802e-09,7.18563e-09,5.73102e-09,2.38205e-06,16.1599,1.78273e-07,4.84998e-10,-8.54054e-07,1.5708,16.9222,16.9198,1.29811e-25,-1.2983e-25
0.0887393,-9.62251e-09,-7.49627e-08,-1.44805e-08,7.18923e-09,7.09893e-09,2.38367e-06,16.1644,1.78304e-07,1.46265e-10,-8.53701e-07,1.5708,16.92,16.9209,-3.75998e-26,3.7598e-26
0.088715,-9.57367e-09,-7.48376e-08,2.60676e-10,7.3531e-09,5.85184e-09,2.38528e-06,16.1688,1.7834e-07,-1.17169e-10,-8.53344e-07,1.5708,16.9178,16.9167,2.34359e-23,-2.34374e-23
0.0886907,-9.68948e-09,-7.51679e-08,6.41107e-10,7.22632e-09,6.24624e-09,2.38688e-06,16.1733,1.78368e-07,-9.17171e-11,-8.52986e-07,1.5708,16.9156,16.9161,1.11876e-23,-1.11873e-23
0.0886664,-9.34388e-09,-7.54481e-08,2.97309e-09,7.25306e-09,5.86545e-09,2.38848e-06,16.1777,1.78378e-07,1.58062e-11,-8.52631e-07,1.5708,16.9134,16.9153,-3.03197e-21,3.03164e-21
0.0886421,-8.01613e-09,-7.55467e-08,5.69656e-09,7.55981e-09,4.19395e-09,2.39003e-06,16.1821,1.78375e-07,2.54645e-10,-8.52267e-07,1.5708,16.9112,16.9093,-3.90491e-23,3.90533e-23
0.0886178,-7.57671e-09,-7.62197e-08,-9.14228e-09,7.32891e-09,5.35884e-09,2.39154e-06,16.1866,1.7835e-07,6.79685e-11,-8.51902e-07,1.5708,16.9089,16.9133,-1.8613e-22,1.86082e-22
0.0885935,-5.97031e-09,-7.60868e-08,1.19549e-08,7.92529e-09,1.4489e-09,2.393e-06,16.191,1.7831e-07,2.80429e-10,-8.51527e-07,1.5708,16.9067,16.9045,-5.18178e-25,5.18246e-25
0.0885692,-5.06551e-09,-7.67702e-08,-9.00425e-09,7.70556e-09,2.57793e-09,2.39438e-06,16.1954,1.78252e-07,2.15693e-10,-8.51143e-07,1.5708,16.9045,16.8998,1.00784e-22,-1.00812e-22
0.0885449,-7.13689e-09,-7.79805e-08,-1.87016e-08,6.77351e-09,6.31591e-09,2.3958e-06,16.1998,1.78143e-07,-5.54108e-10,-8.50789e-07,1.5708,16.9023,16.9045,-1.16231e-25,1.16216e-25
0.0885207,-8.34958e-09,-7.80059e-08,1.55759e-08,6.81179e-09,4.6402e-09,2.39731e-06,16.2043,1.78001e-07,-4.04999e-10,-8.50456e-07,1.5708,16.9001,16.9023,-4.68871e-23,4.68811e-23
0.0884964,-6.84706e-09,-7.75339e-08,1.46337e-08,7.26379e-09,3.08517e-09,2.3988e-06,16.2087,1.77869e-07,3.57428e-10,-8.5011e-07,1.5708,16.8979,16.8996,9.04119e-26,-9.04028e-26
0.0884722,-4.41505e-09,-7.70171e-08,-1.80962e-09,7.76149e-09,1.85686e-09,2.40019e-06,16.2131,1.77759e-07,5.74154e-10,-8.49741e-07,1.5708,16.8957,16.8945,2.45067e-23,-2.45084e-23
0.088448,-3.67982e-09,-7.70061e-08,-1.28361e-08,7.74952e-09,2.16026e-09,2.4015e-06,16.2175,1.77659e-07,1.27993e-10,-8.4936e-07,1.5708,16.8934,16.8975,8.68511e-23,-8.68302e-23
0.0884238,-2.23447e-09,-7.6379e-08,1.14289e-08,8.38241e-09,-1.97655e-09,2.40276e-06,16.222,1.77574e-07,2.54228e-10,-8.48963e-07,1.5708,16.8912,16.895,6.07859e-21,-6.07724e-21
0.0883997,1.06245e-09,-7.5758e-08,1.00936e-08,9.1413e-09,-5.93752e-09,2.4039e-06,16.2264,1.77517e-07,7.93166e-10,-8.48531e-07,1.5708,16.889,16.893,-8.51549e-23,8.5135e-23
0.0883755,5.11851e-09,-7.53421e-08,-1.68182e-11,9.86726e-09,-1.00777e-08,2.40486e-06,16.2308,1.77484e-07,9.824e-10,-8.48061e-07,1.5708,16.8868,16.8912,-2.33707e-25,2.33647e-25
0.0883514,9.11434e-09,-7.51701e-08,-9.25602e-10,1.05245e-08,-1.51768e-08,2.40561e-06,16.2352,1.77461e-07,9.52685e-10,-8.47557e-07,1.5708,16.8846,16.8876,6.49746e-23,-6.4963e-23
0.0883273,1.24682e-08,-7.54962e-08,-3.36157e-09,1.08065e-08,-1.94255e-08,2.40619e-06,16.2396,1.77432e-07,8.27636e-10,-8.4703e-07,1.5708,16.8824,16.8799,-1.06831e-22,1.06847e-22
0.0883031,1.2894e-08,-7.68997e-08,-1.87252e-08,9.94709e-09,-1.87787e-08,2.40667e-06,16.2441,1.77353e-07,1.63223e-10,-8.46518e-07,1.5708,16.8802,16.8829,-1.45677e-25,1.45654e-25
0.088279,1.29015e-08,-7.76332e-08,6.14842e-09,9.55093e-09,-2.16294e-08,2.40715e-06,16.2485,1.77218e-07,9.25396e-12,-8.46038e-07,1.5708,16.878,16.8781,-2.27725e-24,2.27724e-24
0.0882549,1.32211e-08,-7.83434e-08,1.91588e-09,8.94087e-09,-2.19665e-08,2.40763e-06,16.2529,1.77043e-07,1.86238e-10,-8.45582e-07,1.5708,16.8758,16.8723,2.96961e-21,-2.97023e-21
0.0882307,1.16565e-08,-7.93269e-08,-1.52177e-08,7.71079e-09,-1.86443e-08,2.40813e-06,16.2573,1.76822e-07,-2.6663e-10,-8.45174e-07,1.5708,16.8736,16.8777,-8.9876e-23,8.98539e-23
0.0882066,1.12792e-08,-7.88395e-08,1.49802e-08,7.63982e-09,-2.15011e-08,2.4087e-06,16.2617,1.76587e-07,-7.11557e-11,-8.44797e-07,1.5708,16.8714,16.8728,3.125e-23,-3.12474e-23
0.0881825,1.24679e-08,-7.81595e-08,6.33202e-09,7.60861e-09,-2.24463e-08,2.40925e-06,16.2661,1.7638e-07,4.1349e-10,-8.44423e-07,1.5708,16.8691,16.8666,-5.45822e-23,5.45903e-23
0.0881584,1.20075e-08,-7.79784e-08,-1.65558e-08,6.93673e-09,-1.9922e-08,2.40978e-06,16.2705,1.7619e-07,6.19772e-13,-8.44066e-07,1.5708,16.8669,16.8631,6.17956e-21,-6.18096e-21
0.0881343,8.74828e-09,-7.79958e-08,-1.34846e-08,5.86757e-09,-1.64387e-08,2.41041e-06,16.2749,1.76001e-07,-7.43427e-10,-8.43754e-07,1.5708,16.8647,16.8608,-8.52735e-23,8.52932e-23
0.0881101,4.30444e-09,-7.78406e-08,-7.95792e-10,4.75348e-09,-1.23223e-08,2.41124e-06,16.2793,1.75814e-07,-1.02242e-09,-8.43496e-07,1.5708,16.8625,16.8611,3.06982e-23,-3.07008e-23
0.088086,1.0452e-09,-7.70064e-08,9.77078e-09,4.18005e-09,-9.36221e-09,2.41226e-06,16.2837,1.7565e-07,-7.23803e-10,-8.43281e-07,1.5708,16.8603,16.8633,6.44494e-23,-6.4438e-23
0.088062,9.21454e-10,-7.52144e-08,1.75131e-08,4.64256e-09,-9.98944e-09,2.41337e-06,16.2881,1.75552e-07,2.20321e-11,-8.43067e-07,1.5708,16.8581,16.8599,-3.82559e-23,3.82519e-23
0.0880379,2.48154e-09,-7.35376e-08,2.73136e-09,5.28414e-09,-1.04946e-08,2.41444e-06,16.2925,1.7554e-07,4.38587e-10,-8.42825e-07,1.5708,16.8559,16.8527,6.90659e-23,-6.90791e-23
0.0880139,1.89909e-09,-7.30048e-08,-1.87099e-08,5.09477e-09,-7.67489e-09,2.41549e-06,16.2969,1.75579e-07,-1.11077e-10,-8.42572e-07,1.5708,16.8537,16.8493,9.63536e-23,-9.63791e-23
0.0879898,-1.59766e-09,-7.31943e-08,-1.2865e-08,4.3764e-09,-3.87929e-09,2.41665e-06,16.3013,1.75624e-07,-8.75698e-10,-8.42342e-07,1.5708,16.8515,16.8491,5.1839e-23,-5.18464e-23
0.0879657,-5.26829e-09,-7.32883e-08,6.44231e-09,3.8757e-09,-1.10508e-09,2.41799e-06,16.3057,1.75661e-07,-9.1056e-10,-8.42143e-07,1.5708,16.8493,16.85,1.47844e-23,-1.47838e-23
0.0879417,-6.55013e-09,-7.28708e-08,1.51944e-08,4.05261e-09,-1.89885e-10,2.41945e-06,16.3101,1.75704e-07,-3.01772e-10,-8.41952e-07,1.5708,16.8471,16.8482,2.28204e-23,-2.28189e-23
0.0879177,-5.92041e-09,-7.23587e-08,5.64467e-09,4.57307e-09,1.71258e-10,2.42092e-06,16.3145,1.75769e-07,1.64736e-10,-8.41743e-07,1.5708,16.8449,16.8494,0,0
0.0878937,-3.39929e-09,-7.15266e-08,9.13151e-09,5.75703e-09,-3.17942e-09,2.42232e-06,16.3189,1.75867e-07,5.64137e-10,-8.4149e-07,1.5708,16.8427,16.8466,-8.59221e-23,8.59024e-23
0.0878698,2.29287e-10,-7.10721e-08,3.5479e-09,6.97718e-09,-7.0973e-09,2.42356e-06,16.3233,1.75995e-07,8.49753e-10,-8.41177e-07,1.5708,16.8405,16.8409,-8.43269e-24,8.43249e-24
0.0878458,2.5861e-09,-7.16509e-08,-1.12575e-08,7.49248e-09,-8.59262e-09,2.42464e-06,16.3277,1.76117e-07,5.54987e-10,-8.40822e-07,1.5708,16.8383,16.8356,5.93751e-23,-5.93848e-23
0.0878219,1.97981e-09,-7.32008e-08,-1.61436e-08,7.13701e-09,-7.40105e-09,2.42569e-06,16.3321,1.7618e-07,-1.74821e-10,-8.40463e-07,1.5708,16.8361,16.8403,-1.5147e-24,1.51432e-24
0.087798,2.4432e-09,-7.39008e-08,1.65233e-08,7.61413e-09,-1.12897e-08,2.42676e-06,16.3365,1.76186e-07,5.28762e-11,-8.401e-07,1.5708,16.8339,16.8315,5.28457e-23,-5.28533e-23
0.087774,2.75667e-09,-7.52904e-08,-6.44099e-09,7.30429e-09,-9.4477e-09,2.42779e-06,16.3409,1.76135e-07,1.56178e-10,-8.39734e-07,1.5708,16.8317,16.8362,-1.61166e-24,1.61124e-24
0.0877501,4.14183e-09,-7.56533e-08,8.54792e-09,7.86052e-09,-1.27589e-08,2.42879e-06,16.3453,1.76038e-07,3.09925e-10,-8.39362e-07,1.5708,16.8296,16.8304,0,0
0.0877262,5.76883e-09,-7.61601e-08,-1.04629e-09,8.13799e-09,-1.39607e-08,2.42972e-06,16.3497,1.75917e-07,4.36898e-10,-8.38968e-07,1.5708,16.8274,16.8288,-2.06135e-25,2.06118e-25
0.0877023,6.99772e-09,-7.65332e-08,-3.18868e-09,8.37492e-09,-1.54504e-08,2.43057e-06,16.3541,1.75771e-07,3.14961e-10,-8.38562e-07,1.5708,16.8252,16.8286,3.06225e-21,-3.06161e-21
0.0876784,8.81365e-09,-7.64554e-08,6.09516e-09,8.91512e-09,-1.88567e-08,2.43136e-06,16.3584,1.75616e-07,4.51021e-10,-8.38136e-07,1.5708,16.823,16.8226,-1.69063e-23,1.69067e-23
0.0876546,9.87937e-09,-7.68005e-08,-7.40984e-09,8.87842e-09,-1.90914e-08,2.43207e-06,16.3628,1.7545e-07,3.27552e-10,-8.37698e-07,1.5708,16.8208,16.8211,-2.00163e-26,2.00159e-26
0.0876307,9.88342e-09,-7.70493e-08,-4.82885e-09,8.72982e-09,-1.96206e-08,2.43276e-06,16.3672,1.75266e-07,3.34109e-11,-8.37264e-07,1.5708,16.8186,16.8214,-5.18912e-25,5.18824e-25
0.0876068,1.06145e-08,-7.67553e-08,8.45234e-09,8.95448e-09,-2.21349e-08,2.43344e-06,16.3716,1.75081e-07,2.1431e-10,-8.36829e-07,1.5708,16.8164,16.814,-1.03105e-22,1.03119e-22
0.087583,1.03174e-08,-7.70329e-08,-1.05083e-08,8.43435e-09,-2.01516e-08,2.43411e-06,16.376,1.74893e-07,3.54698e-11,-8.36401e-07,1.5708,16.8142,16.8171,6.27724e-23,-6.27617e-23
0.0875591,1.03554e-08,-7.65383e-08,6.06269e-09,8.52366e-09,-2.213e-08,2.4348e-06,16.3803,1.74708e-07,3.29701e-11,-8.35983e-07,1.5708,16.812,16.8126,6.15145e-26,-6.15124e-26
0.0875353,1.08181e-08,-7.61208e-08,1.67555e-09,8.45736e-09,-2.25524e-08,2.43547e-06,16.3847,1.74543e-07,2.00632e-10,-8.35565e-07,1.5708,16.8098,16.8126,5.91147e-23,-5.91051e-23
0.0875115,1.1986e-08,-7.54069e-08,3.59346e-09,8.66865e-09,-2.45086e-08,2.43611e-06,16.3891,1.74404e-07,3.47604e-10,-8.35144e-07,1.5708,16.8076,16.812,-9.4631e-23,9.46064e-23
0.0874877,1.44071e-08,-7.44514e-08,7.39249e-09,9.21301e-09,-2.82691e-08,2.43666e-06,16.3935,1.74305e-07,6.52684e-10,-8.34702e-07,1.5708,16.8055,16.8052,-1.18084e-23,1.18085e-23
0.0874639,1.57498e-08,-7.43293e-08,-1.11534e-08,9.02609e-09,-2.85056e-08,2.43712e-06,16.3978,1.74229e-07,4.3337e-10,-8.34253e-07,1.5708,16.8033,16.8024,1.80449e-23,-1.80458e-23
0.0874401,1.50268e-08,-7.46171e-08,-1.04553e-08,8.43047e-09,-2.80908e-08,2.43758e-06,16.4022,1.74146e-07,-1.11778e-10,-8.33823e-07,1.5708,16.8011,16.7979,6.74552e-23,-6.74679e-23
0.0874163,1.23647e-08,-7.5299e-08,-7.82074e-09,7.32752e-09,-2.53954e-08,2.43812e-06,16.4066,1.74034e-07,-5.59367e-10,-8.33437e-07,1.5708,16.7989,16.7998,2.00181e-23,-2.0017e-23
0.0873925,1.04909e-08,-7.52597e-08,1.01203e-08,6.80285e-09,-2.51458e-08,2.43879e-06,16.411,1.73904e-07,-3.81258e-10,-8.33091e-07,1.5708,16.7967,16.797,0,0
0.0873687,9.89984e-09,-7.49571e-08,5.22742e-09,6.46698e-09,-2.4183e-08,2.43952e-06,16.4153,1.73781e-07,-2.34492e-11,-8.32766e-07,1.5708,16.7945,16.795,-9.42193e-24,9.42169e-24
0.087345,9.64913e-09,-7.44905e-08,-1.43475e-09,6.27376e-09,-2.3458e-08,2.44028e-06,16.4197,1.73674e-07,2.85876e-11,-8.32454e-07,1.5708,16.7923,16.7912,2.38775e-23,-2.38791e-23
0.0873212,8.60248e-09,-7.41986e-08,-5.8276e-09,5.90969e-09,-2.19467e-08,2.44107e-06,16.4241,1.73584e-07,-1.85564e-10,-8.32157e-07,1.5708,16.7902,16.7872,1.61094e-25,-1.61122e-25
0.0872974,6.12542e-09,-7.42103e-08,-7.65174e-09,5.21454e-09,-1.88538e-08,2.44196e-06,16.4284,1.73499e-07,-5.40867e-10,-8.31886e-07,1.5708,16.788,16.7902,-4.86446e-23,4.86382e-23
0.0872737,4.98462e-09,-7.34402e-08,1.3412e-08,5.32526e-09,-1.96617e-08,2.44295e-06,16.4328,1.73431e-07,-2.53824e-10,-8.31629e-07,1.5708,16.7858,16.7852,7.69616e-22,-7.69642e-22
0.0872499,4.77423e-09,-7.29149e-08,1.30552e-09,5.3071e-09,-1.83011e-08,2.44396e-06,16.4372,1.73394e-07,3.9832e-11,-8.3137e-07,1.5708,16.7836,16.7832,1.95995e-26,-1.95999e-26
0.0872262,4.23738e-09,-7.25266e-08,-4.7911e-09,5.27842e-09,-1.71236e-08,2.445e-06,16.4415,1.73378e-07,-8.9569e-11,-8.31112e-07,1.5708,16.7814,16.7793,-2.29581e-25,2.2961e-25
0.0872025,2.54111e-09,-7.2522e-08,-6.43452e-09,4.96955e-09,-1.49102e-08,2.4461e-06,16.4459,1.73369e-07,-3.86273e-10,-8.30863e-07,1.5708,16.7792,16.7747,-9.99081e-23,9.99349e-23
0.0871787,-8.4943e-10,-7.29904e-08,-8.95962e-09,4.20225e-09,-1.04185e-08,2.44733e-06,16.4502,1.73345e-07,-7.95056e-10,-8.30641e-07,1.5708,16.7771,16.7762,1.92156e-23,-1.92167e-23
0.087155,-3.76554e-09,-7.2919e-08,7.69604e-09,3.96007e-09,-8.34299e-09,2.44873e-06,16.4546,1.7331e-07,-7.16291e-10,-8.30444e-07,1.5708,16.7749,16.7716,7.11897e-23,-7.12035e-23
0.0871313,-6.30954e-09,-7.29661e-08,-2.78735e-10,3.6062e-09,-4.19544e-09,2.45026e-06,16.459,1.73274e-07,-5.81004e-10,-8.30262e-07,1.5708,16.7727,16.7736,-4.78751e-26,4.78726e-26
0.0871076,-7.49697e-09,-7.23597e-08,8.34348e-09,3.96583e-09,-3.34761e-09,2.45188e-06,16.4633,1.73251e-07,-3.18386e-10,-8.30079e-07,1.5708,16.7705,16.7719,-2.99536e-23,2.99511e-23
0.087084,-7.04299e-09,-7.15695e-08,7.77309e-09,4.69197e-09,-3.62323e-09,2.45352e-06,16.4677,1.73262e-07,8.78748e-11,-8.29869e-07,1.5708,16.7683,16.7643,8.92833e-23,-8.93051e-23
0.0870603,-8.07021e-09,-7.17502e-08,-1.52722e-08,4.61125e-09,2.01082e-10,2.45517e-06,16.472,1.73285e-07,-2.56807e-10,-8.29643e-07,1.5708,16.7662,16.7696,7.52652e-23,-7.52497e-23
0.0870366,-8.15256e-09,-7.11583e-08,1.25945e-08,5.4691e-09,-2.22195e-09,2.45686e-06,16.4764,1.73317e-07,-1.38995e-10,-8.29397e-07,1.5708,16.764,16.7648,1.7555e-23,-1.75541e-23
0.087013,-6.85158e-09,-7.09373e-08,6.18976e-09,6.19654e-09,-2.9687e-09,2.45851e-06,16.4807,1.73368e-07,2.9627e-10,-8.29112e-07,1.5708,16.7618,16.7636,-3.86783e-23,3.86743e-23
0.0869894,-5.04743e-09,-7.09106e-08,-6.34013e-10,6.95164e-09,-4.34903e-09,2.46009e-06,16.4851,1.73423e-07,3.92213e-10,-8.28789e-07,1.5708,16.7596,16.7595,-3.06939e-24,3.06941e-24
0.0869658,-4.13276e-09,-7.14288e-08,-6.56383e-09,7.32021e-09,-4.74733e-09,2.46159e-06,16.4894,1.73462e-07,1.6957e-10,-8.28438e-07,1.5708,16.7575,16.7567,-1.57497e-23,1.57504e-23
0.0869422,-4.28799e-09,-7.22797e-08,-4.40667e-09,7.39531e-09,-4.62694e-09,2.46308e-06,16.4938,1.73464e-07,-9.51762e-11,-8.28077e-07,1.5708,16.7553,16.7517,-1.14018e-24,1.14043e-24
0.0869186,-6.10071e-09,-7.36103e-08,-9.0668e-09,6.87332e-09,-1.72656e-09,2.46462e-06,16.4981,1.73408e-07,-4.69229e-10,-8.27727e-07,1.5708,16.7531,16.7483,-2.0846e-22,2.08519e-22
0.086895,-9.63668e-09,-7.50006e-08,-8.02889e-09,6.00236e-09,2.83477e-09,2.46629e-06,16.5025,1.73279e-07,-8.97557e-10,-8.27413e-07,1.5708,16.7509,16.7481,6.30256e-23,-6.30364e-23
0.0868713,-1.31945e-08,-7.57214e-08,4.01471e-09,5.44017e-09,6.42695e-09,2.46815e-06,16.5068,1.73096e-07,-9.19622e-10,-8.27134e-07,1.5708,16.7488,16.7478,4.43401e-23,-4.43428e-23
0.0868477,-1.51828e-08,-7.56e-08,9.78901e-09,5.4228e-09,8.76333e-09,2.47014e-06,16.5111,1.72897e-07,-5.30071e-10,-8.2687e-07,1.5708,16.7466,16.7497,6.80458e-23,-6.80332e-23
0.0868242,-1.42489e-08,-7.44245e-08,1.55968e-08,6.3465e-09,7.45867e-09,2.47215e-06,16.5155,1.7273e-07,1.54608e-10,-8.26582e-07,1.5708,16.7444,16.7471,0,0
0.0868007,-1.14996e-08,-7.31101e-08,4.78649e-09,7.50113e-09,5.48926e-09,2.47406e-06,16.5198,1.72624e-07,6.01258e-10,-8.26241e-07,1.5708,16.7423,16.739,-6.08273e-25,6.08392e-25
0.0867771,-1.09803e-08,-7.2925e-08,-1.97779e-08,7.63202e-09,7.62892e-09,2.47589e-06,16.5242,1.72551e-07,5.59281e-11,-8.25869e-07,1.5708,16.7401,16.7426,0,0
0.0867536,-1.0716e-08,-7.23324e-08,6.74935e-09,8.26104e-09,4.97575e-09,2.47771e-06,16.5285,1.72497e-07,-9.85312e-11,-8.25478e-07,1.5708,16.7379,16.7353,-5.67495e-23,5.67583e-23
0.0867301,-1.08664e-08,-7.25431e-08,-3.3979e-09,8.17224e-09,6.50158e-09,2.47951e-06,16.5328,1.72448e-07,-8.10125e-11,-8.25073e-07,1.5708,16.7357,16.7366,-1.00124e-26,1.00119e-26
0.0867066,-1.06969e-08,-7.25223e-08,2.94156e-09,8.34739e-09,5.98025e-09,2.48132e-06,16.5372,1.72392e-07,-5.03284e-11,-8.24667e-07,1.5708,16.7336,16.7379,-1.89815e-22,1.89766e-22
0.0866831,-8.3894e-09,-7.19764e-08,1.45428e-08,9.15619e-09,2.2271e-09,2.48306e-06,16.5415,1.72348e-07,4.72097e-10,-8.24235e-07,1.5708,16.7314,16.7347,0,0
0.0866597,-4.65762e-09,-7.16367e-08,3.65534e-09,9.93744e-09,-1.14843e-09,2.48465e-06,16.5458,1.72324e-07,8.62728e-10,-8.23763e-07,1.5708,16.7292,16.7254,0,0
0.0866362,-3.98272e-09,-7.26632e-08,-2.48697e-08,9.39977e-09,9.90148e-10,2.48612e-06,16.5502,1.72277e-07,1.32666e-10,-8.23286e-07,1.5708,16.7271,16.7268,3.87499e-22,-3.87504e-22
0.0866127,-5.2033e-09,-7.34782e-08,-2.54342e-09,8.94593e-09,4.29111e-10,2.48762e-06,16.5545,1.72181e-07,-4.15913e-10,-8.22834e-07,1.5708,16.7249,16.7221,-6.0848e-23,6.0858e-23
0.0865892,-6.91298e-09,-7.44219e-08,7.15832e-10,8.14923e-09,2.42732e-09,2.48919e-06,16.5588,1.72038e-07,-4.40809e-10,-8.22414e-07,1.5708,16.7227,16.7209,3.97437e-23,-3.97481e-23
0.0865658,-8.51832e-09,-7.49794e-08,4.05075e-10,7.45628e-09,4.69865e-09,2.49084e-06,16.5632,1.71854e-07,-4.14506e-10,-8.22031e-07,1.5708,16.7206,16.7175,-6.63593e-23,6.63713e-23
0.0865423,-1.05914e-08,-7.53077e-08,-3.98725e-09,6.69539e-09,8.01353e-09,2.49257e-06,16.5675,1.71645e-07,-5.35141e-10,-8.21684e-07,1.5708,16.7184,16.7201,3.65142e-23,-3.65105e-23
0.0865189,-1.11777e-08,-7.45852e-08,1.20645e-08,6.77683e-09,7.46772e-09,2.49438e-06,16.5718,1.71445e-07,-2.22585e-10,-8.21354e-07,1.5708,16.7162,16.7191,-5.22854e-25,5.22766e-25
0.0864955,-9.37088e-09,-7.33191e-08,1.20978e-08,7.3883e-09,5.51295e-09,2.49615e-06,16.5762,1.71293e-07,3.9251e-10,-8.21006e-07,1.5708,16.7141,16.7139,-9.52172e-27,9.52181e-27
0.0864721,-7.61241e-09,-7.24939e-08,-7.15323e-09,7.65116e-09,5.48979e-09,2.49782e-06,16.5805,1.71192e-07,3.89965e-10,-8.20636e-07,1.5708,16.7119,16.7141,-4.74592e-23,4.74531e-23
0.0864487,-6.11656e-09,-7.16296e-08,1.58983e-10,8.0941e-09,3.09505e-09,2.49942e-06,16.5848,1.7113e-07,2.60911e-10,-8.20249e-07,1.5708,16.7098,16.7067,6.64133e-23,-6.64255e-23
0.0864253,-6.35121e-09,-7.17388e-08,-1.12712e-08,7.67592e-09,4.7156e-09,2.50098e-06,16.5891,1.71084e-07,-9.81233e-11,-8.19861e-07,1.5708,16.7076,16.7092,-8.79563e-26,8.79479e-26
0.0864019,-6.40433e-09,-7.1482e-08,6.43341e-09,7.69041e-09,3.20543e-09,2.50256e-06,16.5934,1.71039e-07,-1.0308e-10,-8.19483e-07,1.5708,16.7054,16.7035,4.31927e-23,-4.31977e-23
0.0863785,-6.65243e-09,-7.17086e-08,-2.87293e-09,7.27615e-09,4.64014e-09,2.50413e-06,16.5978,1.70991e-07,-7.46298e-11,-8.19116e-07,1.5708,16.7033,16.7066,1.44893e-22,-1.44865e-22
0.0863552,-5.54439e-09,-7.12811e-08,1.01862e-08,7.58046e-09,2.13475e-09,2.50569e-06,16.6021,1.70947e-07,1.98659e-10,-8.1875e-07,1.5708,16.7011,16.7036,0,0
0.0863319,-3.10635e-09,-7.08869e-08,5.50792e-09,7.99572e-09,-3.12757e-10,2.50715e-06,16.6064,1.70922e-07,5.66921e-10,-8.18367e-07,1.5708,16.699,16.6954,-4.63148e-25,4.63246e-25
0.0863085,-2.9018e-09,-7.1561e-08,-1.94804e-08,7.40007e-09,2.01775e-09,2.50854e-06,16.6107,1.70885e-07,4.46784e-11,-8.17989e-07,1.5708,16.6968,16.6959,-1.98429e-23,1.9844e-23
0.0862852,-4.36767e-09,-7.20881e-08,-3.75171e-09,6.87799e-09,2.3888e-09,2.50997e-06,16.615,1.70815e-07,-4.41569e-10,-8.17639e-07,1.5708,16.6946,16.6939,4.063e-26,-4.06318e-26
0.0862618,-5.49119e-09,-7.23981e-08,6.49198e-09,6.47354e-09,2.91919e-09,2.51147e-06,16.6193,1.70722e-07,-3.03589e-10,-8.17312e-07,1.5708,16.6925,16.6938,0,0
0.0862385,-5.07165e-09,-7.22026e-08,8.39441e-09,6.50834e-09,2.36433e-09,2.51298e-06,16.6237,1.70625e-07,8.78766e-11,-8.16994e-07,1.5708,16.6903,16.6937,0,0
0.0862153,-2.88376e-09,-7.15264e-08,8.09615e-09,7.06097e-09,-2.18852e-10,2.51442e-06,16.628,1.70547e-07,5.05612e-10,-8.16661e-07,1.5708,16.6882,16.6888,1.39227e-23,-1.39221e-23
0.086192,-8.97232e-10,-7.12453e-08,-5.84312e-09,7.30883e-09,-1.25017e-09,2.51576e-06,16.6323,1.70491e-07,4.70065e-10,-8.16308e-07,1.5708,16.686,16.6876,2.66072e-26,-2.66047e-26
0.0861687,4.7362e-10,-7.10567e-08,-2.40811e-09,7.54241e-09,-3.29538e-09,2.51701e-06,16.6366,1.70445e-07,2.83162e-10,-8.15943e-07,1.5708,16.6839,16.6794,9.93928e-23,-9.94196e-23
0.0861454,-7.27677e-10,-7.18728e-08,-1.63562e-08,6.74467e-09,-3.93584e-10,2.51826e-06,16.6409,1.70378e-07,-2.87426e-10,-8.15593e-07,1.5708,16.6817,16.6863,5.1071e-25,-5.10568e-25
0.0861222,-4.65408e-10,-7.14838e-08,1.81532e-08,7.10409e-09,-4.14262e-09,2.51954e-06,16.6452,1.703e-07,-1.13971e-11,-8.15253e-07,1.5708,16.6796,16.6792,7.77824e-24,-7.7784e-24
0.086099,8.05462e-10,-7.14983e-08,1.14304e-09,7.08402e-09,-4.02972e-09,2.52077e-06,16.6495,1.70228e-07,3.66136e-10,-8.14904e-07,1.5708,16.6774,16.6806,-7.06298e-23,7.06163e-23
0.0860757,2.72589e-09,-7.11272e-08,1.9951e-09,7.48452e-09,-6.55931e-09,2.52193e-06,16.6538,1.70164e-07,4.51818e-10,-8.14546e-07,1.5708,16.6752,16.6716,-1.62456e-22,1.62491e-22
0.0860525,2.33778e-09,-7.17425e-08,-1.73045e-08,6.88259e-09,-4.21535e-09,2.52304e-06,16.6581,1.70089e-07,-6.65085e-11,-8.14194e-07,1.5708,16.6731,16.6702,-6.38254e-23,6.38364e-23
0.0860292,-2.40816e-10,-7.24088e-08,-8.15857e-09,6.07077e-09,-1.93117e-09,2.52424e-06,16.6624,1.69979e-07,-6.53522e-10,-8.13877e-07,1.5708,16.6709,16.6665,9.54568e-23,-9.5482e-23
0.086006,-3.92834e-09,-7.30611e-08,-2.46041e-09,5.03398e-09,2.1747e-09,2.52559e-06,16.6667,1.69834e-07,-8.85964e-10,-8.13607e-07,1.5708,16.6688,16.671,-5.33764e-25,5.33694e-25
0.0859828,-5.17266e-09,-7.24109e-08,1.9056e-08,5.1302e-09,1.72071e-09,2.52707e-06,16.671,1.69688e-07,-3.2025e-10,-8.1336e-07,1.5708,16.6666,16.6631,-7.91857e-23,7.92025e-23
0.0859595,-6.12527e-09,-7.21482e-08,-6.61048e-09,4.76918e-09,5.6424e-09,2.52859e-06,16.6753,1.69562e-07,-1.74969e-10,-8.13119e-07,1.5708,16.6645,16.6684,-8.86484e-23,8.86275e-23
0.0859364,-5.53337e-09,-7.08273e-08,1.14314e-08,5.50524e-09,3.27415e-09,2.53013e-06,16.6796,1.69476e-07,6.81203e-11,-8.12869e-07,1.5708,16.6623,16.6657,-7.40595e-23,7.40446e-23
0.0859132,-2.9223e-09,-6.94718e-08,1.0291e-08,6.51769e-09,2.52417e-10,2.53159e-06,16.6839,1.69456e-07,6.13379e-10,-8.12574e-07,1.5708,16.6602,16.6614,6.73094e-26,-6.73045e-26
0.0858901,-3.37764e-10,-6.87824e-08,-5.91159e-09,7.16756e-09,-1.30914e-09,2.5329e-06,16.6882,1.69485e-07,6.16877e-10,-8.12237e-07,1.5708,16.658,16.6542,-6.08295e-21,6.08435e-21
0.0858669,-9.11105e-10,-6.93443e-08,-2.0863e-08,6.74997e-09,9.19677e-10,2.53417e-06,16.6925,1.69512e-07,-1.6416e-10,-8.11896e-07,1.5708,16.6559,16.6524,-7.74709e-23,7.74871e-23
0.0858437,-3.90909e-09,-7.02463e-08,-7.1877e-09,5.99075e-09,3.37287e-09,2.53554e-06,16.6968,1.695e-07,-7.86825e-10,-8.11585e-07,1.5708,16.6538,16.6569,7.0332e-23,-7.03186e-23
0.0858206,-4.48172e-09,-7.01048e-08,2.2948e-08,6.27186e-09,1.20698e-09,2.537e-06,16.7011,1.69467e-07,-1.84792e-10,-8.11284e-07,1.5708,16.6516,16.6544,6.24515e-23,-6.24409e-23
0.0857975,-2.08497e-09,-6.97267e-08,1.16633e-08,6.8977e-09,-5.60517e-10,2.5384e-06,16.7054,1.69446e-07,6.20685e-10,-8.10961e-07,1.5708,16.6495,16.6538,9.4517e-23,-9.44924e-23
0.0857744,1.62652e-09,-6.92171e-08,1.53695e-09,7.83521e-09,-4.17716e-09,2.53965e-06,16.7097,1.69446e-07,8.89248e-10,-8.10598e-07,1.5708,16.6473,16.6453,1.09401e-25,-1.09414e-25
0.0857513,2.89808e-09,-6.98446e-08,-1.90693e-08,7.75232e-09,-3.77225e-09,2.54077e-06,16.7139,1.69438e-07,3.05773e-10,-8.10215e-07,1.5708,16.6452,16.6452,8.31933e-25,-8.31934e-25
0.0857282,2.38771e-09,-7.05432e-08,-3.99186e-09,7.56794e-09,-4.71302e-09,2.54188e-06,16.7182,1.69394e-07,-1.80382e-10,-8.09838e-07,1.5708,16.643,16.6393,-8.42051e-23,8.4224e-23
0.0857051,4.19216e-10,-7.1709e-08,-6.22738e-09,6.75724e-09,-2.06571e-09,2.54305e-06,16.7225,1.693e-07,-4.55456e-10,-8.09487e-07,1.5708,16.6409,16.6455,1.0254e-22,-1.02512e-22
0.085682,8.43879e-10,-7.15062e-08,2.02342e-08,7.15846e-09,-5.24972e-09,2.54427e-06,16.7268,1.69181e-07,7.75352e-11,-8.09146e-07,1.5708,16.6387,16.6417,-6.68631e-23,6.6851e-23
0.085659,3.61495e-09,-7.10887e-08,8.5045e-09,7.75574e-09,-7.59863e-09,2.5454e-06,16.7311,1.69075e-07,7.3067e-10,-8.08779e-07,1.5708,16.6366,16.6412,1.01209e-22,-1.01181e-22
0.085636,7.36028e-09,-7.04735e-08,9.7882e-10,8.61283e-09,-1.16803e-08,2.54636e-06,16.7354,1.68994e-07,9.22034e-10,-8.08375e-07,1.5708,16.6345,16.6366,4.66549e-23,-4.66489e-23
0.085613,1.02473e-08,-7.03519e-08,-6.98748e-09,9.06103e-09,-1.47412e-08,2.54717e-06,16.7397,1.68928e-07,7.16241e-10,-8.07939e-07,1.5708,16.6323,16.6368,-9.87542e-23,9.87277e-23
0.08559,1.3151e-08,-7.01684e-08,3.81264e-09,9.64353e-09,-1.9778e-08,2.54783e-06,16.7439,1.68866e-07,7.07788e-10,-8.07477e-07,1.5708,16.6302,16.6288,-1.25832e-25,1.25843e-25
0.085567,1.43078e-08,-7.09627e-08,-1.28047e-08,9.23439e-09,-1.99521e-08,2.54839e-06,16.7482,1.68785e-07,3.68236e-10,-8.07012e-07,1.5708,16.628,16.6244,-1.6145e-22,1.61485e-22
0.0855439,1.2333e-08,-7.22885e-08,-1.69358e-08,8.06953e-09,-1.74476e-08,2.54898e-06,16.7525,1.68647e-07,-4.16133e-10,-8.06586e-07,1.5708,16.6259,16.6267,-1.77126e-23,1.77118e-23
0.0855209,1.03338e-08,-7.27701e-08,8.92134e-09,7.44111e-09,-1.7846e-08,2.54968e-06,16.7568,1.68461e-07,-4.47623e-10,-8.06205e-07,1.5708,16.6238,16.6208,-6.63715e-23,6.63833e-23
0.0854979,8.40028e-09,-7.32538e-08,-1.79816e-09,6.50053e-09,-1.46167e-08,2.55048e-06,16.761,1.68248e-07,-3.38056e-10,-8.05864e-07,1.5708,16.6216,16.6236,-4.51876e-23,4.51822e-23
0.0854749,7.69628e-09,-7.26807e-08,8.0883e-09,6.36333e-09,-1.49433e-08,2.55134e-06,16.7653,1.68036e-07,-1.12082e-10,-8.05549e-07,1.5708,16.6195,16.6168,5.87322e-23,-5.87416e-23
0.0854519,6.48421e-09,-7.23468e-08,-7.29803e-09,5.82205e-09,-1.20849e-08,2.55225e-06,16.7696,1.67844e-07,-1.94732e-10,-8.05252e-07,1.5708,16.6173,16.6149,5.47082e-23,-5.47163e-23
0.0854289,4.04278e-09,-7.19182e-08,-6.83244e-09,5.22125e-09,-9.2212e-09,2.55326e-06,16.7739,1.67669e-07,-5.51322e-10,-8.04983e-07,1.5708,16.6152,16.6168,3.63734e-23,-3.63699e-23
0.0854059,2.8354e-09,-7.07309e-08,1.25021e-08,5.3423e-09,-9.72895e-09,2.55437e-06,16.7781,1.67534e-07,-2.78134e-10,-8.04725e-07,1.5708,16.6131,16.6151,8.83395e-23,-8.83289e-23
0.0853829,3.69266e-09,-6.9342e-08,9.77488e-09,5.80677e-09,-1.06084e-08,2.55548e-06,16.7824,1.67463e-07,2.70525e-10,-8.04452e-07,1.5708,16.6109,16.6067,2.38802e-25,-2.38864e-25
0.08536,2.75094e-09,-6.90497e-08,-1.89589e-08,5.33324e-09,-6.64535e-09,2.55659e-06,16.7867,1.6743e-07,-1.54956e-10,-8.04181e-07,1.5708,16.6088,16.6118,6.53167e-23,-6.53051e-23
0.085337,2.08156e-09,-6.80939e-08,9.19455e-09,5.69748e-09,-8.67808e-09,2.55775e-06,16.7909,1.67428e-07,-2.1556e-10,-8.03911e-07,1.5708,16.6067,16.6108,-1.55618e-24,1.55579e-24
0.0853141,4.0878e-09,-6.69842e-08,1.74352e-08,6.54087e-09,-1.20827e-08,2.55888e-06,16.7952,1.67476e-07,5.17125e-10,-8.03611e-07,1.5708,16.6045,16.6009,-9.00367e-25,9.00566e-25
0.0852912,4.56291e-09,-6.7338e-08,-1.98757e-08,6.19878e-09,-9.06491e-09,2.55993e-06,16.7995,1.67539e-07,2.06095e-10,-8.03299e-07,1.5708,16.6024,16.6025,3.35519e-24,-3.35516e-24
0.0852683,3.37404e-09,-6.76709e-08,-5.06235e-09,6.01756e-09,-9.16221e-09,2.56102e-06,16.8037,1.67582e-07,-3.29626e-10,-8.03e-07,1.5708,16.6003,16.5958,-1.99182e-22,1.99235e-22
0.0852454,6.14847e-10,-6.86888e-08,-6.5775e-09,5.1771e-09,-5.60834e-09,2.5622e-06,16.808,1.67588e-07,-6.36098e-10,-8.02727e-07,1.5708,16.5981,16.5934,-1.05239e-22,1.05269e-22
0.0852224,-3.38563e-09,-6.97719e-08,-5.81676e-09,4.13368e-09,-6.33357e-10,2.56356e-06,16.8123,1.67539e-07,-9.4668e-10,-8.02502e-07,1.5708,16.596,16.5945,-6.76142e-23,6.76203e-23
0.0851995,-6.62044e-09,-7.00819e-08,8.23731e-09,3.69078e-09,2.16246e-09,2.5651e-06,16.8165,1.67454e-07,-7.91573e-10,-8.02313e-07,1.5708,16.5939,16.5956,3.93198e-23,-3.93156e-23
0.0851766,-7.12104e-09,-6.94619e-08,1.60061e-08,4.12545e-09,2.22314e-09,2.56673e-06,16.8208,1.67376e-07,-1.2297e-10,-8.02124e-07,1.5708,16.5917,16.5882,-1.59985e-22,1.60019e-22
0.0851537,-7.9196e-09,-6.93704e-08,-1.07267e-08,4.04157e-09,6.11611e-09,2.56838e-06,16.825,1.67314e-07,-1.67121e-10,-8.01927e-07,1.5708,16.5896,16.5896,1.37675e-25,-1.37675e-25
0.0851308,-9.08395e-09,-6.88872e-08,3.176e-12,4.37197e-09,6.75252e-09,2.57009e-06,16.8293,1.67264e-07,-3.68463e-10,-8.01723e-07,1.5708,16.5875,16.5874,-1.16718e-24,1.16719e-24
0.085108,-9.52109e-09,-6.83522e-08,6.43e-09,4.85522e-09,6.93371e-09,2.57184e-06,16.8335,1.6724e-07,-1.61953e-10,-8.01499e-07,1.5708,16.5854,16.5896,1.90316e-22,-1.90267e-22
0.0850852,-7.44642e-09,-6.73071e-08,1.50473e-08,6.06479e-09,3.73396e-09,2.57354e-06,16.8378,1.67254e-07,4.42134e-10,-8.01231e-07,1.5708,16.5832,16.5826,-1.48208e-23,1.48214e-23
0.0850623,-5.54081e-09,-6.71581e-08,-8.57352e-09,6.63778e-09,3.90441e-09,2.57514e-06,16.8421,1.67295e-07,4.49352e-10,-8.00919e-07,1.5708,16.5811,16.5841,0,0
0.0850396,-3.77602e-09,-6.69733e-08,1.32762e-09,7.46934e-09,8.50293e-10,2.57665e-06,16.8463,1.67342e-07,3.31197e-10,-8.00572e-07,1.5708,16.579,16.5782,-3.43126e-23,3.43142e-23
0.0850168,-2.83818e-09,-6.75611e-08,-5.05331e-09,7.69213e-09,4.16774e-10,2.57809e-06,16.8506,1.67376e-07,1.93891e-10,-8.00199e-07,1.5708,16.5768,16.5774,-3.3538e-26,3.35368e-26
0.084994,-2.329e-09,-6.82587e-08,-7.39678e-10,7.85149e-09,-5.69521e-10,2.57949e-06,16.8548,1.67375e-07,7.53216e-11,-7.99817e-07,1.5708,16.5747,16.5773,1.46427e-25,-1.46404e-25
0.0849712,-9.12742e-10,-6.86862e-08,7.66004e-09,8.28682e-09,-3.12382e-09,2.58085e-06,16.8591,1.67343e-07,3.07554e-10,-7.99419e-07,1.5708,16.5726,16.5698,-1.2344e-22,1.2346e-22
0.0849484,-7.70581e-10,-6.98326e-08,-1.23142e-08,7.90998e-09,-1.2768e-09,2.58216e-06,16.8633,1.67268e-07,5.58563e-11,-7.99021e-07,1.5708,16.5705,16.5706,8.90669e-27,-8.9066e-27
0.0849256,-1.4621e-09,-7.05819e-08,-1.32609e-09,7.72023e-09,-1.4715e-09,2.5835e-06,16.8676,1.67142e-07,-2.17919e-10,-7.98636e-07,1.5708,16.5683,16.5681,6.11631e-24,-6.11641e-24
0.0849029,-1.92602e-09,-7.10655e-08,3.75168e-09,7.56845e-09,-1.34243e-09,2.58486e-06,16.8718,1.66984e-07,-1.22361e-10,-7.98261e-07,1.5708,16.5662,16.5629,-7.40379e-23,7.40526e-23
0.0848801,-3.31672e-09,-7.17147e-08,-8.32677e-09,6.97188e-09,1.68329e-09,2.58626e-06,16.876,1.66793e-07,-3.1948e-10,-7.97904e-07,1.5708,16.5641,16.5679,8.38894e-23,-8.387e-23
0.0848574,-3.04112e-09,-7.10918e-08,1.50518e-08,7.42985e-09,-8.96294e-10,2.5877e-06,16.8803,1.66602e-07,7.64787e-12,-7.9755e-07,1.5708,16.562,16.5631,-1.06121e-25,1.06114e-25
0.0848346,-1.37445e-09,-7.04533e-08,4.25921e-09,7.83316e-09,-1.83043e-09,2.58908e-06,16.8845,1.6644e-07,4.27075e-10,-7.97175e-07,1.5708,16.5599,16.5624,3.10586e-21,-3.10539e-21
0.084812,7.4791e-10,-6.96749e-08,-3.39683e-10,8.38307e-09,-4.00856e-09,2.59037e-06,16.8888,1.66311e-07,4.96273e-10,-7.96775e-07,1.5708,16.5577,16.5536,9.13144e-23,-9.13372e-23
0.0847892,1.60816e-10,-6.99662e-08,-1.94908e-08,7.83171e-09,-1.37168e-09,2.59162e-06,16.893,1.66191e-07,-1.36113e-10,-7.96376e-07,1.5708,16.5556,16.5537,-4.22568e-23,4.22615e-23
0.0847665,-2.17183e-09,-7.0162e-08,-3.67444e-09,7.24221e-09,-1.74959e-12,2.59295e-06,16.8972,1.66055e-07,-6.20136e-10,-7.96006e-07,1.5708,16.5535,16.5583,0,0
0.0847438,-1.51285e-09,-6.92007e-08,2.53656e-08,7.78286e-09,-3.66263e-09,2.59432e-06,16.9015,1.65938e-07,1.2558e-10,-7.95636e-07,1.5708,16.5514,16.5498,3.55804e-23,-3.55839e-23
0.0847211,-2.06117e-10,-6.89598e-08,-6.39151e-09,7.66286e-09,-2.09304e-09,2.59563e-06,16.9057,1.65848e-07,3.96508e-10,-7.95256e-07,1.5708,16.5493,16.554,1.06571e-22,-1.06541e-22
0.0846985,1.86288e-09,-6.80713e-08,5.32363e-09,8.29062e-09,-5.86644e-09,2.59687e-06,16.91,1.65785e-07,4.47679e-10,-7.94863e-07,1.5708,16.5471,16.549,-4.09009e-23,4.08964e-23
0.0846759,4.16846e-09,-6.76343e-08,5.39837e-10,8.64536e-09,-8.35032e-09,2.59799e-06,16.9142,1.65752e-07,5.65124e-10,-7.94445e-07,1.5708,16.545,16.5442,1.9432e-23,-1.9433e-23
0.0846532,5.02543e-09,-6.79291e-08,-1.09153e-08,8.3728e-09,-8.40426e-09,2.59903e-06,16.9184,1.65719e-07,2.2478e-10,-7.94026e-07,1.5708,16.5429,16.5456,-1.5304e-25,1.53015e-25
0.0846306,5.85961e-09,-6.79545e-08,4.97231e-09,8.41985e-09,-1.11824e-08,2.60004e-06,16.9227,1.65676e-07,1.79674e-10,-7.93612e-07,1.5708,16.5408,16.5417,-2.09776e-23,2.09764e-23
0.084608,7.00941e-09,-6.82068e-08,1.61527e-09,8.27605e-09,-1.24607e-08,2.601e-06,16.9269,1.65623e-07,3.2498e-10,-7.93201e-07,1.5708,16.5387,16.5391,-1.04401e-23,1.04398e-23
0.0845853,7.74871e-09,-6.85965e-08,-4.12706e-09,7.97001e-09,-1.30154e-08,2.60191e-06,16.9311,1.6555e-07,2.22827e-10,-7.92801e-07,1.5708,16.5366,16.5344,4.83193e-23,-4.83256e-23
0.0845627,6.83031e-09,-6.93378e-08,-1.0106e-08,7.19311e-09,-1.14726e-08,2.60283e-06,16.9353,1.65446e-07,-1.79256e-10,-7.92429e-07,1.5708,16.5344,16.5359,-3.33641e-23,3.33611e-23
0.0845401,6.17106e-09,-6.94436e-08,6.88124e-09,6.89669e-09,-1.25219e-08,2.6038e-06,16.9396,1.65319e-07,-1.47982e-10,-7.92083e-07,1.5708,16.5323,16.533,-1.63025e-23,1.63018e-23
0.0845175,6.45279e-09,-6.93347e-08,4.81977e-09,6.70852e-09,-1.28387e-08,2.60477e-06,16.9438,1.6519e-07,1.36e-10,-7.9175e-07,1.5708,16.5302,16.5316,3.01809e-23,-3.01785e-23
0.0844949,7.22666e-09,-6.89966e-08,4.63284e-10,6.68607e-09,-1.35571e-08,2.60572e-06,16.948,1.6507e-07,2.41417e-10,-7.91421e-07,1.5708,16.5281,16.5264,3.91699e-23,-3.9174e-23
0.0844723,6.74644e-09,-6.90242e-08,-9.73364e-09,6.23386e-09,-1.21302e-08,2.60666e-06,16.9523,1.64954e-07,-6.25139e-11,-7.91105e-07,1.5708,16.526,16.5281,-1.21992e-25,1.21977e-25
0.0844498,6.58844e-09,-6.85044e-08,6.64272e-09,6.28819e-09,-1.37484e-08,2.60763e-06,16.9565,1.6485e-07,-3.18707e-11,-7.90798e-07,1.5708,16.5239,16.5202,-7.0315e-25,7.03306e-25
0.0844272,5.30644e-09,-6.86823e-08,-9.89491e-09,5.60453e-09,-1.06551e-08,2.60863e-06,16.9607,1.64751e-07,-2.25062e-10,-7.90508e-07,1.5708,16.5218,16.525,-4.34103e-25,4.34018e-25
0.0844046,5.06589e-09,-6.79538e-08,1.09061e-08,5.81174e-09,-1.25683e-08,2.60968e-06,16.9649,1.64666e-07,-6.05334e-11,-7.90229e-07,1.5708,16.5196,16.5211,0,0
0.0843821,6.13137e-09,-6.72779e-08,5.65567e-09,6.07113e-09,-1.35235e-08,2.6107e-06,16.9691,1.64613e-07,3.25898e-10,-7.89938e-07,1.5708,16.5175,16.5182,-1.5209e-23,1.52084e-23
0.0843596,7.09438e-09,-6.68657e-08,-4.57963e-09,6.1992e-09,-1.38834e-08,2.61167e-06,16.9734,1.64586e-07,2.85062e-10,-7.89637e-07,1.5708,16.5154,16.5166,-2.6511e-23,2.65091e-23
0.0843371,7.62102e-09,-6.65838e-08,-1.58923e-09,6.3317e-09,-1.50398e-08,2.61261e-06,16.9776,1.64574e-07,1.48122e-10,-7.8933e-07,1.5708,16.5133,16.509,-1.00298e-22,1.00325e-22
0.0843145,5.863e-09,-6.7259e-08,-1.50102e-08,5.54696e-09,-1.16851e-08,2.61358e-06,16.9818,1.64548e-07,-3.63894e-10,-7.8904e-07,1.5708,16.5112,16.5075,-8.47483e-23,8.47674e-23
0.084292,2.21784e-09,-6.79991e-08,-6.84025e-09,4.58691e-09,-8.0494e-09,2.6147e-06,16.986,1.64484e-07,-8.65584e-10,-7.88794e-07,1.5708,16.5091,16.5079,0,0
0.0842694,-7.76344e-10,-6.8137e-08,9.08216e-09,4.09642e-09,-5.90345e-09,2.61598e-06,16.9902,1.64397e-07,-7.02524e-10,-7.88584e-07,1.5708,16.507,16.5049,4.76443e-23,-4.76504e-23
0.0842469,-2.82774e-09,-6.80483e-08,2.89343e-09,3.74199e-09,-2.6557e-09,2.61739e-06,16.9944,1.64307e-07,-4.39298e-10,-7.88395e-07,1.5708,16.5049,16.5063,-6.43602e-23,6.43547e-23
0.0842244,-3.35072e-09,-6.72563e-08,8.03653e-09,4.09493e-09,-2.41327e-09,2.61886e-06,16.9986,1.64238e-07,-1.26938e-10,-7.88205e-07,1.5708,16.5028,16.5063,0,0
0.084202,-1.72204e-09,-6.60281e-08,1.1306e-08,5.05979e-09,-4.68873e-09,2.6203e-06,17.0029,1.6422e-07,3.87124e-10,-7.87982e-07,1.5708,16.5007,16.5003,-9.59893e-24,9.59918e-24
0.0841795,-3.53547e-10,-6.55296e-08,-7.81596e-09,5.54021e-09,-4.44868e-09,2.62167e-06,17.0071,1.64243e-07,3.48418e-10,-7.87723e-07,1.5708,16.4986,16.4988,-5.46915e-24,5.46907e-24
0.084157,-8.3033e-11,-6.53816e-08,-5.53305e-09,5.87581e-09,-4.99814e-09,2.62299e-06,17.0113,1.64279e-07,2.40397e-11,-7.87443e-07,1.5708,16.4965,16.4961,8.79778e-24,-8.79798e-24
0.0841346,-3.80126e-10,-6.55904e-08,-4.3903e-10,6.01134e-09,-5.11741e-09,2.62432e-06,17.0155,1.64312e-07,-9.39364e-11,-7.87152e-07,1.5708,16.4944,16.4914,-6.63665e-23,6.63783e-23
0.0841121,-1.77391e-09,-6.63517e-08,-7.02329e-09,5.64346e-09,-2.676e-09,2.6257e-06,17.0197,1.64317e-07,-3.27847e-10,-7.86868e-07,1.5708,16.4923,16.4934,-2.49042e-23,2.49025e-23
0.0840897,-2.56297e-09,-6.66051e-08,7.36038e-09,5.77538e-09,-3.05154e-09,2.62713e-06,17.0239,1.64295e-07,-2.23353e-10,-7.86588e-07,1.5708,16.4902,16.4929,6.16931e-23,-6.16829e-23
0.0840673,-1.35862e-09,-6.64395e-08,1.17461e-08,6.3765e-09,-4.92504e-09,2.62855e-06,17.0281,1.6427e-07,2.92122e-10,-7.8629e-07,1.5708,16.4881,16.485,6.97435e-23,-6.97566e-23
0.0840449,-1.31673e-09,-6.70871e-08,-1.45195e-08,6.17166e-09,-2.3062e-09,2.62993e-06,17.0323,1.64229e-07,4.62858e-11,-7.85983e-07,1.5708,16.486,16.4905,-1.01706e-22,1.01678e-22
0.0840225,-4.44343e-10,-6.67985e-08,1.11153e-08,6.89722e-09,-5.91955e-09,2.6313e-06,17.0365,1.64178e-07,1.30807e-10,-7.85662e-07,1.5708,16.4838,16.4863,5.62835e-23,-5.6275e-23
0.0840001,1.89846e-09,-6.6613e-08,7.59726e-09,7.6003e-09,-8.50455e-09,2.63258e-06,17.0407,1.64137e-07,5.8361e-10,-7.85305e-07,1.5708,16.4817,16.4855,8.43831e-23,-8.4364e-23
0.0839778,5.08369e-09,-6.64223e-08,1.57634e-09,8.40774e-09,-1.1973e-08,2.63373e-06,17.0449,1.64103e-07,7.77088e-10,-7.8491e-07,1.5708,16.4796,16.4783,-3.08974e-23,3.09e-23
0.0839554,6.25122e-09,-6.71432e-08,-1.56128e-08,8.3259e-09,-1.1869e-08,2.63476e-06,17.0491,1.64052e-07,3.05359e-10,-7.84498e-07,1.5708,16.4775,16.4777,-2.2725e-27,2.27248e-27
0.0839331,5.87705e-09,-6.78712e-08,-3.88152e-09,8.12632e-09,-1.27362e-08,2.63579e-06,17.0533,1.63962e-07,-1.1236e-10,-7.84093e-07,1.5708,16.4754,16.4751,7.6699e-24,-7.67005e-24
0.0839107,5.28334e-09,-6.85378e-08,2.21278e-09,7.81075e-09,-1.275e-08,2.63684e-06,17.0575,1.63834e-07,-1.14184e-10,-7.83701e-07,1.5708,16.4734,16.4774,-9.44425e-23,9.4419e-23
0.0838884,6.65442e-09,-6.83566e-08,1.35311e-08,8.19726e-09,-1.57503e-08,2.63788e-06,17.0617,1.63692e-07,3.62029e-10,-7.83307e-07,1.5708,16.4713,16.4743,-7.63312e-25,7.63172e-25
0.0838661,9.33117e-09,-6.80545e-08,3.16399e-09,8.64881e-09,-1.82756e-08,2.63881e-06,17.0659,1.6356e-07,7.17839e-10,-7.82892e-07,1.5708,16.4692,16.4653,8.67628e-23,-8.67831e-23
0.0838438,9.1065e-09,-6.87715e-08,-2.36135e-08,7.94716e-09,-1.55747e-08,2.63968e-06,17.0701,1.63413e-07,1.88603e-11,-7.82483e-07,1.5708,16.4671,16.4669,-4.151e-24,4.15104e-24
0.0838214,7.192e-09,-6.90634e-08,-1.76753e-09,7.43505e-09,-1.55843e-08,2.64062e-06,17.0743,1.63239e-07,-4.8125e-10,-7.82105e-07,1.5708,16.465,16.4643,-1.41257e-23,1.41262e-23
0.0837991,5.7546e-09,-6.90774e-08,7.00342e-09,6.98606e-09,-1.48332e-08,2.64164e-06,17.0785,1.63055e-07,-2.89604e-10,-7.81752e-07,1.5708,16.4629,16.4623,1.34723e-23,-1.34728e-23
0.0837768,4.93304e-09,-6.88295e-08,1.14294e-09,6.61941e-09,-1.33585e-08,2.64272e-06,17.0826,1.62874e-07,-1.21502e-10,-7.81418e-07,1.5708,16.4608,16.4577,-6.92093e-23,6.92221e-23
0.0837545,3.02691e-09,-6.87304e-08,-9.45184e-09,5.9366e-09,-1.00181e-08,2.64386e-06,17.0868,1.627e-07,-4.03744e-10,-7.81111e-07,1.5708,16.4587,16.4594,-1.62451e-23,1.62444e-23
0.0837322,1.49932e-09,-6.79651e-08,6.52928e-09,5.81149e-09,-9.75367e-09,2.64511e-06,17.091,1.62546e-07,-3.71572e-10,-7.80824e-07,1.5708,16.4566,16.4542,-5.44701e-23,5.44781e-23
0.0837099,1.89117e-11,-6.74285e-08,-1.72729e-09,5.43025e-09,-7.08484e-09,2.64642e-06,17.0952,1.62422e-07,-3.0461e-10,-7.80549e-07,1.5708,16.4545,16.4579,-4.61715e-25,4.61621e-25
0.0836876,3.11566e-10,-6.611e-08,1.23892e-08,5.91525e-09,-8.84817e-09,2.64777e-06,17.0994,1.62345e-07,6.08797e-11,-7.80271e-07,1.5708,16.4524,16.4488,2.07423e-25,-2.07468e-25
0.0836654,-3.07652e-10,-6.57728e-08,-1.19879e-08,5.56651e-09,-5.62567e-09,2.64911e-06,17.1036,1.62306e-07,-9.16313e-11,-7.79991e-07,1.5708,16.4503,16.4541,-7.36057e-25,7.35888e-25
0.0836431,-1.62721e-11,-6.47387e-08,1.03007e-08,6.09588e-09,-8.19529e-09,2.65048e-06,17.1078,1.623e-07,1.42008e-11,-7.79705e-07,1.5708,16.4482,16.4522,8.90471e-23,-8.90255e-23
0.0836209,2.50799e-09,-6.37138e-08,1.30067e-08,6.94167e-09,-1.1639e-08,2.65178e-06,17.1119,1.62345e-07,6.25457e-10,-7.79384e-07,1.5708,16.4461,16.4438,1.34844e-25,-1.34864e-25
0.0835987,3.58606e-09,-6.39845e-08,-1.72614e-08,6.77123e-09,-1.0038e-08,2.65298e-06,17.1161,1.62405e-07,3.15311e-10,-7.79048e-07,1.5708,16.444,16.4416,-2.814e-25,2.81442e-25
0.0835765,1.88571e-09,-6.47893e-08,-1.3579e-08,6.16588e-09,-8.34654e-09,2.6542e-06,17.1203,1.62434e-07,-4.44903e-10,-7.78731e-07,1.5708,16.4419,16.4388,7.09807e-23,-7.09942e-23
0.0835542,-1.14851e-09,-6.57742e-08,-1.40575e-09,5.33616e-09,-5.76544e-09,2.65555e-06,17.1245,1.62416e-07,-7.45157e-10,-7.7845e-07,1.5708,16.4398,16.4439,-9.23474e-23,9.23245e-23
0.083532,-1.21402e-09,-6.55552e-08,2.32175e-08,5.68532e-09,-8.0898e-09,2.65698e-06,17.1287,1.62378e-07,-2.59038e-11,-7.78181e-07,1.5708,16.4378,16.4338,-9.13127e-23,9.13346e-23
0.0835098,-1.49769e-09,-6.61546e-08,-1.20967e-08,5.20103e-09,-4.15483e-09,2.6584e-06,17.1328,1.62328e-07,2.1354e-11,-7.77915e-07,1.5708,16.4357,16.4371,3.24497e-23,-3.24468e-23
0.0834876,-2.08399e-09,-6.60943e-08,2.32127e-10,5.31571e-09,-4.58758e-09,2.65986e-06,17.137,1.62262e-07,-1.98289e-10,-7.77659e-07,1.5708,16.4336,16.4329,-1.55516e-23,1.55522e-23
0.0834655,-2.58039e-09,-6.61009e-08,2.03478e-09,5.34372e-09,-4.06502e-09,2.66134e-06,17.1412,1.62196e-07,-1.28629e-10,-7.77398e-07,1.5708,16.4315,16.4322,1.49442e-23,-1.49436e-23
0.0834433,-2.48126e-09,-6.59069e-08,3.21925e-09,5.56768e-09,-4.21939e-09,2.66284e-06,17.1454,1.62133e-07,1.29528e-11,-7.77132e-07,1.5708,16.4294,16.4329,-8.00704e-23,8.00534e-23
0.0834212,-8.04942e-10,-6.52653e-08,9.63148e-09,6.31714e-09,-6.89198e-09,2.66429e-06,17.1495,1.6209e-07,3.82825e-10,-7.7684e-07,1.5708,16.4273,16.4227,-1.03883e-22,1.03912e-22
0.083399,-1.20857e-09,-6.58281e-08,-1.9504e-08,5.89938e-09,-3.43697e-09,2.6657e-06,17.1537,1.62045e-07,-6.28162e-11,-7.76541e-07,1.5708,16.4252,16.4236,3.64743e-23,-3.64778e-23
0.0833768,-3.42967e-09,-6.62449e-08,-5.48024e-09,5.53862e-09,-1.98232e-09,2.66718e-06,17.1579,1.61974e-07,-6.05075e-10,-7.76262e-07,1.5708,16.4232,16.4186,6.43171e-21,-6.4335e-21
0.0833546,-6.73789e-09,-6.69028e-08,-3.16815e-09,4.7827e-09,2.08127e-09,2.66881e-06,17.162,1.61872e-07,-8.09954e-10,-7.76011e-07,1.5708,16.4211,16.426,1.12139e-22,-1.12106e-22
0.0833325,-6.69329e-09,-6.60116e-08,2.56593e-08,5.50724e-09,-6.43417e-10,2.67052e-06,17.1662,1.61777e-07,-4.53623e-11,-7.7576e-07,1.5708,16.419,16.4149,9.06598e-23,-9.06827e-23
0.0833104,-6.69849e-09,-6.60506e-08,-1.17488e-08,5.32024e-09,3.30382e-09,2.67221e-06,17.1704,1.617e-07,5.89122e-11,-7.75495e-07,1.5708,16.4169,16.421,9.45253e-23,-9.45015e-23
0.0832883,-5.89012e-09,-6.51522e-08,7.84895e-09,6.12361e-09,5.29677e-10,2.67389e-06,17.1745,1.61645e-07,9.05188e-11,-7.75215e-07,1.5708,16.4148,16.4134,3.33088e-23,-3.33118e-23
0.0832662,-5.34082e-09,-6.49626e-08,-3.74216e-09,6.34441e-09,1.17377e-09,2.67554e-06,17.1787,1.61614e-07,1.17687e-10,-7.74909e-07,1.5708,16.4127,16.4138,0,0
0.0832441,-4.83041e-09,-6.47371e-08,5.12482e-10,6.70072e-09,2.68385e-10,2.67716e-06,17.1829,1.61591e-07,6.39361e-11,-7.74589e-07,1.5708,16.4107,16.4094,-2.75033e-23,2.75053e-23
0.0832221,-4.90153e-09,-6.4941e-08,-3.81788e-09,6.70301e-09,9.40327e-10,2.67876e-06,17.187,1.61566e-07,-4.90755e-11,-7.7426e-07,1.5708,16.4086,16.4062,-1.08261e-22,1.08276e-22
0.0832,-6.10133e-09,-6.54685e-08,-6.45589e-09,6.36889e-09,2.8714e-09,2.6804e-06,17.1912,1.6152e-07,-3.28177e-10,-7.7394e-07,1.5708,16.4065,16.4056,-4.17538e-23,4.17561e-23
0.0831779,-7.44941e-09,-6.579e-08,2.16613e-09,6.17271e-09,3.90068e-09,2.68211e-06,17.1953,1.6145e-07,-3.79903e-10,-7.73632e-07,1.5708,16.4044,16.4044,-6.86493e-27,6.86496e-27
0.0831558,-7.95006e-09,-6.58283e-08,5.68981e-09,6.20198e-09,4.4069e-09,2.68385e-06,17.1995,1.6137e-07,-1.5657e-10,-7.73329e-07,1.5708,16.4023,16.4048,0,0
0.0831338,-6.78544e-09,-6.53782e-08,8.98564e-09,6.73026e-09,2.84487e-09,2.68558e-06,17.2037,1.61298e-07,2.38879e-10,-7.73012e-07,1.5708,16.4002,16.4037,-8.80143e-25,8.79957e-25
0.0831118,-4.08547e-09,-6.47353e-08,6.40955e-09,7.56313e-09,-1.06103e-10,2.68721e-06,17.2078,1.61253e-07,6.1358e-10,-7.7266e-07,1.5708,16.3982,16.4025,9.74686e-23,-9.74428e-23
0.0830898,-3.65248e-10,-6.41271e-08,3.76664e-09,8.55058e-09,-4.41869e-09,2.68868e-06,17.212,1.61237e-07,8.55138e-10,-7.72262e-07,1.5708,16.3961,16.4005,-1.00691e-22,1.00664e-22
0.0830679,3.77186e-09,-6.38112e-08,1.19449e-09,9.46667e-09,-9.37273e-09,2.68996e-06,17.2161,1.61241e-07,9.64524e-10,-7.71816e-07,1.5708,16.394,16.3932,-1.89512e-23,1.89522e-23
0.0830459,5.77583e-09,-6.46242e-08,-1.55563e-08,9.36579e-09,-1.03348e-08,2.69107e-06,17.2203,1.61229e-07,4.87508e-10,-7.71351e-07,1.5708,16.3919,16.3889,1.39318e-22,-1.39344e-22
0.0830239,4.57707e-09,-6.61133e-08,-1.565e-08,8.4674e-09,-8.96892e-09,2.69218e-06,17.2244,1.61155e-07,-3.07168e-10,-7.70912e-07,1.5708,16.3899,16.3926,0,0
0.0830019,4.1034e-09,-6.66906e-08,1.42625e-08,8.26441e-09,-1.14771e-08,2.69333e-06,17.2286,1.61026e-07,-1.42887e-10,-7.705e-07,1.5708,16.3878,16.3883,4.85499e-27,-4.85482e-27
0.08298,4.96489e-09,-6.71239e-08,5.03935e-09,8.00724e-09,-1.17508e-08,2.69447e-06,17.2327,1.6087e-07,2.8673e-10,-7.701e-07,1.5708,16.3857,16.3814,-1.68848e-24,1.68892e-24
0.082958,3.71132e-09,-6.80384e-08,-1.92895e-08,6.97733e-09,-7.87053e-09,2.69562e-06,17.2369,1.60677e-07,-2.38271e-10,-7.69732e-07,1.5708,16.3836,16.3854,0,0
0.082936,2.35895e-09,-6.7871e-08,7.2392e-09,6.72485e-09,-8.90558e-09,2.69684e-06,17.241,1.60463e-07,-3.67932e-10,-7.69396e-07,1.5708,16.3816,16.3848,7.29858e-23,-7.29715e-23
0.0829141,3.44602e-09,-6.69751e-08,1.65355e-08,7.05945e-09,-1.1262e-08,2.69807e-06,17.2452,1.60275e-07,2.99084e-10,-7.69057e-07,1.5708,16.3795,16.3778,7.94787e-23,-7.94871e-23
0.0828921,4.18052e-09,-6.66033e-08,-1.09003e-08,6.79957e-09,-9.53916e-09,2.69925e-06,17.2493,1.60116e-07,2.59439e-10,-7.68717e-07,1.5708,16.3774,16.381,-8.28797e-23,8.28614e-23
0.0828702,5.13266e-09,-6.55917e-08,4.53546e-09,7.17169e-09,-1.23931e-08,2.70039e-06,17.2535,1.59991e-07,2.0059e-10,-7.68374e-07,1.5708,16.3753,16.3776,0,0
0.0828483,6.87477e-09,-6.4711e-08,5.258e-09,7.52631e-09,-1.48025e-08,2.70147e-06,17.2576,1.59911e-07,4.54731e-10,-7.68012e-07,1.5708,16.3733,16.3726,3.13841e-23,-3.13854e-23
0.0828264,7.69767e-09,-6.44922e-08,-9.28831e-09,7.32851e-09,-1.45765e-08,2.70248e-06,17.2617,1.59856e-07,2.55199e-10,-7.67646e-07,1.5708,16.3712,16.3712,8.02875e-25,-8.02873e-25
0.0828045,7.36908e-09,-6.44469e-08,-4.54902e-09,7.01393e-09,-1.4844e-08,2.70349e-06,17.2659,1.59804e-07,-6.52419e-11,-7.67294e-07,1.5708,16.3691,16.3657,7.75332e-23,-7.75493e-23
0.0827826,5.39289e-09,-6.49615e-08,-8.60632e-09,6.11443e-09,-1.21401e-08,2.70455e-06,17.27,1.59737e-07,-4.27164e-10,-7.66973e-07,1.5708,16.3671,16.372,1.14226e-22,-1.14192e-22
0.0827608,5.64861e-09,-6.42855e-08,2.02404e-08,6.41318e-09,-1.54831e-08,2.70567e-06,17.2742,1.59675e-07,6.13642e-11,-7.66665e-07,1.5708,16.365,16.3635,6.74959e-23,-6.7502e-23
0.0827389,6.34553e-09,-6.42679e-08,-4.94564e-09,6.12807e-09,-1.3997e-08,2.70676e-06,17.2783,1.59626e-07,2.82498e-10,-7.66358e-07,1.5708,16.3629,16.3599,-3.17189e-21,3.17247e-21
0.082717,4.81436e-09,-6.46823e-08,-1.63365e-08,5.38403e-09,-1.10945e-08,2.70787e-06,17.2824,1.59565e-07,-3.35094e-10,-7.66077e-07,1.5708,16.3609,16.3592,3.76275e-23,-3.76313e-23
0.0826951,2.14655e-09,-6.48898e-08,-3.24863e-10,4.76049e-09,-9.44537e-09,2.70909e-06,17.2866,1.59486e-07,-6.52355e-10,-7.6583e-07,1.5708,16.3588,16.3577,2.43845e-23,-2.43861e-23
0.0826732,2.00145e-10,-6.47955e-08,6.96968e-09,4.36786e-09,-7.75906e-09,2.71043e-06,17.2907,1.59402e-07,-4.34767e-10,-7.65608e-07,1.5708,16.3567,16.3536,7.12039e-23,-7.12173e-23
0.0826513,-1.84946e-09,-6.48002e-08,-4.32145e-09,3.81239e-09,-4.03171e-09,2.71187e-06,17.2948,1.59319e-07,-4.42899e-10,-7.65411e-07,1.5708,16.3546,16.3539,6.85545e-27,-6.85578e-27
0.0826295,-3.72785e-09,-6.43753e-08,1.86333e-09,3.65198e-09,-2.20727e-09,2.71341e-06,17.299,1.59246e-07,-4.64322e-10,-7.65231e-07,1.5708,16.3526,16.3507,4.40646e-23,-4.40699e-23
0.0826076,-5.44171e-09,-6.39515e-08,5.1056e-10,3.51703e-09,2.15672e-10,2.71503e-06,17.3031,1.59192e-07,-4.13096e-10,-7.65058e-07,1.5708,16.3505,16.351,1.0265e-23,-1.02647e-23
0.0825858,-6.19233e-09,-6.31917e-08,6.09794e-09,3.81564e-09,7.77167e-10,2.71672e-06,17.3072,1.59167e-07,-2.07745e-10,-7.64881e-07,1.5708,16.3484,16.3437,-1.08787e-22,1.08819e-22
0.0825639,-8.14017e-09,-6.31976e-08,-1.16617e-08,3.45152e-09,5.20271e-09,2.71847e-06,17.3114,1.59159e-07,-4.67982e-10,-7.64706e-07,1.5708,16.3464,16.3482,4.27597e-23,-4.27548e-23
0.0825421,-9.16904e-09,-6.24769e-08,1.07741e-08,3.9387e-09,4.50983e-09,2.72031e-06,17.3155,1.59168e-07,-3.40948e-10,-7.64527e-07,1.5708,16.3443,16.3474,-7.08877e-23,7.08743e-23
0.0825204,-7.58293e-09,-6.15206e-08,1.52234e-08,4.93261e-09,2.33784e-09,2.72212e-06,17.3196,1.59218e-07,3.5029e-10,-7.64311e-07,1.5708,16.3423,16.3416,-7.58618e-26,7.58649e-26
0.0824986,-5.99952e-09,-6.13575e-08,-8.13876e-09,5.42998e-09,2.89731e-09,2.72385e-06,17.3237,1.59295e-07,3.74752e-10,-7.64057e-07,1.5708,16.3402,16.337,7.37552e-23,-7.37696e-23
0.0824768,-6.96307e-09,-6.20285e-08,-1.63026e-08,5.26058e-09,5.1108e-09,2.72556e-06,17.3279,1.59355e-07,-3.01667e-10,-7.63796e-07,1.5708,16.3381,16.3386,-5.61275e-26,5.61257e-26
0.082455,-8.11239e-09,-6.24248e-08,7.06093e-09,5.44216e-09,4.44106e-09,2.72734e-06,17.332,1.59387e-07,-3.80998e-10,-7.63534e-07,1.5708,16.3361,16.3339,5.0184e-23,-5.01908e-23
0.0824332,-8.95659e-09,-6.31386e-08,8.83959e-10,5.32918e-09,6.36868e-09,2.72915e-06,17.3361,1.59388e-07,-2.20164e-10,-7.63271e-07,1.5708,16.334,16.3301,-1.80264e-22,1.80306e-22
0.0824114,-1.09147e-08,-6.41063e-08,-9.55267e-09,4.86537e-09,1.01517e-08,2.73104e-06,17.3402,1.59345e-07,-5.10538e-10,-7.63023e-07,1.5708,16.3319,16.3319,-3.53304e-24,3.53305e-24
0.0823897,-1.24934e-08,-6.43922e-08,6.60845e-09,4.94938e-09,1.08562e-08,2.73301e-06,17.3443,1.59269e-07,-4.7775e-10,-7.62784e-07,1.5708,16.3299,16.3319,0,0
0.082368,-1.18773e-08,-6.40574e-08,1.37192e-08,5.61017e-09,9.73605e-09,2.73501e-06,17.3485,1.59193e-07,8.69093e-11,-7.62526e-07,1.5708,16.3278,16.3259,3.25345e-21,-3.25383e-21
0.0823462,-1.13275e-08,-6.41481e-08,-7.55019e-09,5.833e-09,1.15126e-08,2.73696e-06,17.3526,1.59121e-07,1.01949e-10,-7.62246e-07,1.5708,16.3258,16.3235,-5.34119e-23,5.34195e-23
0.0823245,-1.23539e-08,-6.44195e-08,-9.59333e-09,5.8058e-09,1.33439e-08,2.73893e-06,17.3567,1.59038e-07,-3.47966e-10,-7.61961e-07,1.5708,16.3237,16.3212,1.45142e-25,-1.45164e-25
0.0823028,-1.42423e-08,-6.4688e-08,-9.94617e-10,5.67185e-09,1.52324e-08,2.74097e-06,17.3608,1.58939e-07,-5.60146e-10,-7.61681e-07,1.5708,16.3216,16.3204,2.76524e-23,-2.76544e-23
0.082281,-1.55276e-08,-6.46565e-08,5.69299e-09,5.73303e-09,1.66041e-08,2.74309e-06,17.3649,1.58832e-07,-3.96113e-10,-7.61402e-07,1.5708,16.3196,16.324,0,0
0.0822594,-1.37947e-08,-6.36606e-08,1.89926e-08,6.78485e-09,1.35378e-08,2.74519e-06,17.369,1.58751e-07,3.20805e-10,-7.61094e-07,1.5708,16.3175,16.3133,-1.008e-22,1.00827e-22
0.0822377,-1.31723e-08,-6.38339e-08,-1.71467e-08,6.7293e-09,1.67573e-08,2.74722e-06,17.3732,1.58687e-07,1.26627e-10,-7.60762e-07,1.5708,16.3155,16.3175,0,0
0.082216,-1.29421e-08,-6.34713e-08,2.67226e-09,7.2333e-09,1.48665e-08,2.74924e-06,17.3773,1.58626e-07,-1.09395e-10,-7.60419e-07,1.5708,16.3134,16.3165,0,0
0.0821944,-1.09449e-08,-6.29109e-08,1.38445e-08,8.05539e-09,1.16009e-08,2.7512e-06,17.3814,1.58587e-07,3.85519e-10,-7.60042e-07,1.5708,16.3114,16.3144,-4.23429e-25,4.23351e-25
0.0821728,-7.50625e-09,-6.25214e-08,4.0738e-09,8.88123e-09,8.54523e-09,2.75301e-06,17.3855,1.58569e-07,7.76456e-10,-7.59623e-07,1.5708,16.3093,16.3057,-8.46574e-23,8.46762e-23
0.0821511,-6.72753e-09,-6.33827e-08,-2.21698e-08,8.52128e-09,1.03941e-08,2.75471e-06,17.3896,1.58535e-07,1.40968e-10,-7.59194e-07,1.5708,16.3073,16.3053,3.21741e-21,-3.21778e-21
0.0821295,-8.30928e-09,-6.43253e-08,-7.17217e-09,7.96295e-09,1.1087e-08,2.75644e-06,17.3937,1.58452e-07,-5.05624e-10,-7.58788e-07,1.5708,16.3052,16.3098,-1.83495e-24,1.83443e-24
0.0821079,-7.37576e-09,-6.41658e-08,2.40627e-08,8.41204e-09,7.0288e-09,2.75819e-06,17.3978,1.58349e-07,1.32603e-10,-7.58385e-07,1.5708,16.3031,16.2995,8.38286e-23,-8.38474e-23
0.0820862,-6.6391e-09,-6.4875e-08,-1.13506e-08,7.89034e-09,9.84467e-09,2.75988e-06,17.4019,1.58228e-07,2.19757e-10,-7.57983e-07,1.5708,16.3011,16.3027,-3.70889e-23,3.70852e-23
0.0820646,-6.35373e-09,-6.49309e-08,-1.08011e-09,7.85898e-09,8.64662e-09,2.76155e-06,17.406,1.58087e-07,-2.79668e-11,-7.57596e-07,1.5708,16.299,16.2956,2.01327e-25,-2.01369e-25
0.082043,-7.39631e-09,-6.54161e-08,-7.49317e-09,7.2204e-09,1.0785e-08,2.76323e-06,17.4101,1.57928e-07,-2.88984e-10,-7.57225e-07,1.5708,16.297,16.2967,7.1506e-24,-7.15074e-24
0.0820214,-8.4181e-09,-6.53786e-08,3.52992e-09,6.89841e-09,1.11865e-08,2.76497e-06,17.4142,1.57756e-07,-3.16358e-10,-7.56879e-07,1.5708,16.2949,16.2905,-1.04736e-22,1.04764e-22
0.0819998,-1.03715e-08,-6.5627e-08,-7.55121e-09,6.0804e-09,1.50013e-08,2.76677e-06,17.4183,1.57576e-07,-4.92788e-10,-7.56561e-07,1.5708,16.2929,16.2914,-1.51963e-25,1.51977e-25
0.0819782,-1.24114e-08,-6.53043e-08,1.97583e-09,5.62883e-09,1.69238e-08,2.76867e-06,17.4224,1.57397e-07,-5.71249e-10,-7.56275e-07,1.5708,16.2908,16.2947,9.01859e-23,-9.01643e-23
0.0819566,-1.15338e-08,-6.38851e-08,2.06972e-08,6.25051e-09,1.43003e-08,2.77061e-06,17.4265,1.57261e-07,1.30583e-10,-7.55983e-07,1.5708,16.2888,16.2874,-3.23478e-23,3.23505e-23
0.0819351,-1.01023e-08,-6.30672e-08,-5.62228e-09,6.38723e-09,1.54457e-08,2.77247e-06,17.4306,1.57178e-07,3.38583e-10,-7.55673e-07,1.5708,16.2867,16.2907,9.11716e-23,-9.11497e-23
0.0819135,-7.98764e-09,-6.18307e-08,5.05155e-09,7.13804e-09,1.19912e-08,2.77424e-06,17.4347,1.57147e-07,3.95436e-10,-7.5534e-07,1.5708,16.2847,16.2889,6.53987e-21,-6.5382e-21
0.0818921,-4.48167e-09,-6.07489e-08,8.89674e-09,8.06035e-09,7.39963e-09,2.77587e-06,17.4388,1.57171e-07,7.76236e-10,-7.54965e-07,1.5708,16.2826,16.2781,1.05337e-22,-1.05366e-22
0.0818705,-3.68437e-09,-6.13655e-08,-2.35553e-08,7.51432e-09,9.75214e-09,2.77739e-06,17.4429,1.57203e-07,1.86785e-10,-7.54582e-07,1.5708,16.2806,16.2826,4.64443e-23,-4.64386e-23
0.081849,-3.82229e-09,-6.16046e-08,3.09549e-09,7.43536e-09,7.36381e-09,2.7789e-06,17.447,1.57211e-07,-1.55938e-10,-7.54214e-07,1.5708,16.2785,16.2771,-6.88974e-23,6.89037e-23
0.0818275,-3.96622e-09,-6.22621e-08,1.64994e-09,6.97803e-09,7.79428e-09,2.7804e-06,17.4511,1.57194e-07,-4.4868e-11,-7.5386e-07,1.5708,16.2765,16.2738,1.61607e-25,-1.61634e-25
0.081806,-4.99966e-09,-6.31487e-08,-7.61333e-09,6.20602e-09,1.01326e-08,2.78193e-06,17.4552,1.57134e-07,-2.58497e-10,-7.53537e-07,1.5708,16.2745,16.272,0,0
0.0817844,-6.97703e-09,-6.38549e-08,-3.73034e-09,5.4371e-09,1.23809e-08,2.78354e-06,17.4593,1.57033e-07,-5.21364e-10,-7.53252e-07,1.5708,16.2724,16.2737,3.05151e-23,-3.05126e-23
0.0817629,-7.56943e-09,-6.37012e-08,1.23025e-08,5.38105e-09,1.17239e-08,2.78522e-06,17.4634,1.56917e-07,-1.96339e-10,-7.52988e-07,1.5708,16.2704,16.2688,3.6841e-23,-3.68446e-23
0.0817415,-7.60046e-09,-6.36092e-08,-1.24819e-09,5.17662e-09,1.33269e-08,2.7869e-06,17.4674,1.56805e-07,-5.53265e-12,-7.52731e-07,1.5708,16.2683,16.2708,5.6646e-23,-5.66375e-23
0.08172,-6.64281e-09,-6.2881e-08,6.0513e-09,5.59178e-09,1.15982e-08,2.78855e-06,17.4715,1.56713e-07,1.65441e-10,-7.52467e-07,1.5708,16.2663,16.2646,-2.73375e-25,2.73403e-25
0.0816985,-6.23194e-09,-6.26388e-08,-6.3588e-09,5.5607e-09,1.24999e-08,2.79017e-06,17.4756,1.56642e-07,7.48223e-11,-7.52194e-07,1.5708,16.2642,16.2657,3.42985e-23,-3.42953e-23
0.0816771,-5.67239e-09,-6.21208e-08,3.28117e-09,5.86153e-09,1.10001e-08,2.79176e-06,17.4797,1.5659e-07,6.08796e-11,-7.51915e-07,1.5708,16.2622,16.2573,1.12837e-22,-1.12871e-22
0.0816556,-6.92491e-09,-6.25313e-08,-1.36012e-08,5.25044e-09,1.44219e-08,2.79337e-06,17.4838,1.56536e-07,-3.14457e-10,-7.51643e-07,1.5708,16.2601,16.261,-4.09981e-26,4.0996e-26
0.0816342,-8.0091e-09,-6.23075e-08,6.78061e-09,5.24917e-09,1.39471e-08,2.79503e-06,17.4879,1.56477e-07,-3.52081e-10,-7.51387e-07,1.5708,16.2581,16.2534,2.19862e-22,-2.19926e-22
0.0816127,-9.81922e-09,-6.26714e-08,-6.76451e-09,4.62762e-09,1.78082e-08,2.79676e-06,17.4919,1.56412e-07,-4.4222e-10,-7.51147e-07,1.5708,16.2561,16.2606,-2.70266e-25,2.7019e-25
0.0815913,-9.25622e-09,-6.17531e-08,1.89341e-08,5.31632e-09,1.48041e-08,2.79853e-06,17.496,1.56361e-07,3.89172e-11,-7.50904e-07,1.5708,16.254,16.2556,3.56747e-23,-3.56713e-23
0.0815699,-6.84224e-09,-6.10336e-08,5.63806e-09,5.98936e-09,1.33367e-08,2.8002e-06,17.5001,1.56349e-07,5.75541e-10,-7.50626e-07,1.5708,16.252,16.2543,-1.09006e-22,1.08991e-22
0.0815485,-4.1466e-09,-6.04988e-08,-2.58893e-09,6.69911e-09,1.0935e-08,2.80175e-06,17.5042,1.56367e-07,5.98418e-10,-7.50315e-07,1.5708,16.2499,16.2525,6.07662e-23,-6.07565e-23
0.0815272,-1.58556e-09,-6.0239e-08,3.81272e-11,7.36839e-09,7.5418e-09,2.80317e-06,17.5083,1.56402e-07,5.51245e-10,-7.49968e-07,1.5708,16.2479,16.2474,1.08084e-23,-1.08088e-23
0.0815058,-1.65005e-10,-6.07432e-08,-7.35093e-09,7.4333e-09,6.51645e-09,2.80448e-06,17.5123,1.56428e-07,3.15991e-10,-7.49604e-07,1.5708,16.2459,16.2496,-7.50186e-25,7.50014e-25
0.0814845,1.78916e-09,-6.09522e-08,7.52676e-09,7.88729e-09,2.55376e-09,2.80571e-06,17.5164,1.56435e-07,4.199e-10,-7.49226e-07,1.5708,16.2438,16.2395,9.82763e-23,-9.83025e-23
0.0814631,1.71219e-09,-6.23146e-08,-1.67124e-08,7.15488e-09,5.00704e-09,2.80688e-06,17.5205,1.56397e-07,2.44414e-11,-7.48856e-07,1.5708,16.2418,16.2409,4.11227e-23,-4.1125e-23
0.0814417,2.19028e-10,-6.33257e-08,-3.52632e-09,6.56404e-09,5.51631e-09,2.8081e-06,17.5246,1.56298e-07,-4.02605e-10,-7.4852e-07,1.5708,16.2398,16.2348,2.31385e-22,-2.31455e-22
0.0814203,-2.67845e-09,-6.45313e-08,-6.57595e-09,5.46543e-09,9.46602e-09,2.80943e-06,17.5286,1.5614e-07,-6.80212e-10,-7.48226e-07,1.5708,16.2377,16.24,5.30011e-23,-5.29937e-23
0.081399,-3.70525e-09,-6.43419e-08,1.6373e-08,5.46437e-09,8.54041e-09,2.81086e-06,17.5327,1.55956e-07,-2.77895e-10,-7.47959e-07,1.5708,16.2357,16.2364,-1.61927e-23,1.6192e-23
0.0813777,-2.83852e-09,-6.37817e-08,6.76349e-09,5.68686e-09,8.5013e-09,2.81228e-06,17.5368,1.5579e-07,2.46692e-10,-7.47686e-07,1.5708,16.2336,16.2334,-6.17764e-24,6.17774e-24
0.0813564,-2.10138e-09,-6.32215e-08,-6.05562e-09,5.83796e-09,8.91887e-09,2.81366e-06,17.5408,1.5565e-07,1.79212e-10,-7.47404e-07,1.5708,16.2316,16.2344,-1.68191e-25,1.68162e-25
0.0813351,-8.6479e-10,-6.22382e-08,5.64155e-09,6.43845e-09,6.23629e-09,2.81499e-06,17.5449,1.55548e-07,2.46828e-10,-7.47103e-07,1.5708,16.2296,16.2338,2.48784e-25,-2.4872e-25
0.0813138,2.04091e-09,-6.11018e-08,1.04979e-08,7.35971e-09,2.09236e-09,2.81622e-06,17.549,1.55498e-07,6.90093e-10,-7.46763e-07,1.5708,16.2275,16.2262,-3.18302e-23,3.18329e-23
0.0812925,3.76856e-09,-6.10171e-08,-1.34701e-08,7.40087e-09,2.22986e-09,2.81732e-06,17.553,1.55474e-07,4.54676e-10,-7.464e-07,1.5708,16.2255,16.2219,8.26443e-23,-8.26625e-23
0.0812712,2.35821e-09,-6.16934e-08,-1.74461e-08,6.69853e-09,4.28715e-09,2.81842e-06,17.5571,1.55433e-07,-3.58545e-10,-7.46053e-07,1.5708,16.2235,16.2266,1.84878e-25,-1.84843e-25
0.0812499,1.88056e-09,-6.15331e-08,1.62635e-08,6.81792e-09,1.44728e-09,2.81958e-06,17.5612,1.55377e-07,-1.63719e-10,-7.45721e-07,1.5708,16.2214,16.2193,5.13604e-23,-5.13674e-23
0.0812287,1.88228e-09,-6.18953e-08,-1.81012e-09,6.40895e-09,3.18593e-09,2.82073e-06,17.5652,1.55313e-07,8.34101e-11,-7.45397e-07,1.5708,16.2194,16.2163,7.26044e-23,-7.26183e-23
0.0812074,3.30349e-10,-6.24683e-08,-1.25355e-08,5.6806e-09,6.15244e-09,2.82192e-06,17.5693,1.55224e-07,-3.53268e-10,-7.45101e-07,1.5708,16.2174,16.2175,-6.16791e-28,6.16787e-28
0.0811861,-1.24664e-09,-6.24492e-08,5.51125e-09,5.42122e-09,6.32401e-09,2.8232e-06,17.5733,1.55118e-07,-4.1168e-10,-7.4483e-07,1.5708,16.2154,16.2167,7.88574e-26,-7.8851e-26
0.0811649,-1.09498e-09,-6.19667e-08,1.12608e-08,5.58904e-09,5.5852e-09,2.82451e-06,17.5774,1.55025e-07,5.342e-11,-7.44561e-07,1.5708,16.2133,16.2125,7.47248e-27,-7.47287e-27
0.0811436,-6.63338e-10,-6.16817e-08,-3.87614e-09,5.57463e-09,6.5718e-09,2.82579e-06,17.5815,1.54948e-07,1.40326e-10,-7.44287e-07,1.5708,16.2113,16.2139,0,0
0.0811224,3.54602e-10,-6.09901e-08,4.5974e-09,6.03704e-09,4.44706e-09,2.82705e-06,17.5855,1.54895e-07,2.15302e-10,-7.44003e-07,1.5708,16.2093,16.2069,-1.10735e-22,1.10751e-22
0.0811012,3.4346e-10,-6.10303e-08,-8.80241e-09,5.84832e-09,5.77724e-09,2.82827e-06,17.5896,1.54856e-07,1.8898e-11,-7.43712e-07,1.5708,16.2072,16.2098,-6.7342e-25,6.73314e-25
0.08108,8.32237e-10,-6.06132e-08,7.0421e-09,6.1898e-09,3.55674e-09,2.82948e-06,17.5936,1.54824e-07,7.98831e-11,-7.43416e-07,1.5708,16.2052,16.2052,2.32751e-27,-2.3275e-27
0.0810588,1.68205e-09,-6.053e-08,6.35388e-10,6.30294e-09,3.08795e-09,2.83066e-06,17.5977,1.54803e-07,2.32535e-10,-7.4311e-07,1.5708,16.2032,16.2041,2.16987e-23,-2.16975e-23
0.0810376,2.52829e-09,-6.05039e-08,-1.08135e-09,6.44136e-09,2.13033e-09,2.83179e-06,17.6017,1.54783e-07,2.09804e-10,-7.42797e-07,1.5708,16.2012,16.2002,-2.25108e-23,2.25121e-23
0.0810164,2.5476e-09,-6.08304e-08,-5.36827e-09,6.26627e-09,2.45008e-09,2.8329e-06,17.6058,1.54752e-07,1.71101e-11,-7.42485e-07,1.5708,16.1991,16.1993,0,0
0.0809953,2.29582e-09,-6.10794e-08,6.6813e-10,6.15688e-09,2.08196e-09,2.83402e-06,17.6098,1.54705e-07,-6.22058e-11,-7.42181e-07,1.5708,16.1971,16.1938,7.64543e-23,-7.64697e-23
0.0809741,9.06634e-10,-6.17466e-08,-7.84071e-09,5.54698e-09,4.61108e-09,2.83518e-06,17.6139,1.54632e-07,-3.01579e-10,-7.41894e-07,1.5708,16.1951,16.1944,-3.23916e-23,3.2393e-23
0.0809529,-6.52742e-10,-6.19923e-08,2.00472e-09,5.22223e-09,5.56339e-09,2.83641e-06,17.6179,1.54535e-07,-3.84483e-10,-7.41632e-07,1.5708,16.1931,16.1928,1.36061e-23,-1.36063e-23
0.0809317,-1.42741e-09,-6.19019e-08,5.45058e-09,5.13317e-09,6.20854e-09,2.8377e-06,17.622,1.54432e-07,-1.7187e-10,-7.41379e-07,1.5708,16.191,16.1943,7.61036e-23,-7.60882e-23
0.0809106,-1.70313e-10,-6.11281e-08,1.1699e-08,5.73132e-09,4.02811e-09,2.83897e-06,17.626,1.5435e-07,3.0625e-10,-7.41113e-07,1.5708,16.189,16.1857,-7.89604e-23,7.89768e-23
0.0808895,-1.07855e-10,-6.12136e-08,-1.4464e-08,5.49835e-09,6.55524e-09,2.8402e-06,17.6301,1.54282e-07,6.13181e-11,-7.40838e-07,1.5708,16.187,16.1843,6.28784e-23,-6.28888e-23
0.0808683,-2.1296e-09,-6.14396e-08,-9.9042e-09,5.06352e-09,8.64683e-09,2.84149e-06,17.6341,1.54205e-07,-5.28402e-10,-7.40581e-07,1.5708,16.185,16.1828,-8.99383e-25,8.99505e-25
0.0808472,-4.57325e-09,-6.15215e-08,3.03159e-09,4.68719e-09,1.04958e-08,2.84289e-06,17.6382,1.54118e-07,-6.17135e-10,-7.40343e-07,1.5708,16.1829,16.1783,-2.18798e-22,2.18861e-22
0.080826,-7.47763e-09,-6.17903e-08,-3.90707e-09,4.0094e-09,1.49818e-08,2.84442e-06,17.6422,1.54019e-07,-6.85952e-10,-7.40132e-07,1.5708,16.1809,16.1789,-4.11011e-25,4.11062e-25
0.0808049,-1.00746e-08,-6.15504e-08,3.00135e-09,3.73222e-09,1.77799e-08,2.84608e-06,17.6462,1.5392e-07,-6.63116e-10,-7.39945e-07,1.5708,16.1789,16.1808,-4.53274e-23,4.53221e-23
0.0807838,-1.03409e-08,-6.04972e-08,1.53895e-08,4.30166e-09,1.71602e-08,2.84781e-06,17.6503,1.53852e-07,-1.12582e-10,-7.3975e-07,1.5708,16.1769,16.1723,1.08426e-22,-1.08456e-22
0.0807626,-1.12133e-08,-6.02721e-08,-1.19133e-08,4.13789e-09,2.12742e-08,2.84956e-06,17.6543,1.53814e-07,-2.06424e-10,-7.39545e-07,1.5708,16.1749,16.1701,-1.11226e-22,1.11258e-22
0.0807415,-1.42583e-08,-6.0349e-08,-1.24042e-08,3.69052e-09,2.54804e-08,2.8514e-06,17.6584,1.53778e-07,-8.28662e-10,-7.39356e-07,1.5708,16.1728,16.1704,1.43658e-25,-1.4368e-25
0.0807204,-1.72962e-08,-6.01134e-08,6.72178e-09,3.57178e-09,2.78082e-08,2.8534e-06,17.6624,1.53744e-07,-8.45878e-10,-7.39181e-07,1.5708,16.1708,16.1709,3.03814e-24,-3.03812e-24
0.0806993,-1.80723e-08,-5.94121e-08,1.42243e-08,4.02588e-09,2.85257e-08,2.85549e-06,17.6664,1.53734e-07,-2.62989e-10,-7.38997e-07,1.5708,16.1688,16.1719,7.30621e-23,-7.30481e-23
0.0806783,-1.60419e-08,-5.8295e-08,1.26126e-08,5.15006e-09,2.6626e-08,2.85753e-06,17.6705,1.53768e-07,4.09177e-10,-7.38772e-07,1.5708,16.1668,16.1636,7.53208e-23,-7.53358e-23
0.0806572,-1.51537e-08,-5.83012e-08,-1.55127e-08,5.42162e-09,2.87547e-08,2.85949e-06,17.6745,1.53828e-07,1.47746e-10,-7.38514e-07,1.5708,16.1648,16.1685,-9.99643e-25,9.99411e-25
0.0806362,-1.37958e-08,-5.7837e-08,9.03931e-09,6.41362e-09,2.50044e-08,2.8614e-06,17.6785,1.53898e-07,1.4696e-10,-7.38223e-07,1.5708,16.1627,16.1673,-1.85883e-24,1.85831e-24
0.0806152,-1.00841e-08,-5.74159e-08,1.51595e-08,7.69527e-09,2.00813e-08,2.86318e-06,17.6826,1.53989e-07,8.03746e-10,-7.37874e-07,1.5708,16.1607,16.1656,1.15213e-22,-1.15178e-22
0.0805943,-4.81381e-09,-5.7341e-08,3.82105e-09,8.97802e-09,1.48224e-08,2.86472e-06,17.6866,1.5409e-07,1.21139e-09,-7.37462e-07,1.5708,16.1587,16.1553,8.09902e-23,-8.10074e-23
0.0805733,-2.87682e-09,-5.89245e-08,-2.66965e-08,8.76134e-09,1.55365e-08,2.86607e-06,17.6906,1.54148e-07,4.25884e-10,-7.37024e-07,1.5708,16.1567,16.1531,-8.55975e-23,8.56165e-23
0.0805523,-4.72632e-09,-6.09881e-08,-1.5086e-08,7.90675e-09,1.67755e-08,2.86743e-06,17.6946,1.54111e-07,-5.59843e-10,-7.36614e-07,1.5708,16.1547,16.1547,5.22035e-25,-5.22036e-25
0.0805313,-6.2748e-09,-6.23382e-08,1.23008e-08,7.45298e-09,1.61162e-08,2.86887e-06,17.6987,1.53986e-07,-4.48083e-10,-7.36236e-07,1.5708,16.1527,16.1556,-5.93933e-25,5.93827e-25
0.0805103,-4.89451e-09,-6.27134e-08,1.71284e-08,7.68864e-09,1.40533e-08,2.87031e-06,17.7027,1.53816e-07,3.32983e-10,-7.35863e-07,1.5708,16.1507,16.1512,0,0
0.0804893,-2.77051e-09,-6.29532e-08,-3.88607e-09,7.82237e-09,1.35878e-08,2.87165e-06,17.7067,1.53629e-07,5.29831e-10,-7.35481e-07,1.5708,16.1486,16.1462,-5.66836e-23,5.6692e-23
0.0804684,-2.7938e-09,-6.3439e-08,-1.55244e-08,7.43049e-09,1.48368e-08,2.87293e-06,17.7108,1.53421e-07,-4.16907e-11,-7.35106e-07,1.5708,16.1466,16.1422,-1.077e-22,1.0773e-22
0.0804474,-5.39313e-09,-6.40506e-08,-1.08947e-08,6.54762e-09,1.7719e-08,2.87429e-06,17.7148,1.53182e-07,-6.83174e-10,-7.34764e-07,1.5708,16.1446,16.1427,-4.47779e-23,4.47831e-23
0.0804264,-7.98692e-09,-6.39695e-08,6.58915e-09,5.98863e-09,1.93881e-08,2.87577e-06,17.7188,1.52928e-07,-6.76263e-10,-7.34457e-07,1.5708,16.1426,16.1452,6.12174e-23,-6.12074e-23
0.0804054,-7.68191e-09,-6.27669e-08,1.87649e-08,6.35129e-09,1.7999e-08,2.87731e-06,17.7228,1.52706e-07,5.00636e-11,-7.34154e-07,1.5708,16.1406,16.142,0,0
0.0803845,-5.6077e-09,-6.14185e-08,3.28753e-09,6.86297e-09,1.71235e-08,2.87877e-06,17.7268,1.52547e-07,5.08e-10,-7.33829e-07,1.5708,16.1386,16.1407,-4.43978e-25,4.43918e-25
0.0803636,-3.31961e-09,-6.01117e-08,-2.04338e-09,7.46736e-09,1.49026e-08,2.88012e-06,17.7309,1.52452e-07,5.04251e-10,-7.33476e-07,1.5708,16.1366,16.1344,1.34872e-25,-1.3489e-25
0.0803427,-2.88999e-09,-5.97152e-08,-1.24079e-08,7.31218e-09,1.54664e-08,2.8814e-06,17.7349,1.52398e-07,6.74392e-11,-7.33112e-07,1.5708,16.1346,16.1377,-6.56384e-25,6.56255e-25
0.0803218,-1.93139e-09,-5.89557e-08,9.89423e-09,7.67958e-09,1.20895e-08,2.88265e-06,17.7389,1.5237e-07,1.52379e-10,-7.32742e-07,1.5708,16.1326,16.129,-5.17223e-25,5.17336e-25
0.0803009,-1.94926e-09,-5.92585e-08,-9.73599e-09,7.1173e-09,1.41056e-08,2.88387e-06,17.7429,1.52351e-07,2.54073e-11,-7.32378e-07,1.5708,16.1306,16.133,-5.86787e-23,5.86697e-23
0.08028,-1.52506e-09,-5.90396e-08,6.34665e-09,7.15635e-09,1.1998e-08,2.88508e-06,17.7469,1.52328e-07,4.6525e-11,-7.32027e-07,1.5708,16.1285,16.13,-3.40855e-23,3.40825e-23
0.0802592,-8.14152e-11,-5.88928e-08,5.81242e-09,7.24621e-09,1.02495e-08,2.88624e-06,17.7509,1.52312e-07,3.52429e-10,-7.31673e-07,1.5708,16.1265,16.1246,4.48063e-23,-4.48116e-23
0.0802383,3.64583e-10,-5.93506e-08,-1.04123e-08,6.791e-09,1.12854e-08,2.88734e-06,17.7549,1.52285e-07,1.27165e-10,-7.31328e-07,1.5708,16.1245,16.1293,1.13164e-22,-1.1313e-22
0.0802175,1.95447e-09,-5.90021e-08,1.23586e-08,7.20042e-09,6.97034e-09,2.8884e-06,17.759,1.52254e-07,3.28761e-10,-7.30983e-07,1.5708,16.1225,16.1268,1.00382e-22,-1.00356e-22
0.0801967,5.51874e-09,-5.86066e-08,1.02585e-08,7.80966e-09,2.59806e-09,2.88932e-06,17.763,1.52241e-07,8.90468e-10,-7.30613e-07,1.5708,16.1205,16.119,3.67881e-23,-3.67917e-23
0.0801758,7.43792e-09,-5.92255e-08,-1.74852e-08,7.4866e-09,2.76031e-09,2.8901e-06,17.767,1.52217e-07,5.21633e-10,-7.30236e-07,1.5708,16.1185,16.1163,-5.24647e-23,5.24719e-23
0.080155,6.41754e-09,-6.0222e-08,-1.40946e-08,6.69085e-09,3.47434e-09,2.89086e-06,17.771,1.52151e-07,-2.59274e-10,-7.29888e-07,1.5708,16.1165,16.1177,-2.73772e-23,2.73753e-23
0.0801342,5.57077e-09,-6.06317e-08,9.86636e-09,6.3214e-09,1.9483e-09,2.89167e-06,17.775,1.52047e-07,-2.07012e-10,-7.29569e-07,1.5708,16.1145,16.1133,-2.75652e-23,2.75672e-23
0.0801133,5.31657e-09,-6.10208e-08,1.42701e-09,5.80712e-09,2.93364e-09,2.89251e-06,17.779,1.51921e-07,2.39965e-11,-7.29272e-07,1.5708,16.1125,16.1106,4.62433e-23,-4.62489e-23
0.0800925,4.32248e-09,-6.13229e-08,-7.36324e-09,5.1782e-09,4.8953e-09,2.89337e-06,17.783,1.51775e-07,-1.8576e-10,-7.29004e-07,1.5708,16.1105,16.1143,-1.01023e-24,1.00999e-24
0.0800717,4.79237e-09,-6.05665e-08,1.35418e-08,5.49175e-09,2.07179e-09,2.89425e-06,17.787,1.5164e-07,1.10987e-10,-7.28743e-07,1.5708,16.1085,16.1125,9.25713e-23,-9.25485e-23
0.080051,7.55466e-09,-5.94845e-08,1.13609e-08,6.19403e-09,-1.35709e-09,2.89505e-06,17.791,1.51551e-07,7.3025e-10,-7.28456e-07,1.5708,16.1065,16.1026,8.96588e-23,-8.96802e-23
0.0800302,8.07175e-09,-5.96163e-08,-2.26455e-08,5.73406e-09,1.14692e-09,2.89575e-06,17.795,1.51482e-07,2.16274e-10,-7.28164e-07,1.5708,16.1045,16.1,1.05751e-22,-1.0578e-22
0.0800093,4.97696e-09,-6.0168e-08,-1.70043e-08,4.75198e-09,4.24296e-09,2.89653e-06,17.799,1.51393e-07,-7.55099e-10,-7.27909e-07,1.5708,16.1025,16.1052,-6.56768e-23,6.56657e-23
0.0799886,3.44762e-09,-5.96058e-08,2.14904e-08,4.81095e-09,2.17426e-09,2.89743e-06,17.803,1.51304e-07,-3.84195e-10,-7.27676e-07,1.5708,16.1005,16.0962,2.05826e-22,-2.05881e-22
0.0799678,2.27766e-09,-5.97e-08,-5.36452e-09,4.18878e-09,6.21989e-09,2.89838e-06,17.807,1.51224e-07,-1.53201e-10,-7.27457e-07,1.5708,16.0985,16.0939,0,0
0.079947,-8.00369e-10,-5.99172e-08,-1.43974e-08,3.33789e-09,1.0929e-08,2.89944e-06,17.811,1.51134e-07,-7.16507e-10,-7.27276e-07,1.5708,16.0965,16.1008,-1.7861e-24,1.78562e-24
0.0799262,-1.59665e-09,-5.87177e-08,2.31466e-08,3.91453e-09,8.19528e-09,2.90061e-06,17.815,1.5107e-07,-2.43437e-10,-7.271e-07,1.5708,16.0945,16.0916,-6.93912e-23,6.94038e-23
0.0799055,-1.58708e-09,-5.82547e-08,-3.10293e-09,3.89201e-09,1.08345e-08,2.90178e-06,17.819,1.51045e-07,9.1358e-11,-7.26911e-07,1.5708,16.0925,16.0929,-9.67954e-24,9.6793e-24
0.0798847,-1.75512e-09,-5.76417e-08,-2.94107e-09,4.16226e-09,1.10587e-08,2.90296e-06,17.823,1.51046e-07,-6.13519e-11,-7.26715e-07,1.5708,16.0905,16.0927,-5.23141e-23,5.2307e-23
0.079864,-1.01086e-09,-5.68792e-08,8.3094e-09,4.80915e-09,9.0285e-09,2.90412e-06,17.827,1.51081e-07,1.50363e-10,-7.26496e-07,1.5708,16.0885,16.0911,0,0
0.0798433,1.12398e-09,-5.62614e-08,6.74164e-09,5.60899e-09,6.49908e-09,2.90521e-06,17.831,1.51149e-07,5.23005e-10,-7.26241e-07,1.5708,16.0865,16.0895,0,0
0.0798227,3.95129e-09,-5.59496e-08,1.2222e-09,6.42211e-09,3.42641e-09,2.90616e-06,17.835,1.51238e-07,6.89021e-10,-7.25945e-07,1.5708,16.0845,16.0872,0,0
0.079802,6.69116e-09,-5.60768e-08,-1.49987e-09,7.08355e-09,1.031e-10,2.90698e-06,17.839,1.5133e-07,6.64018e-10,-7.25612e-07,1.5708,16.0825,16.0783,1.00202e-22,-1.00228e-22
0.0797813,6.40538e-09,-5.75533e-08,-2.0701e-08,6.49557e-09,2.16986e-09,2.90774e-06,17.843,1.51377e-07,-2.89636e-11,-7.25279e-07,1.5708,16.0805,16.0811,1.43072e-23,-1.43067e-23
0.0797606,5.17363e-09,-5.86241e-08,2.86111e-09,6.22219e-09,1.17325e-09,2.90854e-06,17.8469,1.51359e-07,-3.25707e-10,-7.24967e-07,1.5708,16.0785,16.0777,-1.04919e-25,1.04925e-25
0.07974,4.45533e-09,-5.95962e-08,4.8872e-09,5.89115e-09,1.71573e-09,2.90938e-06,17.8509,1.51286e-07,-1.15096e-10,-7.2467e-07,1.5708,16.0765,16.0794,6.88331e-23,-6.88207e-23
0.0797193,5.44766e-09,-5.97848e-08,9.54024e-09,6.18746e-09,-1.45419e-10,2.91022e-06,17.8549,1.51184e-07,2.83113e-10,-7.24374e-07,1.5708,16.0745,16.0779,7.99544e-23,-7.99376e-23
0.0796987,7.86792e-09,-5.95885e-08,5.44809e-09,6.79467e-09,-2.96738e-09,2.91097e-06,17.8589,1.51081e-07,6.3735e-10,-7.24055e-07,1.5708,16.0725,16.0699,-1.27685e-22,1.27706e-22
0.079678,8.32468e-09,-6.0169e-08,-1.74279e-08,6.51295e-09,-1.5036e-09,2.91164e-06,17.8629,1.50964e-07,1.79957e-10,-7.23728e-07,1.5708,16.0705,16.0749,-1.04251e-22,1.04222e-22
0.0796574,9.1302e-09,-5.98452e-08,9.91049e-09,7.01404e-09,-5.50539e-09,2.9123e-06,17.8669,1.5084e-07,1.71209e-10,-7.23395e-07,1.5708,16.0686,16.0694,0,0
0.0796368,1.05998e-08,-5.97603e-08,2.71458e-09,7.22274e-09,-6.92002e-09,2.91289e-06,17.8709,1.50725e-07,4.4454e-10,-7.23045e-07,1.5708,16.0666,16.0703,8.87805e-23,-8.87597e-23
0.0796162,1.28748e-08,-5.9346e-08,3.53598e-09,7.73648e-09,-1.01959e-08,2.91339e-06,17.8748,1.5062e-07,6.09255e-10,-7.22676e-07,1.5708,16.0646,16.062,-1.55105e-25,1.55129e-25
0.0795956,1.31521e-08,-5.98125e-08,-1.59134e-08,7.30865e-09,-8.98882e-09,2.91382e-06,17.8788,1.5051e-07,1.64609e-10,-7.22306e-07,1.5708,16.0626,16.0632,1.50273e-23,-1.50267e-23
0.079575,1.23396e-08,-5.9992e-08,-9.37882e-10,7.02715e-09,-9.84772e-09,2.91427e-06,17.8828,1.50382e-07,-1.64233e-10,-7.21953e-07,1.5708,16.0606,16.0636,0,0
0.0795545,1.29809e-08,-5.96317e-08,1.28611e-08,7.20114e-09,-1.24002e-08,2.91473e-06,17.8868,1.50257e-07,2.31282e-10,-7.21603e-07,1.5708,16.0586,16.0595,-2.1861e-23,2.18598e-23
0.0795339,1.42876e-08,-5.94153e-08,-8.74947e-10,7.19824e-09,-1.30632e-08,2.91514e-06,17.8908,1.50145e-07,4.4471e-10,-7.21249e-07,1.5708,16.0566,16.06,-8.16511e-23,8.16338e-23
0.0795133,1.59801e-08,-5.89055e-08,1.7361e-09,7.49524e-09,-1.58839e-08,2.91548e-06,17.8947,1.50049e-07,4.84209e-10,-7.20887e-07,1.5708,16.0546,16.0538,-4.0169e-23,4.01711e-23
0.0794928,1.64509e-08,-5.90021e-08,-9.13439e-09,7.18966e-09,-1.58627e-08,2.91576e-06,17.8987,1.4996e-07,2.23511e-10,-7.20526e-07,1.5708,16.0526,16.0574,-1.13933e-22,1.13899e-22
0.0794723,1.77653e-08,-5.84725e-08,1.01505e-08,7.52686e-09,-1.99299e-08,2.91602e-06,17.9027,1.49881e-07,3.78191e-10,-7.20163e-07,1.5708,16.0506,16.0471,-7.44281e-25,7.44445e-25
0.0794517,1.74735e-08,-5.90318e-08,-1.4759e-08,6.75863e-09,-1.75921e-08,2.91623e-06,17.9066,1.49797e-07,9.47309e-11,-7.19812e-07,1.5708,16.0487,16.0466,4.91993e-23,-4.92056e-23
0.0794311,1.51177e-08,-5.95837e-08,-9.49528e-09,5.84084e-09,-1.5649e-08,2.91653e-06,17.9106,1.49683e-07,-4.87383e-10,-7.19504e-07,1.5708,16.0467,16.0504,8.81677e-23,-8.81473e-23
0.0794106,1.45255e-08,-5.90792e-08,1.85571e-08,5.87472e-09,-1.81385e-08,2.9169e-06,17.9146,1.49567e-07,-6.96493e-11,-7.19216e-07,1.5708,16.0447,16.0423,5.76411e-23,-5.76497e-23
0.0793901,1.41482e-08,-5.91002e-08,-5.86317e-09,5.33187e-09,-1.56435e-08,2.9173e-06,17.9186,1.49461e-07,9.03597e-11,-7.18942e-07,1.5708,16.0427,16.0412,-3.65255e-23,3.6529e-23
0.0793695,1.24709e-08,-5.90616e-08,-9.22993e-09,4.75362e-09,-1.35976e-08,2.91775e-06,17.9225,1.49353e-07,-3.16215e-10,-7.18697e-07,1.5708,16.0407,16.0422,3.46569e-23,-3.46538e-23
0.079349,1.13227e-08,-5.84606e-08,8.49331e-09,4.70124e-09,-1.42755e-08,2.91828e-06,17.9265,1.49261e-07,-2.16754e-10,-7.18466e-07,1.5708,16.0387,16.037,-4.14653e-23,4.14698e-23
0.0793285,1.03341e-08,-5.81482e-08,-1.7746e-09,4.37854e-09,-1.23267e-08,2.91885e-06,17.9305,1.49189e-07,-1.14385e-10,-7.18245e-07,1.5708,16.0367,16.0357,5.23603e-23,-5.23638e-23
0.079308,8.89927e-09,-5.78217e-08,-3.74502e-09,4.08928e-09,-1.06141e-08,2.9195e-06,17.9344,1.49132e-07,-2.68058e-10,-7.1804e-07,1.5708,16.0348,16.0355,-1.75839e-23,1.75831e-23
0.0792875,7.96241e-09,-5.72232e-08,5.24727e-09,4.14493e-09,-1.0583e-08,2.9202e-06,17.9384,1.49097e-07,-1.69887e-10,-7.1784e-07,1.5708,16.0328,16.0331,0,0
0.079267,7.74598e-09,-5.66787e-08,3.07453e-09,4.28317e-09,-1.03201e-08,2.92094e-06,17.9424,1.4909e-07,2.7341e-11,-7.17635e-07,1.5708,16.0308,16.0351,-1.81268e-24,1.81219e-24
0.0792466,9.32461e-09,-5.57206e-08,1.07702e-08,5.06408e-09,-1.3305e-08,2.92164e-06,17.9463,1.49119e-07,4.31081e-10,-7.17406e-07,1.5708,16.0288,16.0267,3.32549e-21,-3.32592e-21
0.0792261,9.82949e-09,-5.58288e-08,-1.2782e-08,5.00994e-09,-1.18596e-08,2.92229e-06,17.9503,1.49167e-07,2.22793e-10,-7.1716e-07,1.5708,16.0268,16.0248,-4.85754e-23,4.85815e-23
0.0792056,8.21312e-09,-5.63602e-08,-1.07319e-08,4.62974e-09,-1.03038e-08,2.92297e-06,17.9542,1.49197e-07,-3.61885e-10,-7.16925e-07,1.5708,16.0249,16.0271,2.8217e-25,-2.8213e-25
0.0791852,7.49699e-09,-5.63703e-08,1.27987e-08,4.84169e-09,-1.19808e-08,2.92372e-06,17.9582,1.49212e-07,-1.5232e-10,-7.16694e-07,1.5708,16.0229,16.0185,-1.07351e-22,1.07381e-22
0.0791647,6.02894e-09,-5.72093e-08,-1.00355e-08,4.23592e-09,-8.05767e-09,2.92452e-06,17.9622,1.49202e-07,-2.3449e-10,-7.16473e-07,1.5708,16.0209,16.0196,7.68403e-26,-7.68463e-26
0.0791442,3.7796e-09,-5.77029e-08,-3.02707e-09,3.88149e-09,-6.08471e-09,2.92541e-06,17.9661,1.49158e-07,-5.20232e-10,-7.16277e-07,1.5708,16.0189,16.0168,1.30263e-25,-1.3028e-25
0.0791238,1.44019e-09,-5.80481e-08,1.61216e-09,3.5684e-09,-3.69513e-09,2.92642e-06,17.9701,1.49091e-07,-5.25451e-10,-7.16097e-07,1.5708,16.0169,16.0167,1.22296e-23,-1.22298e-23
0.0791033,5.07786e-11,-5.79287e-08,6.01438e-09,3.63735e-09,-2.41478e-09,2.92753e-06,17.974,1.49018e-07,-3.02144e-10,-7.15923e-07,1.5708,16.015,16.0116,-8.04956e-23,8.05124e-23
0.0790829,-1.77907e-09,-5.80387e-08,-6.45394e-09,3.40858e-09,1.14562e-09,2.92871e-06,17.978,1.48943e-07,-3.96674e-10,-7.15753e-07,1.5708,16.013,16.0092,1.79052e-22,-1.79094e-22
0.0790624,-4.79739e-09,-5.81679e-08,-6.77947e-09,3.0582e-09,5.04791e-09,2.93001e-06,17.9819,1.48861e-07,-7.3578e-10,-7.15597e-07,1.5708,16.011,16.0131,4.94143e-23,-4.9408e-23
0.079042,-5.99282e-09,-5.73419e-08,1.64887e-08,3.64858e-09,4.3791e-09,2.93143e-06,17.9859,1.48796e-07,-3.33589e-10,-7.15435e-07,1.5708,16.009,16.0051,9.55196e-23,-9.55432e-23
0.0790216,-7.11023e-09,-5.71695e-08,-6.3808e-09,3.64259e-09,8.25126e-09,2.93289e-06,17.9898,1.48754e-07,-2.29128e-10,-7.15259e-07,1.5708,16.0071,16.0091,5.0015e-23,-5.00084e-23
0.0790012,-7.34824e-09,-5.63631e-08,6.84066e-09,4.36904e-09,7.43946e-09,2.93439e-06,17.9938,1.48737e-07,-1.29236e-10,-7.15064e-07,1.5708,16.0051,16.0059,1.96583e-23,-1.96573e-23
0.0789809,-6.52968e-09,-5.57296e-08,5.26637e-09,5.12674e-09,6.77625e-09,2.93587e-06,17.9977,1.48754e-07,1.68341e-10,-7.14832e-07,1.5708,16.0031,16.0016,9.31813e-26,-9.31901e-26
0.0789605,-6.28245e-09,-5.572e-08,-7.28434e-09,5.44869e-09,7.90569e-09,2.93732e-06,18.0017,1.48785e-07,3.32537e-11,-7.14573e-07,1.5708,16.0011,15.9988,5.43292e-23,-5.43369e-23
0.0789401,-7.42862e-09,-5.61458e-08,-7.33454e-09,5.43491e-09,9.54042e-09,2.93879e-06,18.0056,1.48803e-07,-3.39126e-10,-7.14306e-07,1.5708,15.9992,15.998,-2.84239e-23,2.8426e-23
0.0789198,-8.79267e-09,-5.65605e-08,2.5438e-09,5.46222e-09,1.04932e-08,2.94033e-06,18.0096,1.48798e-07,-3.9522e-10,-7.1404e-07,1.5708,15.9972,16.0016,-4.3698e-25,4.3686e-25
0.0788994,-7.40398e-09,-5.61632e-08,1.93604e-08,6.38581e-09,7.31434e-09,2.94186e-06,18.0135,1.48793e-07,2.74385e-10,-7.13748e-07,1.5708,15.9952,15.9913,9.29277e-23,-9.29502e-23
0.0788791,-6.85074e-09,-5.68637e-08,-1.4988e-08,6.2738e-09,1.02569e-08,2.94333e-06,18.0175,1.48776e-07,1.5645e-10,-7.13438e-07,1.5708,15.9932,15.9962,7.1403e-23,-7.13897e-23
0.0788588,-6.30031e-09,-5.68984e-08,4.41781e-09,6.82368e-09,7.81919e-09,2.94479e-06,18.0214,1.4874e-07,1.70413e-11,-7.13115e-07,1.5708,15.9913,15.9954,-1.99675e-22,1.99623e-22
0.0788385,-3.73966e-09,-5.66247e-08,1.45716e-08,7.76197e-09,3.75018e-09,2.94616e-06,18.0254,1.48708e-07,5.68124e-10,-7.12755e-07,1.5708,15.9893,15.9869,-1.17018e-22,1.17036e-22
0.0788182,-2.29622e-09,-5.73666e-08,-1.48162e-08,7.7066e-09,4.96492e-09,2.94742e-06,18.0293,1.48661e-07,3.65904e-10,-7.12374e-07,1.5708,15.9873,15.9832,-9.88797e-23,9.89051e-23
0.0787979,-4.1034e-09,-5.86083e-08,-1.82403e-08,6.97597e-09,7.65312e-09,2.9487e-06,18.0332,1.48561e-07,-4.98132e-10,-7.12013e-07,1.5708,15.9853,15.9882,1.77752e-25,-1.77721e-25
0.0787776,-4.86495e-09,-5.8742e-08,1.75416e-08,7.14339e-09,5.16089e-09,2.95005e-06,18.0372,1.48425e-07,-2.77207e-10,-7.11666e-07,1.5708,15.9834,15.9835,-1.05549e-26,1.05548e-26
0.0787573,-3.87479e-09,-5.88077e-08,6.81839e-09,7.23884e-09,5.12019e-09,2.95138e-06,18.0411,1.48282e-07,2.71083e-10,-7.11312e-07,1.5708,15.9814,15.9808,3.89625e-26,-3.89641e-26
0.078737,-3.23469e-09,-5.88973e-08,-7.79958e-09,7.1644e-09,5.8794e-09,2.95267e-06,18.0451,1.48133e-07,1.48617e-10,-7.10958e-07,1.5708,15.9794,15.9787,-3.34801e-23,3.34816e-23
0.0787168,-3.60959e-09,-5.89127e-08,-4.4958e-09,7.01183e-09,6.11329e-09,2.95395e-06,18.049,1.4798e-07,-1.42198e-10,-7.10609e-07,1.5708,15.9775,15.9809,8.22358e-23,-8.22182e-23
0.0786965,-2.55045e-09,-5.82305e-08,1.33706e-08,7.48181e-09,3.09308e-09,2.95522e-06,18.0529,1.47842e-07,2.02898e-10,-7.10252e-07,1.5708,15.9755,15.9788,-2.03306e-25,2.03265e-25
0.0786763,3.10937e-10,-5.74425e-08,7.65094e-09,8.10738e-09,1.18997e-10,2.95638e-06,18.0569,1.47739e-07,6.99793e-10,-7.09867e-07,1.5708,15.9735,15.9686,1.19913e-22,-1.1995e-22
0.0786561,3.16602e-10,-5.79668e-08,-2.52897e-08,7.40482e-09,3.38662e-09,2.95747e-06,18.0608,1.47639e-07,3.12099e-11,-7.09485e-07,1.5708,15.9716,15.9703,-2.92851e-23,2.92874e-23
0.0786358,-1.78311e-09,-5.82533e-08,-4.53931e-09,6.79923e-09,3.95556e-09,2.95862e-06,18.0647,1.47516e-07,-5.89411e-10,-7.09136e-07,1.5708,15.9696,15.9722,-6.20934e-23,6.20834e-23
0.0786156,-1.93382e-09,-5.77753e-08,1.90752e-08,6.88096e-09,1.8393e-09,2.95982e-06,18.0687,1.47397e-07,-6.20176e-11,-7.088e-07,1.5708,15.9676,15.9656,9.85788e-23,-9.85915e-23
0.0785954,-1.59174e-09,-5.77305e-08,-4.66404e-09,6.4945e-09,3.83102e-09,2.96101e-06,18.0726,1.47288e-07,1.4625e-10,-7.08471e-07,1.5708,15.9657,15.9674,-7.85549e-26,7.85462e-26
0.0785752,-1.1231e-09,-5.7233e-08,5.84626e-10,6.54206e-09,2.75713e-09,2.96219e-06,18.0765,1.47192e-07,7.7518e-11,-7.08151e-07,1.5708,15.9637,15.9636,-6.66312e-24,6.66318e-24
0.078555,-7.83007e-10,-5.6913e-08,-4.73458e-10,6.44545e-09,2.46225e-09,2.96334e-06,18.0805,1.47114e-07,7.33106e-11,-7.07832e-07,1.5708,15.9617,15.9603,6.99342e-23,-6.99406e-23
0.0785348,-1.17324e-09,-5.68766e-08,-5.05115e-09,6.07721e-09,3.43175e-09,2.96449e-06,18.0844,1.47042e-07,-9.78283e-11,-7.07524e-07,1.5708,15.9598,15.9553,-1.10558e-22,1.10589e-22
0.0785145,-3.4675e-09,-5.73257e-08,-1.14124e-08,5.15374e-09,6.99695e-09,2.96571e-06,18.0883,1.46958e-07,-5.59333e-10,-7.0725e-07,1.5708,15.9578,15.9606,-6.65234e-23,6.65119e-23
0.0784944,-4.26289e-09,-5.67263e-08,1.62533e-08,5.23647e-09,5.33844e-09,2.96701e-06,18.0922,1.46877e-07,-2.51628e-10,-7.06996e-07,1.5708,15.9558,15.9591,-7.95723e-23,7.95559e-23
0.0784742,-2.19471e-09,-5.57633e-08,1.4505e-08,5.80528e-09,3.0205e-09,2.96827e-06,18.0962,1.46834e-07,5.19428e-10,-7.06725e-07,1.5708,15.9539,15.9511,-1.75619e-25,1.7565e-25
0.0784541,-1.34952e-09,-5.57632e-08,-1.72339e-08,5.5407e-09,5.17942e-09,2.96945e-06,18.1001,1.46813e-07,2.38268e-10,-7.06447e-07,1.5708,15.9519,15.9559,0,0
0.0784339,-4.05163e-10,-5.51492e-08,6.89671e-09,6.01695e-09,1.61075e-09,2.9706e-06,18.104,1.46806e-07,1.3636e-10,-7.06163e-07,1.5708,15.95,15.9503,8.51662e-24,-8.51643e-24
0.0784138,9.18137e-10,-5.50419e-08,2.05508e-09,6.15702e-09,4.29833e-10,2.97168e-06,18.1079,1.46815e-07,3.31912e-10,-7.05864e-07,1.5708,15.948,15.9462,-8.69161e-23,8.69259e-23
0.0783937,1.02125e-09,-5.55173e-08,-1.03835e-08,5.79266e-09,1.51025e-09,2.97272e-06,18.1118,1.46812e-07,3.7025e-11,-7.05571e-07,1.5708,15.946,15.9471,2.62934e-23,-2.62916e-23
0.0783735,8.62527e-10,-5.57314e-08,2.64504e-09,5.70607e-09,3.76783e-10,2.97378e-06,18.1158,1.4679e-07,-7.29311e-11,-7.0529e-07,1.5708,15.9441,15.9402,-9.3311e-23,9.33334e-23
0.0783534,-5.01797e-10,-5.65337e-08,-8.55315e-09,4.97385e-09,3.19098e-09,2.97486e-06,18.1197,1.46739e-07,-2.98079e-10,-7.05029e-07,1.5708,15.9421,15.9438,-1.06364e-25,1.06353e-25
0.0783333,-1.14239e-09,-5.65468e-08,8.51624e-09,4.9363e-09,2.30823e-09,2.976e-06,18.1236,1.46667e-07,-1.85167e-10,-7.04787e-07,1.5708,15.9402,15.944,-1.05544e-24,1.05519e-24
0.0783132,6.6069e-10,-5.59513e-08,1.46942e-08,5.53119e-09,-5.5646e-10,2.97711e-06,18.1275,1.4661e-07,4.46728e-10,-7.0453e-07,1.5708,15.9382,15.9382,-7.48491e-25,7.48492e-25
0.0782931,2.51186e-09,-5.58306e-08,-7.18341e-09,5.72277e-09,-7.35054e-10,2.97812e-06,18.1314,1.46568e-07,4.9198e-10,-7.04255e-07,1.5708,15.9362,15.9373,-5.35319e-23,5.35282e-23
0.078273,3.40815e-09,-5.57681e-08,-5.14533e-09,5.89981e-09,-2.1488e-09,2.97906e-06,18.1353,1.46528e-07,1.91984e-10,-7.03969e-07,1.5708,15.9343,15.9392,1.18964e-22,-1.18927e-22
0.078253,5.62463e-09,-5.52373e-08,1.30334e-08,6.6442e-09,-6.86656e-09,2.97994e-06,18.1393,1.46503e-07,5.14166e-10,-7.03661e-07,1.5708,15.9323,15.9303,4.95633e-23,-4.95696e-23
0.0782329,6.84754e-09,-5.57311e-08,-1.20132e-08,6.43463e-09,-6.07739e-09,2.98071e-06,18.1432,1.46475e-07,3.73098e-10,-7.03339e-07,1.5708,15.9304,15.9306,9.00633e-27,-9.00619e-27
0.0782129,6.66515e-09,-5.61971e-08,-6.07711e-09,6.20605e-09,-6.64085e-09,2.98147e-06,18.1471,1.46422e-07,-4.75508e-11,-7.03029e-07,1.5708,15.9284,15.9259,-3.12219e-25,3.12267e-25
0.0781928,5.18965e-09,-5.6947e-08,-4.95293e-09,5.56691e-09,-5.0824e-09,2.98227e-06,18.151,1.46334e-07,-3.20783e-10,-7.02741e-07,1.5708,15.9265,15.9253,-5.55595e-23,5.55634e-23
0.0781727,3.53004e-09,-5.73799e-08,1.45541e-09,5.05327e-09,-3.77499e-09,2.98315e-06,18.1549,1.46216e-07,-3.67126e-10,-7.02482e-07,1.5708,15.9245,15.9226,-4.38797e-25,4.38849e-25
0.0781527,1.87394e-09,-5.76029e-08,-3.34257e-10,4.55261e-09,-1.60517e-09,2.98412e-06,18.1588,1.46079e-07,-3.50667e-10,-7.02248e-07,1.5708,15.9225,15.9252,6.41567e-23,-6.41459e-23
0.0781326,1.9056e-09,-5.69195e-08,1.17727e-08,4.84769e-09,-2.9078e-09,2.98512e-06,18.1627,1.45954e-07,2.11516e-11,-7.02018e-07,1.5708,15.9206,15.9238,0,0
0.0781126,3.90221e-09,-5.58976e-08,8.78599e-09,5.53435e-09,-5.18828e-09,2.98608e-06,18.1666,1.45871e-07,5.24448e-10,-7.01764e-07,1.5708,15.9186,15.9211,-5.86817e-23,5.86728e-23
0.0780927,6.37306e-09,-5.5077e-08,-1.78479e-09,6.17318e-09,-7.37021e-09,2.98692e-06,18.1705,1.45832e-07,6.32241e-10,-7.01476e-07,1.5708,15.9167,15.9178,0,0
0.0780727,7.93579e-09,-5.47363e-08,-6.37698e-09,6.49862e-09,-9.07306e-09,2.98766e-06,18.1744,1.4582e-07,3.94081e-10,-7.01165e-07,1.5708,15.9147,15.9162,-1.61055e-25,1.6104e-25
0.0780527,8.92319e-09,-5.4659e-08,-6.41325e-10,6.69737e-09,-1.11238e-08,2.98834e-06,18.1783,1.45817e-07,2.53887e-10,-7.0084e-07,1.5708,15.9128,15.9152,0,0
0.0780327,1.03314e-08,-5.46479e-08,4.38615e-09,6.94823e-09,-1.36627e-08,2.98896e-06,18.1822,1.45813e-07,3.82843e-10,-7.00504e-07,1.5708,15.9108,15.9157,-1.19351e-22,1.19314e-22
0.0780128,1.31737e-08,-5.44284e-08,8.69388e-09,7.54725e-09,-1.79823e-08,2.98948e-06,18.1861,1.45815e-07,7.44624e-10,-7.00146e-07,1.5708,15.9089,15.908,2.26196e-23,-2.2621e-23
0.0779928,1.46702e-08,-5.51422e-08,-1.36956e-08,7.28654e-09,-1.80182e-08,2.98989e-06,18.19,1.458e-07,4.68111e-10,-6.99781e-07,1.5708,15.9069,15.9023,1.11595e-22,-1.11627e-22
0.0779728,1.24668e-08,-5.66199e-08,-2.1203e-08,6.11228e-09,-1.49065e-08,2.99032e-06,18.1939,1.45726e-07,-4.70033e-10,-6.99453e-07,1.5708,15.905,15.9066,-4.02682e-23,4.0264e-23
0.0779529,1.04296e-08,-5.71146e-08,1.23321e-08,5.67582e-09,-1.6035e-08,2.99087e-06,18.1978,1.45602e-07,-4.72087e-10,-6.99164e-07,1.5708,15.903,15.907,-9.72359e-23,9.72119e-23
0.077933,1.15546e-08,-5.67552e-08,1.9507e-08,5.95742e-09,-1.84671e-08,2.99144e-06,18.2017,1.45473e-07,3.85967e-10,-6.98879e-07,1.5708,15.9011,15.9,-4.73099e-26,4.7313e-26
0.077913,1.25859e-08,-5.68116e-08,-1.10787e-08,5.73115e-09,-1.70459e-08,2.99195e-06,18.2056,1.4535e-07,3.96413e-10,-6.98592e-07,1.5708,15.8991,15.9013,-3.32992e-25,3.32946e-25
0.0778931,1.29007e-08,-5.64584e-08,-2.45147e-09,5.8288e-09,-1.86642e-08,2.99244e-06,18.2095,1.45233e-07,1.09793e-10,-6.98309e-07,1.5708,15.8972,15.8989,3.91405e-25,-3.91364e-25
0.0778732,1.34372e-08,-5.60422e-08,4.27173e-09,5.96887e-09,-2.03795e-08,2.99291e-06,18.2134,1.45134e-07,2.01038e-10,-6.98019e-07,1.5708,15.8952,15.8925,-6.81709e-23,6.81828e-23
0.0778532,1.26276e-08,-5.62667e-08,-1.12323e-08,5.41481e-09,-1.81897e-08,2.99339e-06,18.2173,1.45037e-07,-7.95479e-11,-6.97741e-07,1.5708,15.8933,15.8977,1.03746e-22,-1.03718e-22
0.0778334,1.28811e-08,-5.55799e-08,1.20927e-08,5.74662e-09,-2.11951e-08,2.99389e-06,18.2212,1.44951e-07,9.80359e-11,-6.97467e-07,1.5708,15.8913,15.892,-4.2307e-26,4.23052e-26
0.0778135,1.38552e-08,-5.52119e-08,1.17117e-09,5.82355e-09,-2.16985e-08,2.99436e-06,18.2251,1.4489e-07,3.62726e-10,-6.97183e-07,1.5708,15.8894,15.892,-1.63158e-25,1.63132e-25
0.0777936,1.50817e-08,-5.47541e-08,-1.34583e-10,6.07381e-09,-2.35097e-08,2.99478e-06,18.229,1.44847e-07,3.80513e-10,-6.96891e-07,1.5708,15.8875,15.885,-5.93939e-23,5.9403e-23
0.0777737,1.44574e-08,-5.50896e-08,-1.31776e-08,5.57165e-09,-2.18449e-08,2.99518e-06,18.2329,1.44805e-07,-4.5234e-11,-6.96606e-07,1.5708,15.8855,15.8823,-4.08518e-25,4.08601e-25
0.0777538,1.16571e-08,-5.57184e-08,-9.72658e-09,4.68751e-09,-1.90572e-08,2.99568e-06,18.2368,1.44736e-07,-6.05135e-10,-6.96356e-07,1.5708,15.8836,15.8873,2.36827e-25,-2.36771e-25
0.0777339,1.07825e-08,-5.52494e-08,1.95278e-08,4.84338e-09,-2.11954e-08,2.99628e-06,18.2406,1.44663e-07,-1.60599e-10,-6.96123e-07,1.5708,15.8816,15.8859,-2.69467e-25,2.69395e-25
0.0777141,1.2997e-08,-5.43888e-08,1.4376e-08,5.4941e-09,-2.37771e-08,2.99684e-06,18.2445,1.44622e-07,6.67818e-10,-6.9587e-07,1.5708,15.8797,15.8753,0,0
0.0776942,1.28689e-08,-5.48231e-08,-2.56543e-08,4.91681e-09,-1.99829e-08,2.99735e-06,18.2484,1.44589e-07,1.13769e-10,-6.95615e-07,1.5708,15.8777,15.8765,-3.07954e-23,3.07978e-23
0.0776744,1.02577e-08,-5.51414e-08,-8.02371e-09,4.39577e-09,-1.88025e-08,2.99794e-06,18.2523,1.44535e-07,-6.25613e-10,-6.95389e-07,1.5708,15.8758,15.8762,-3.33018e-26,3.33011e-26
0.0776545,8.39653e-09,-5.50627e-08,1.19789e-08,4.22488e-09,-1.87275e-08,2.99865e-06,18.2562,1.44474e-07,-3.91633e-10,-6.95179e-07,1.5708,15.8738,15.8694,1.10188e-22,-1.10219e-22
0.0776346,6.09121e-09,-5.54824e-08,-8.04381e-09,3.47948e-09,-1.40414e-08,2.99945e-06,18.2601,1.44402e-07,-4.25291e-10,-6.94993e-07,1.5708,15.8719,15.8736,-7.64892e-26,7.6481e-26
0.0776148,4.61287e-09,-5.50053e-08,7.57801e-09,3.57051e-09,-1.38928e-08,3.00037e-06,18.264,1.44331e-07,-3.33004e-10,-6.94822e-07,1.5708,15.87,15.8656,-2.1599e-22,2.1605e-22
0.0775949,2.38516e-09,-5.50911e-08,-8.13057e-09,3.07623e-09,-9.62637e-09,3.00136e-06,18.2678,1.44268e-07,-4.52052e-10,-6.94662e-07,1.5708,15.868,15.866,-4.91551e-23,4.91613e-23
0.0775751,-3.99734e-10,-5.49092e-08,-1.7516e-09,2.80076e-09,-6.79685e-09,3.0025e-06,18.2717,1.44206e-07,-6.61129e-10,-6.94521e-07,1.5708,15.8661,15.8616,2.17955e-22,-2.18017e-22
0.0775552,-3.88387e-09,-5.49127e-08,-3.73241e-09,2.29698e-09,-2.16793e-09,3.00378e-06,18.2756,1.44147e-07,-8.14152e-10,-6.944e-07,1.5708,15.8641,15.8629,3.08297e-23,-3.08322e-23
0.0775354,-6.62222e-09,-5.44099e-08,6.59501e-09,2.29061e-09,3.90405e-10,3.00523e-06,18.2795,1.44101e-07,-6.72632e-10,-6.94292e-07,1.5708,15.8622,15.8579,1.03558e-22,-1.03586e-22
0.0775155,-9.4324e-09,-5.4174e-08,-3.63376e-09,2.05477e-09,5.17006e-09,3.00681e-06,18.2833,1.44071e-07,-6.65785e-10,-6.94189e-07,1.5708,15.8603,15.864,-1.0589e-24,1.05865e-24
0.0774958,-9.72591e-09,-5.28701e-08,1.83398e-08,3.04401e-09,3.63456e-09,3.00847e-06,18.2872,1.44081e-07,-1.45044e-10,-6.94067e-07,1.5708,15.8583,15.8545,9.45477e-23,-9.45707e-23
0.0774759,-1.01379e-08,-5.25829e-08,-8.87961e-09,3.26126e-09,7.16677e-09,3.01014e-06,18.2911,1.44129e-07,-8.60418e-11,-6.93915e-07,1.5708,15.8564,15.8582,-8.13863e-26,8.13771e-26
0.0774562,-1.024e-08,-5.19829e-08,3.79031e-09,4.03065e-09,6.33497e-09,3.01183e-06,18.295,1.44198e-07,-1.31011e-10,-6.93737e-07,1.5708,15.8545,15.8547,-6.52357e-24,6.52346e-24
0.0774364,-9.70288e-09,-5.1755e-08,4.02831e-09,4.7109e-09,5.93952e-09,3.0135e-06,18.2988,1.44287e-07,6.95223e-11,-6.93524e-07,1.5708,15.8525,15.8561,0,0
0.0774167,-7.59178e-09,-5.14227e-08,9.09574e-09,5.7953e-09,3.05622e-09,3.01511e-06,18.3027,1.44389e-07,4.37391e-10,-6.93266e-07,1.5708,15.8506,15.8523,-6.42285e-26,6.42217e-26
0.077397,-5.05991e-09,-5.1644e-08,-1.25043e-09,6.61579e-09,1.11755e-09,3.01659e-06,18.3066,1.44491e-07,5.68139e-10,-6.9296e-07,1.5708,15.8486,15.853,1.04511e-22,-1.04483e-22
0.0773773,-1.95399e-09,-5.19091e-08,4.03302e-09,7.63158e-09,-3.18103e-09,3.01794e-06,18.3104,1.4458e-07,6.74427e-10,-6.92608e-07,1.5708,15.8467,15.8507,9.60974e-23,-9.60732e-23
0.0773576,1.72115e-09,-5.24769e-08,3.06645e-09,8.53724e-09,-7.66475e-09,3.01911e-06,18.3143,1.44645e-07,8.48891e-10,-6.92208e-07,1.5708,15.8448,15.8431,-8.1874e-23,8.18826e-23
0.0773379,3.27856e-09,-5.41078e-08,-1.6439e-08,8.39151e-09,-7.72807e-09,3.02016e-06,18.3182,1.44651e-07,3.78629e-10,-6.91791e-07,1.5708,15.8428,15.8461,7.91675e-23,-7.91512e-23
0.0773182,4.35436e-09,-5.52477e-08,4.02295e-09,8.58067e-09,-1.12166e-08,3.02114e-06,18.322,1.44585e-07,1.99368e-10,-6.91371e-07,1.5708,15.8409,15.8388,-5.13109e-23,5.13176e-23
0.0772985,4.45111e-09,-5.68289e-08,-6.48656e-09,8.05241e-09,-1.04052e-08,3.0221e-06,18.3259,1.44447e-07,6.65745e-11,-6.90961e-07,1.5708,15.839,15.8345,-1.12117e-22,1.12148e-22
0.0772788,2.14277e-09,-5.85402e-08,-1.48616e-08,6.91827e-09,-6.77016e-09,3.02311e-06,18.3298,1.44223e-07,-5.32635e-10,-6.90594e-07,1.5708,15.837,15.837,4.45471e-27,-4.45473e-27
0.0772591,-1.60044e-10,-5.91297e-08,7.26829e-09,6.37277e-09,-6.11898e-09,3.02424e-06,18.3336,1.43941e-07,-5.78336e-10,-6.90268e-07,1.5708,15.8351,15.8353,4.239e-24,-4.23896e-24
0.0772394,-8.82687e-10,-5.89205e-08,9.53893e-09,6.19439e-09,-5.41461e-09,3.02545e-06,18.3375,1.43648e-07,-1.35626e-10,-6.89959e-07,1.5708,15.8332,15.838,0,0
0.0772198,1.10876e-09,-5.7563e-08,1.404e-08,6.93063e-09,-8.34346e-09,3.02662e-06,18.3414,1.43394e-07,4.94469e-10,-6.89636e-07,1.5708,15.8312,15.8268,-2.18352e-22,2.18413e-22
0.0772001,1.20297e-09,-5.72155e-08,-2.09981e-08,6.51579e-09,-4.98703e-09,3.02774e-06,18.3452,1.4318e-07,8.36395e-11,-6.89306e-07,1.5708,15.8293,15.8271,-5.52117e-23,5.52196e-23
0.0771804,-1.13059e-09,-5.6789e-08,-9.6761e-09,5.99983e-09,-3.19354e-09,3.02892e-06,18.3491,1.42983e-07,-6.21419e-10,-6.88999e-07,1.5708,15.8274,15.8248,6.30462e-23,-6.30565e-23
0.0771607,-3.90424e-09,-5.62662e-08,3.60236e-09,5.44172e-09,-9.68965e-10,3.03023e-06,18.3529,1.42808e-07,-6.87566e-10,-6.88719e-07,1.5708,15.8255,15.8228,-1.29952e-22,1.29973e-22
0.077141,-6.22505e-09,-5.56308e-08,2.31257e-09,4.91064e-09,2.21825e-09,3.03167e-06,18.3568,1.42661e-07,-5.45876e-10,-6.88466e-07,1.5708,15.8235,15.82,8.52954e-23,-8.53143e-23
0.0771213,-8.79182e-09,-5.50245e-08,-3.80773e-09,4.31337e-09,6.26445e-09,3.03323e-06,18.3607,1.42543e-07,-6.24974e-10,-6.88242e-07,1.5708,15.8216,15.8183,-7.23079e-25,7.2323e-25
0.0771016,-1.17284e-08,-5.43582e-08,-1.75847e-09,3.78435e-09,1.00359e-08,3.03492e-06,18.3645,1.42455e-07,-7.5317e-10,-6.88045e-07,1.5708,15.8197,15.8176,5.05205e-23,-5.05271e-23
0.077082,-1.41365e-08,-5.34942e-08,4.51179e-09,3.5356e-09,1.28025e-08,3.03675e-06,18.3684,1.42406e-07,-6.41494e-10,-6.87868e-07,1.5708,15.8177,15.818,-5.86225e-24,5.86216e-24
0.0770624,-1.49037e-08,-5.23298e-08,9.4765e-09,3.78773e-09,1.36945e-08,3.03865e-06,18.3722,1.42406e-07,-2.52561e-10,-6.8769e-07,1.5708,15.8158,15.8179,-3.20802e-25,3.2076e-25
0.0770428,-1.37274e-08,-5.1053e-08,8.87826e-09,4.49224e-09,1.27059e-08,3.04054e-06,18.3761,1.42468e-07,2.10497e-10,-6.87488e-07,1.5708,15.8139,15.8123,-7.69764e-23,7.6984e-23
0.0770232,-1.29657e-08,-5.06245e-08,-8.0944e-09,4.72298e-09,1.38394e-08,3.04237e-06,18.3799,1.4257e-07,1.17214e-10,-6.87263e-07,1.5708,15.812,15.8089,1.96331e-25,-1.96369e-25
0.0770035,-1.40852e-08,-5.09398e-08,-1.08489e-08,4.48148e-09,1.59077e-08,3.04421e-06,18.3838,1.42672e-07,-3.83248e-10,-6.87038e-07,1.5708,15.81,15.8127,-2.45599e-25,2.45557e-25
0.076984,-1.39741e-08,-5.07789e-08,1.47168e-08,4.95672e-09,1.3627e-08,3.04608e-06,18.3876,1.42769e-07,-1.14265e-10,-6.86807e-07,1.5708,15.8081,15.8096,-9.28599e-26,9.28514e-26
0.0769644,-1.20488e-08,-5.08422e-08,7.77039e-09,5.4752e-09,1.22954e-08,3.04789e-06,18.3915,1.42868e-07,4.11632e-10,-6.86552e-07,1.5708,15.8062,15.8037,-1.24867e-22,1.24887e-22
0.0769448,-1.13789e-08,-5.17288e-08,-1.41863e-08,5.32899e-09,1.39903e-08,3.04963e-06,18.3953,1.4294e-07,1.01907e-10,-6.86287e-07,1.5708,15.8043,15.8007,-8.9163e-23,8.91833e-23
0.0769252,-1.3137e-08,-5.30052e-08,-1.18542e-08,4.76614e-09,1.6309e-08,3.0514e-06,18.3992,1.42954e-07,-5.45228e-10,-6.86041e-07,1.5708,15.8023,15.8045,-5.31515e-23,5.31443e-23
0.0769057,-1.36201e-08,-5.34025e-08,1.61798e-08,5.00329e-09,1.45031e-08,3.05322e-06,18.403,1.42927e-07,-2.48171e-10,-6.85802e-07,1.5708,15.8004,15.7967,9.20763e-23,-9.20982e-23
0.0768861,-1.4015e-08,-5.42789e-08,-5.3344e-09,4.65238e-09,1.75455e-08,3.05506e-06,18.4069,1.42864e-07,-1.15861e-10,-6.85566e-07,1.5708,15.7985,15.796,-6.02486e-23,6.02579e-23
0.0768665,-1.54334e-08,-5.49223e-08,-7.16056e-09,4.33256e-09,1.99251e-08,3.05694e-06,18.4107,1.42762e-07,-4.46091e-10,-6.85348e-07,1.5708,15.7966,15.7955,-5.30663e-23,5.30699e-23
0.076847,-1.67487e-08,-5.5072e-08,4.46143e-09,4.31098e-09,2.08728e-08,3.05889e-06,18.4145,1.42639e-07,-4.37349e-10,-6.85137e-07,1.5708,15.7946,15.7962,-6.91727e-26,6.91662e-26
0.0768275,-1.6223e-08,-5.45626e-08,1.18955e-08,4.84547e-09,1.99497e-08,3.06085e-06,18.4184,1.42524e-07,2.8424e-11,-6.84914e-07,1.5708,15.7927,15.7889,1.90828e-22,-1.90875e-22
0.0768079,-1.6432e-08,-5.46222e-08,-1.12586e-08,4.73984e-09,2.29913e-08,3.06279e-06,18.4222,1.42419e-07,-1.09929e-10,-6.8468e-07,1.5708,15.7908,15.7864,-2.21889e-24,2.21951e-24
0.0767884,-1.87628e-08,-5.48562e-08,-1.1732e-08,4.32004e-09,2.64546e-08,3.0648e-06,18.4261,1.42304e-07,-6.98245e-10,-6.8446e-07,1.5708,15.7889,15.7897,-9.95093e-26,9.95041e-26
0.0767688,-1.99841e-08,-5.4253e-08,1.442e-08,4.65067e-09,2.59261e-08,3.06689e-06,18.4299,1.42198e-07,-4.55482e-10,-6.84241e-07,1.5708,15.787,15.7821,1.19903e-22,-1.1994e-22
0.0767493,-2.12018e-08,-5.42082e-08,-5.3034e-09,4.38591e-09,3.00071e-08,3.06904e-06,18.4337,1.42106e-07,-3.55284e-10,-6.84021e-07,1.5708,15.785,15.784,0,0
0.0767298,-2.23538e-08,-5.37446e-08,7.3825e-10,4.5098e-09,3.14658e-08,3.07124e-06,18.4376,1.42026e-07,-4.31254e-10,-6.83804e-07,1.5708,15.7831,15.7822,-2.25678e-23,2.25691e-23
0.0767103,-2.27964e-08,-5.31543e-08,5.24415e-09,4.81392e-09,3.22138e-08,3.07347e-06,18.4414,1.41971e-07,-2.49063e-10,-6.83576e-07,1.5708,15.7812,15.7793,0,0
0.0766908,-2.3008e-08,-5.27736e-08,-9.38943e-10,5.00218e-09,3.37481e-08,3.07571e-06,18.4453,1.41939e-07,-1.80852e-10,-6.83336e-07,1.5708,15.7793,15.7787,-3.08704e-26,3.08715e-26
0.0766713,-2.29513e-08,-5.23676e-08,1.62732e-09,5.33273e-09,3.40742e-08,3.07795e-06,18.4491,1.41925e-07,-1.46258e-10,-6.83083e-07,1.5708,15.7774,15.7814,-9.90491e-23,9.90238e-23
0.0766519,-2.06907e-08,-5.14574e-08,1.52757e-08,6.38338e-09,3.0506e-08,3.08013e-06,18.4529,1.41944e-07,3.75001e-10,-6.82794e-07,1.5708,15.7755,15.7787,0,0
0.0766325,-1.669e-08,-5.08303e-08,5.7657e-09,7.46567e-09,2.69832e-08,3.08214e-06,18.4568,1.42e-07,8.4716e-10,-6.82452e-07,1.5708,15.7735,15.7728,1.72476e-23,-1.72483e-23
0.0766131,-1.40334e-08,-5.12097e-08,-1.35368e-08,7.79383e-09,2.60181e-08,3.08398e-06,18.4606,1.42059e-07,5.20817e-10,-6.82075e-07,1.5708,15.7716,15.7762,1.14402e-22,-1.14368e-22
0.0765937,-1.11752e-08,-5.13351e-08,7.48473e-09,8.5577e-09,2.06957e-08,3.08568e-06,18.4644,1.42104e-07,5.0731e-10,-6.81671e-07,1.5708,15.7697,15.7657,9.9534e-23,-9.95593e-23
0.0765742,-1.01991e-08,-5.27845e-08,-1.45979e-08,8.0433e-09,2.19728e-08,3.08727e-06,18.4682,1.42104e-07,1.79033e-10,-6.81262e-07,1.5708,15.7678,15.7695,-8.02176e-26,8.02087e-26
0.0765548,-9.62942e-09,-5.37102e-08,3.00673e-09,7.92604e-09,1.9773e-08,3.08883e-06,18.4721,1.42043e-07,1.62337e-12,-6.80868e-07,1.5708,15.7659,15.7628,0,0
0.0765354,-9.89493e-09,-5.49884e-08,-5.33105e-09,7.23592e-09,2.12031e-08,3.09037e-06,18.4759,1.41924e-07,-1.13191e-10,-6.80494e-07,1.5708,15.764,15.7615,6.20897e-23,-6.20996e-23
0.076516,-1.11309e-08,-5.59984e-08,-4.99254e-09,6.47033e-09,2.30006e-08,3.09194e-06,18.4797,1.41745e-07,-3.73707e-10,-6.80158e-07,1.5708,15.762,15.7655,-8.54983e-23,8.54797e-23
0.0764966,-1.04397e-08,-5.57379e-08,1.66443e-08,6.6878e-09,2.02724e-08,3.09354e-06,18.4836,1.41546e-07,6.71533e-11,-6.79834e-07,1.5708,15.7601,15.76,2.53942e-24,-2.53944e-24
0.0764772,-8.72384e-09,-5.54645e-08,5.2912e-10,6.74194e-09,1.99972e-08,3.09505e-06,18.4874,1.4136e-07,3.96666e-10,-6.79504e-07,1.5708,15.7582,15.761,-4.28797e-25,4.28723e-25
0.0764579,-6.52719e-09,-5.47331e-08,1.36083e-09,7.15327e-09,1.73707e-08,3.09647e-06,18.4912,1.41197e-07,4.50457e-10,-6.79162e-07,1.5708,15.7563,15.7568,0,0
0.0764385,-4.75556e-09,-5.42379e-08,-3.29576e-09,7.30062e-09,1.57653e-08,3.09778e-06,18.495,1.41063e-07,3.70282e-10,-6.78805e-07,1.5708,15.7544,15.7577,-7.39388e-25,7.39231e-25
0.0764192,-2.43217e-09,-5.34861e-08,5.68838e-09,7.73364e-09,1.20497e-08,3.099e-06,18.4988,1.40958e-07,4.91282e-10,-6.78434e-07,1.5708,15.7525,15.7571,-1.15388e-22,1.15354e-22
0.0763999,1.28623e-09,-5.26311e-08,8.36331e-09,8.39941e-09,7.13397e-09,3.10005e-06,18.5027,1.40893e-07,8.66931e-10,-6.78036e-07,1.5708,15.7506,15.7487,-4.57443e-23,4.57496e-23
0.0763806,3.23722e-09,-5.28986e-08,-1.65676e-08,8.03504e-09,7.09925e-09,3.10096e-06,18.5065,1.40839e-07,4.9199e-10,-6.7763e-07,1.5708,15.7487,15.7484,5.37658e-24,-5.37665e-24
0.0763612,3.20971e-09,-5.33077e-08,-7.33043e-09,7.49465e-09,6.09795e-09,3.10182e-06,18.5103,1.40764e-07,-5.43896e-11,-6.77247e-07,1.5708,15.7468,15.7439,7.16275e-23,-7.16406e-23
0.0763419,1.79412e-09,-5.40384e-08,-4.41762e-09,6.50171e-09,7.48557e-09,3.10272e-06,18.5141,1.40659e-07,-3.33956e-10,-6.76903e-07,1.5708,15.7448,15.7444,1.05784e-23,-1.05787e-23
0.0763226,6.41572e-10,-5.42938e-08,4.61195e-09,5.79913e-09,7.97226e-09,3.10369e-06,18.5179,1.40527e-07,-2.68845e-10,-6.76602e-07,1.5708,15.7429,15.7399,3.42325e-21,-3.42392e-21
0.0763032,-8.69928e-10,-5.45692e-08,-4.36543e-09,4.88267e-09,1.07437e-08,3.10471e-06,18.5218,1.40379e-07,-3.22596e-10,-6.76341e-07,1.5708,15.741,15.7394,4.06663e-23,-4.06705e-23
0.0762839,-2.63143e-09,-5.44095e-08,-7.25258e-10,4.21171e-09,1.26148e-08,3.10582e-06,18.5256,1.40228e-07,-4.27965e-10,-6.7612e-07,1.5708,15.7391,15.7412,0,0
0.0762646,-2.69345e-09,-5.34166e-08,1.27942e-08,4.30898e-09,1.14033e-08,3.10697e-06,18.5294,1.40105e-07,-3.0699e-11,-6.75912e-07,1.5708,15.7372,15.7381,-2.09985e-23,2.09974e-23
0.0762453,-1.48133e-09,-5.23949e-08,3.37059e-09,4.51756e-09,1.08728e-08,3.10808e-06,18.5332,1.40031e-07,3.1778e-10,-6.75697e-07,1.5708,15.7353,15.7402,-6.24566e-26,6.24373e-26
0.076226,1.32869e-09,-5.09639e-08,8.50837e-09,5.35928e-09,6.8327e-09,3.1091e-06,18.537,1.40019e-07,6.54514e-10,-6.75455e-07,1.5708,15.7334,15.7367,-8.19916e-23,8.19746e-23
0.0762068,4.79708e-09,-4.99798e-08,9.6561e-10,6.09461e-09,3.14457e-09,3.10995e-06,18.5408,1.40066e-07,8.45502e-10,-6.75173e-07,1.5708,15.7315,15.7329,-9.36969e-26,9.36883e-26
0.0761876,7.34685e-09,-4.97588e-08,-7.47188e-09,6.38783e-09,6.05854e-10,3.11065e-06,18.5446,1.40141e-07,6.23879e-10,-6.74866e-07,1.5708,15.7296,15.7303,4.48822e-26,-4.48802e-26
0.0761683,8.5739e-09,-5.01272e-08,-5.68206e-09,6.31514e-09,-1.355e-09,3.11126e-06,18.5484,1.40209e-07,3.01269e-10,-6.74553e-07,1.5708,15.7277,15.7311,8.43253e-23,-8.43071e-23
0.0761491,1.02656e-08,-5.04059e-08,7.22236e-09,6.48877e-09,-5.04622e-09,3.1118e-06,18.5522,1.4026e-07,4.26721e-10,-6.74238e-07,1.5708,15.7258,15.7212,0,0
0.0761299,9.78088e-09,-5.18593e-08,-1.78992e-08,5.49031e-09,-2.23905e-09,3.1123e-06,18.5561,1.40263e-07,-1.25733e-11,-6.73945e-07,1.5708,15.7239,15.7287,1.18993e-22,-1.18957e-22
0.0761106,1.00886e-08,-5.2139e-08,1.28896e-08,5.57259e-09,-5.99988e-09,3.11282e-06,18.5599,1.40222e-07,6.54668e-11,-6.73673e-07,1.5708,15.722,15.7184,-8.93816e-23,8.94018e-23
0.0760914,9.69185e-09,-5.3137e-08,-8.56318e-09,4.81395e-09,-3.66223e-09,3.11333e-06,18.5637,1.40146e-07,3.23805e-11,-6.7342e-07,1.5708,15.7201,15.7199,4.59638e-24,-4.59643e-24
0.0760722,8.58605e-09,-5.36367e-08,-2.97255e-09,4.33366e-09,-3.11719e-09,3.11388e-06,18.5675,1.40031e-07,-2.23876e-10,-6.73197e-07,1.5708,15.7182,15.722,9.34471e-23,-9.34245e-23
0.076053,9.23207e-09,-5.31951e-08,1.49037e-08,4.66069e-09,-5.97887e-09,3.11445e-06,18.5713,1.39914e-07,1.99038e-10,-6.72978e-07,1.5708,15.7163,15.7209,0,0
0.0760338,1.2266e-08,-5.23274e-08,1.08721e-08,5.43506e-09,-9.68999e-09,3.11492e-06,18.5751,1.3983e-07,8.28193e-10,-6.7273e-07,1.5708,15.7144,15.7185,-1.84035e-24,1.83987e-24
0.0760147,1.59742e-08,-5.15773e-08,-1.50654e-09,6.21706e-09,-1.35092e-08,3.11523e-06,18.5789,1.39785e-07,9.84195e-10,-6.72443e-07,1.5708,15.7125,15.7159,0,0
0.0759955,1.90085e-08,-5.11922e-08,-4.83652e-09,6.78751e-09,-1.74873e-08,3.11536e-06,18.5827,1.39767e-07,8.00868e-10,-6.72123e-07,1.5708,15.7106,15.7062,1.07729e-22,-1.07759e-22
0.0759763,1.84492e-08,-5.21836e-08,-2.28327e-08,5.99365e-09,-1.5546e-08,3.11544e-06,18.5865,1.39729e-07,-2.31927e-11,-6.71809e-07,1.5708,15.7087,15.7095,-4.75313e-26,4.75287e-26
0.0759572,1.6783e-08,-5.27203e-08,3.06896e-09,5.51973e-09,-1.65688e-08,3.11559e-06,18.5903,1.39651e-07,-3.53283e-10,-6.71527e-07,1.5708,15.7068,15.7021,-3.0118e-25,3.01268e-25
0.0759379,1.40946e-08,-5.36948e-08,-6.08545e-09,4.39383e-09,-1.27489e-08,3.11584e-06,18.5941,1.39533e-07,-4.91293e-10,-6.71286e-07,1.5708,15.7049,15.703,9.19809e-23,-9.19917e-23
0.0759187,1.11264e-08,-5.4072e-08,-1.93795e-10,3.57997e-09,-9.99887e-09,3.11623e-06,18.5979,1.39379e-07,-6.11943e-10,-6.71093e-07,1.5708,15.703,15.7022,1.79503e-23,-1.79511e-23
0.0758996,8.95132e-09,-5.38018e-08,5.98934e-09,3.19178e-09,-8.19334e-09,3.11676e-06,18.6017,1.39223e-07,-4.2338e-10,-6.7093e-07,1.5708,15.7011,15.7013,6.61452e-24,-6.61441e-24
0.0758804,7.98704e-09,-5.30235e-08,5.53017e-09,3.20714e-09,-7.19197e-09,3.11736e-06,18.6055,1.39092e-07,-1.33417e-10,-6.70776e-07,1.5708,15.6992,15.6951,-1.02504e-22,1.02531e-22
0.0758612,5.92424e-09,-5.26762e-08,-1.14718e-08,2.73923e-09,-3.12369e-09,3.11804e-06,18.6092,1.38987e-07,-3.98184e-10,-6.70633e-07,1.5708,15.6973,15.702,1.19058e-22,-1.19021e-22
0.0758421,5.74467e-09,-5.11577e-08,1.76828e-08,3.51605e-09,-5.98309e-09,3.11879e-06,18.613,1.3893e-07,-4.56185e-11,-6.70482e-07,1.5708,15.6954,15.694,-6.59197e-26,6.59256e-26
0.075823,6.18488e-09,-5.03717e-08,-2.18874e-09,3.7766e-09,-4.72587e-09,3.11951e-06,18.6168,1.3893e-07,2.16034e-10,-6.70304e-07,1.5708,15.6935,15.689,-1.15306e-22,1.15339e-22
0.0758038,4.24746e-09,-5.0437e-08,-1.83987e-08,3.32731e-09,-8.43712e-10,3.12028e-06,18.6206,1.38945e-07,-4.16067e-10,-6.70133e-07,1.5708,15.6916,15.6895,-5.18108e-23,5.18176e-23
0.0757847,1.13338e-09,-5.04384e-08,-1.18442e-10,3.01696e-09,1.13996e-09,3.12118e-06,18.6244,1.38957e-07,-7.65443e-10,-6.6998e-07,1.5708,15.6897,15.6931,-7.58518e-25,7.58355e-25
0.0757656,8.29275e-10,-4.96555e-08,2.21071e-08,3.65243e-09,-7.29252e-10,3.12217e-06,18.6282,1.38989e-07,-5.77129e-11,-6.69818e-07,1.5708,15.6878,15.6854,-1.53047e-25,1.5307e-25
0.0757465,1.06812e-09,-4.96327e-08,-6.32388e-09,3.73435e-09,1.77972e-09,3.12315e-06,18.632,1.39038e-07,1.54154e-10,-6.69639e-07,1.5708,15.6859,15.6884,-7.25961e-25,7.25845e-25
0.0757274,1.57256e-09,-4.92863e-08,1.92363e-09,4.33341e-09,2.82561e-10,3.12411e-06,18.6358,1.39097e-07,9.72785e-11,-6.69442e-07,1.5708,15.684,15.6793,1.1746e-22,-1.17495e-22
0.0757083,1.81036e-10,-5.00267e-08,-1.35991e-08,3.9756e-09,3.54049e-09,3.12509e-06,18.6396,1.39143e-07,-3.0346e-10,-6.6924e-07,1.5708,15.6821,15.6831,-2.53932e-23,2.53916e-23
0.0756892,-1.06613e-09,-5.02647e-08,6.75658e-09,4.15935e-09,3.07517e-09,3.12615e-06,18.6433,1.39163e-07,-3.41817e-10,-6.69042e-07,1.5708,15.6802,15.6798,0,0
0.0756701,-1.34976e-09,-5.05438e-08,5.38484e-09,4.34981e-09,3.59826e-09,3.12724e-06,18.6471,1.39169e-07,-4.20882e-11,-6.68834e-07,1.5708,15.6783,15.6795,-2.8675e-23,2.86729e-23
0.0756511,-7.66256e-10,-5.06336e-08,2.80499e-09,4.77249e-09,3.1531e-09,3.12832e-06,18.6509,1.39164e-07,1.49109e-10,-6.68611e-07,1.5708,15.6764,15.6773,0,0
0.075632,6.74803e-11,-5.0752e-08,-8.57389e-11,5.21606e-09,2.40507e-09,3.12936e-06,18.6547,1.39153e-07,1.99069e-10,-6.68367e-07,1.5708,15.6745,15.6724,-1.069e-22,1.06915e-22
0.075613,-2.98011e-10,-5.13479e-08,-8.80209e-09,5.16941e-09,3.72976e-09,3.13039e-06,18.6585,1.39122e-07,-8.52504e-11,-6.68113e-07,1.5708,15.6727,15.6702,-1.2124e-22,1.21258e-22
0.0755939,-1.97465e-09,-5.2056e-08,-5.45841e-09,4.89588e-09,5.51862e-09,3.13147e-06,18.6623,1.39055e-07,-4.25893e-10,-6.67867e-07,1.5708,15.6708,15.6673,8.64524e-23,-8.64714e-23
0.0755748,-4.49173e-09,-5.27668e-08,-2.7184e-09,4.42591e-09,8.47952e-09,3.13266e-06,18.666,1.38952e-07,-6.1585e-10,-6.6764e-07,1.5708,15.6689,15.6651,-1.88121e-22,1.88165e-22
0.0755557,-7.43542e-09,-5.32743e-08,-1.62243e-09,3.9141e-09,1.22169e-08,3.13398e-06,18.6698,1.38816e-07,-7.19221e-10,-6.67437e-07,1.5708,15.667,15.6649,-3.27021e-25,3.27063e-25
0.0755367,-9.86254e-09,-5.32205e-08,4.21422e-09,3.7393e-09,1.49132e-08,3.13543e-06,18.6736,1.38667e-07,-6.14541e-10,-6.67252e-07,1.5708,15.6651,15.6614,9.1863e-23,-9.18845e-23
0.0755176,-1.22306e-08,-5.30481e-08,-1.80977e-09,3.50971e-09,1.87884e-08,3.137e-06,18.6774,1.38524e-07,-5.93773e-10,-6.67076e-07,1.5708,15.6632,15.6609,5.71863e-23,-5.71947e-23
0.0754986,-1.43974e-08,-5.25133e-08,1.22474e-09,3.52755e-09,2.15722e-08,3.13868e-06,18.6811,1.38397e-07,-5.88606e-10,-6.66906e-07,1.5708,15.6613,15.6641,1.81615e-25,-1.81583e-25
0.0754796,-1.41535e-08,-5.11316e-08,1.65964e-08,4.44492e-09,2.01399e-08,3.1404e-06,18.6849,1.38319e-07,-3.2631e-11,-6.66712e-07,1.5708,15.6594,15.6546,0,0
0.0754606,-1.46114e-08,-5.07798e-08,-1.28143e-08,4.46174e-09,2.40559e-08,3.14212e-06,18.6887,1.38281e-07,-1.32724e-10,-6.66494e-07,1.5708,15.6575,15.6549,6.5738e-23,-6.5749e-23
0.0754416,-1.65245e-08,-5.05278e-08,-6.89372e-09,4.45603e-09,2.62954e-08,3.1439e-06,18.6925,1.38257e-07,-5.94819e-10,-6.66277e-07,1.5708,15.6557,15.6575,-4.73682e-23,4.73625e-23
0.0754226,-1.68e-08,-4.97462e-08,1.62923e-08,5.13122e-09,2.4798e-08,3.14573e-06,18.6962,1.38259e-07,-2.01035e-10,-6.66042e-07,1.5708,15.6538,15.6573,-8.93413e-23,8.93211e-23
0.0754036,-1.41128e-08,-4.88043e-08,1.47107e-08,6.2515e-09,2.20357e-08,3.14749e-06,18.7,1.38304e-07,5.7738e-10,-6.65761e-07,1.5708,15.6519,15.6499,-2.54457e-25,2.54489e-25
0.0753847,-1.22437e-08,-4.89442e-08,-1.42822e-08,6.5629e-09,2.29626e-08,3.14912e-06,18.7038,1.38365e-07,3.94935e-10,-6.65446e-07,1.5708,15.65,15.6477,-5.76421e-23,5.76504e-23
0.0753657,-1.27613e-08,-4.96522e-08,-1.21873e-08,6.4308e-09,2.3747e-08,3.15073e-06,18.7075,1.38403e-07,-2.64599e-10,-6.65126e-07,1.5708,15.6481,15.652,-9.83594e-23,9.83349e-23
0.0753468,-1.17931e-08,-4.96932e-08,1.81277e-08,7.05953e-09,1.98532e-08,3.15233e-06,18.7113,1.38421e-07,8.88778e-11,-6.64793e-07,1.5708,15.6462,15.6474,3.07392e-23,-3.07368e-23
0.0753279,-9.21262e-09,-5.00339e-08,5.10137e-09,7.49743e-09,1.82202e-08,3.15382e-06,18.7151,1.38427e-07,5.93138e-10,-6.64434e-07,1.5708,15.6443,15.6464,0,0
0.075309,-6.54423e-09,-5.04586e-08,-3.59323e-09,7.90438e-09,1.59663e-08,3.15518e-06,18.7188,1.38411e-07,5.73684e-10,-6.64054e-07,1.5708,15.6425,15.6416,-2.10375e-23,2.10386e-23
0.0752901,-5.38448e-09,-5.136e-08,-9.33354e-09,7.793e-09,1.52464e-08,3.15644e-06,18.7226,1.3836e-07,2.06571e-10,-6.63667e-07,1.5708,15.6406,15.6427,-5.35095e-23,5.35023e-23
0.0752712,-4.22994e-09,-5.19105e-08,4.99045e-09,7.91278e-09,1.24973e-08,3.15764e-06,18.7264,1.3827e-07,1.91736e-10,-6.63279e-07,1.5708,15.6387,15.6405,0,0
0.0752523,-2.30113e-09,-5.23171e-08,4.77248e-09,8.04606e-09,1.01886e-08,3.15876e-06,18.7301,1.38154e-07,4.38818e-10,-6.62885e-07,1.5708,15.6368,15.6396,6.9675e-23,-6.96627e-23
0.0752334,2.6395e-10,-5.2472e-08,2.12681e-09,8.30171e-09,7.26148e-09,3.15977e-06,18.7339,1.38022e-07,5.96898e-10,-6.62481e-07,1.5708,15.6349,15.6376,6.59362e-23,-6.59251e-23
0.0752146,2.9419e-09,-5.25346e-08,-2.63124e-10,8.53481e-09,4.09149e-09,3.16064e-06,18.7377,1.37882e-07,6.28581e-10,-6.62065e-07,1.5708,15.633,15.6378,0,0
0.0751957,6.32778e-09,-5.22713e-08,5.50356e-09,9.01739e-09,-8.64767e-10,3.16136e-06,18.7414,1.37746e-07,8.00666e-10,-6.61631e-07,1.5708,15.6312,15.6323,-2.88244e-23,2.88223e-23
0.0751769,9.02825e-09,-5.24676e-08,-6.72756e-09,8.96153e-09,-3.25588e-09,3.16193e-06,18.7452,1.37609e-07,6.88137e-10,-6.61186e-07,1.5708,15.6293,15.6246,1.19107e-22,-1.19143e-22
0.075158,8.16093e-09,-5.35758e-08,-2.278e-08,7.75631e-09,-8.34315e-10,3.16245e-06,18.7489,1.37434e-07,-1.69771e-10,-6.60774e-07,1.5708,15.6274,15.6296,-5.61701e-23,5.61622e-23
0.0751391,7.09725e-09,-5.3675e-08,9.79717e-09,7.25212e-09,-2.99147e-09,3.16303e-06,18.7527,1.37229e-07,-2.82769e-10,-6.60405e-07,1.5708,15.6255,15.627,3.59351e-23,-3.59318e-23
0.0751203,7.78244e-09,-5.3352e-08,1.09072e-08,6.95714e-09,-4.18436e-09,3.16361e-06,18.7565,1.37027e-07,2.51475e-10,-6.60055e-07,1.5708,15.6237,15.6249,-8.55522e-26,8.55451e-26
0.0751015,9.14118e-09,-5.28106e-08,-1.33935e-09,6.74138e-09,-4.9163e-09,3.16414e-06,18.7602,1.36845e-07,4.13309e-10,-6.59718e-07,1.5708,15.6218,15.6186,7.94806e-23,-7.94968e-23
0.0750826,8.3488e-09,-5.27775e-08,-1.60592e-08,5.87534e-09,-2.72268e-09,3.16465e-06,18.764,1.36675e-07,-1.27618e-10,-6.59408e-07,1.5708,15.6199,15.6175,0,0
0.0750638,5.83984e-09,-5.26348e-08,-4.96065e-09,4.9394e-09,-9.12575e-10,3.16526e-06,18.7677,1.36508e-07,-5.88534e-10,-6.59144e-07,1.5708,15.618,15.6152,-6.45692e-25,6.4581e-25
0.0750449,3.0494e-09,-5.23204e-08,1.87264e-09,4.01544e-09,1.75401e-09,3.16599e-06,18.7715,1.36351e-07,-6.21711e-10,-6.58926e-07,1.5708,15.6161,15.6158,-7.63565e-24,7.6358e-24
0.0750261,1.4415e-09,-5.14325e-08,7.73228e-09,3.59157e-09,3.10456e-09,3.16684e-06,18.7752,1.36223e-07,-3.3836e-10,-6.58742e-07,1.5708,15.6143,15.6144,-2.00567e-27,2.00565e-27
0.0750072,1.01647e-09,-5.02855e-08,4.37094e-09,3.4911e-09,3.92659e-09,3.16773e-06,18.779,1.36145e-07,-5.28855e-11,-6.5857e-07,1.5708,15.6124,15.6111,-8.44698e-26,8.44767e-26
0.0749884,4.69135e-10,-4.93679e-08,-4.01952e-09,3.31527e-09,5.41641e-09,3.16864e-06,18.7827,1.36119e-07,-9.99736e-11,-6.58406e-07,1.5708,15.6105,15.6115,2.41608e-23,-2.41594e-23
0.0749696,2.69305e-10,-4.83502e-08,3.6568e-09,3.46594e-09,4.87877e-09,3.16958e-06,18.7865,1.3614e-07,-5.79936e-11,-6.58241e-07,1.5708,15.6086,15.6117,7.84196e-23,-7.84041e-23
0.0749509,1.67331e-09,-4.72347e-08,1.03683e-08,4.05052e-09,2.4166e-09,3.17048e-06,18.7902,1.36214e-07,3.43736e-10,-6.58058e-07,1.5708,15.6068,15.6068,-5.41692e-23,5.4169e-23
0.0749321,3.11866e-09,-4.68548e-08,-4.67312e-09,4.26566e-09,2.0322e-09,3.17131e-06,18.794,1.36324e-07,3.88385e-10,-6.57855e-07,1.5708,15.6049,15.6086,-3.46885e-21,3.46804e-21
0.0749134,4.99448e-09,-4.64685e-08,4.17446e-09,4.83973e-09,-1.32345e-09,3.17206e-06,18.7977,1.36451e-07,4.34892e-10,-6.57632e-07,1.5708,15.603,15.6039,2.18909e-23,-2.18897e-23
0.0748946,6.67739e-09,-4.67648e-08,-2.29461e-09,5.04832e-09,-2.95992e-09,3.17271e-06,18.8015,1.36579e-07,4.39698e-10,-6.5739e-07,1.5708,15.6011,15.6013,-1.50263e-26,1.50261e-26
0.0748759,7.4565e-09,-4.75414e-08,-5.66049e-09,4.96703e-09,-3.81253e-09,3.17331e-06,18.8052,1.36678e-07,2.14918e-10,-6.57145e-07,1.5708,15.5993,15.5953,2.60713e-25,-2.60779e-25
0.0748571,5.93351e-09,-4.90566e-08,-1.35131e-08,4.14672e-09,-1.32936e-09,3.17392e-06,18.8089,1.36716e-07,-3.25406e-10,-6.56923e-07,1.5708,15.5974,15.5951,5.63632e-23,-5.63713e-23
0.0748383,3.31004e-09,-5.03272e-08,-1.27005e-09,3.39583e-09,5.84287e-10,3.17464e-06,18.8127,1.36683e-07,-6.20023e-10,-6.5674e-07,1.5708,15.5955,15.5942,8.49988e-26,-8.50058e-26
0.0748195,1.30293e-09,-5.10673e-08,6.27854e-09,2.94835e-09,2.26525e-09,3.17548e-06,18.8164,1.36598e-07,-4.42377e-10,-6.56588e-07,1.5708,15.5937,15.5928,-4.99799e-26,4.99827e-26
0.0748008,1.84323e-10,-5.13096e-08,3.25533e-09,2.7883e-09,3.93651e-09,3.17639e-06,18.8202,1.36487e-07,-2.20072e-10,-6.5645e-07,1.5708,15.5918,15.5923,-2.41957e-23,2.41949e-23
0.0747821,-1.23685e-10,-5.10178e-08,3.26597e-09,3.02022e-09,4.31192e-09,3.17734e-06,18.8239,1.36378e-07,-5.41074e-11,-6.5631e-07,1.5708,15.5899,15.5875,6.03524e-23,-6.03616e-23
0.0747633,-1.03931e-09,-5.08894e-08,-6.38442e-09,2.99236e-09,6.42798e-09,3.17831e-06,18.8276,1.36278e-07,-1.97916e-10,-6.56166e-07,1.5708,15.588,15.5834,3.09275e-25,-3.09368e-25
0.0747446,-3.77111e-09,-5.10417e-08,-1.07766e-08,2.5528e-09,1.03408e-08,3.17938e-06,18.8314,1.36175e-07,-6.64059e-10,-6.56033e-07,1.5708,15.5862,15.5837,0,0
0.0747258,-6.83325e-09,-5.0814e-08,2.86303e-09,2.3634e-09,1.29512e-08,3.18059e-06,18.8351,1.36074e-07,-7.74634e-10,-6.55916e-07,1.5708,15.5843,15.5861,-4.53533e-23,4.53482e-23
0.0747071,-7.46209e-09,-4.97703e-08,1.70125e-08,2.99467e-09,1.25248e-08,3.18189e-06,18.8389,1.36005e-07,-1.74601e-10,-6.55787e-07,1.5708,15.5824,15.5849,1.62265e-25,-1.6224e-25
0.0746884,-5.6778e-09,-4.85218e-08,9.03721e-09,4.01672e-09,1.12737e-08,3.18316e-06,18.8426,1.35993e-07,4.35073e-10,-6.55617e-07,1.5708,15.5806,15.5848,-1.09784e-22,1.09754e-22
0.0746698,-2.43876e-09,-4.72771e-08,4.42358e-09,5.36227e-09,7.79416e-09,3.18429e-06,18.8463,1.36043e-07,7.47007e-10,-6.55386e-07,1.5708,15.5787,15.5782,-1.17329e-23,1.17332e-23
0.0746511,-4.5593e-10,-4.71237e-08,-1.16154e-08,5.95127e-09,6.94778e-09,3.1853e-06,18.8501,1.36126e-07,4.57159e-10,-6.55108e-07,1.5708,15.5768,15.5769,-1.90532e-24,1.90531e-24
0.0746325,3.63682e-11,-4.75093e-08,-5.56151e-09,6.22192e-09,5.72257e-09,3.18624e-06,18.8538,1.362e-07,6.05743e-11,-6.54808e-07,1.5708,15.575,15.5789,0,0
0.0746139,1.70526e-09,-4.76633e-08,1.26993e-08,6.9023e-09,1.77927e-09,3.18713e-06,18.8575,1.3626e-07,3.6416e-10,-6.54485e-07,1.5708,15.5731,15.5688,-1.70019e-24,1.70066e-24
0.0745952,1.82263e-09,-4.90564e-08,-1.59389e-08,6.39049e-09,4.43031e-09,3.18797e-06,18.8613,1.36277e-07,9.06518e-11,-6.54158e-07,1.5708,15.5712,15.5716,-9.11397e-24,9.11376e-24
0.0745765,9.31509e-10,-5.00442e-08,-1.59577e-09,6.15664e-09,4.06141e-09,3.18883e-06,18.865,1.36232e-07,-2.59829e-10,-6.53849e-07,1.5708,15.5694,15.5705,-2.93716e-23,2.93695e-23
0.0745579,9.56594e-10,-5.06179e-08,9.28047e-09,6.18885e-09,2.90846e-09,3.18972e-06,18.8687,1.36147e-07,8.26774e-12,-6.53546e-07,1.5708,15.5675,15.5696,-3.42433e-25,3.42387e-25
0.0745393,2.39412e-09,-5.08065e-08,6.12068e-09,6.47664e-09,1.37061e-09,3.19056e-06,18.8724,1.36042e-07,3.79141e-10,-6.53234e-07,1.5708,15.5656,15.5623,-7.6966e-25,7.69825e-25
0.0745207,2.18609e-09,-5.15665e-08,-1.56178e-08,6.00913e-09,3.72422e-09,3.19137e-06,18.8762,1.35909e-07,-7.55598e-12,-6.52928e-07,1.5708,15.5638,15.5667,-8.81067e-25,8.80898e-25
0.0745021,2.20881e-09,-5.14164e-08,7.99793e-09,6.25405e-09,1.26504e-09,3.19219e-06,18.8799,1.35761e-07,-4.38326e-11,-6.52626e-07,1.5708,15.5619,15.5666,-1.18414e-22,1.18379e-22
0.0744835,4.69494e-09,-5.06898e-08,1.61595e-08,7.02036e-09,-2.76384e-09,3.19295e-06,18.8836,1.35634e-07,6.25451e-10,-6.52299e-07,1.5708,15.5601,15.5589,3.01925e-23,-3.01948e-23
0.0744649,6.52318e-09,-5.07155e-08,-1.27337e-08,7.00735e-09,-2.33573e-09,3.19358e-06,18.8873,1.35522e-07,5.19967e-10,-6.51953e-07,1.5708,15.5582,15.5559,0,0
0.0744463,5.63446e-09,-5.11259e-08,-1.54881e-08,6.48168e-09,-1.13684e-09,3.19421e-06,18.8911,1.35396e-07,-2.16498e-10,-6.51622e-07,1.5708,15.5563,15.5561,5.19911e-24,-5.19917e-24
0.0744277,4.1488e-09,-5.12082e-08,4.34858e-09,6.11822e-09,-1.41033e-09,3.19489e-06,18.8948,1.35257e-07,-3.67652e-10,-6.51312e-07,1.5708,15.5545,15.557,-6.45353e-23,6.45248e-23
0.0744091,4.64885e-09,-5.06833e-08,1.40622e-08,6.27094e-09,-3.13811e-09,3.1956e-06,18.8985,1.35127e-07,1.65627e-10,-6.51007e-07,1.5708,15.5526,15.5562,0,0
0.0743906,7.10346e-09,-4.98471e-08,7.1288e-09,6.76731e-09,-5.68977e-09,3.19623e-06,18.9022,1.35031e-07,6.58715e-10,-6.50686e-07,1.5708,15.5507,15.5486,5.36342e-23,-5.36415e-23
0.074372,7.88023e-09,-4.9863e-08,-1.67405e-08,6.44769e-09,-4.50293e-09,3.19678e-06,18.9059,1.34952e-07,2.54972e-10,-6.50361e-07,1.5708,15.5489,15.5465,6.11964e-23,-6.12059e-23
0.0743535,6.16565e-09,-5.01799e-08,-1.10309e-08,5.76027e-09,-3.14212e-09,3.19736e-06,18.9097,1.34862e-07,-4.13617e-10,-6.50062e-07,1.5708,15.547,15.5493,5.80514e-23,-5.80428e-23
0.0743349,5.46911e-09,-4.98153e-08,1.42945e-08,5.70185e-09,-4.9736e-09,3.198e-06,18.9134,1.34773e-07,-1.61632e-10,-6.4978e-07,1.5708,15.5452,15.5489,9.44204e-23,-9.43976e-23
0.0743164,7.42726e-09,-4.90478e-08,1.38704e-08,6.11466e-09,-7.56874e-09,3.19861e-06,18.9171,1.34712e-07,5.52287e-10,-6.49489e-07,1.5708,15.5433,15.5461,1.85651e-25,-1.85618e-25
0.0742979,1.02202e-08,-4.84553e-08,-1.87495e-09,6.50108e-09,-9.7481e-09,3.1991e-06,18.9208,1.34683e-07,7.52651e-10,-6.49179e-07,1.5708,15.5415,15.5448,8.50366e-23,-8.50182e-23
0.0742794,1.27208e-08,-4.80352e-08,-2.50974e-09,6.88879e-09,-1.31481e-08,3.19945e-06,18.9245,1.34678e-07,6.3708e-10,-6.48848e-07,1.5708,15.5396,15.5361,8.9435e-23,-8.94552e-23
0.0742609,1.24392e-08,-4.88052e-08,-1.81189e-08,6.15324e-09,-1.16082e-08,3.19975e-06,18.9282,1.3466e-07,8.08692e-12,-6.48528e-07,1.5708,15.5377,15.5342,-8.97611e-23,8.97814e-23
0.0742424,9.58678e-09,-4.98426e-08,-9.90431e-09,5.02057e-09,-9.18759e-09,3.20014e-06,18.9319,1.34594e-07,-6.50274e-10,-6.48255e-07,1.5708,15.5359,15.5334,1.68783e-25,-1.6881e-25
0.0742238,6.33654e-09,-5.05358e-08,3.51403e-09,4.00758e-09,-6.69794e-09,3.20069e-06,18.9357,1.34483e-07,-7.23557e-10,-6.48035e-07,1.5708,15.534,15.536,-1.31891e-25,1.31874e-25
0.0742053,5.39965e-09,-5.01977e-08,1.56883e-08,3.8603e-09,-6.9125e-09,3.20134e-06,18.9394,1.34363e-07,-1.53828e-10,-6.47844e-07,1.5708,15.5322,15.5313,2.2814e-23,-2.28153e-23
0.0741868,5.31173e-09,-4.98366e-08,-1.78078e-09,3.66808e-09,-5.21475e-09,3.202e-06,18.9431,1.3426e-07,8.34488e-11,-6.47661e-07,1.5708,15.5303,15.5281,-1.46124e-25,1.46144e-25
0.0741683,4.02897e-09,-4.95972e-08,-9.90754e-09,3.30016e-09,-2.93843e-09,3.20271e-06,18.9468,1.3417e-07,-2.68248e-10,-6.47493e-07,1.5708,15.5285,15.5329,-1.15667e-22,1.15634e-22
0.0741498,4.36003e-09,-4.84218e-08,1.61628e-08,3.92601e-09,-6.07734e-09,3.20345e-06,18.9505,1.34116e-07,6.48965e-11,-6.47317e-07,1.5708,15.5266,15.5225,2.10022e-22,-2.10078e-22
0.0741313,3.94875e-09,-4.83188e-08,-1.14056e-08,3.59161e-09,-2.93269e-09,3.20417e-06,18.9542,1.34091e-07,1.94751e-12,-6.47135e-07,1.5708,15.5247,15.52,0,0
0.0741128,9.11739e-10,-4.8649e-08,-1.59157e-08,2.81466e-09,1.23949e-09,3.20499e-06,18.9579,1.34059e-07,-7.23499e-10,-6.46981e-07,1.5708,15.5229,15.5266,-9.47502e-23,9.47276e-23
0.0740944,-2.79298e-10,-4.78192e-08,2.15215e-08,3.24672e-09,-1.01863e-09,3.20593e-06,18.9616,1.3404e-07,-3.31155e-10,-6.46834e-07,1.5708,15.521,15.5215,1.6064e-26,-1.60635e-26
0.0740759,6.75267e-10,-4.72089e-08,7.42082e-09,3.64133e-09,-8.08558e-10,3.20686e-06,18.9653,1.34055e-07,3.11189e-10,-6.46667e-07,1.5708,15.5192,15.5195,8.4938e-24,-8.49361e-24
0.0740575,1.57494e-09,-4.68632e-08,-6.49098e-09,3.96779e-09,-5.7843e-10,3.20774e-06,18.969,1.34094e-07,2.42089e-10,-6.46481e-07,1.5708,15.5173,15.52,0,0
0.0740391,2.63705e-09,-4.64505e-08,3.35993e-09,4.58212e-09,-2.95214e-09,3.20858e-06,18.9727,1.34151e-07,2.28249e-10,-6.46272e-07,1.5708,15.5155,15.5166,-2.7901e-23,2.78991e-23
0.0740207,3.91155e-09,-4.64534e-08,1.07357e-09,5.00402e-09,-4.41266e-09,3.20935e-06,18.9764,1.34216e-07,3.25898e-10,-6.46037e-07,1.5708,15.5136,15.5093,1.10595e-22,-1.10626e-22
0.0740022,2.92719e-09,-4.74897e-08,-1.69551e-08,4.47385e-09,-1.48402e-09,3.21012e-06,18.9801,1.34252e-07,-1.98537e-10,-6.45806e-07,1.5708,15.5118,15.5106,3.09283e-23,-3.09307e-23
0.0739838,7.81562e-10,-4.83064e-08,-9.07633e-10,4.09503e-09,-4.59947e-10,3.21097e-06,18.9838,1.3424e-07,-5.46089e-10,-6.45597e-07,1.5708,15.5099,15.5081,4.63629e-23,-4.63684e-23
0.0739653,-1.07145e-09,-4.89697e-08,4.34002e-09,3.75172e-09,1.3365e-09,3.21193e-06,18.9875,1.34189e-07,-4.2389e-10,-6.45407e-07,1.5708,15.5081,15.5054,6.76358e-23,-6.76474e-23
0.0739469,-2.89925e-09,-4.95146e-08,-2.08837e-09,3.365e-09,4.32003e-09,3.21297e-06,18.9912,1.34107e-07,-4.09645e-10,-6.45235e-07,1.5708,15.5062,15.503,-7.53378e-25,7.53535e-25
0.0739285,-5.34668e-09,-4.98911e-08,-4.46898e-09,2.95423e-09,7.73491e-09,3.21411e-06,18.9949,1.34e-07,-5.92565e-10,-6.45083e-07,1.5708,15.5044,15.5022,1.45457e-25,-1.45477e-25
0.07391,-7.75938e-09,-4.98484e-08,2.07321e-09,2.78657e-09,1.02862e-08,3.21538e-06,18.9986,1.33885e-07,-6.10068e-10,-6.44945e-07,1.5708,15.5025,15.5037,2.96105e-23,-2.96083e-23
0.0738917,-8.38273e-09,-4.90779e-08,1.20299e-08,3.28144e-09,1.03049e-08,3.21672e-06,19.0023,1.33789e-07,-1.84878e-10,-6.44798e-07,1.5708,15.5007,15.5001,1.47568e-23,-1.47573e-23
0.0738733,-8.08392e-09,-4.83782e-08,6.9507e-10,3.75699e-09,1.13003e-08,3.21807e-06,19.006,1.3373e-07,6.32464e-11,-6.44627e-07,1.5708,15.4988,15.5015,-6.75252e-23,6.75137e-23
0.0738549,-6.78974e-09,-4.73882e-08,5.31038e-09,4.67187e-09,9.43506e-09,3.21937e-06,19.0097,1.33713e-07,2.46922e-10,-6.44421e-07,1.5708,15.497,15.4957,0,0
0.0738366,-6.07445e-09,-4.71114e-08,-6.43712e-09,5.06302e-09,9.89666e-09,3.22062e-06,19.0134,1.33725e-07,1.39908e-10,-6.44183e-07,1.5708,15.4951,15.4932,-5.01543e-23,5.01606e-23
0.0738182,-6.72592e-09,-4.7314e-08,-7.44086e-09,5.09011e-09,1.09919e-08,3.22187e-06,19.0171,1.33737e-07,-2.19942e-10,-6.43934e-07,1.5708,15.4933,15.4888,-1.78794e-24,1.78846e-24
0.0737998,-9.0841e-09,-4.80556e-08,-8.14648e-09,4.57889e-09,1.42339e-08,3.22319e-06,19.0208,1.33723e-07,-6.21431e-10,-6.43698e-07,1.5708,15.4915,15.4927,3.25503e-23,-3.25476e-23
0.0737814,-1.01779e-08,-4.80502e-08,1.33654e-08,4.78658e-09,1.37292e-08,3.2246e-06,19.0245,1.3369e-07,-3.45212e-10,-6.43469e-07,1.5708,15.4896,15.4849,2.39837e-22,-2.39909e-22
0.0737631,-1.15112e-08,-4.8623e-08,-7.02569e-09,4.37379e-09,1.77415e-08,3.22606e-06,19.0282,1.3364e-07,-3.20109e-10,-6.43245e-07,1.5708,15.4878,15.492,-1.09831e-22,1.09801e-22
0.0737448,-1.09392e-08,-4.80272e-08,1.49042e-08,5.12141e-09,1.51579e-08,3.22754e-06,19.0318,1.33591e-07,2.66925e-11,-6.43012e-07,1.5708,15.4859,15.485,-5.54483e-26,5.54517e-26
0.0737264,-9.74296e-09,-4.79075e-08,-1.30669e-09,5.47302e-09,1.55756e-08,3.22897e-06,19.0355,1.33559e-07,2.64544e-10,-6.42752e-07,1.5708,15.4841,15.4878,0,0
0.0737082,-7.61252e-09,-4.73988e-08,5.59758e-09,6.32075e-09,1.24685e-08,3.23032e-06,19.0392,1.33541e-07,4.19934e-10,-6.42462e-07,1.5708,15.4822,15.478,-1.10738e-22,1.10768e-22
0.0736898,-7.47687e-09,-4.80576e-08,-1.63294e-08,6.05821e-09,1.46983e-08,3.2316e-06,19.0429,1.33516e-07,5.70554e-13,-6.42158e-07,1.5708,15.4804,15.4809,1.38473e-23,-1.38468e-23
0.0736715,-8.05256e-09,-4.83772e-08,1.68129e-09,6.08524e-09,1.38363e-08,3.23289e-06,19.0466,1.33465e-07,-2.51992e-10,-6.41859e-07,1.5708,15.4785,15.4747,9.78787e-23,-9.79029e-23
0.0736532,-9.40702e-09,-4.91398e-08,-4.3243e-09,5.56079e-09,1.63741e-08,3.23423e-06,19.0503,1.33384e-07,-3.59435e-10,-6.41573e-07,1.5708,15.4767,15.4794,1.8429e-25,-1.84258e-25
0.0736349,-9.19159e-09,-4.89618e-08,1.27984e-08,5.86583e-09,1.46577e-08,3.2356e-06,19.0539,1.33289e-07,-2.95799e-11,-6.41293e-07,1.5708,15.4749,15.4795,-1.19404e-22,1.19368e-22
0.0736167,-6.20535e-09,-4.82257e-08,1.46969e-08,6.76423e-09,1.09523e-08,3.23688e-06,19.0576,1.33215e-07,6.8285e-10,-6.40981e-07,1.5708,15.473,15.472,-6.85902e-26,6.85947e-26
0.0735984,-3.92837e-09,-4.82847e-08,-1.2963e-08,6.92814e-09,1.1005e-08,3.23802e-06,19.0613,1.33156e-07,5.42562e-10,-6.40644e-07,1.5708,15.4712,15.4734,5.53177e-23,-5.531e-23
0.0735802,-2.57094e-09,-4.82207e-08,-2.13561e-09,7.23051e-09,8.31084e-09,3.23908e-06,19.065,1.33096e-07,2.30767e-10,-6.40294e-07,1.5708,15.4693,15.4649,1.15222e-22,-1.15255e-22
0.0735619,-3.41513e-09,-4.909e-08,-1.28625e-08,6.52385e-09,1.0513e-08,3.24012e-06,19.0687,1.33012e-07,-2.2247e-10,-6.39956e-07,1.5708,15.4675,15.4667,1.94822e-23,-1.94831e-23
0.0735437,-4.85112e-09,-4.95564e-08,1.77052e-09,6.03402e-09,1.09568e-08,3.24122e-06,19.0723,1.32892e-07,-4.07154e-10,-6.39648e-07,1.5708,15.4657,15.4665,7.94239e-27,-7.94195e-27
0.0735254,-4.9694e-09,-4.94864e-08,1.00979e-08,5.92945e-09,1.04074e-08,3.24235e-06,19.076,1.32762e-07,-4.96457e-11,-6.39354e-07,1.5708,15.4638,15.4648,-2.42293e-23,2.42278e-23
0.0735072,-3.93351e-09,-4.9157e-08,3.40383e-09,6.0008e-09,9.90119e-09,3.24345e-06,19.0797,1.3264e-07,2.49274e-10,-6.3906e-07,1.5708,15.462,15.4666,7.25375e-21,-7.2516e-21
0.073489,-1.32129e-09,-4.82537e-08,8.66203e-09,6.6736e-09,6.17816e-09,3.24447e-06,19.0834,1.32549e-07,5.91544e-10,-6.38748e-07,1.5708,15.4602,15.4587,1.81448e-21,-1.81466e-21
0.0734708,1.89863e-10,-4.81846e-08,-1.18301e-08,6.57269e-09,6.34071e-09,3.24537e-06,19.087,1.32479e-07,3.7432e-10,-6.38422e-07,1.5708,15.4583,15.4553,-7.67402e-23,7.67549e-23
0.0734526,-8.51326e-10,-4.86182e-08,-1.37815e-08,5.91654e-09,7.83415e-09,3.24627e-06,19.0907,1.32397e-07,-2.904e-10,-6.38115e-07,1.5708,15.4565,15.4517,1.21832e-22,-1.2187e-22
0.0734343,-3.95388e-09,-4.93154e-08,-7.14353e-09,4.82624e-09,1.11076e-08,3.24726e-06,19.0944,1.32285e-07,-7.78735e-10,-6.37853e-07,1.5708,15.4546,15.4569,0,0
0.0734161,-5.03791e-09,-4.88588e-08,1.90272e-08,4.74897e-09,9.97165e-09,3.24837e-06,19.0981,1.32167e-07,-3.01848e-10,-6.37618e-07,1.5708,15.4528,15.453,-3.15031e-27,3.15026e-27
0.0733979,-4.21075e-09,-4.82803e-08,5.73201e-09,4.78183e-09,1.03909e-08,3.24947e-06,19.1017,1.32073e-07,2.39424e-10,-6.37385e-07,1.5708,15.451,15.4486,6.18539e-23,-6.18635e-23
0.0733797,-4.3838e-09,-4.80638e-08,-1.22179e-08,4.45712e-09,1.25122e-08,3.25055e-06,19.1054,1.31997e-07,-4.53903e-11,-6.3716e-07,1.5708,15.4491,15.4532,-1.06972e-22,1.06944e-22
0.0733616,-3.57022e-09,-4.70649e-08,1.19396e-08,4.99569e-09,9.18807e-09,3.25163e-06,19.1091,1.31952e-07,1.08782e-10,-6.36928e-07,1.5708,15.4473,15.4503,-9.25739e-25,9.25556e-25
0.0733434,-9.26872e-10,-4.61593e-08,9.49089e-09,5.66055e-09,6.18438e-09,3.25261e-06,19.1127,1.31954e-07,6.37886e-10,-6.36666e-07,1.5708,15.4455,15.4492,-1.76783e-24,1.7674e-24
0.0733253,2.59986e-09,-4.54762e-08,9.55427e-10,6.38071e-09,2.59345e-09,3.25343e-06,19.1164,1.31994e-07,8.46988e-10,-6.36369e-07,1.5708,15.4436,15.4421,2.06633e-25,-2.06653e-25
0.0733072,4.02794e-09,-4.58931e-08,-1.60894e-08,6.20871e-09,2.40129e-09,3.25412e-06,19.1201,1.32038e-07,3.48327e-10,-6.36059e-07,1.5708,15.4418,15.4425,0,0
0.073289,4.10904e-09,-4.6428e-08,-2.11966e-09,5.99508e-09,7.75142e-10,3.25478e-06,19.1237,1.32055e-07,-2.17215e-11,-6.35759e-07,1.5708,15.44,15.4374,-1.74236e-25,1.74265e-25
0.0732709,3.16706e-09,-4.74231e-08,-4.22973e-09,5.28206e-09,2.04702e-09,3.25546e-06,19.1274,1.32032e-07,-1.9741e-10,-6.35483e-07,1.5708,15.4381,15.4397,-3.93023e-23,3.92984e-23
0.0732527,2.95203e-09,-4.78198e-08,7.27185e-09,5.06128e-09,1.0693e-09,3.25618e-06,19.1311,1.31973e-07,-4.32739e-11,-6.3523e-07,1.5708,15.4363,15.4375,-1.63672e-25,1.63659e-25
0.0732346,3.76168e-09,-4.79551e-08,4.55272e-09,5.02419e-09,2.22609e-10,3.25687e-06,19.1347,1.31899e-07,2.39497e-10,-6.34983e-07,1.5708,15.4345,15.4382,9.49909e-23,-9.4968e-23
0.0732165,5.84449e-09,-4.76059e-08,6.27561e-09,5.45169e-09,-2.70087e-09,3.25749e-06,19.1384,1.31829e-07,5.26666e-10,-6.34726e-07,1.5708,15.4326,15.4345,-2.19211e-25,2.19185e-25
0.0731984,8.04097e-09,-4.74281e-08,-2.2428e-09,5.73729e-09,-4.8065e-09,3.25801e-06,19.142,1.31772e-07,5.72616e-10,-6.34451e-07,1.5708,15.4308,15.4313,-3.17037e-26,3.17027e-26
0.0731803,9.17979e-09,-4.75605e-08,-6.9657e-09,5.71312e-09,-6.01802e-09,3.25844e-06,19.1457,1.31713e-07,3.06924e-10,-6.34169e-07,1.5708,15.429,15.4267,1.52524e-25,-1.52546e-25
0.0731622,8.42827e-09,-4.81446e-08,-9.87545e-09,5.1498e-09,-5.05327e-09,3.25886e-06,19.1494,1.31634e-07,-1.41009e-10,-6.33903e-07,1.5708,15.4271,15.4277,-1.41708e-23,1.41703e-23
0.0731441,7.53632e-09,-4.83263e-08,4.30927e-09,4.85182e-09,-5.59395e-09,3.25933e-06,19.153,1.31535e-07,-1.88027e-10,-6.33659e-07,1.5708,15.4253,15.4265,3.15798e-23,-3.15773e-23
0.0731261,7.73187e-09,-4.81624e-08,6.98132e-09,4.80499e-09,-6.33269e-09,3.25981e-06,19.1567,1.31434e-07,1.17094e-10,-6.33422e-07,1.5708,15.4235,15.4268,3.55979e-21,-3.55903e-21
0.073108,9.37746e-09,-4.75622e-08,6.69633e-09,5.1848e-09,-8.61496e-09,3.26025e-06,19.1603,1.31351e-07,4.63331e-10,-6.33178e-07,1.5708,15.4217,15.4234,-1.17002e-25,1.16989e-25
0.07309,1.11742e-08,-4.71333e-08,-2.58418e-09,5.45139e-09,-1.02386e-08,3.2606e-06,19.164,1.31293e-07,5.0619e-10,-6.32916e-07,1.5708,15.4198,15.4188,2.7517e-23,-2.75189e-23
0.0730719,1.13833e-08,-4.72365e-08,-1.07698e-08,5.21153e-09,-1.00171e-08,3.26091e-06,19.1676,1.31241e-07,1.11853e-10,-6.32655e-07,1.5708,15.418,15.4209,7.62306e-23,-7.6216e-23
0.0730539,1.18119e-08,-4.69439e-08,6.93164e-09,5.38649e-09,-1.26616e-08,3.2612e-06,19.1713,1.31192e-07,1.32377e-10,-6.32395e-07,1.5708,15.4162,15.4119,1.09526e-22,-1.09556e-22
0.0730358,1.07053e-08,-4.75701e-08,-1.27307e-08,4.60938e-09,-9.64702e-09,3.26151e-06,19.1749,1.31133e-07,-1.4643e-10,-6.32151e-07,1.5708,15.4143,15.4105,1.0094e-22,-1.00965e-22
0.0730177,7.49393e-09,-4.82575e-08,-1.04658e-08,3.59607e-09,-6.12871e-09,3.26193e-06,19.1786,1.31038e-07,-7.21722e-10,-6.31952e-07,1.5708,15.4125,15.416,-2.37021e-25,2.36968e-25
0.0729997,6.31834e-09,-4.7681e-08,2.05164e-08,3.73046e-09,-7.95462e-09,3.26247e-06,19.1823,1.30941e-07,-2.59354e-10,-6.31774e-07,1.5708,15.4107,15.4106,0,0
0.0729816,6.84639e-09,-4.71778e-08,3.97196e-09,3.80414e-09,-7.15489e-09,3.26301e-06,19.1859,1.3087e-07,2.53345e-10,-6.31591e-07,1.5708,15.4089,15.4108,5.12528e-23,-5.12462e-23
0.0729636,7.81178e-09,-4.64687e-08,-1.3114e-09,4.15921e-09,-8.04951e-09,3.26352e-06,19.1895,1.30828e-07,2.85872e-10,-6.31396e-07,1.5708,15.407,15.4065,1.54926e-23,-1.54932e-23
0.0729456,7.87486e-09,-4.61791e-08,-6.22749e-09,4.20337e-09,-7.86832e-09,3.26401e-06,19.1932,1.3081e-07,6.12837e-11,-6.31192e-07,1.5708,15.4052,15.4047,-1.26566e-23,1.2657e-23
0.0729276,7.20652e-09,-4.60882e-08,-2.21477e-09,4.13078e-09,-7.65497e-09,3.26451e-06,19.1968,1.308e-07,-1.26767e-10,-6.30989e-07,1.5708,15.4034,15.3989,3.10195e-25,-3.10286e-25
0.0729096,4.85059e-09,-4.66416e-08,-1.04526e-08,3.4127e-09,-4.06529e-09,3.26509e-06,19.2005,1.30776e-07,-5.04194e-10,-6.30806e-07,1.5708,15.4016,15.403,-9.82818e-26,9.82727e-26
0.0728916,3.3205e-09,-4.64418e-08,1.05658e-08,3.42499e-09,-4.37056e-09,3.26577e-06,19.2041,1.30743e-07,-3.61172e-10,-6.30641e-07,1.5708,15.3998,15.3995,-5.86487e-24,5.86495e-24
0.0728736,3.02608e-09,-4.62233e-08,5.10912e-09,3.50213e-09,-3.54957e-09,3.2665e-06,19.2078,1.30719e-07,1.20742e-12,-6.30472e-07,1.5708,15.3979,15.4007,-7.22791e-23,7.22661e-23
0.0728556,4.06788e-09,-4.56308e-08,5.80021e-09,4.06267e-09,-5.02386e-09,3.2672e-06,19.2114,1.30716e-07,2.83467e-10,-6.30288e-07,1.5708,15.3961,15.3928,8.64059e-23,-8.64248e-23
0.0728376,3.59499e-09,-4.59161e-08,-1.40534e-08,3.84001e-09,-2.56378e-09,3.26789e-06,19.2151,1.30717e-07,-5.90215e-11,-6.30096e-07,1.5708,15.3943,15.3967,-1.63072e-25,1.63047e-25
0.0728196,3.25328e-09,-4.56869e-08,6.54586e-09,4.19445e-09,-4.29371e-09,3.26861e-06,19.2187,1.30717e-07,-1.12597e-10,-6.299e-07,1.5708,15.3925,15.3943,4.72081e-23,-4.72024e-23
0.0728017,4.24798e-09,-4.54584e-08,8.42049e-09,4.67017e-09,-5.83216e-09,3.2693e-06,19.2223,1.30727e-07,2.80777e-10,-6.29683e-07,1.5708,15.3906,15.3953,-3.22529e-25,3.22431e-25
0.0727838,7.00684e-09,-4.49808e-08,8.168e-09,5.57231e-09,-9.4177e-09,3.26991e-06,19.226,1.30754e-07,7.0137e-10,-6.29431e-07,1.5708,15.3888,15.39,7.75928e-26,-7.75871e-26
0.0727659,9.3238e-09,-4.51555e-08,-7.49321e-09,5.99774e-09,-1.09875e-08,3.27038e-06,19.2296,1.30786e-07,6.14234e-10,-6.29146e-07,1.5708,15.387,15.3823,0,0
0.0727479,8.12908e-09,-4.64551e-08,-2.24601e-08,5.28973e-09,-8.25546e-09,3.27083e-06,19.2333,1.30778e-07,-2.47793e-10,-6.2887e-07,1.5708,15.3852,15.3856,9.84077e-24,-9.84053e-24
0.0727299,6.12129e-09,-4.72177e-08,5.23824e-09,4.96408e-09,-8.7178e-09,3.27137e-06,19.2369,1.30717e-07,-5.01275e-10,-6.28619e-07,1.5708,15.3834,15.3869,-9.2921e-23,9.28994e-23
0.072712,6.75497e-09,-4.71887e-08,1.91998e-08,5.32603e-09,-1.10866e-08,3.27195e-06,19.2405,1.30637e-07,2.13709e-10,-6.28366e-07,1.5708,15.3815,15.3834,-4.79892e-23,4.79835e-23
0.0726941,8.79891e-09,-4.71319e-08,7.4743e-10,5.67494e-09,-1.20216e-08,3.27245e-06,19.2442,1.30558e-07,5.9826e-10,-6.28096e-07,1.5708,15.3797,15.3763,-8.9453e-23,8.94729e-23
0.0726762,8.31858e-09,-4.77975e-08,-2.06739e-08,5.18818e-09,-9.53095e-09,3.27291e-06,19.2478,1.30461e-07,-5.1673e-11,-6.2783e-07,1.5708,15.3779,15.3802,0,0
0.0726583,7.47732e-09,-4.77343e-08,6.7231e-09,5.28069e-09,-1.1442e-08,3.27342e-06,19.2514,1.30348e-07,-2.23849e-10,-6.27573e-07,1.5708,15.3761,15.3748,3.42262e-23,-3.42291e-23
0.0726404,6.94042e-09,-4.78616e-08,1.67903e-09,5.06524e-09,-1.04726e-08,3.27395e-06,19.2551,1.30231e-07,-4.37639e-11,-6.2732e-07,1.5708,15.3743,15.3763,-5.36108e-23,5.36036e-23
0.0726225,7.28624e-09,-4.74908e-08,4.5741e-09,5.25687e-09,-1.13963e-08,3.2745e-06,19.2587,1.3012e-07,1.3469e-10,-6.27067e-07,1.5708,15.3725,15.3675,0,0
0.0726046,5.66373e-09,-4.79118e-08,-1.64472e-08,4.54228e-09,-7.45493e-09,3.27507e-06,19.2623,1.30005e-07,-3.07771e-10,-6.26827e-07,1.5708,15.3706,15.3749,-1.73018e-24,1.72971e-24
0.0725867,5.17028e-09,-4.71489e-08,1.47612e-08,4.92642e-09,-1.01067e-08,3.27571e-06,19.266,1.29898e-07,-1.42448e-10,-6.26595e-07,1.5708,15.3688,15.3671,0,0
0.0725689,5.15313e-09,-4.6889e-08,-1.27706e-09,4.81739e-09,-8.62845e-09,3.27635e-06,19.2696,1.29816e-07,9.36096e-11,-6.26357e-07,1.5708,15.367,15.3704,8.73033e-23,-8.72843e-23
0.072551,6.07572e-09,-4.61121e-08,5.38317e-09,5.27912e-09,-1.06046e-08,3.27698e-06,19.2732,1.29759e-07,2.42605e-10,-6.26109e-07,1.5708,15.3652,15.3661,-2.46361e-23,2.46345e-23
0.0725332,7.17699e-09,-4.56559e-08,-8.28764e-10,5.54736e-09,-1.15482e-08,3.27756e-06,19.2768,1.29731e-07,3.17129e-10,-6.25843e-07,1.5708,15.3634,15.3656,5.6746e-23,-5.67379e-23
0.0725153,8.39374e-09,-4.52809e-08,7.25698e-10,5.87345e-09,-1.34451e-08,3.27808e-06,19.2805,1.29722e-07,3.24991e-10,-6.25562e-07,1.5708,15.3616,15.3629,-3.36238e-23,3.3621e-23
0.0724975,9.46086e-09,-4.52148e-08,-1.04683e-09,6.02542e-09,-1.48556e-08,3.27854e-06,19.2841,1.29723e-07,3.05095e-10,-6.25269e-07,1.5708,15.3598,15.3614,-1.96157e-25,1.96136e-25
0.0724797,1.04285e-08,-4.53097e-08,-1.07829e-10,6.11755e-09,-1.64415e-08,3.27896e-06,19.2877,1.29722e-07,2.82081e-10,-6.2497e-07,1.5708,15.3579,15.3612,-8.6981e-23,8.69623e-23
0.0724619,1.2034e-08,-4.5305e-08,4.98828e-09,6.40129e-09,-1.92758e-08,3.27932e-06,19.2913,1.29716e-07,4.40405e-10,-6.24662e-07,1.5708,15.3561,15.3559,6.63454e-24,-6.63465e-24
0.0724441,1.29018e-08,-4.58496e-08,-7.26407e-09,6.174e-09,-1.94922e-08,3.27961e-06,19.295,1.29695e-07,3.00842e-10,-6.24353e-07,1.5708,15.3543,15.3509,8.92465e-23,-8.92664e-23
0.0724262,1.12915e-08,-4.6951e-08,-1.49992e-08,5.27115e-09,-1.70522e-08,3.27993e-06,19.2986,1.29629e-07,-3.17303e-10,-6.24072e-07,1.5708,15.3525,15.3528,-1.84748e-26,1.84745e-26
0.0724084,9.34831e-09,-4.74637e-08,5.1412e-09,4.75089e-09,-1.69252e-08,3.28034e-06,19.3022,1.29521e-07,-4.33853e-10,-6.23827e-07,1.5708,15.3507,15.3549,1.06789e-22,-1.0676e-22
0.0723906,1.00541e-08,-4.70484e-08,1.83146e-08,5.04077e-09,-1.93926e-08,3.28079e-06,19.3058,1.29411e-07,2.50895e-10,-6.23587e-07,1.5708,15.3489,15.35,0,0
0.0723729,1.1695e-08,-4.67605e-08,-2.24206e-09,5.17362e-09,-1.96962e-08,3.28117e-06,19.3095,1.29318e-07,5.228e-10,-6.23337e-07,1.5708,15.3471,15.3478,-1.94262e-23,1.94253e-23
0.0723551,1.23249e-08,-4.65817e-08,-8.35706e-09,5.17192e-09,-2.02127e-08,3.28151e-06,19.3131,1.29234e-07,2.12405e-10,-6.23083e-07,1.5708,15.3453,15.3459,4.01694e-26,-4.01678e-26
0.0723373,1.21352e-08,-4.64607e-08,-1.62622e-09,5.08625e-09,-2.09924e-08,3.28184e-06,19.3167,1.29156e-07,3.33142e-12,-6.22832e-07,1.5708,15.3435,15.3393,2.15045e-22,-2.15103e-22
0.0723195,1.01151e-08,-4.69801e-08,-1.13673e-08,4.26322e-09,-1.78074e-08,3.28222e-06,19.3203,1.29066e-07,-3.92389e-10,-6.22604e-07,1.5708,15.3417,15.3402,3.89396e-23,-3.89433e-23
0.0723017,7.42201e-09,-4.71391e-08,1.75545e-10,3.63795e-09,-1.58367e-08,3.28273e-06,19.3239,1.28957e-07,-6.00305e-10,-6.22412e-07,1.5708,15.3398,15.3421,-5.86016e-23,5.85931e-23
0.0722839,6.62733e-09,-4.64983e-08,1.45497e-08,3.73809e-09,-1.64682e-08,3.28333e-06,19.3275,1.28861e-07,-1.29794e-10,-6.22233e-07,1.5708,15.338,15.3413,-8.44792e-23,8.44614e-23
0.0722662,8.09928e-09,-4.54892e-08,9.43738e-09,4.28572e-09,-1.79967e-08,3.28392e-06,19.3311,1.28805e-07,4.46509e-10,-6.22037e-07,1.5708,15.3362,15.3316,1.22382e-22,-1.22419e-22
0.0722484,7.35465e-09,-4.56169e-08,-2.19603e-08,3.7677e-09,-1.41443e-08,3.28448e-06,19.3348,1.28769e-07,-8.16532e-11,-6.21841e-07,1.5708,15.3344,15.3363,-5.05898e-23,5.05835e-23
0.0722307,6.01442e-09,-4.51701e-08,4.40733e-09,3.86152e-09,-1.52834e-08,3.2851e-06,19.3384,1.28741e-07,-3.52388e-10,-6.21655e-07,1.5708,15.3326,15.332,0,0
0.0722129,5.30204e-09,-4.49527e-08,5.14476e-09,3.81507e-09,-1.46162e-08,3.28578e-06,19.342,1.28727e-07,-1.04484e-10,-6.21468e-07,1.5708,15.3308,15.3265,-2.09366e-24,2.09426e-24
0.0721952,3.29886e-09,-4.53586e-08,-1.24152e-08,3.16396e-09,-1.04709e-08,3.28652e-06,19.3456,1.28707e-07,-4.06782e-10,-6.21299e-07,1.5708,15.329,15.3263,-7.08602e-23,7.08727e-23
0.0721774,1.39261e-10,-4.56193e-08,-3.72499e-09,2.60091e-09,-7.42619e-09,3.2874e-06,19.3492,1.28669e-07,-7.59683e-10,-6.21161e-07,1.5708,15.3272,15.3251,5.43758e-23,-5.43831e-23
0.0721596,-2.67106e-09,-4.56066e-08,5.22559e-09,2.26e-09,-4.75582e-09,3.28843e-06,19.3528,1.28624e-07,-6.62003e-10,-6.21045e-07,1.5708,15.3254,15.3279,6.50091e-23,-6.49985e-23
0.0721419,-3.0092e-09,-4.48018e-08,1.53134e-08,2.76263e-09,-5.24206e-09,3.28954e-06,19.3564,1.286e-07,-7.21633e-11,-6.20924e-07,1.5708,15.3236,15.3225,-2.99402e-23,2.99424e-23
0.0721242,-2.77107e-09,-4.43716e-08,-3.67338e-09,3.03185e-09,-3.54608e-09,3.29065e-06,19.36,1.28605e-07,9.73038e-11,-6.20784e-07,1.5708,15.3218,15.317,2.5228e-22,-2.52359e-22
0.0721065,-4.87013e-09,-4.46737e-08,-1.71477e-08,2.64217e-09,5.44934e-10,3.2918e-06,19.3636,1.28612e-07,-5.22516e-10,-6.20648e-07,1.5708,15.32,15.3162,-9.23606e-25,9.23837e-25
0.0720887,-8.53603e-09,-4.50162e-08,-3.34118e-09,2.19519e-09,3.95478e-09,3.29311e-06,19.3672,1.28601e-07,-9.51975e-10,-6.20533e-07,1.5708,15.3182,15.3141,-1.97922e-24,1.97975e-24
0.072071,-1.21657e-08,-4.52862e-08,3.32044e-09,1.76904e-09,8.13991e-09,3.29459e-06,19.3708,1.28574e-07,-9.08359e-10,-6.20439e-07,1.5708,15.3164,15.3116,1.24731e-22,-1.2477e-22
0.0720532,-1.56908e-08,-4.54821e-08,-1.09539e-09,1.34532e-09,1.34035e-08,3.29625e-06,19.3744,1.28534e-07,-8.81522e-10,-6.20367e-07,1.5708,15.3146,15.31,1.18907e-22,-1.18943e-22
0.0720355,-1.93595e-08,-4.5486e-08,-1.71535e-09,1.04234e-09,1.85707e-08,3.29809e-06,19.378,1.28488e-07,-9.57496e-10,-6.20313e-07,1.5708,15.3128,15.3119,7.83064e-27,-7.83107e-27
0.0720178,-2.15753e-08,-4.48055e-08,1.06374e-08,1.43697e-09,2.0712e-08,3.30007e-06,19.3816,1.2846e-07,-6.48291e-10,-6.20256e-07,1.5708,15.311,15.3146,3.60393e-21,-3.60308e-21
0.0720001,-2.04172e-08,-4.33872e-08,1.91804e-08,2.78015e-09,1.90321e-08,3.30208e-06,19.3852,1.28485e-07,1.6739e-10,-6.20155e-07,1.5708,15.3092,15.3105,3.5123e-23,-3.51199e-23
0.0719825,-1.77816e-08,-4.24122e-08,6.36211e-10,4.03946e-09,1.81521e-08,3.30398e-06,19.3888,1.2857e-07,5.47994e-10,-6.19988e-07,1.5708,15.3074,15.3037,-9.67985e-23,9.68216e-23
0.0719648,-1.74749e-08,-4.26626e-08,-1.9079e-08,4.36997e-09,2.02527e-08,3.3058e-06,19.3924,1.2867e-07,-5.2801e-11,-6.19783e-07,1.5708,15.3056,15.3055,-8.39799e-27,8.39806e-27
0.0719472,-1.81686e-08,-4.29896e-08,1.56584e-09,4.81013e-09,1.95802e-08,3.30764e-06,19.396,1.28755e-07,-3.60711e-10,-6.19558e-07,1.5708,15.3038,15.3018,5.33843e-23,-5.33913e-23
0.0719295,-1.86977e-08,-4.37167e-08,2.87397e-09,4.96167e-09,2.06509e-08,3.3095e-06,19.3996,1.28811e-07,-2.39105e-10,-6.19318e-07,1.5708,15.302,15.3066,1.22481e-22,-1.22443e-22
0.0719119,-1.66915e-08,-4.36851e-08,1.66314e-08,5.97899e-09,1.72887e-08,3.31132e-06,19.4032,1.28849e-07,3.49073e-10,-6.19049e-07,1.5708,15.3002,15.3048,-1.21403e-22,1.21366e-22
0.0718944,-1.24213e-08,-4.36052e-08,8.6962e-09,7.22693e-09,1.31703e-08,3.31298e-06,19.4068,1.28889e-07,9.40818e-10,-6.18722e-07,1.5708,15.2984,15.2979,1.75254e-26,-1.75259e-26
0.0718768,-9.4912e-09,-4.44577e-08,-1.4983e-08,7.648e-09,1.21906e-08,3.31445e-06,19.4104,1.28906e-07,6.23068e-10,-6.18355e-07,1.5708,15.2966,15.2965,6.57512e-27,-6.57516e-27
0.0718592,-8.62141e-09,-4.56026e-08,-8.48412e-09,7.71345e-09,1.07166e-08,3.31583e-06,19.414,1.28871e-07,6.94252e-11,-6.17975e-07,1.5708,15.2948,15.2986,9.88005e-23,-9.87762e-23
0.0718416,-6.83753e-09,-4.62119e-08,1.26874e-08,8.18875e-09,6.59923e-09,3.31714e-06,19.4176,1.2879e-07,3.17761e-10,-6.17582e-07,1.5708,15.293,15.2886,1.13057e-22,-1.13089e-22
0.071824,-6.4713e-09,-4.77006e-08,-1.45512e-08,7.54452e-09,9.05428e-09,3.31839e-06,19.4212,1.28653e-07,8.86003e-11,-6.17194e-07,1.5708,15.2912,15.2868,-2.41855e-24,2.41924e-24
0.0718064,-8.82299e-09,-4.91376e-08,-1.44995e-08,6.51035e-09,1.22086e-08,3.31969e-06,19.4248,1.2844e-07,-6.50372e-10,-6.16849e-07,1.5708,15.2894,15.2887,1.71964e-23,-1.71971e-23
0.0717888,-1.09948e-08,-4.95764e-08,9.42871e-09,6.00029e-09,1.28223e-08,3.32111e-06,19.4284,1.28178e-07,-6.1991e-10,-6.16541e-07,1.5708,15.2876,15.2841,9.17044e-23,-9.17254e-23
0.0717711,-1.26599e-08,-4.97279e-08,7.8815e-10,5.35248e-09,1.61102e-08,3.32262e-06,19.432,1.27901e-07,-4.17782e-10,-6.16263e-07,1.5708,15.2858,15.285,-9.28077e-22,9.28128e-22
0.0717535,-1.3751e-08,-4.91052e-08,2.16491e-09,5.13407e-09,1.77191e-08,3.32419e-06,19.4356,1.27634e-07,-3.33577e-10,-6.16007e-07,1.5708,15.284,15.2806,8.99632e-23,-8.99834e-23
0.0717359,-1.52977e-08,-4.84239e-08,-4.61526e-09,4.73755e-09,2.07489e-08,3.32582e-06,19.4391,1.27399e-07,-4.41314e-10,-6.15765e-07,1.5708,15.2822,15.2869,-1.99705e-25,1.99644e-25
0.0717184,-1.43593e-08,-4.65097e-08,1.94255e-08,5.53392e-09,1.76052e-08,3.32748e-06,19.4427,1.2723e-07,9.59501e-11,-6.15513e-07,1.5708,15.2804,15.2799,1.33196e-23,-1.332e-23
0.0717009,-1.24636e-08,-4.51641e-08,-1.23415e-09,5.92267e-09,1.76853e-08,3.32904e-06,19.4463,1.27141e-07,4.21042e-10,-6.15231e-07,1.5708,15.2786,15.2821,-9.25475e-23,9.25265e-23
0.0716834,-1.00197e-08,-4.37303e-08,2.32692e-09,6.65668e-09,1.4597e-08,3.33051e-06,19.4499,1.27121e-07,4.72774e-10,-6.1492e-07,1.5708,15.2768,15.2759,-5.53764e-26,5.53797e-26
0.0716658,-8.55395e-09,-4.32418e-08,-7.43727e-09,6.73834e-09,1.40038e-08,3.33186e-06,19.4535,1.27146e-07,2.77697e-10,-6.1459e-07,1.5708,15.275,15.2752,7.89729e-27,-7.89722e-27
0.0716483,-7.9155e-09,-4.31523e-08,-2.53407e-09,6.64638e-09,1.29493e-08,3.33317e-06,19.4571,1.27184e-07,5.67541e-11,-6.1426e-07,1.5708,15.2733,15.269,1.10005e-22,-1.10036e-22
0.0716308,-9.05392e-09,-4.39266e-08,-1.05071e-08,5.79302e-09,1.5408e-08,3.33448e-06,19.4607,1.27201e-07,-3.28353e-10,-6.13954e-07,1.5708,15.2715,15.2735,0,0
0.0716132,-9.3441e-09,-4.40434e-08,1.1056e-08,5.62916e-09,1.38796e-08,3.33583e-06,19.4642,1.27196e-07,-1.70546e-10,-6.13673e-07,1.5708,15.2697,15.2673,0,0
0.0715957,-9.42299e-09,-4.455e-08,-2.22704e-09,5.09095e-09,1.55711e-08,3.33718e-06,19.4678,1.27172e-07,-3.45763e-11,-6.1341e-07,1.5708,15.2679,15.2675,-2.57737e-26,2.57743e-26
0.0715782,-9.64059e-09,-4.48173e-08,-1.46582e-09,4.75105e-09,1.60367e-08,3.33854e-06,19.4714,1.27128e-07,-1.23489e-10,-6.1317e-07,1.5708,15.2661,15.2683,-5.41225e-25,5.41146e-25
0.0715607,-8.74766e-09,-4.45809e-08,8.9335e-09,4.91544e-09,1.41428e-08,3.33988e-06,19.475,1.27082e-07,1.35948e-10,-6.12933e-07,1.5708,15.2643,15.2631,-8.4646e-26,8.46527e-26
0.0715432,-7.91459e-09,-4.4689e-08,-4.16161e-09,4.75189e-09,1.46432e-08,3.34117e-06,19.4785,1.27038e-07,1.70023e-10,-6.12696e-07,1.5708,15.2625,15.263,-3.23314e-26,3.23303e-26
0.0715258,-7.37131e-09,-4.46513e-08,-1.18677e-09,4.7293e-09,1.38803e-08,3.34243e-06,19.4821,1.2699e-07,5.38253e-11,-6.12464e-07,1.5708,15.2607,15.2632,0,0
0.0715083,-5.93934e-09,-4.43059e-08,7.62505e-09,5.05502e-09,1.1396e-08,3.34363e-06,19.4857,1.26952e-07,2.76527e-10,-6.12224e-07,1.5708,15.2589,15.2581,-2.12883e-23,2.12895e-23
0.0714908,-4.7713e-09,-4.43965e-08,-4.95327e-09,4.99057e-09,1.13385e-08,3.34476e-06,19.4893,1.26918e-07,2.60652e-10,-6.11978e-07,1.5708,15.2571,15.2618,1.24262e-22,-1.24224e-22
0.0714734,-2.53079e-09,-4.38998e-08,9.24119e-09,5.58544e-09,7.21819e-09,3.34582e-06,19.4929,1.26893e-07,4.6463e-10,-6.11718e-07,1.5708,15.2554,15.2564,-2.8212e-23,2.82101e-23
0.071456,-9.97567e-11,-4.3866e-08,-1.74898e-09,5.82851e-09,5.30615e-09,3.34674e-06,19.4964,1.2688e-07,5.82103e-10,-6.11437e-07,1.5708,15.2536,15.2491,2.34579e-22,-2.34647e-22
0.0714385,-5.51275e-10,-4.48172e-08,-2.06903e-08,5.05789e-09,7.75961e-09,3.34762e-06,19.5,1.26841e-07,-1.15229e-10,-6.1117e-07,1.5708,15.2518,15.2478,1.05433e-22,-1.0546e-22
0.071421,-3.52896e-09,-4.58215e-08,-8.53281e-09,4.03112e-09,1.03158e-08,3.34858e-06,19.5036,1.26751e-07,-7.77845e-10,-6.10949e-07,1.5708,15.25,15.2459,1.07868e-22,-1.07897e-22
0.0714036,-7.01572e-09,-4.65238e-08,2.40024e-09,3.02368e-09,1.37266e-08,3.34971e-06,19.5071,1.26616e-07,-8.61203e-10,-6.10778e-07,1.5708,15.2482,15.2467,3.93899e-23,-3.93937e-23
0.0713861,-9.20661e-09,-4.6431e-08,8.63805e-09,2.55736e-09,1.60699e-08,3.35097e-06,19.5107,1.26466e-07,-5.38929e-10,-6.10645e-07,1.5708,15.2464,15.2421,-3.0582e-25,3.05907e-25
0.0713686,-1.14268e-08,-4.62591e-08,-4.9748e-09,1.9768e-09,2.04941e-08,3.35234e-06,19.5143,1.26321e-07,-5.36759e-10,-6.10537e-07,1.5708,15.2446,15.2402,3.12798e-25,-3.12889e-25
0.0713511,-1.45459e-08,-4.58819e-08,-5.80681e-09,1.44047e-09,2.48416e-08,3.35384e-06,19.5178,1.26189e-07,-8.16891e-10,-6.10457e-07,1.5708,15.2429,15.2459,-8.17256e-23,8.17091e-23
0.0713337,-1.5144e-08,-4.42814e-08,2.08532e-08,2.1432e-09,2.33493e-08,3.35543e-06,19.5214,1.26109e-07,-2.5626e-10,-6.10372e-07,1.5708,15.2411,15.2416,-1.50424e-23,1.50419e-23
0.0713163,-1.35842e-08,-4.28402e-08,6.59575e-09,2.92115e-09,2.32302e-08,3.35699e-06,19.525,1.26104e-07,3.4706e-10,-6.1025e-07,1.5708,15.2393,15.2436,2.44825e-25,-2.44755e-25
0.071299,-1.04933e-08,-4.12733e-08,5.5404e-09,4.20411e-09,1.98096e-08,3.35843e-06,19.5285,1.26175e-07,6.49006e-10,-6.10076e-07,1.5708,15.2375,15.2412,-5.23822e-25,5.23695e-25
0.0712816,-6.71266e-09,-4.02456e-08,2.19303e-09,5.43517e-09,1.56547e-08,3.35969e-06,19.5321,1.2631e-07,8.23704e-10,-6.09839e-07,1.5708,15.2357,15.2369,-3.20144e-23,3.20119e-23
0.0712643,-3.75791e-09,-4.02353e-08,-6.90245e-09,6.09446e-09,1.30068e-08,3.36078e-06,19.5357,1.26468e-07,6.43416e-10,-6.09554e-07,1.5708,15.2339,15.2326,1.86985e-25,-1.87001e-25
0.0712469,-2.83473e-09,-4.12218e-08,-1.1128e-08,6.02959e-09,1.23547e-08,3.36177e-06,19.5392,1.26599e-07,1.5655e-10,-6.09256e-07,1.5708,15.2322,15.2274,-1.27307e-22,1.27347e-22
0.0712295,-4.61061e-09,-4.30534e-08,-1.32055e-08,5.13552e-09,1.4874e-08,3.36278e-06,19.5428,1.26656e-07,-4.76557e-10,-6.08982e-07,1.5708,15.2304,15.2257,2.47163e-22,-2.47239e-22
0.0712121,-7.95664e-09,-4.48742e-08,-4.11761e-09,4.02972e-09,1.83164e-08,3.36392e-06,19.5464,1.26619e-07,-8.5693e-10,-6.08759e-07,1.5708,15.2286,15.2288,6.43082e-24,-6.43072e-24
0.0711947,-9.70587e-09,-4.56148e-08,1.44654e-08,3.72138e-09,1.88912e-08,3.36518e-06,19.5499,1.26517e-07,-4.69814e-10,-6.0857e-07,1.5708,15.2268,15.2318,-3.49119e-25,3.49006e-25
0.0711774,-7.6489e-09,-4.51159e-08,2.09482e-08,4.51122e-09,1.59132e-08,3.36643e-06,19.5535,1.2641e-07,4.7459e-10,-6.08369e-07,1.5708,15.225,15.2249,0,0
0.0711601,-5.15925e-09,-4.49547e-08,-8.03278e-09,4.92383e-09,1.58658e-08,3.36756e-06,19.557,1.26318e-07,6.09988e-10,-6.08138e-07,1.5708,15.2233,15.222,-3.42504e-23,3.42533e-23
0.0711427,-4.72562e-09,-4.50777e-08,-1.33888e-08,4.97671e-09,1.59842e-08,3.36861e-06,19.5606,1.26225e-07,2.9261e-11,-6.07895e-07,1.5708,15.2215,15.2205,2.57997e-23,-2.58014e-23
0.0711254,-5.40136e-09,-4.51946e-08,-6.58335e-10,4.92896e-09,1.56881e-08,3.36967e-06,19.5642,1.26124e-07,-2.43246e-10,-6.07653e-07,1.5708,15.2197,15.2247,-1.32806e-22,1.32763e-22
0.0711081,-3.59615e-09,-4.44343e-08,1.98325e-08,5.73925e-09,1.15026e-08,3.37071e-06,19.5677,1.2604e-07,3.8145e-10,-6.0739e-07,1.5708,15.2179,15.2174,-1.36036e-23,1.3604e-23
0.0710908,-1.37582e-09,-4.42917e-08,-5.67757e-09,5.98093e-09,1.13309e-08,3.37162e-06,19.5713,1.25976e-07,5.71533e-10,-6.07102e-07,1.5708,15.2161,15.2122,0,0
0.0710735,-2.04964e-09,-4.48769e-08,-2.04237e-08,5.43286e-09,1.36762e-08,3.3725e-06,19.5748,1.25898e-07,-1.90993e-10,-6.06822e-07,1.5708,15.2144,15.212,6.35725e-23,-6.35825e-23
0.0710561,-4.42189e-09,-4.53327e-08,-2.21161e-09,4.85294e-09,1.48994e-08,3.37347e-06,19.5784,1.25792e-07,-6.45554e-10,-6.0657e-07,1.5708,15.2126,15.2167,-2.21856e-22,2.21796e-22
0.0710389,-3.98323e-09,-4.46841e-08,2.35077e-08,5.29789e-09,1.18914e-08,3.37448e-06,19.5819,1.25692e-07,6.7909e-11,-6.06321e-07,1.5708,15.2108,15.2141,8.61708e-23,-8.61524e-23
0.0710216,-8.72103e-10,-4.38786e-08,8.81663e-09,5.97671e-09,9.52583e-09,3.37538e-06,19.5855,1.25627e-07,7.92523e-10,-6.06043e-07,1.5708,15.209,15.2104,2.61086e-26,-2.61062e-26
0.0710043,1.86544e-09,-4.34747e-08,-9.24012e-09,6.37674e-09,7.87503e-09,3.37614e-06,19.589,1.25591e-07,6.61478e-10,-6.05738e-07,1.5708,15.2073,15.2069,9.37607e-24,-9.37629e-24
0.0709871,2.71721e-09,-4.35972e-08,-9.93279e-09,6.32607e-09,6.7945e-09,3.37682e-06,19.5926,1.25559e-07,1.69126e-10,-6.05425e-07,1.5708,15.2055,15.2062,0,0
0.0709698,3.00912e-09,-4.37836e-08,1.95752e-09,6.22954e-09,5.14249e-09,3.37746e-06,19.5961,1.25518e-07,4.55878e-11,-6.05116e-07,1.5708,15.2037,15.1993,3.12513e-25,-3.12604e-25
0.0709525,1.73069e-09,-4.46737e-08,-1.08312e-08,5.34081e-09,7.93153e-09,3.37812e-06,19.5997,1.25447e-07,-2.65608e-10,-6.04832e-07,1.5708,15.2019,15.2013,0,0
0.0709352,7.99282e-11,-4.50621e-08,1.77536e-09,4.77704e-09,8.69364e-09,3.37886e-06,19.6032,1.25343e-07,-4.12016e-10,-6.04585e-07,1.5708,15.2002,15.197,-8.57564e-23,8.57745e-23
0.070918,-1.82504e-09,-4.54374e-08,-1.55184e-09,4.03742e-09,1.14167e-08,3.37969e-06,19.6068,1.25217e-07,-4.28681e-10,-6.0437e-07,1.5708,15.1984,15.1945,-1.02896e-22,1.02923e-22
0.0709007,-4.42691e-09,-4.56635e-08,-4.94783e-09,3.22701e-09,1.50825e-08,3.38062e-06,19.6103,1.25076e-07,-6.16918e-10,-6.04194e-07,1.5708,15.1966,15.197,0,0
0.0708834,-5.94085e-09,-4.50294e-08,9.77905e-09,3.12853e-09,1.56399e-08,3.38166e-06,19.6139,1.24944e-07,-3.95862e-10,-6.04041e-07,1.5708,15.1948,15.1926,-7.23826e-25,7.23934e-25
0.0708662,-6.8566e-09,-4.44228e-08,1.46767e-10,2.9623e-09,1.79166e-08,3.38275e-06,19.6174,1.24843e-07,-2.07684e-10,-6.03894e-07,1.5708,15.1931,15.1927,-2.48003e-26,2.48009e-26
0.0708489,-7.40732e-09,-4.35613e-08,1.06366e-09,3.08753e-09,1.8704e-08,3.38388e-06,19.6209,1.24778e-07,-1.70828e-10,-6.03747e-07,1.5708,15.1913,15.1923,-7.14562e-26,7.14515e-26
0.0708317,-7.05291e-09,-4.25362e-08,5.89876e-09,3.5262e-09,1.79718e-08,3.38501e-06,19.6245,1.2476e-07,3.85882e-11,-6.03586e-07,1.5708,15.1895,15.1878,-4.59824e-23,4.59876e-23
0.0708145,-6.92963e-09,-4.20376e-08,-4.44997e-09,3.63658e-09,1.90365e-08,3.38612e-06,19.628,1.24779e-07,6.39027e-12,-6.03412e-07,1.5708,15.1878,15.1855,1.62247e-25,-1.62271e-25
0.0707972,-7.83941e-09,-4.19369e-08,-6.15569e-09,3.5105e-09,2.05397e-08,3.38725e-06,19.6316,1.24811e-07,-2.7491e-10,-6.03238e-07,1.5708,15.186,15.1826,2.4459e-25,-2.44646e-25
0.07078,-9.76833e-09,-4.21891e-08,-4.10415e-09,3.13007e-09,2.29828e-08,3.38845e-06,19.6351,1.24838e-07,-5.22423e-10,-6.03078e-07,1.5708,15.1842,15.1818,6.39358e-23,-6.39459e-23
0.0707628,-1.1709e-08,-4.23864e-08,2.22395e-09,2.85431e-09,2.50703e-08,3.38974e-06,19.6386,1.24852e-07,-5.28208e-10,-6.02933e-07,1.5708,15.1824,15.1789,9.48563e-23,-9.48786e-23
0.0707455,-1.37053e-08,-4.2685e-08,-1.28597e-09,2.49458e-09,2.82663e-08,3.39112e-06,19.6422,1.24853e-07,-5.27947e-10,-6.02805e-07,1.5708,15.1807,15.1834,7.42864e-23,-7.42729e-23
0.0707284,-1.35471e-08,-4.20892e-08,1.54049e-08,3.10749e-09,2.67797e-08,3.39254e-06,19.6457,1.24862e-07,-5.73717e-11,-6.02669e-07,1.5708,15.1789,15.1802,-9.19306e-26,9.19227e-26
0.0707112,-1.16402e-08,-4.1562e-08,5.71166e-09,3.84552e-09,2.57109e-08,3.39391e-06,19.6493,1.24898e-07,4.15325e-10,-6.025e-07,1.5708,15.1771,15.1738,1.79757e-22,-1.79797e-22
0.070694,-1.12907e-08,-4.19012e-08,-1.55097e-08,3.86507e-09,2.77033e-08,3.39521e-06,19.6528,1.24936e-07,2.44425e-11,-6.02312e-07,1.5708,15.1754,15.1785,8.36444e-23,-8.36271e-23
0.0706769,-1.0562e-08,-4.16876e-08,9.19421e-09,4.55821e-09,2.46214e-08,3.39649e-06,19.6563,1.24971e-07,2.86386e-11,-6.02105e-07,1.5708,15.1736,15.1701,9.21099e-23,-9.2131e-23
0.0706597,-1.04174e-08,-4.23418e-08,-6.21776e-09,4.47153e-09,2.62621e-08,3.39773e-06,19.6599,1.24993e-07,1.51685e-12,-6.01885e-07,1.5708,15.1718,15.1684,2.44573e-25,-2.44628e-25
0.0706425,-1.18007e-08,-4.32312e-08,-9.34182e-09,4.08958e-09,2.86017e-08,3.399e-06,19.6634,1.24974e-07,-4.15331e-10,-6.01676e-07,1.5708,15.1701,15.168,0,0
0.0706253,-1.35385e-08,-4.38395e-08,2.29052e-09,3.85652e-09,2.99573e-08,3.40035e-06,19.6669,1.24916e-07,-5.17275e-10,-6.01482e-07,1.5708,15.1683,15.1686,-2.2896e-22,2.28957e-22
0.0706082,-1.38361e-08,-4.38873e-08,1.0209e-08,4.07422e-09,2.99139e-08,3.40175e-06,19.6704,1.24841e-07,-1.46472e-10,-6.01289e-07,1.5708,15.1665,15.1671,0,0
0.0705911,-1.27911e-08,-4.36598e-08,4.60582e-09,4.52474e-09,2.95306e-08,3.40311e-06,19.674,1.2477e-07,1.93117e-10,-6.01079e-07,1.5708,15.1648,15.1627,1.45913e-25,-1.45933e-25
0.0705739,-1.24107e-08,-4.37353e-08,-8.05344e-09,4.63963e-09,3.06593e-08,3.40443e-06,19.6775,1.24701e-07,2.0935e-11,-6.00854e-07,1.5708,15.163,15.1677,-3.38613e-25,3.38507e-25
0.0705568,-1.0543e-08,-4.29838e-08,1.38982e-08,5.61663e-09,2.64416e-08,3.4057e-06,19.681,1.24649e-07,3.16238e-10,-6.00602e-07,1.5708,15.1612,15.1629,-4.38249e-23,4.38201e-23
0.0705397,-7.55625e-09,-4.25915e-08,3.13481e-09,6.3665e-09,2.40207e-08,3.40684e-06,19.6846,1.24624e-07,6.77992e-10,-6.00306e-07,1.5708,15.1595,15.1601,-1.52915e-23,1.52909e-23
0.0705227,-5.26949e-09,-4.26587e-08,-7.71403e-09,6.75777e-09,2.24043e-08,3.40784e-06,19.6881,1.24605e-07,4.89263e-10,-5.99982e-07,1.5708,15.1577,15.1616,-2.19552e-24,2.19496e-24
0.0705056,-2.72662e-09,-4.25459e-08,5.46721e-09,7.41771e-09,1.79989e-08,3.40872e-06,19.6916,1.24587e-07,5.20245e-10,-5.99632e-07,1.5708,15.156,15.1558,7.20845e-27,-7.20851e-27
0.0704885,-6.8461e-10,-4.30672e-08,-4.55952e-09,7.49049e-09,1.647e-08,3.40947e-06,19.6951,1.24555e-07,4.76591e-10,-5.99264e-07,1.5708,15.1542,15.1512,0,0
0.0704714,-8.42035e-10,-4.41874e-08,-1.40494e-08,6.85112e-09,1.76077e-08,3.41018e-06,19.6987,1.24479e-07,-6.01968e-11,-5.9891e-07,1.5708,15.1524,15.1509,4.02632e-23,-4.02672e-23
0.0704543,-2.17094e-09,-4.50748e-08,-1.392e-09,6.20263e-09,1.8021e-08,3.41092e-06,19.7022,1.2435e-07,-3.68708e-10,-5.98589e-07,1.5708,15.1507,15.1463,1.16117e-22,-1.16151e-22
0.0704372,-4.39343e-09,-4.59997e-08,-4.20155e-09,5.19206e-09,2.11479e-08,3.41175e-06,19.7057,1.24174e-07,-5.29948e-10,-5.9831e-07,1.5708,15.1489,15.1465,6.5469e-23,-6.54795e-23
0.0704201,-6.65228e-09,-4.62977e-08,1.39069e-09,4.44973e-09,2.35467e-08,3.41269e-06,19.7092,1.23966e-07,-5.64335e-10,-5.98075e-07,1.5708,15.1471,15.15,0,0
0.0704031,-6.50954e-09,-4.53859e-08,1.67531e-08,4.6973e-09,2.20006e-08,3.41368e-06,19.7128,1.23774e-07,-2.10097e-13,-5.97851e-07,1.5708,15.1454,15.1428,0,0
0.070386,-6.16034e-09,-4.48044e-08,-6.38732e-09,4.52215e-09,2.40316e-08,3.41464e-06,19.7163,1.23618e-07,1.09125e-10,-5.97625e-07,1.5708,15.1436,15.1423,0,0
0.0703689,-6.76524e-09,-4.4127e-08,-6.09744e-09,4.38557e-09,2.49176e-08,3.41561e-06,19.7198,1.23492e-07,-2.06641e-10,-5.97407e-07,1.5708,15.1419,15.14,-4.93524e-23,4.93583e-23
0.0703519,-7.85222e-09,-4.35022e-08,6.2972e-11,4.19523e-09,2.58452e-08,3.41662e-06,19.7233,1.23398e-07,-3.19164e-10,-5.97198e-07,1.5708,15.1401,15.1402,-3.16805e-24,3.16802e-24
0.0703348,-8.08429e-09,-4.26671e-08,6.71934e-09,4.28484e-09,2.56747e-08,3.41766e-06,19.7268,1.23339e-07,-1.02225e-10,-5.96991e-07,1.5708,15.1383,15.1417,-9.08057e-23,9.07856e-23
0.0703178,-6.23727e-09,-4.14629e-08,1.18321e-08,4.94376e-09,2.30365e-08,3.41865e-06,19.7303,1.23332e-07,4.04013e-10,-5.96764e-07,1.5708,15.1366,15.1408,0,0
0.0703009,-2.65666e-09,-4.03404e-08,6.53554e-09,5.85419e-09,1.9191e-08,3.4195e-06,19.7339,1.23382e-07,8.36258e-10,-5.96498e-07,1.5708,15.1348,15.1382,-3.69572e-21,3.69489e-21
0.0702839,1.19828e-09,-3.97554e-08,-1.85824e-09,6.60735e-09,1.52023e-08,3.42016e-06,19.7374,1.23474e-07,8.99552e-10,-5.9619e-07,1.5708,15.1331,15.1291,1.06091e-22,-1.06118e-22
0.0702669,1.88662e-09,-4.06884e-08,-2.20245e-08,6.07502e-09,1.62787e-08,3.4207e-06,19.7409,1.23553e-07,1.57418e-10,-5.95878e-07,1.5708,15.1313,15.127,-2.13614e-24,2.13674e-24
0.0702498,-5.58667e-10,-4.21436e-08,-1.20412e-08,4.9946e-09,1.82876e-08,3.42129e-06,19.7444,1.23569e-07,-6.42865e-10,-5.95606e-07,1.5708,15.1296,15.1256,-1.0763e-22,1.07658e-22
0.0702328,-3.86199e-09,-4.34648e-08,1.79205e-09,3.85009e-09,2.10707e-08,3.42202e-06,19.7479,1.23513e-07,-8.11585e-10,-5.95391e-07,1.5708,15.1278,15.1253,-4.46473e-25,4.46547e-25
0.0702158,-6.3037e-09,-4.41815e-08,6.29522e-09,3.04933e-09,2.37932e-08,3.42289e-06,19.7514,1.23405e-07,-5.7598e-10,-5.95224e-07,1.5708,15.126,15.1295,9.35148e-23,-9.34932e-23
0.0701988,-5.77718e-09,-4.35951e-08,1.77365e-08,3.40106e-09,2.21416e-08,3.42381e-06,19.7549,1.23295e-07,1.11814e-10,-5.95068e-07,1.5708,15.1243,15.1266,0,0
0.0701818,-3.32965e-09,-4.2755e-08,4.94225e-09,4.03015e-09,2.04642e-08,3.42464e-06,19.7584,1.2322e-07,6.03623e-10,-5.94887e-07,1.5708,15.1225,15.1217,-2.32829e-23,2.32843e-23
0.0701649,-1.91094e-09,-4.2404e-08,-1.15454e-08,4.23917e-09,2.03825e-08,3.42536e-06,19.762,1.23174e-07,3.25714e-10,-5.94684e-07,1.5708,15.1208,15.1224,1.89643e-21,-1.89623e-21
0.0701479,-1.03871e-09,-4.19604e-08,1.0222e-09,4.62025e-09,1.80498e-08,3.42604e-06,19.7655,1.23147e-07,1.41906e-10,-5.94467e-07,1.5708,15.119,15.1229,-1.04584e-22,1.04557e-22
0.070131,1.27557e-09,-4.13226e-08,1.16506e-08,5.34799e-09,1.4064e-08,3.42663e-06,19.769,1.23146e-07,5.35433e-10,-5.94222e-07,1.5708,15.1173,15.118,0,0
0.0701141,3.70712e-09,-4.12712e-08,-4.17148e-09,5.65532e-09,1.25025e-08,3.42709e-06,19.7725,1.2316e-07,6.2034e-10,-5.93951e-07,1.5708,15.1155,15.1201,6.62272e-25,-6.62071e-25
0.0700972,6.56096e-09,-4.10303e-08,3.92222e-09,6.30789e-09,7.94855e-09,3.42742e-06,19.776,1.23181e-07,6.68242e-10,-5.93656e-07,1.5708,15.1138,15.1128,-1.2452e-25,1.24527e-25
0.0700803,8.16287e-09,-4.16639e-08,-9.67066e-09,6.18474e-09,7.05954e-09,3.42764e-06,19.7795,1.23189e-07,4.31431e-10,-5.93349e-07,1.5708,15.112,15.1083,9.91167e-23,-9.9141e-23
0.0700633,7.02775e-09,-4.29359e-08,-1.54573e-08,5.32766e-09,8.80467e-09,3.42784e-06,19.783,1.23146e-07,-2.46563e-10,-5.93066e-07,1.5708,15.1103,15.1078,-1.76851e-25,1.76879e-25
0.0700464,4.57758e-09,-4.39828e-08,-1.30357e-09,4.45102e-09,1.02566e-08,3.42814e-06,19.7865,1.23043e-07,-5.78731e-10,-5.92827e-07,1.5708,15.1085,15.1073,8.57861e-26,-8.57929e-26
0.0700294,2.80598e-09,-4.44589e-08,7.03786e-09,3.8695e-09,1.15043e-08,3.42854e-06,19.79,1.22901e-07,-3.77308e-10,-5.92625e-07,1.5708,15.1068,15.1097,-9.51074e-25,9.50889e-25
0.0700125,3.39155e-09,-4.39367e-08,1.35436e-08,4.10843e-09,1.00075e-08,3.42897e-06,19.7935,1.22761e-07,1.89795e-10,-5.9243e-07,1.5708,15.105,15.1081,0,0
0.0699957,5.7205e-09,-4.30461e-08,5.50536e-09,4.6969e-09,7.74065e-09,3.42932e-06,19.797,1.22655e-07,6.21001e-10,-5.92214e-07,1.5708,15.1033,15.1009,6.3146e-23,-6.31557e-23
0.0699788,6.39002e-09,-4.28955e-08,-1.58167e-08,4.55415e-09,8.82823e-09,3.42958e-06,19.8005,1.22574e-07,2.1645e-10,-5.91988e-07,1.5708,15.1015,15.0993,5.83361e-23,-5.83445e-23
0.0699618,4.92441e-09,-4.29517e-08,-8.69527e-09,4.14829e-09,9.75622e-09,3.42988e-06,19.804,1.22493e-07,-3.59772e-10,-5.91776e-07,1.5708,15.0998,15.0948,-1.33226e-22,1.33269e-22
0.0699449,1.85727e-09,-4.33462e-08,-5.7326e-09,3.28014e-09,1.31686e-08,3.43028e-06,19.8075,1.22399e-07,-7.07312e-10,-5.91595e-07,1.5708,15.098,15.0992,-8.41689e-26,8.41624e-26
0.069928,3.25923e-10,-4.28246e-08,1.42235e-08,3.2336e-09,1.3034e-08,3.4308e-06,19.811,1.22308e-07,-3.58242e-10,-5.91438e-07,1.5708,15.0963,15.0947,8.51087e-23,-8.51175e-23
0.0699111,-1.34332e-10,-4.23566e-08,1.60636e-09,3.13849e-09,1.48417e-08,3.43136e-06,19.8145,1.22241e-07,-3.97201e-11,-5.91283e-07,1.5708,15.0945,15.0922,0,0
0.0698942,-1.23084e-09,-4.20255e-08,-7.32541e-09,2.93046e-09,1.70975e-08,3.43196e-06,19.818,1.22193e-07,-2.4491e-10,-5.91137e-07,1.5708,15.0928,15.0917,2.74321e-23,-2.74339e-23
0.0698773,-2.57755e-09,-4.15635e-08,1.12592e-09,2.90711e-09,1.79662e-08,3.43262e-06,19.8215,1.22164e-07,-3.46354e-10,-5.90996e-07,1.5708,15.091,15.0918,0,0
0.0698605,-2.73626e-09,-4.08711e-08,8.73808e-09,3.24243e-09,1.74569e-08,3.43332e-06,19.825,1.22163e-07,-4.46156e-11,-5.90846e-07,1.5708,15.0893,15.0906,3.68233e-23,-3.682e-23
0.0698437,-1.61923e-09,-4.01956e-08,4.98389e-09,3.76875e-09,1.64738e-08,3.43398e-06,19.8285,1.22197e-07,2.79536e-10,-5.90675e-07,1.5708,15.0875,15.0897,1.5606e-25,-1.56038e-25
0.0698268,2.15726e-10,-3.96503e-08,1.94592e-09,4.42485e-09,1.44782e-08,3.43457e-06,19.8319,1.2226e-07,4.35718e-10,-5.90475e-07,1.5708,15.0858,15.0817,2.9459e-25,-2.9467e-25
0.06981,-7.264e-11,-4.02366e-08,-1.64785e-08,4.12903e-09,1.66483e-08,3.43511e-06,19.8354,1.22319e-07,-5.69837e-11,-5.90266e-07,1.5708,15.084,15.0837,2.10185e-26,-2.10189e-26
0.0697931,-1.25189e-09,-4.06845e-08,8.52165e-10,4.03065e-09,1.63842e-08,3.43569e-06,19.8389,1.22351e-07,-3.39004e-10,-5.90067e-07,1.5708,15.0823,15.0836,-3.58729e-23,3.58698e-23
0.0697763,-1.06655e-09,-4.08537e-08,1.13959e-08,4.26762e-09,1.51089e-08,3.4363e-06,19.8424,1.22367e-07,4.29818e-11,-5.89864e-07,1.5708,15.0805,15.0849,3.14713e-25,-3.14623e-25
0.0697595,1.51345e-09,-4.05768e-08,1.19326e-08,5.06444e-09,1.17998e-08,3.43683e-06,19.8459,1.22385e-07,6.40295e-10,-5.89634e-07,1.5708,15.0788,15.0796,2.11062e-23,-2.11051e-23
0.0697427,4.01148e-09,-4.08132e-08,-7.06805e-09,5.46991e-09,1.04679e-08,3.43722e-06,19.8494,1.22402e-07,6.37479e-10,-5.89375e-07,1.5708,15.077,15.0791,-5.57926e-23,5.5785e-23
0.069726,5.73561e-09,-4.11375e-08,-3.38788e-09,5.84826e-09,7.77681e-09,3.43752e-06,19.8529,1.22404e-07,3.9616e-10,-5.89097e-07,1.5708,15.0753,15.0707,0,0
0.0697091,4.8507e-09,-4.24324e-08,-1.59345e-08,5.17469e-09,9.9544e-09,3.43779e-06,19.8564,1.22362e-07,-1.79219e-10,-5.88826e-07,1.5708,15.0736,15.0768,2.38131e-25,-2.3808e-25
0.0696924,4.66072e-09,-4.27431e-08,1.26166e-08,5.32095e-09,7.17826e-09,3.43809e-06,19.8599,1.22279e-07,-7.31244e-11,-5.88569e-07,1.5708,15.0718,15.0724,1.50807e-23,-1.50802e-23
0.0696756,5.71448e-09,-4.30091e-08,5.23826e-09,5.39163e-09,6.42369e-09,3.43836e-06,19.8633,1.2218e-07,3.32006e-10,-5.88305e-07,1.5708,15.0701,15.0727,7.22994e-23,-7.22867e-23
0.0696588,7.51541e-09,-4.29023e-08,1.50569e-09,5.73562e-09,4.32887e-09,3.43856e-06,19.8668,1.22077e-07,4.78838e-10,-5.88032e-07,1.5708,15.0683,15.0657,7.04678e-23,-7.04799e-23
0.0696421,7.57908e-09,-4.33716e-08,-1.35361e-08,5.37619e-09,5.50621e-09,3.43871e-06,19.8703,1.21961e-07,7.24124e-11,-5.87759e-07,1.5708,15.0666,15.0638,7.66572e-23,-7.66715e-23
0.0696253,5.65943e-09,-4.38983e-08,-8.24607e-09,4.73544e-09,7.15983e-09,3.43891e-06,19.8738,1.21819e-07,-4.4661e-10,-5.87511e-07,1.5708,15.0648,15.0663,-2.96193e-25,2.96164e-25
0.0696085,4.73119e-09,-4.36268e-08,1.23475e-08,4.69561e-09,6.0907e-09,3.43918e-06,19.8773,1.2167e-07,-2.04907e-10,-5.87281e-07,1.5708,15.0631,15.0662,-1.69689e-22,1.69653e-22
0.0695918,6.21549e-09,-4.28002e-08,1.26021e-08,5.15257e-09,4.03014e-09,3.43944e-06,19.8807,1.21549e-07,4.31696e-10,-5.87039e-07,1.5708,15.0614,15.0581,-8.19961e-25,8.20137e-25
0.069575,6.46629e-09,-4.27373e-08,-1.60367e-08,4.81713e-09,6.36816e-09,3.43964e-06,19.8842,1.21447e-07,1.53252e-10,-5.86794e-07,1.5708,15.0596,15.0552,1.21126e-22,-1.21162e-22
0.0695582,3.78782e-09,-4.30229e-08,-1.53552e-08,4.0098e-09,9.47421e-09,3.43991e-06,19.8877,1.21338e-07,-6.41076e-10,-5.86579e-07,1.5708,15.0579,15.0623,1.1846e-22,-1.18425e-22
0.0695415,3.15892e-09,-4.20555e-08,2.34246e-08,4.41011e-09,6.26719e-09,3.44027e-06,19.8912,1.21246e-07,-1.77048e-10,-5.86373e-07,1.5708,15.0561,15.0555,-4.96203e-26,4.96225e-26
0.0695248,4.15194e-09,-4.14826e-08,2.81288e-09,4.50144e-09,6.95787e-09,3.4406e-06,19.8947,1.21192e-07,3.53044e-10,-5.86155e-07,1.5708,15.0544,15.0538,-1.71942e-23,1.7195e-23
0.0695081,4.4253e-09,-4.11356e-08,-9.40602e-09,4.45051e-09,7.68901e-09,3.4409e-06,19.8981,1.21159e-07,1.038e-10,-5.85936e-07,1.5708,15.0527,15.055,0,0
0.0694914,4.88632e-09,-4.05386e-08,5.36801e-09,4.7745e-09,5.48092e-09,3.44119e-06,19.9016,1.21149e-07,9.96931e-11,-5.8571e-07,1.5708,15.0509,15.0484,0,0
0.0694746,4.60645e-09,-4.06815e-08,-6.45997e-09,4.4723e-09,6.85243e-09,3.44147e-06,19.9051,1.21148e-07,-7.02298e-12,-5.85483e-07,1.5708,15.0492,15.0512,-5.55145e-23,5.5507e-23
0.0694579,4.76249e-09,-4.04663e-08,5.34076e-09,4.61262e-09,5.32239e-09,3.44176e-06,19.9086,1.21149e-07,4.32673e-11,-5.85261e-07,1.5708,15.0475,15.0426,-3.51718e-25,3.51831e-25
0.0694412,3.41639e-09,-4.11316e-08,-1.23927e-08,3.89935e-09,8.6354e-09,3.44206e-06,19.912,1.21135e-07,-2.54574e-10,-5.85053e-07,1.5708,15.0457,15.0432,6.7503e-23,-6.75141e-23
0.0694245,8.99912e-10,-4.16297e-08,-3.72407e-09,3.26524e-09,1.08315e-08,3.44247e-06,19.9155,1.21091e-07,-6.0697e-10,-5.84879e-07,1.5708,15.044,15.0422,4.92031e-23,-4.9209e-23
0.0694078,-1.27964e-09,-4.18099e-08,5.26818e-09,2.85105e-09,1.26442e-08,3.443e-06,19.919,1.2103e-07,-5.07852e-10,-5.84732e-07,1.5708,15.0423,15.0409,0,0
0.0693911,-2.60707e-09,-4.17002e-08,3.74992e-09,2.65804e-09,1.44925e-08,3.4436e-06,19.9224,1.20965e-07,-2.8865e-10,-5.84599e-07,1.5708,15.0405,15.0407,-4.88972e-24,4.88966e-24
0.0693744,-3.00127e-09,-4.12214e-08,4.01296e-09,2.83201e-09,1.50212e-08,3.44425e-06,19.9259,1.20916e-07,-8.94258e-11,-5.84467e-07,1.5708,15.0388,15.041,0,0
0.0693577,-2.04833e-09,-4.0406e-08,7.27561e-09,3.44856e-09,1.35584e-08,3.44488e-06,19.9294,1.20898e-07,2.19621e-10,-5.84314e-07,1.5708,15.037,15.0415,1.18609e-22,-1.18574e-22
0.0693411,7.23597e-10,-3.93789e-08,9.42275e-09,4.51195e-09,9.87938e-09,3.44542e-06,19.9328,1.20927e-07,6.59009e-10,-5.84119e-07,1.5708,15.0353,15.0318,-3.74376e-21,3.74462e-21
0.0693244,1.60991e-09,-3.96702e-08,-1.83191e-08,4.4641e-09,1.14856e-08,3.44585e-06,19.9363,1.20971e-07,2.47628e-10,-5.83899e-07,1.5708,15.0336,15.0329,-4.26072e-26,4.26091e-26
0.0693078,7.24205e-10,-4.00836e-08,-5.40156e-09,4.36885e-09,1.12469e-08,3.44629e-06,19.9398,1.20996e-07,-2.69751e-10,-5.83683e-07,1.5708,15.0318,15.0272,0,0
0.0692911,-1.6023e-09,-4.1051e-08,-5.63369e-09,3.6817e-09,1.41701e-08,3.44681e-06,19.9432,1.20984e-07,-5.52243e-10,-5.83487e-07,1.5708,15.0301,15.0314,0,0
0.0692745,-2.65367e-09,-4.12186e-08,1.20164e-08,3.70971e-09,1.37649e-08,3.44742e-06,19.9467,1.20943e-07,-2.72166e-10,-5.83307e-07,1.5708,15.0284,15.024,-2.22182e-24,2.22246e-24
0.0692578,-3.9787e-09,-4.18054e-08,-6.97948e-09,3.22351e-09,1.73943e-08,3.44807e-06,19.9502,1.20882e-07,-2.70878e-10,-5.83139e-07,1.5708,15.0266,15.0313,-1.28823e-22,1.28783e-22
0.0692412,-3.35301e-09,-4.11495e-08,1.539e-08,3.93614e-09,1.44662e-08,3.44874e-06,19.9536,1.20823e-07,9.24088e-11,-5.82964e-07,1.5708,15.0249,15.0219,-5.86349e-25,5.86465e-25
0.0692245,-2.93963e-09,-4.12252e-08,-7.55678e-09,3.94301e-09,1.63118e-08,3.44938e-06,19.9571,1.20776e-07,1.38614e-10,-5.82772e-07,1.5708,15.0232,15.0259,0,0
0.0692079,-2.14043e-09,-4.07744e-08,4.29393e-09,4.50449e-09,1.41827e-08,3.44999e-06,19.9606,1.20739e-07,1.34734e-10,-5.82565e-07,1.5708,15.0215,15.0165,1.35262e-22,-1.35306e-22
0.0691913,-3.06108e-09,-4.12852e-08,-1.31947e-08,4.10599e-09,1.71335e-08,3.4506e-06,19.964,1.20697e-07,-2.08492e-10,-5.82355e-07,1.5708,15.0197,15.015,3.44789e-25,-3.44897e-25
0.0691747,-6.06661e-09,-4.19618e-08,-9.71428e-09,3.40408e-09,2.06531e-08,3.4513e-06,19.9675,1.20624e-07,-7.68367e-10,-5.82172e-07,1.5708,15.018,15.0163,-9.4925e-26,9.49359e-26
0.069158,-8.71117e-09,-4.20675e-08,8.20757e-09,3.11451e-09,2.23638e-08,3.45215e-06,19.9709,1.20531e-07,-6.87338e-10,-5.82015e-07,1.5708,15.0163,15.019,0,0
0.0691414,-8.35703e-09,-4.12627e-08,1.85709e-08,3.70374e-09,2.11161e-08,3.45305e-06,19.9744,1.20455e-07,6.31264e-11,-5.81848e-07,1.5708,15.0145,15.0122,6.27737e-23,-6.27833e-23
0.0691249,-7.70328e-09,-4.09424e-08,-7.42006e-09,3.8634e-09,2.31061e-08,3.45391e-06,19.9778,1.20407e-07,1.73435e-10,-5.81664e-07,1.5708,15.0128,15.0132,-1.20993e-23,1.20989e-23
0.0691083,-7.54123e-09,-4.04792e-08,-2.4669e-09,4.23409e-09,2.26077e-08,3.45475e-06,19.9813,1.20377e-07,-4.50626e-11,-5.81466e-07,1.5708,15.0111,15.0103,5.94901e-26,-5.94933e-26
0.0690917,-7.56125e-09,-4.02537e-08,8.52697e-10,4.46343e-09,2.24984e-08,3.45559e-06,19.9848,1.20363e-07,-6.39977e-11,-5.81253e-07,1.5708,15.0093,15.0052,1.1203e-22,-1.12061e-22
0.0690751,-8.80825e-09,-4.06424e-08,-8.90914e-09,4.11066e-09,2.52462e-08,3.45645e-06,19.9882,1.20343e-07,-3.34222e-10,-5.81044e-07,1.5708,15.0076,15.0098,0,0
0.0690585,-8.9638e-09,-4.03199e-08,1.15964e-08,4.49782e-09,2.36293e-08,3.45735e-06,19.9917,1.20321e-07,-1.29058e-10,-5.80833e-07,1.5708,15.0059,15.0056,-8.0782e-27,8.07833e-27
0.069042,-8.05563e-09,-4.01907e-08,3.48234e-09,4.78024e-09,2.35293e-08,3.45821e-06,19.9951,1.20309e-07,2.0049e-10,-5.80605e-07,1.5708,15.0042,14.9994,3.49052e-25,-3.49163e-25
0.0690254,-8.95208e-09,-4.08064e-08,-1.59679e-08,4.32193e-09,2.68138e-08,3.45907e-06,19.9986,1.20283e-07,-2.47042e-10,-5.80383e-07,1.5708,15.0024,14.999,-1.14747e-24,1.14774e-24
0.0690088,-1.14977e-08,-4.13763e-08,-5.18099e-09,3.80285e-09,2.91904e-08,3.46002e-06,20.002,1.20225e-07,-7.1336e-10,-5.80185e-07,1.5708,15.0007,15.0048,-1.13163e-22,1.13132e-22
0.0689923,-1.12241e-08,-4.07561e-08,2.43064e-08,4.44491e-09,2.62122e-08,3.46103e-06,20.0055,1.20169e-07,-3.00103e-11,-5.79983e-07,1.5708,14.999,15.0016,7.17359e-23,-7.17234e-23
0.0689758,-8.19461e-09,-4.00747e-08,9.41296e-09,5.27167e-09,2.41721e-08,3.46194e-06,20.0089,1.20145e-07,7.28725e-10,-5.79744e-07,1.5708,14.9973,14.9962,2.83393e-23,-2.83413e-23
0.0689593,-6.21137e-09,-4.00833e-08,-1.44849e-08,5.53034e-09,2.42616e-08,3.46271e-06,20.0124,1.20136e-07,4.40363e-10,-5.79478e-07,1.5708,14.9955,14.9967,-3.15749e-23,3.15725e-23
0.0689428,-5.34397e-09,-4.01235e-08,-2.20364e-09,5.83044e-09,2.20917e-08,3.46342e-06,20.0158,1.20124e-07,9.77742e-11,-5.79198e-07,1.5708,14.9938,14.9966,-7.67573e-23,7.6743e-23
0.0689263,-3.52233e-09,-4.00422e-08,1.00149e-08,6.33631e-09,1.86982e-08,3.46406e-06,20.0193,1.20112e-07,3.78173e-10,-5.78898e-07,1.5708,14.9921,14.9936,4.06171e-23,-4.06131e-23
0.0689098,-1.06605e-09,-4.02269e-08,6.39742e-10,6.65178e-09,1.66048e-08,3.46458e-06,20.0227,1.20096e-07,5.86881e-10,-5.78577e-07,1.5708,14.9904,14.9947,-1.91491e-24,1.91436e-24
0.0688934,2.09059e-09,-4.02021e-08,3.93451e-09,7.24484e-09,1.22888e-08,3.46496e-06,20.0262,1.20075e-07,7.25496e-10,-5.78234e-07,1.5708,14.9886,14.9851,3.86069e-21,-3.86161e-21
0.0688769,2.89648e-09,-4.12917e-08,-1.81739e-08,6.68788e-09,1.3388e-08,3.46523e-06,20.0296,1.20023e-07,2.15765e-10,-5.7789e-07,1.5708,14.9869,14.9836,0,0
0.0688604,1.02544e-09,-4.25326e-08,-1.12743e-08,5.74059e-09,1.49523e-08,3.46554e-06,20.033,1.1991e-07,-4.87563e-10,-5.77585e-07,1.5708,14.9852,14.9867,-1.9586e-25,1.9584e-25
0.0688439,1.13091e-10,-4.28417e-08,1.41389e-08,5.45209e-09,1.35138e-08,3.46592e-06,20.0365,1.19758e-07,-2.45178e-10,-5.7731e-07,1.5708,14.9835,14.9793,1.12647e-22,-1.12678e-22
0.0688274,-8.97617e-10,-4.34038e-08,-5.91142e-09,4.6361e-09,1.67651e-08,3.46633e-06,20.0399,1.19581e-07,-1.69719e-10,-5.77063e-07,1.5708,14.9818,14.98,-5.01106e-23,5.01166e-23
0.0688109,-2.54413e-09,-4.3434e-08,-3.96276e-09,4.05409e-09,1.86522e-08,3.46681e-06,20.0434,1.19389e-07,-4.08069e-10,-5.76851e-07,1.5708,14.98,14.9759,3.86344e-21,-3.86451e-21
0.0687944,-5.07952e-09,-4.33646e-08,-4.13831e-09,3.30569e-09,2.19234e-08,3.46739e-06,20.0468,1.19197e-07,-6.15555e-10,-5.76673e-07,1.5708,14.9783,14.9745,-1.26195e-24,1.26227e-24
0.0687779,-7.98303e-09,-4.29755e-08,-7.52347e-10,2.64502e-09,2.53786e-08,3.46811e-06,20.0502,1.19015e-07,-7.17631e-10,-5.7653e-07,1.5708,14.9766,14.981,-1.24135e-22,1.24098e-22
0.0687615,-7.72403e-09,-4.12156e-08,2.30803e-08,3.32336e-09,2.288e-08,3.46889e-06,20.0537,1.18889e-07,9.47133e-12,-5.76385e-07,1.5708,14.9749,14.9714,-9.71366e-23,9.71593e-23
0.068745,-7.1989e-09,-4.02801e-08,-8.56194e-09,3.31124e-09,2.55738e-08,3.46963e-06,20.0571,1.18829e-07,1.6774e-10,-5.76223e-07,1.5708,14.9732,14.9691,1.12833e-22,-1.12864e-22
0.0687285,-8.93011e-09,-3.98259e-08,-1.52897e-08,2.92245e-09,2.86148e-08,3.47041e-06,20.0606,1.18801e-07,-4.84142e-10,-5.76073e-07,1.5708,14.9714,14.9679,-9.14191e-25,9.14407e-25
0.068712,-1.18012e-08,-3.94914e-08,-3.8912e-10,2.50377e-09,3.09892e-08,3.4713e-06,20.064,1.18793e-07,-7.83867e-10,-5.75942e-07,1.5708,14.9697,14.9739,-3.11544e-25,3.11456e-25
0.0686956,-1.13816e-08,-3.8197e-08,2.53352e-08,3.2578e-09,2.82085e-08,3.47225e-06,20.0674,1.18826e-07,2.24725e-11,-5.75802e-07,1.5708,14.968,14.964,-2.0935e-24,2.09407e-24
0.0686792,-1.07519e-08,-3.80044e-08,-1.0018e-08,3.18893e-09,3.12453e-08,3.47315e-06,20.0709,1.18895e-07,1.76306e-10,-5.75645e-07,1.5708,14.9663,14.963,8.96631e-23,-8.96825e-23
0.0686627,-1.21259e-08,-3.82029e-08,-1.30769e-08,2.9025e-09,3.35699e-08,3.47408e-06,20.0743,1.18962e-07,-4.31819e-10,-5.75498e-07,1.5708,14.9646,14.962,6.98324e-23,-6.98442e-23
0.0686463,-1.41804e-08,-3.84653e-08,2.1737e-09,2.6673e-09,3.4968e-08,3.47508e-06,20.0777,1.19016e-07,-6.07646e-10,-5.75364e-07,1.5708,14.9629,14.9665,-3.77279e-21,3.77186e-21
0.0686299,-1.32984e-08,-3.7935e-08,2.14787e-08,3.39738e-09,3.23103e-08,3.47612e-06,20.0812,1.19077e-07,1.22977e-10,-5.75216e-07,1.5708,14.9611,14.9606,-3.89581e-26,3.89595e-26
0.0686135,-1.12806e-08,-3.7926e-08,-1.8133e-09,3.83157e-09,3.24416e-08,3.47706e-06,20.0846,1.19151e-07,4.68023e-10,-5.7504e-07,1.5708,14.9594,14.9623,0,0
0.0685972,-8.96049e-09,-3.77953e-08,5.73178e-10,4.59824e-09,2.9566e-08,3.4779e-06,20.088,1.19227e-07,4.52558e-10,-5.74833e-07,1.5708,14.9577,14.9556,-3.98021e-25,3.98078e-25
0.0685808,-8.02089e-09,-3.85079e-08,-9.47844e-09,4.66728e-09,2.96093e-08,3.47864e-06,20.0915,1.19286e-07,1.58975e-10,-5.74606e-07,1.5708,14.956,14.9563,-8.39419e-24,8.39402e-24
0.0685644,-7.61926e-09,-3.91837e-08,6.1519e-10,4.80149e-09,2.82942e-08,3.47936e-06,20.0949,1.19309e-07,8.41619e-13,-5.74373e-07,1.5708,14.9543,14.9544,-1.81431e-26,1.8143e-26
0.068548,-6.88844e-09,-3.98426e-08,3.44309e-09,4.92512e-09,2.72775e-08,3.48004e-06,20.0983,1.19297e-07,1.23006e-10,-5.74135e-07,1.5708,14.9526,14.9552,1.92676e-25,-1.92643e-25
0.0685317,-4.98408e-09,-4.01107e-08,6.94551e-09,5.39918e-09,2.46882e-08,3.48064e-06,20.1017,1.19261e-07,4.10824e-10,-5.73881e-07,1.5708,14.9508,14.9514,4.15585e-26,-4.1557e-26
0.0685154,-3.01478e-09,-4.0535e-08,-2.78885e-09,5.66749e-09,2.3282e-08,3.48115e-06,20.1052,1.19206e-07,4.51772e-10,-5.73608e-07,1.5708,14.9491,14.9508,-4.56276e-23,4.56226e-23
0.068499,-1.26549e-09,-4.08343e-08,-8.11265e-10,5.97952e-09,2.09267e-08,3.48155e-06,20.1086,1.19132e-07,3.73508e-10,-5.73322e-07,1.5708,14.9474,14.9491,4.71606e-23,-4.71552e-23
0.0684827,5.66884e-10,-4.10587e-08,1.71636e-09,6.27835e-09,1.8361e-08,3.48187e-06,20.112,1.19043e-07,4.13546e-10,-5.73019e-07,1.5708,14.9457,14.9439,5.02314e-23,-5.02376e-23
0.0684664,1.20957e-09,-4.17005e-08,-8.8694e-09,6.01168e-09,1.85548e-08,3.48212e-06,20.1154,1.18929e-07,1.60977e-10,-5.72717e-07,1.5708,14.944,14.9396,1.1971e-22,-1.19746e-22
0.06845,-4.94435e-10,-4.26466e-08,-1.292e-08,5.16438e-09,2.10441e-08,3.48239e-06,20.1189,1.18774e-07,-4.20551e-10,-5.72443e-07,1.5708,14.9423,14.9401,0,0
0.0684337,-2.82564e-09,-4.30587e-08,2.25852e-09,4.51289e-09,2.24578e-08,3.48277e-06,20.1223,1.18583e-07,-5.90706e-10,-5.72206e-07,1.5708,14.9406,14.9365,3.77298e-21,-3.774e-21
0.0684173,-5.22256e-09,-4.32488e-08,-2.8065e-10,3.75594e-09,2.57922e-08,3.48325e-06,20.1257,1.18376e-07,-5.57523e-10,-5.72005e-07,1.5708,14.9389,14.941,-3.88588e-25,3.88534e-25
0.068401,-5.6214e-09,-4.227e-08,1.37215e-08,3.95689e-09,2.50192e-08,3.4838e-06,20.1291,1.18189e-07,-1.22168e-10,-5.71817e-07,1.5708,14.9371,14.9343,4.17306e-25,-4.17384e-25
0.0683846,-5.80358e-09,-4.15552e-08,-4.80829e-09,3.82072e-09,2.72306e-08,3.48436e-06,20.1325,1.18044e-07,-1.90632e-11,-5.71627e-07,1.5708,14.9354,14.9328,0,0
0.0683683,-7.06169e-09,-4.08978e-08,-7.41089e-09,3.58887e-09,2.92159e-08,3.48495e-06,20.136,1.17931e-07,-3.47423e-10,-5.71447e-07,1.5708,14.9337,14.9375,3.78451e-21,-3.78356e-21
0.068352,-6.48161e-09,-3.94277e-08,1.7042e-08,4.27348e-09,2.62141e-08,3.48556e-06,20.1394,1.17873e-07,6.08102e-11,-5.71254e-07,1.5708,14.932,14.9357,1.01884e-22,-1.01859e-22
0.0683358,-3.33629e-09,-3.79823e-08,1.175e-08,5.23126e-09,2.29221e-08,3.48607e-06,20.1428,1.17887e-07,7.58267e-10,-5.7102e-07,1.5708,14.9303,14.9285,-9.98979e-26,9.99099e-26
0.0683195,-1.40713e-09,-3.76847e-08,-1.57923e-08,5.34971e-09,2.32943e-08,3.48643e-06,20.1462,1.17943e-07,4.7179e-10,-5.7076e-07,1.5708,14.9286,14.9256,-5.68102e-25,5.68218e-25
0.0683032,-2.31826e-09,-3.81372e-08,-1.43554e-08,4.88914e-09,2.43071e-08,3.48678e-06,20.1496,1.17992e-07,-2.85719e-10,-5.70509e-07,1.5708,14.9269,14.9315,1.23395e-22,-1.23358e-22
0.068287,-1.62769e-09,-3.78421e-08,2.00793e-08,5.33142e-09,2.00303e-08,3.48714e-06,20.153,1.18037e-07,8.97295e-11,-5.70257e-07,1.5708,14.9252,14.9246,3.27657e-23,-3.2767e-23
0.0682707,1.2121e-10,-3.81718e-08,4.39642e-10,5.31483e-09,1.97942e-08,3.48741e-06,20.1565,1.1808e-07,4.80866e-10,-5.69995e-07,1.5708,14.9235,14.9199,-9.42621e-25,9.42849e-25
0.0682544,-2.43563e-10,-3.91645e-08,-1.77514e-08,4.65064e-09,2.20322e-08,3.48765e-06,20.1599,1.18086e-07,-8.09923e-11,-5.69751e-07,1.5708,14.9218,14.9178,1.08716e-22,-1.08744e-22
0.0682381,-2.85246e-09,-4.02534e-08,-8.12971e-09,3.74671e-09,2.43417e-08,3.48797e-06,20.1633,1.18038e-07,-6.75469e-10,-5.69547e-07,1.5708,14.9201,14.9204,8.53719e-24,-8.53702e-24
0.0682219,-4.35032e-09,-4.05303e-08,1.35756e-08,3.48215e-09,2.41188e-08,3.48839e-06,20.1667,1.17956e-07,-3.92205e-10,-5.69371e-07,1.5708,14.9184,14.9162,1.1877e-22,-1.18787e-22
0.0682056,-4.87556e-09,-4.07141e-08,1.52372e-09,3.17226e-09,2.608e-08,3.48885e-06,20.1701,1.17861e-07,-8.85116e-11,-5.6921e-07,1.5708,14.9167,14.9119,-1.31382e-22,1.31423e-22
0.0681893,-6.75078e-09,-4.10588e-08,-1.2358e-08,2.52713e-09,2.99438e-08,3.48936e-06,20.1735,1.17751e-07,-4.56944e-10,-5.69072e-07,1.5708,14.9149,14.9162,1.04839e-22,-1.04831e-22
0.0681731,-7.84116e-09,-4.04443e-08,1.07525e-08,2.72174e-09,2.91775e-08,3.48995e-06,20.1769,1.17648e-07,-3.43682e-10,-5.68946e-07,1.5708,14.9132,14.9129,-1.06939e-23,1.06942e-23
0.0681568,-7.51414e-09,-3.97378e-08,6.68314e-09,3.02143e-09,2.93652e-08,3.49055e-06,20.1803,1.17578e-07,7.27776e-11,-5.68807e-07,1.5708,14.9115,14.9093,1.47379e-29,-1.47402e-29
0.0681406,-7.55761e-09,-3.93326e-08,-7.11732e-09,3.07116e-09,3.09812e-08,3.49113e-06,20.1837,1.17535e-07,-3.03711e-11,-5.68659e-07,1.5708,14.9098,14.9098,0,0
0.0681244,-7.79327e-09,-3.87918e-08,9.93736e-10,3.33861e-09,3.06535e-08,3.49172e-06,20.1871,1.17515e-07,-1.3208e-10,-5.68504e-07,1.5708,14.9081,14.9122,3.90056e-21,-3.89949e-21
0.0681082,-5.92905e-09,-3.77785e-08,1.55803e-08,4.27547e-09,2.70324e-08,3.49227e-06,20.1906,1.17534e-07,3.87064e-10,-5.68317e-07,1.5708,14.9064,14.9021,-1.20553e-22,1.20588e-22
0.068092,-5.23778e-09,-3.80275e-08,-1.53715e-08,4.1396e-09,2.93844e-08,3.49273e-06,20.194,1.17569e-07,1.85893e-10,-5.68111e-07,1.5708,14.9047,14.9075,4.14438e-25,-4.14361e-25
0.0680758,-4.61391e-09,-3.78043e-08,4.66299e-09,4.60754e-09,2.67106e-08,3.49318e-06,20.1974,1.17604e-07,4.71675e-11,-5.67897e-07,1.5708,14.903,14.9024,1.69683e-23,-1.6969e-23
0.0680596,-3.76021e-09,-3.80281e-08,1.69581e-09,4.76699e-09,2.60256e-08,3.49357e-06,20.2008,1.17637e-07,1.8921e-10,-5.67666e-07,1.5708,14.9013,14.9021,-4.35389e-23,4.35366e-23
0.0680434,-2.66312e-09,-3.82882e-08,5.30728e-10,4.975e-09,2.48275e-08,3.49391e-06,20.2042,1.17656e-07,2.38165e-10,-5.67427e-07,1.5708,14.8996,14.9,1.00763e-23,-1.0076e-23
0.0680273,-1.64153e-09,-3.86682e-08,-7.8264e-10,5.11003e-09,2.37075e-08,3.49419e-06,20.2076,1.17658e-07,2.2307e-10,-5.67179e-07,1.5708,14.8979,14.9029,-1.37639e-22,1.37593e-22
0.0680111,9.69441e-10,-3.85001e-08,1.19621e-08,5.86117e-09,1.91454e-08,3.49438e-06,20.211,1.17654e-07,5.92745e-10,-5.66909e-07,1.5708,14.8962,14.8936,-1.92721e-25,1.92754e-25
0.067995,2.42317e-09,-3.92963e-08,-1.31965e-08,5.66852e-09,1.97534e-08,3.49446e-06,20.2144,1.17631e-07,3.93586e-10,-5.66625e-07,1.5708,14.8945,14.8916,2.19602e-25,-2.19645e-25
0.0679788,1.36946e-09,-4.03649e-08,-1.32828e-08,5.05025e-09,2.09851e-08,3.49453e-06,20.2178,1.17559e-07,-2.80756e-10,-5.66362e-07,1.5708,14.8928,14.8909,-2.4644e-25,2.46471e-25
0.0679626,-4.73807e-10,-4.11325e-08,1.97151e-09,4.4867e-09,2.17163e-08,3.49467e-06,20.2212,1.1744e-07,-4.66896e-10,-5.66129e-07,1.5708,14.8911,14.8892,5.45762e-23,-5.45834e-23
0.0679465,-1.84813e-09,-4.15438e-08,3.85642e-09,4.01329e-09,2.32443e-08,3.49489e-06,20.2246,1.1729e-07,-3.06152e-10,-5.65922e-07,1.5708,14.8894,14.8893,1.96486e-24,-1.96486e-24
0.0679303,-2.26025e-09,-4.1349e-08,4.60291e-09,3.92625e-09,2.37095e-08,3.49515e-06,20.228,1.17134e-07,-8.59817e-11,-5.65728e-07,1.5708,14.8877,14.8868,5.05561e-23,-5.05592e-23
0.0679142,-2.3879e-09,-4.09502e-08,-6.73773e-10,3.90176e-09,2.44276e-08,3.49541e-06,20.2314,1.16992e-07,-2.1238e-11,-5.65537e-07,1.5708,14.886,14.8811,1.35662e-22,-1.35707e-22
0.067898,-4.15904e-09,-4.09489e-08,-1.21773e-08,3.33941e-09,2.78478e-08,3.49572e-06,20.2348,1.16859e-07,-4.251e-10,-5.65361e-07,1.5708,14.8843,14.8864,-7.18949e-25,7.18846e-25
0.0678819,-4.87475e-09,-4.00017e-08,1.29347e-08,3.65258e-09,2.6331e-08,3.49609e-06,20.2381,1.1675e-07,-2.38332e-10,-5.65191e-07,1.5708,14.8826,14.8841,-4.07549e-23,4.07509e-23
0.0678658,-3.55559e-09,-3.89216e-08,1.01825e-08,4.1958e-09,2.5045e-08,3.49644e-06,20.2415,1.16691e-07,3.31552e-10,-5.64999e-07,1.5708,14.8809,14.8848,0,0
0.0678497,-6.01358e-10,-3.76973e-08,5.64278e-09,5.11058e-09,2.18304e-08,3.49667e-06,20.2449,1.1669e-07,7.04118e-10,-5.6477e-07,1.5708,14.8792,14.8801,-5.53971e-26,5.53939e-26
0.0678336,1.86556e-09,-3.71773e-08,-6.84842e-09,5.60107e-09,1.99381e-08,3.49677e-06,20.2483,1.1673e-07,5.90292e-10,-5.64506e-07,1.5708,14.8775,14.8822,1.30358e-22,-1.30318e-22
0.0678176,4.7233e-09,-3.66524e-08,5.74105e-09,6.38228e-09,1.49763e-08,3.49673e-06,20.2517,1.16796e-07,6.46356e-10,-5.6421e-07,1.5708,14.8758,14.8717,-2.51157e-24,2.51227e-24
0.0678015,5.33308e-09,-3.76035e-08,-1.73283e-08,5.86265e-09,1.6333e-08,3.4966e-06,20.2551,1.16848e-07,1.97679e-10,-5.63908e-07,1.5708,14.8741,14.8745,2.27227e-23,-2.27221e-23
0.0677854,4.78925e-09,-3.83889e-08,-9.68389e-10,5.50592e-09,1.51947e-08,3.49647e-06,20.2585,1.16855e-07,-1.58697e-10,-5.63629e-07,1.5708,14.8724,14.8715,-6.05224e-26,6.05262e-26
0.0677693,4.32316e-09,-3.92008e-08,3.20688e-09,5.04899e-09,1.51924e-08,3.49636e-06,20.2619,1.16819e-07,-7.39097e-11,-5.63369e-07,1.5708,14.8708,14.868,7.7436e-23,-7.74505e-23
0.0677532,3.28919e-09,-4.01063e-08,-5.54175e-09,4.329e-09,1.72119e-08,3.49628e-06,20.2653,1.16739e-07,-1.91761e-10,-5.6314e-07,1.5708,14.8691,14.8705,4.11496e-23,-4.11455e-23
0.0677371,2.96075e-09,-4.02266e-08,6.99023e-09,4.2124e-09,1.62456e-08,3.49624e-06,20.2687,1.16632e-07,-7.13052e-11,-5.62931e-07,1.5708,14.8674,14.8718,-1.27527e-22,1.27489e-22
0.0677211,4.99883e-09,-3.95947e-08,1.45056e-08,4.79094e-09,1.27988e-08,3.49615e-06,20.272,1.16539e-07,5.25913e-10,-5.6271e-07,1.5708,14.8657,14.8657,0,0
0.067705,7.0843e-09,-3.93845e-08,-6.84788e-09,4.95788e-09,1.21134e-08,3.49595e-06,20.2754,1.16465e-07,5.78438e-10,-5.62471e-07,1.5708,14.864,14.8657,-1.32021e-25,1.32005e-25
0.067689,8.4061e-09,-3.91324e-08,-3.84748e-09,5.17272e-09,9.90066e-09,3.49567e-06,20.2788,1.16401e-07,3.26467e-10,-5.62222e-07,1.5708,14.8623,14.8629,4.89806e-26,-4.89784e-26
0.067673,9.25048e-09,-3.90694e-08,-4.74314e-10,5.20949e-09,8.21708e-09,3.49533e-06,20.2822,1.16344e-07,2.39106e-10,-5.61967e-07,1.5708,14.8606,14.8653,-1.31229e-22,1.31188e-22
0.067657,1.14768e-08,-3.85655e-08,1.08703e-08,5.74025e-09,3.96732e-09,3.49491e-06,20.2856,1.163e-07,5.795e-10,-5.61697e-07,1.5708,14.8589,14.8634,-3.39584e-25,3.39481e-25
0.067641,1.50478e-08,-3.8101e-08,5.21392e-09,6.36213e-09,-3.49562e-10,3.49435e-06,20.289,1.1628e-07,9.51286e-10,-5.61398e-07,1.5708,14.8572,14.8528,-1.25968e-22,1.26006e-22
0.067625,1.55212e-08,-3.90204e-08,-2.54292e-08,5.61917e-09,1.63848e-09,3.49368e-06,20.2923,1.16245e-07,2.3257e-10,-5.61104e-07,1.5708,14.8555,14.8593,-9.96793e-25,9.9654e-25
0.067609,1.54355e-08,-3.91591e-08,7.08894e-09,5.57375e-09,-1.98403e-09,3.49301e-06,20.2957,1.16182e-07,-1.70373e-11,-5.60828e-07,1.5708,14.8538,14.849,0,0
0.0675929,1.41004e-08,-4.01303e-08,-8.89406e-09,4.55415e-09,8.19915e-10,3.49237e-06,20.2991,1.16089e-07,-1.69682e-10,-5.6058e-07,1.5708,14.8521,14.8555,-5.04233e-25,5.04119e-25
0.0675769,1.37949e-08,-4.00147e-08,1.02855e-08,4.44059e-09,-1.14832e-09,3.49178e-06,20.3025,1.15974e-07,-6.29816e-12,-5.6036e-07,1.5708,14.8504,14.8486,5.12889e-23,-5.12953e-23
0.0675609,1.34955e-08,-4.01359e-08,-3.57581e-09,3.96206e-09,1.84147e-10,3.49119e-06,20.3059,1.15857e-07,7.1927e-11,-5.60155e-07,1.5708,14.8488,14.8497,-2.64753e-23,2.64736e-23
0.0675449,1.31952e-08,-3.9826e-08,2.00132e-10,3.79818e-09,-2.34525e-10,3.49063e-06,20.3092,1.15745e-07,1.12444e-11,-5.59966e-07,1.5708,14.8471,14.8458,3.6381e-23,-3.63842e-23
0.0675289,1.24376e-08,-3.96135e-08,-2.97843e-09,3.46118e-09,6.29079e-10,3.49009e-06,20.3126,1.15644e-07,-8.06809e-11,-5.59789e-07,1.5708,14.8454,14.8435,-1.43167e-25,1.43186e-25
0.0675129,1.09698e-08,-3.94377e-08,-3.93587e-09,3.01206e-09,2.19133e-09,3.4896e-06,20.316,1.15553e-07,-2.63073e-10,-5.59632e-07,1.5708,14.8437,14.8471,9.35429e-23,-9.35216e-23
0.067497,1.10573e-08,-3.84991e-08,1.31078e-08,3.34131e-09,3.46549e-11,3.48916e-06,20.3194,1.15489e-07,8.40371e-11,-5.59478e-07,1.5708,14.842,14.8428,-2.16508e-23,2.16497e-23
0.067481,1.21245e-08,-3.77857e-08,1.56206e-09,3.57464e-09,-5.08596e-10,3.48867e-06,20.3227,1.15466e-07,3.8034e-10,-5.59309e-07,1.5708,14.8403,14.8415,-3.45062e-23,3.45033e-23
0.0674651,1.30293e-08,-3.72399e-08,-3.41977e-09,3.80143e-09,-1.53376e-09,3.48814e-06,20.3261,1.15473e-07,2.99934e-10,-5.59129e-07,1.5708,14.8386,14.835,3.83751e-21,-3.83844e-21
0.0674491,1.18372e-08,-3.7537e-08,-1.35577e-08,3.28926e-09,5.80511e-10,3.48762e-06,20.3295,1.15485e-07,-1.9972e-10,-5.58957e-07,1.5708,14.8369,14.8326,-2.28448e-24,2.28514e-24
0.0674331,8.61024e-09,-3.81537e-08,-8.21698e-09,2.42989e-09,3.75812e-09,3.48721e-06,20.3329,1.15471e-07,-7.18307e-10,-5.58819e-07,1.5708,14.8353,14.8306,0,0
0.0674171,4.54626e-09,-3.8734e-08,-1.11951e-09,1.48952e-09,7.91463e-09,3.48698e-06,20.3362,1.15427e-07,-9.08793e-10,-5.58727e-07,1.5708,14.8336,14.8301,9.64315e-23,-9.6454e-23
0.0674011,9.01508e-10,-3.88922e-08,3.77329e-09,8.34621e-10,1.18809e-08,3.48695e-06,20.3396,1.15363e-07,-8.08906e-10,-5.58674e-07,1.5708,14.8319,14.8347,-7.95106e-23,7.94954e-23
0.0673851,1.4648e-10,-3.79005e-08,1.84655e-08,1.3265e-09,1.13225e-08,3.48702e-06,20.343,1.15322e-07,-1.45127e-10,-5.58625e-07,1.5708,14.8302,14.832,-2.3783e-25,2.37801e-25
0.0673692,1.55378e-09,-3.67979e-08,6.40998e-09,2.11325e-09,1.07217e-08,3.48707e-06,20.3463,1.15333e-07,4.0743e-10,-5.58543e-07,1.5708,14.8285,14.8239,-1.30987e-22,1.31028e-22
0.0673532,9.32496e-10,-3.67539e-08,-1.97468e-08,2.02283e-09,1.40496e-08,3.48709e-06,20.3497,1.15371e-07,-1.06464e-10,-5.58444e-07,1.5708,14.8268,14.8255,3.74384e-23,-3.74418e-23
0.0673373,-1.11043e-09,-3.66849e-08,-2.13502e-09,2.07089e-09,1.48237e-08,3.48719e-06,20.3531,1.15411e-07,-5.45828e-10,-5.58346e-07,1.5708,14.8251,14.8266,-4.11033e-23,4.10992e-23
0.0673214,-1.5502e-09,-3.6297e-08,1.47463e-08,2.59536e-09,1.3706e-08,3.48735e-06,20.3564,1.15463e-07,-1.12364e-10,-5.58234e-07,1.5708,14.8235,14.8197,1.04588e-22,-1.04614e-22
0.0673054,-2.15252e-09,-3.66515e-08,-7.77563e-09,2.51412e-09,1.67395e-08,3.48753e-06,20.3598,1.15513e-07,-8.53434e-11,-5.58111e-07,1.5708,14.8218,14.8258,1.14773e-22,-1.14742e-22
0.0672896,-1.46525e-09,-3.62336e-08,1.07795e-08,3.34575e-09,1.40588e-08,3.4877e-06,20.3632,1.15566e-07,1.14943e-10,-5.57968e-07,1.5708,14.8201,14.8156,-2.03616e-24,2.03677e-24
0.0672736,-1.85074e-09,-3.68834e-08,-1.15147e-08,3.23056e-09,1.6792e-08,3.48786e-06,20.3665,1.1561e-07,-5.25522e-11,-5.57808e-07,1.5708,14.8184,14.8169,-4.31876e-23,4.31921e-23
0.0672577,-3.31746e-09,-3.7463e-08,-4.00907e-09,3.18037e-09,1.79278e-08,3.48807e-06,20.3699,1.15623e-07,-3.97547e-10,-5.57653e-07,1.5708,14.8167,14.8173,1.53405e-23,-1.534e-23
0.0672418,-3.91679e-09,-3.76749e-08,9.32879e-09,3.48542e-09,1.7429e-08,3.48833e-06,20.3733,1.15615e-07,-1.73258e-10,-5.57491e-07,1.5708,14.815,14.82,-1.38771e-22,1.38725e-22
0.067226,-1.62888e-09,-3.71975e-08,1.69205e-08,4.55605e-09,1.38716e-08,3.48854e-06,20.3766,1.15614e-07,5.45411e-10,-5.57293e-07,1.5708,14.8134,14.8169,-9.93373e-23,9.93135e-23
0.0672101,2.10248e-09,-3.68911e-08,1.84358e-09,5.61936e-09,1.06841e-08,3.48859e-06,20.38,1.15631e-07,9.22503e-10,-5.57042e-07,1.5708,14.8117,14.809,7.62847e-23,-7.62986e-23
0.0671943,3.27674e-09,-3.76947e-08,-2.07524e-08,5.64146e-09,1.13689e-08,3.48852e-06,20.3834,1.15634e-07,2.90748e-10,-5.56765e-07,1.5708,14.81,14.8106,-4.4364e-26,4.43623e-26
0.0671784,2.94393e-09,-3.8392e-08,-1.29634e-09,5.702e-09,9.72763e-09,3.48843e-06,20.3867,1.15597e-07,-1.40415e-10,-5.56486e-07,1.5708,14.8083,14.8115,-9.07251e-23,9.07054e-23
0.0671626,4.14148e-09,-3.86307e-08,1.43311e-08,6.14947e-09,6.54634e-09,3.48832e-06,20.3901,1.15535e-07,2.95594e-10,-5.56194e-07,1.5708,14.8066,14.8034,1.81003e-22,-1.81042e-22
0.0671467,4.55056e-09,-3.9565e-08,-1.18618e-08,5.7649e-09,8.50116e-09,3.48816e-06,20.3934,1.15442e-07,1.83687e-10,-5.559e-07,1.5708,14.805,14.8061,0,0
0.0671309,4.3546e-09,-3.9954e-08,-7.24798e-10,5.7118e-09,7.48169e-09,3.488e-06,20.3968,1.15314e-07,-6.22353e-11,-5.55618e-07,1.5708,14.8033,14.8053,-1.51796e-25,1.51776e-25
0.0671151,5.07827e-09,-3.99147e-08,8.50573e-09,5.92102e-09,5.4974e-09,3.48783e-06,20.4001,1.15177e-07,1.97388e-10,-5.55331e-07,1.5708,14.8016,14.7986,-1.04705e-24,1.04727e-24
0.0670992,4.88632e-09,-4.03425e-08,-1.02707e-08,5.47735e-09,7.4451e-09,3.48763e-06,20.4035,1.15028e-07,2.71945e-11,-5.55051e-07,1.5708,14.7999,14.7994,4.94854e-22,-4.94871e-22
0.0670834,3.8655e-09,-4.04007e-08,-2.42002e-09,5.17926e-09,7.78791e-09,3.48747e-06,20.4069,1.14865e-07,-2.4337e-10,-5.5479e-07,1.5708,14.7983,14.7934,-1.36794e-22,1.36839e-22
0.0670675,1.44069e-09,-4.07499e-08,-7.84839e-09,4.34489e-09,1.12621e-08,3.4874e-06,20.4102,1.1469e-07,-5.41024e-10,-5.54557e-07,1.5708,14.7966,14.7995,-7.74984e-25,7.74832e-25
0.0670517,7.14738e-10,-3.99196e-08,1.56708e-08,4.51196e-09,9.77068e-09,3.4874e-06,20.4136,1.14528e-07,-1.85127e-10,-5.5434e-07,1.5708,14.7949,14.7981,0,0
0.0670359,2.59331e-09,-3.8684e-08,1.24453e-08,5.10787e-09,7.6782e-09,3.48737e-06,20.4169,1.14417e-07,5.08837e-10,-5.54103e-07,1.5708,14.7932,14.7915,4.92933e-23,-4.92991e-23
0.0670201,3.67464e-09,-3.81631e-08,-1.31799e-08,5.07667e-09,8.77265e-09,3.48726e-06,20.4203,1.14349e-07,3.19253e-10,-5.53853e-07,1.5708,14.7915,14.7928,9.67075e-26,-9.66992e-26
0.0670043,3.86689e-09,-3.75776e-08,-1.76954e-09,5.20076e-09,7.26184e-09,3.48712e-06,20.4236,1.14307e-07,1.50673e-11,-5.536e-07,1.5708,14.7899,14.7888,0,0
0.0669885,3.64019e-09,-3.74056e-08,-4.02083e-10,5.01086e-09,7.27923e-09,3.48699e-06,20.427,1.14282e-07,-3.10676e-11,-5.53349e-07,1.5708,14.7882,14.7927,1.26723e-22,-1.26684e-22
0.0669727,5.19246e-09,-3.67091e-08,1.31951e-08,5.48711e-09,3.8342e-09,3.48682e-06,20.4303,1.14279e-07,3.85274e-10,-5.53091e-07,1.5708,14.7865,14.7892,7.53373e-23,-7.53236e-23
0.066957,7.88925e-09,-3.63025e-08,2.54948e-09,5.88593e-09,1.31699e-09,3.48653e-06,20.4337,1.14302e-07,7.15043e-10,-5.5281e-07,1.5708,14.7848,14.7845,9.75732e-24,-9.75755e-24
0.0669412,9.28209e-09,-3.66016e-08,-1.17679e-08,5.73186e-09,7.34814e-10,3.48615e-06,20.437,1.14326e-07,3.85103e-10,-5.52524e-07,1.5708,14.7832,14.788,-3.6815e-25,3.6803e-25
0.0669255,1.10462e-08,-3.65145e-08,8.05219e-09,6.08155e-09,-3.76428e-09,3.48569e-06,20.4404,1.14344e-07,4.22979e-10,-5.52232e-07,1.5708,14.7815,14.7857,3.8452e-21,-3.84411e-21
0.0669098,1.41234e-08,-3.65248e-08,7.69762e-09,6.47797e-09,-7.95907e-09,3.48511e-06,20.4437,1.14362e-07,8.21591e-10,-5.51922e-07,1.5708,14.7798,14.7773,7.1435e-23,-7.14472e-23
0.066894,1.51597e-08,-3.75906e-08,-1.86854e-08,5.83888e-09,-7.06608e-09,3.48441e-06,20.447,1.14349e-07,3.66112e-10,-5.51619e-07,1.5708,14.7782,14.7798,0,0
0.0668783,1.49113e-08,-3.83115e-08,-1.46151e-09,5.42329e-09,-8.93156e-09,3.48372e-06,20.4504,1.14291e-07,-3.15263e-11,-5.51342e-07,1.5708,14.7765,14.7811,2.6228e-22,-2.62198e-22
0.0668626,1.63708e-08,-3.83681e-08,1.54264e-08,5.57612e-09,-1.29124e-08,3.48299e-06,20.4537,1.14212e-07,4.36606e-10,-5.51071e-07,1.5708,14.7748,14.776,3.21924e-23,-3.21899e-23
0.0668469,1.83364e-08,-3.86442e-08,-2.96099e-09,5.42852e-09,-1.40538e-08,3.48217e-06,20.4571,1.14124e-07,6.31255e-10,-5.50801e-07,1.5708,14.7731,14.7712,5.51098e-23,-5.5117e-23
0.0668311,1.81086e-08,-3.93116e-08,-1.60953e-08,4.71902e-09,-1.3005e-08,3.48131e-06,20.4604,1.14009e-07,5.88063e-11,-5.50552e-07,1.5708,14.7715,14.7674,1.16968e-22,-1.17001e-22
0.0668154,1.5188e-08,-4.01493e-08,-1.16482e-08,3.5477e-09,-1.02989e-08,3.48054e-06,20.4638,1.13855e-07,-6.17566e-10,-5.50351e-07,1.5708,14.7698,14.77,6.26509e-24,-6.26499e-24
0.0667996,1.27662e-08,-4.00996e-08,1.04937e-08,2.96464e-09,-9.90162e-09,3.4799e-06,20.4671,1.13681e-07,-4.99355e-10,-5.50193e-07,1.5708,14.7681,14.7667,3.9321e-23,-3.93247e-23
0.0667839,1.1379e-08,-3.97408e-08,3.66078e-09,2.47924e-09,-7.84765e-09,3.47936e-06,20.4704,1.13516e-07,-1.84909e-10,-5.50062e-07,1.5708,14.7665,14.7658,0,0
0.0667682,1.02517e-08,-3.90271e-08,-1.51412e-09,2.22046e-09,-6.24801e-09,3.47888e-06,20.4738,1.13378e-07,-1.64887e-10,-5.4995e-07,1.5708,14.7648,14.7605,0,0
0.0667524,7.72112e-09,-3.86106e-08,-1.01481e-08,1.58389e-09,-2.4962e-09,3.47849e-06,20.4771,1.13267e-07,-5.19389e-10,-5.4986e-07,1.5708,14.7631,14.7617,-3.08761e-25,3.08791e-25
0.0667367,4.98192e-09,-3.78199e-08,2.83748e-09,1.2879e-09,-5.64118e-10,3.47824e-06,20.4805,1.13186e-07,-6.18941e-10,-5.49793e-07,1.5708,14.7614,14.7593,5.94797e-23,-5.94882e-23
0.066721,2.81883e-09,-3.69874e-08,3.6193e-09,1.09435e-09,1.93903e-09,3.47811e-06,20.4838,1.13146e-07,-4.49611e-10,-5.49738e-07,1.5708,14.7598,14.7578,5.49086e-23,-5.49158e-23
0.0667052,1.00517e-09,-3.61788e-08,1.15063e-11,1.00758e-09,4.50141e-09,3.47808e-06,20.4871,1.13146e-07,-3.81446e-10,-5.49691e-07,1.5708,14.7581,14.7622,-1.16899e-22,1.16866e-22
0.0666896,1.46005e-09,-3.47006e-08,1.54767e-08,1.86596e-09,2.34492e-09,3.47808e-06,20.4905,1.13205e-07,1.15837e-10,-5.49623e-07,1.5708,14.7564,14.7526,1.10253e-22,-1.10282e-22
0.0666739,1.23932e-09,-3.44156e-08,-1.19081e-08,1.86155e-09,5.30598e-09,3.47807e-06,20.4938,1.13306e-07,2.38902e-11,-5.49534e-07,1.5708,14.7548,14.7546,3.99957e-24,-3.99961e-24
0.0666582,1.87105e-10,-3.4206e-08,-2.6215e-09,2.04679e-09,5.66277e-09,3.4781e-06,20.4971,1.13419e-07,-2.83889e-10,-5.4944e-07,1.5708,14.7531,14.7534,4.98091e-22,-4.98082e-22
0.0666425,-3.17759e-10,-3.41375e-08,6.52234e-09,2.35561e-09,5.37405e-09,3.47817e-06,20.5005,1.13538e-07,-1.2367e-10,-5.49335e-07,1.5708,14.7514,14.7546,8.77744e-23,-8.77559e-23
0.0666269,1.01869e-09,-3.39188e-08,1.0509e-08,3.09746e-09,3.28738e-09,3.47821e-06,20.5038,1.13665e-07,3.36351e-10,-5.49202e-07,1.5708,14.7498,14.7516,-1.94226e-21,1.94202e-21
0.0666112,3.06702e-09,-3.40739e-08,-3.01303e-10,3.74713e-09,1.7379e-09,3.47816e-06,20.5071,1.13791e-07,5.24091e-10,-5.49035e-07,1.5708,14.7481,14.7529,0,0
0.0665956,5.88664e-09,-3.41752e-08,4.72657e-09,4.70925e-09,-2.42819e-09,3.478e-06,20.5105,1.13911e-07,6.70459e-10,-5.48827e-07,1.5708,14.7464,14.7497,9.24312e-23,-9.24107e-23
0.06658,8.96467e-09,-3.47016e-08,3.21134e-10,5.46642e-09,-6.06132e-09,3.47768e-06,20.5138,1.14013e-07,7.69747e-10,-5.48576e-07,1.5708,14.7448,14.7445,2.25108e-26,-2.25112e-26
0.0665644,1.04856e-08,-3.59898e-08,-1.13525e-08,5.53004e-09,-7.0905e-09,3.47725e-06,20.5171,1.14067e-07,4.11335e-10,-5.48305e-07,1.5708,14.7431,14.7461,-1.02375e-24,1.02354e-24
0.0665488,1.16007e-08,-3.7033e-08,2.58405e-09,5.7671e-09,-1.02065e-08,3.47677e-06,20.5204,1.14061e-07,2.81351e-10,-5.48027e-07,1.5708,14.7414,14.738,1.9829e-22,-1.98337e-22
0.0665332,1.1037e-08,-3.87331e-08,-1.15388e-08,5.12558e-09,-8.43044e-09,3.47626e-06,20.5238,1.13983e-07,-4.07297e-11,-5.4776e-07,1.5708,14.7398,14.7358,-1.14484e-22,1.14515e-22
0.0665175,8.28682e-09,-4.03565e-08,-1.09102e-08,4.13741e-09,-5.3458e-09,3.47584e-06,20.5271,1.1382e-07,-6.07879e-10,-5.47534e-07,1.5708,14.7381,14.735,-8.84138e-23,8.84324e-23
0.0665018,4.84294e-09,-4.13294e-08,9.86077e-10,3.29099e-09,-2.42682e-09,3.47558e-06,20.5304,1.13591e-07,-7.81247e-10,-5.47353e-07,1.5708,14.7365,14.7325,-1.15665e-22,1.15697e-22
0.0664862,1.4465e-09,-4.17255e-08,6.14532e-10,2.51883e-09,1.75857e-09,3.47549e-06,20.5337,1.13326e-07,-7.43263e-10,-5.47214e-07,1.5708,14.7348,14.7384,-1.05041e-22,1.05015e-22
0.0664706,8.32194e-10,-4.05212e-08,1.89168e-08,3.01627e-09,6.62162e-10,3.4755e-06,20.5371,1.13084e-07,-1.24266e-10,-5.4708e-07,1.5708,14.7331,14.7347,-2.10666e-25,2.10644e-25
0.066455,2.19976e-09,-3.90489e-08,5.35357e-09,3.70515e-09,2.58587e-10,3.47549e-06,20.5404,1.12908e-07,4.02834e-10,-5.46916e-07,1.5708,14.7315,14.7273,2.38572e-22,-2.3864e-22
0.0664394,1.55376e-09,-3.8388e-08,-1.92206e-08,3.57306e-09,3.45734e-09,3.47545e-06,20.5437,1.12784e-07,-1.1399e-10,-5.46739e-07,1.5708,14.7298,14.7327,2.21235e-25,-2.21192e-25
0.0664238,1.00923e-09,-3.70984e-08,8.73653e-09,4.13234e-09,1.30319e-09,3.47546e-06,20.547,1.1271e-07,-1.94223e-10,-5.4655e-07,1.5708,14.7281,14.7322,1.14835e-22,-1.14803e-22
0.0664082,2.93043e-09,-3.56805e-08,1.62001e-08,5.06345e-09,-1.90437e-09,3.47543e-06,20.5504,1.12703e-07,4.90175e-10,-5.46323e-07,1.5708,14.7265,14.7289,1.87135e-25,-1.87105e-25
0.0663927,5.80969e-09,-3.48148e-08,-1.32229e-09,5.77264e-09,-3.88629e-09,3.47527e-06,20.5537,1.12752e-07,7.52016e-10,-5.46056e-07,1.5708,14.7248,14.7273,3.99873e-21,-3.99805e-21
0.0663771,8.07678e-09,-3.44767e-08,-5.35973e-09,6.27444e-09,-6.52586e-09,3.47499e-06,20.557,1.12829e-07,5.55264e-10,-5.45758e-07,1.5708,14.7232,14.7233,-3.05899e-27,3.05895e-27
0.0663616,9.01948e-09,-3.48989e-08,-6.41977e-09,6.24983e-09,-7.8539e-09,3.47463e-06,20.5603,1.12902e-07,2.48588e-10,-5.45449e-07,1.5708,14.7215,14.717,1.26299e-22,-1.26338e-22
0.066346,7.40043e-09,-3.62832e-08,-1.45912e-08,5.29448e-09,-5.26011e-09,3.47428e-06,20.5636,1.12926e-07,-3.40608e-10,-5.45165e-07,1.5708,14.7198,14.7232,2.62445e-25,-2.62385e-25
0.0663305,6.75796e-09,-3.67477e-08,1.4277e-08,5.18716e-09,-7.54925e-09,3.474e-06,20.5669,1.12904e-07,-1.56015e-10,-5.44908e-07,1.5708,14.7182,14.7136,1.31554e-22,-1.31595e-22
0.0663149,5.57597e-09,-3.78802e-08,-8.65558e-09,4.28013e-09,-3.96553e-09,3.47376e-06,20.5703,1.12839e-07,-1.66092e-10,-5.44676e-07,1.5708,14.7165,14.7156,-9.75335e-22,9.75395e-22
0.0662993,3.76632e-09,-3.84645e-08,-2.69602e-09,3.68726e-09,-2.43893e-09,3.4736e-06,20.5736,1.1273e-07,-4.15268e-10,-5.44482e-07,1.5708,14.7149,14.7126,6.41461e-23,-6.41559e-23
0.0662838,1.73803e-09,-3.87949e-08,4.39156e-10,3.11586e-09,-3.00022e-10,3.47353e-06,20.5769,1.12597e-07,-4.51921e-10,-5.44317e-07,1.5708,14.7132,14.7094,1.08672e-22,-1.087e-22
0.0662682,-8.38965e-10,-3.90115e-08,-4.22763e-09,2.41425e-09,3.37079e-09,3.47358e-06,20.5802,1.12449e-07,-5.79648e-10,-5.44184e-07,1.5708,14.7116,14.7142,0,0
0.0662527,-1.60503e-09,-3.81009e-08,1.43959e-08,2.69939e-09,2.50286e-09,3.47371e-06,20.5835,1.12319e-07,-1.96742e-10,-5.44061e-07,1.5708,14.7099,14.7106,5.0612e-26,-5.06098e-26
0.0662371,-8.4545e-10,-3.71143e-08,4.76472e-09,3.09032e-09,2.54903e-09,3.47384e-06,20.5868,1.12237e-07,2.26537e-10,-5.4392e-07,1.5708,14.7082,14.7075,-5.98463e-26,5.98494e-26
0.0662216,-5.18957e-10,-3.64235e-08,-7.08126e-09,3.27986e-09,3.33978e-09,3.47394e-06,20.5901,1.12195e-07,8.85817e-11,-5.43765e-07,1.5708,14.7066,14.7083,4.999e-23,-4.9984e-23
0.0662061,-1.31495e-10,-3.56263e-08,3.13536e-09,3.726e-09,1.84138e-09,3.47403e-06,20.5935,1.12191e-07,5.63901e-11,-5.43594e-07,1.5708,14.7049,14.7067,-3.80063e-25,3.80017e-25
0.0661906,1.03933e-09,-3.49984e-08,5.23041e-09,4.2184e-09,1.52812e-10,3.47408e-06,20.5968,1.12221e-07,2.83305e-10,-5.43399e-07,1.5708,14.7033,14.7074,3.17315e-25,-3.17227e-25
0.0661752,3.51798e-09,-3.43628e-08,6.8447e-09,4.98671e-09,-3.17554e-09,3.47403e-06,20.6001,1.12283e-07,6.01493e-10,-5.43173e-07,1.5708,14.7016,14.6986,-1.18689e-25,1.18713e-25
0.0661597,4.17227e-09,-3.49426e-08,-1.64785e-08,4.73736e-09,-1.78147e-09,3.4739e-06,20.6034,1.12343e-07,2.00823e-10,-5.42934e-07,1.5708,14.7,14.6999,-3.13899e-24,3.13901e-24
0.0661442,3.36982e-09,-3.55697e-08,-3.68249e-09,4.49238e-09,-2.17047e-09,3.47378e-06,20.6067,1.12371e-07,-2.26789e-10,-5.42708e-07,1.5708,14.6983,14.6992,-2.56515e-23,2.56499e-23
0.0661287,3.13004e-09,-3.60338e-08,7.78519e-09,4.41488e-09,-3.1126e-09,3.47369e-06,20.61,1.12371e-07,-4.59009e-11,-5.42489e-07,1.5708,14.6967,14.6934,-1.12765e-24,1.12789e-24
0.0661132,2.25908e-09,-3.69333e-08,-7.69675e-09,3.8227e-09,-5.59495e-10,3.47363e-06,20.6133,1.12335e-07,-1.47017e-10,-5.42288e-07,1.5708,14.695,14.6932,-1.08745e-25,1.08758e-25
0.0660977,4.78256e-10,-3.75937e-08,-4.23714e-09,3.29515e-09,1.27792e-09,3.47363e-06,20.6166,1.12258e-07,-4.27692e-10,-5.42115e-07,1.5708,14.6933,14.689,-2.40273e-24,2.40345e-24
0.0660822,-2.36495e-09,-3.82795e-08,-5.0534e-09,2.5107e-09,4.93803e-09,3.47375e-06,20.6199,1.12146e-07,-6.69735e-10,-5.41975e-07,1.5708,14.6917,14.6964,-2.70821e-22,2.70734e-22
0.0660667,-2.48193e-09,-3.74958e-08,2.19429e-08,3.05419e-09,2.45924e-09,3.47394e-06,20.6232,1.12037e-07,-5.99117e-11,-5.4184e-07,1.5708,14.69,14.6897,0,0
0.0660513,-1.22177e-09,-3.69459e-08,4.64385e-10,3.37348e-09,3.08148e-09,3.4741e-06,20.6265,1.11962e-07,3.66957e-10,-5.41684e-07,1.5708,14.6884,14.685,9.72459e-23,-9.72685e-23
0.0660358,-1.91832e-09,-3.69436e-08,-1.69841e-08,3.12899e-09,5.73562e-09,3.47424e-06,20.6298,1.11898e-07,-1.69823e-10,-5.41526e-07,1.5708,14.6867,14.6834,-1.92979e-22,1.93023e-22
0.0660203,-4.55509e-09,-3.70539e-08,-6.3664e-09,2.69981e-09,8.06154e-09,3.47447e-06,20.6331,1.1183e-07,-6.93276e-10,-5.41385e-07,1.5708,14.6851,14.6858,-1.9607e-23,1.96061e-23
0.0660049,-5.94299e-09,-3.65623e-08,1.36484e-08,2.84282e-09,7.94958e-09,3.47481e-06,20.6364,1.11772e-07,-3.74578e-10,-5.41251e-07,1.5708,14.6834,14.6787,-1.36364e-22,1.36408e-22
0.0659894,-7.48715e-09,-3.66165e-08,-6.85852e-09,2.4333e-09,1.21204e-08,3.4752e-06,20.6397,1.11724e-07,-3.38797e-10,-5.41124e-07,1.5708,14.6818,14.685,2.48237e-25,-2.48183e-25
0.065974,-7.60638e-09,-3.57412e-08,1.12807e-08,3.00262e-09,1.06759e-08,3.47565e-06,20.643,1.11696e-07,-1.0528e-10,-5.40992e-07,1.5708,14.6801,14.6816,-2.06294e-25,2.06273e-25
0.0659586,-6.18448e-09,-3.49544e-08,6.80257e-09,3.67265e-09,9.54435e-09,3.47605e-06,20.6463,1.1171e-07,3.25012e-10,-5.40829e-07,1.5708,14.6785,14.6816,8.82677e-23,-8.82491e-23
0.0659432,-3.76702e-09,-3.42387e-08,2.83529e-09,4.52755e-09,7.06015e-09,3.47636e-06,20.6496,1.11761e-07,5.43927e-10,-5.40628e-07,1.5708,14.6768,14.6791,6.28205e-23,-6.2811e-23
0.0659278,-1.3297e-09,-3.39677e-08,-1.55938e-09,5.21522e-09,4.52197e-09,3.47654e-06,20.6529,1.11836e-07,5.47252e-10,-5.40388e-07,1.5708,14.6752,14.6741,0,0
0.0659124,-3.72142e-10,-3.45294e-08,-9.8087e-09,5.2566e-09,4.16766e-09,3.47664e-06,20.6562,1.119e-07,2.03054e-10,-5.4013e-07,1.5708,14.6735,14.6741,0,0
0.065897,-1.39413e-10,-3.52068e-08,-2.91932e-10,5.24722e-09,2.92875e-09,3.47671e-06,20.6595,1.11932e-07,9.59063e-12,-5.39872e-07,1.5708,14.6719,14.6693,3.95471e-21,-3.95541e-21
0.0658816,-8.51438e-10,-3.63189e-08,-5.31404e-09,4.74758e-09,4.32964e-09,3.47679e-06,20.6628,1.11917e-07,-1.66604e-10,-5.39626e-07,1.5708,14.6702,14.6697,4.62353e-26,-4.62372e-26
0.0658662,-1.76753e-09,-3.71242e-08,8.66399e-10,4.39411e-09,4.89121e-09,3.47691e-06,20.6661,1.11853e-07,-2.38597e-10,-5.39402e-07,1.5708,14.6686,14.6676,5.84462e-23,-5.84502e-23
0.0658508,-2.5124e-09,-3.76871e-08,1.3514e-09,4.09079e-09,5.83205e-09,3.47707e-06,20.6694,1.11753e-07,-1.78998e-10,-5.39195e-07,1.5708,14.667,14.6648,-6.38641e-23,6.38737e-23
0.0658354,-3.61593e-09,-3.81289e-08,-3.48143e-09,3.68872e-09,7.77858e-09,3.47728e-06,20.6727,1.11626e-07,-2.65531e-10,-5.39005e-07,1.5708,14.6653,14.6688,-6.88281e-25,6.88117e-25
0.0658201,-3.09814e-09,-3.75814e-08,1.28767e-08,4.12939e-09,5.59237e-09,3.4775e-06,20.676,1.11503e-07,8.26872e-11,-5.38814e-07,1.5708,14.6637,14.6654,-4.98978e-23,4.98919e-23
0.0658047,-1.2468e-09,-3.69669e-08,4.2534e-09,4.62021e-09,4.19878e-09,3.47766e-06,20.6793,1.11408e-07,4.61115e-10,-5.38599e-07,1.5708,14.662,14.661,5.95475e-23,-5.95517e-23
0.0657893,-3.74089e-10,-3.67895e-08,-1.03429e-08,4.67309e-09,4.58286e-09,3.47775e-06,20.6825,1.11331e-07,2.08858e-10,-5.38371e-07,1.5708,14.6604,14.6615,-3.2614e-23,3.26114e-23
0.065774,-8.52555e-11,-3.6494e-08,1.74988e-10,4.84203e-09,3.17254e-09,3.47781e-06,20.6858,1.11266e-07,2.03675e-11,-5.38138e-07,1.5708,14.6587,14.6561,-5.15297e-25,5.15389e-25
0.0657586,-7.32172e-10,-3.66957e-08,-5.38102e-09,4.48988e-09,4.54226e-09,3.47788e-06,20.6891,1.112e-07,-1.49209e-10,-5.37909e-07,1.5708,14.6571,14.6603,2.49872e-25,-2.49818e-25
0.0657433,-2.21647e-10,-3.62386e-08,1.06621e-08,4.78806e-09,2.31189e-09,3.47795e-06,20.6924,1.11141e-07,9.22405e-11,-5.37681e-07,1.5708,14.6554,14.6533,1.65842e-25,-1.65866e-25
0.065728,3.05377e-11,-3.63396e-08,-5.94821e-09,4.54446e-09,3.65286e-09,3.478e-06,20.6957,1.11089e-07,1.0136e-10,-5.37452e-07,1.5708,14.6538,14.658,0,0
0.0657127,1.26315e-09,-3.57852e-08,8.43594e-09,4.99468e-09,6.52332e-10,3.47802e-06,20.699,1.11048e-07,2.60729e-10,-5.37217e-07,1.5708,14.6521,14.6544,-3.9738e-21,3.97318e-21
0.0656974,3.40168e-09,-3.5405e-08,3.69833e-09,5.38896e-09,-1.62015e-09,3.47795e-06,20.7023,1.1103e-07,5.38012e-10,-5.36962e-07,1.5708,14.6505,14.6504,2.5682e-24,-2.56822e-24
0.0656821,4.71008e-09,-3.55437e-08,-8.36293e-09,5.35014e-09,-2.17553e-09,3.47779e-06,20.7056,1.11015e-07,3.38968e-10,-5.36697e-07,1.5708,14.6489,14.6479,0,0
0.0656667,4.50577e-09,-3.60006e-08,-7.26701e-09,4.99175e-09,-2.17013e-09,3.47761e-06,20.7088,1.10984e-07,-5.13841e-11,-5.36443e-07,1.5708,14.6472,14.6454,5.2342e-23,-5.23485e-23
0.0656514,3.29107e-09,-3.65986e-08,-2.85954e-09,4.4037e-09,-1.21074e-09,3.47746e-06,20.7121,1.10925e-07,-2.79703e-10,-5.36213e-07,1.5708,14.6456,14.6473,0,0
0.0656361,3.06224e-09,-3.66238e-08,9.13703e-09,4.28981e-09,-2.21859e-09,3.47736e-06,20.7154,1.10849e-07,-3.9954e-11,-5.36e-07,1.5708,14.6439,14.6461,-7.8203e-25,7.81912e-25
0.0656208,4.28257e-09,-3.63403e-08,6.56713e-09,4.45413e-09,-3.59744e-09,3.47722e-06,20.7187,1.10779e-07,3.4255e-10,-5.35786e-07,1.5708,14.6423,14.6411,1.05349e-22,-1.05358e-22
0.0656055,4.77971e-09,-3.64312e-08,-9.20314e-09,4.21762e-09,-2.7811e-09,3.47704e-06,20.722,1.10713e-07,1.70306e-10,-5.35573e-07,1.5708,14.6407,14.6421,4.12304e-23,-4.12264e-23
0.0655903,4.88862e-09,-3.625e-08,6.69517e-10,4.21839e-09,-4.04835e-09,3.47685e-06,20.7252,1.10648e-07,1.90871e-11,-5.35367e-07,1.5708,14.639,14.6359,2.45197e-25,-2.45249e-25
0.065575,3.85702e-09,-3.65681e-08,-7.27663e-09,3.66017e-09,-2.09719e-09,3.47668e-06,20.7285,1.10577e-07,-2.02104e-10,-5.35175e-07,1.5708,14.6374,14.6377,0,0
0.0655597,2.8731e-09,-3.64644e-08,3.38807e-09,3.43845e-09,-2.03358e-09,3.47656e-06,20.7318,1.10501e-07,-2.29947e-10,-5.35002e-07,1.5708,14.6357,14.6388,-8.8057e-23,8.80386e-23
0.0655444,3.66373e-09,-3.58158e-08,1.19926e-08,3.77095e-09,-3.97793e-09,3.47645e-06,20.7351,1.10443e-07,2.18852e-10,-5.34826e-07,1.5708,14.6341,14.6367,7.50848e-23,-7.50717e-23
0.0655292,5.70158e-09,-3.51618e-08,3.17633e-09,4.21797e-09,-5.78361e-09,3.47627e-06,20.7384,1.10418e-07,5.46125e-10,-5.3463e-07,1.5708,14.6325,14.6331,-9.33873e-26,9.33835e-26
0.0655139,7.0737e-09,-3.49323e-08,-7.43483e-09,4.36583e-09,-6.62922e-09,3.476e-06,20.7416,1.10413e-07,3.67099e-10,-5.34419e-07,1.5708,14.6308,14.6321,-3.60211e-23,3.6018e-23
0.0654987,7.71747e-09,-3.48636e-08,-1.9584e-09,4.45226e-09,-8.19978e-09,3.47568e-06,20.7449,1.10414e-07,1.64723e-10,-5.34203e-07,1.5708,14.6292,14.6283,9.86193e-22,-9.86256e-22
0.0654834,7.5629e-09,-3.52031e-08,-3.72263e-09,4.17789e-09,-8.05597e-09,3.47536e-06,20.7482,1.10407e-07,8.41821e-12,-5.33992e-07,1.5708,14.6275,14.6262,-1.0353e-25,1.03539e-25
0.0654682,6.63344e-09,-3.5687e-08,-3.64237e-09,3.72499e-09,-7.11152e-09,3.47506e-06,20.7515,1.10378e-07,-1.78485e-10,-5.33799e-07,1.5708,14.6259,14.6244,1.20986e-25,-1.20999e-25
0.0654529,5.20932e-09,-3.61284e-08,-1.58768e-09,3.22212e-09,-5.71091e-09,3.47482e-06,20.7547,1.10324e-07,-2.97938e-10,-5.3363e-07,1.5708,14.6243,14.6273,-1.06603e-24,1.06581e-24
0.0654377,5.31603e-09,-3.58195e-08,1.19492e-08,3.41604e-09,-7.34928e-09,3.47462e-06,20.758,1.10267e-07,5.60271e-11,-5.33468e-07,1.5708,14.6226,14.6269,-1.26285e-22,1.26248e-22
0.0654225,7.5889e-09,-3.51271e-08,1.03398e-08,4.06427e-09,-1.0217e-08,3.47435e-06,20.7613,1.10235e-07,6.1256e-10,-5.33285e-07,1.5708,14.621,14.6219,2.49037e-23,-2.49023e-23
0.0654073,9.58203e-09,-3.49281e-08,-7.8991e-09,4.33106e-09,-1.11389e-08,3.47398e-06,20.7645,1.10224e-07,5.53132e-10,-5.33079e-07,1.5708,14.6194,14.6168,7.44266e-23,-7.44398e-23
0.0653921,9.00482e-09,-3.54379e-08,-1.58478e-08,3.90676e-09,-9.89732e-09,3.47358e-06,20.7678,1.10203e-07,-1.04101e-10,-5.32878e-07,1.5708,14.6177,14.616,5.02438e-23,-5.02498e-23
0.0653769,6.95974e-09,-3.5972e-08,-2.34445e-09,3.36996e-09,-8.92293e-09,3.47325e-06,20.7711,1.10154e-07,-4.76992e-10,-5.32701e-07,1.5708,14.6161,14.6198,1.048e-22,-1.04774e-22
0.0653617,6.98692e-09,-3.56574e-08,1.77006e-08,3.63041e-09,-1.11592e-08,3.47297e-06,20.7744,1.101e-07,4.74668e-11,-5.3253e-07,1.5708,14.6145,14.6104,2.37242e-22,-2.37309e-22
0.0653465,6.44081e-09,-3.60985e-08,-1.19726e-08,3.08523e-09,-7.70876e-09,3.47269e-06,20.7776,1.10041e-07,-4.82383e-12,-5.32367e-07,1.5708,14.6128,14.6178,-3.94037e-25,3.93903e-25
0.0653313,6.89939e-09,-3.5467e-08,1.02753e-08,3.58403e-09,-1.06964e-08,3.47244e-06,20.7809,1.09987e-07,1.00494e-10,-5.32204e-07,1.5708,14.6112,14.6088,6.86559e-23,-6.86671e-23
0.0653161,6.89312e-09,-3.554e-08,-6.38966e-09,3.40508e-09,-9.22417e-09,3.47216e-06,20.7842,1.09945e-07,8.81711e-11,-5.32034e-07,1.5708,14.6096,14.6116,-5.89142e-23,5.8906e-23
0.0653009,6.98405e-09,-3.52456e-08,2.26856e-09,3.60337e-09,-1.0403e-08,3.47188e-06,20.7874,1.09909e-07,4.11155e-11,-5.31863e-07,1.5708,14.6079,14.6053,-2.07247e-25,2.07284e-25
0.0652857,6.12165e-09,-3.54834e-08,-7.04497e-09,3.27119e-09,-8.58451e-09,3.47163e-06,20.7907,1.09872e-07,-1.42604e-10,-5.31696e-07,1.5708,14.6063,14.6021,1.21302e-22,-1.21337e-22
0.0652705,3.48215e-09,-3.6019e-08,-1.00499e-08,2.54354e-09,-5.1239e-09,3.47146e-06,20.7939,1.09814e-07,-5.97782e-10,-5.31555e-07,1.5708,14.6047,14.6096,-3.88369e-25,3.88239e-25
0.0652554,3.12034e-09,-3.52808e-08,2.14302e-08,3.05586e-09,-7.90644e-09,3.47138e-06,20.7972,1.09762e-07,-9.82158e-11,-5.31419e-07,1.5708,14.603,14.5996,0,0
0.0652402,2.96255e-09,-3.53157e-08,-7.14006e-09,2.83226e-09,-4.94161e-09,3.4713e-06,20.8005,1.09726e-07,7.47146e-11,-5.31277e-07,1.5708,14.6014,14.6045,1.79374e-22,-1.79337e-22
0.065225,3.26457e-09,-3.47284e-08,3.70513e-09,3.27857e-09,-6.4898e-09,3.47123e-06,20.8037,1.09704e-07,5.97172e-11,-5.31128e-07,1.5708,14.5998,14.5996,0,0
0.0652099,3.59445e-09,-3.44893e-08,-4.8863e-10,3.48546e-09,-6.58005e-09,3.47113e-06,20.807,1.09701e-07,1.13602e-10,-5.30963e-07,1.5708,14.5981,14.5987,9.3482e-26,-9.34782e-26
0.0651947,3.84343e-09,-3.43593e-08,-7.84217e-10,3.67937e-09,-6.96699e-09,3.47103e-06,20.8103,1.09707e-07,7.92733e-11,-5.30788e-07,1.5708,14.5965,14.5928,1.07515e-22,-1.07543e-22
0.0651796,2.4768e-09,-3.49005e-08,-1.11663e-08,3.22712e-09,-4.31186e-09,3.47095e-06,20.8135,1.09701e-07,-2.94147e-10,-5.3062e-07,1.5708,14.5949,14.5914,-9.70472e-25,9.70703e-25
0.0651644,-3.42846e-10,-3.55221e-08,-5.51258e-09,2.60653e-09,-1.38019e-09,3.47098e-06,20.8168,1.09663e-07,-6.80987e-10,-5.30479e-07,1.5708,14.5932,14.591,6.36214e-23,-6.3631e-23
0.0651492,-3.03356e-09,-3.58149e-08,4.36474e-09,2.19084e-09,1.05059e-09,3.47115e-06,20.82,1.09603e-07,-6.445e-10,-5.30364e-07,1.5708,14.5916,14.5917,-3.04878e-24,3.04877e-24
0.0651341,-4.22469e-09,-3.55531e-08,8.9638e-09,2.25663e-09,2.1915e-09,3.47141e-06,20.8233,1.09541e-07,-2.74808e-10,-5.30257e-07,1.5708,14.59,14.5929,-8.24445e-25,8.24278e-25
0.065119,-3.27174e-09,-3.47173e-08,1.04874e-08,2.95025e-09,9.62897e-10,3.47168e-06,20.8265,1.09508e-07,2.30303e-10,-5.30131e-07,1.5708,14.5884,14.588,-9.4546e-24,9.45482e-24
0.0651039,-2.24122e-09,-3.42922e-08,-5.27001e-09,3.36437e-09,1.3319e-09,3.4719e-06,20.8298,1.09505e-07,2.57978e-10,-5.29977e-07,1.5708,14.5867,14.5821,-1.33123e-22,1.33165e-22
0.0650887,-3.72232e-09,-3.46873e-08,-1.68576e-08,3.0114e-09,4.42842e-09,3.47213e-06,20.8331,1.095e-07,-3.82435e-10,-5.29822e-07,1.5708,14.5851,14.5861,-1.41744e-25,1.41735e-25
0.0650736,-5.12162e-09,-3.45625e-08,8.75026e-09,3.1922e-09,3.75292e-09,3.47244e-06,20.8363,1.09489e-07,-4.17955e-10,-5.29671e-07,1.5708,14.5835,14.5807,8.06608e-23,-8.06761e-23
0.0650585,-6.15161e-09,-3.47904e-08,5.87492e-10,3.04189e-09,6.02369e-09,3.4728e-06,20.8396,1.09473e-07,-2.34942e-10,-5.2952e-07,1.5708,14.5818,14.5829,-2.9518e-23,2.9516e-23
0.0650434,-6.32838e-09,-3.46073e-08,4.49173e-09,3.32275e-09,6.04021e-09,3.47319e-06,20.8428,1.09457e-07,-7.96927e-11,-5.29365e-07,1.5708,14.5802,14.5775,0,0
0.0650283,-7.0518e-09,-3.48271e-08,-6.12493e-09,3.22223e-09,8.20185e-09,3.4736e-06,20.8461,1.09437e-07,-1.92155e-10,-5.29206e-07,1.5708,14.5786,14.5799,-3.80386e-23,3.80352e-23
0.0650132,-7.27841e-09,-3.46238e-08,5.65127e-09,3.56465e-09,7.52074e-09,3.47404e-06,20.8493,1.09418e-07,-1.25664e-10,-5.2904e-07,1.5708,14.577,14.5817,-2.73858e-22,2.7377e-22
0.0649982,-5.13403e-09,-3.39186e-08,1.52579e-08,4.53795e-09,4.06579e-09,3.47442e-06,20.8526,1.09421e-07,4.70564e-10,-5.28841e-07,1.5708,14.5753,14.5761,0,0
0.0649831,-2.64501e-09,-3.38148e-08,-4.84736e-09,5.08244e-09,3.07703e-09,3.47469e-06,20.8558,1.09442e-07,6.01466e-10,-5.28604e-07,1.5708,14.5737,14.573,2.02958e-23,-2.02968e-23
0.0649681,-1.84946e-09,-3.42552e-08,-1.14834e-08,5.16918e-09,2.81016e-09,3.47487e-06,20.8591,1.09454e-07,1.41755e-10,-5.28352e-07,1.5708,14.5721,14.5761,1.13692e-22,-1.13661e-22
0.064953,-5.34177e-10,-3.42976e-08,9.85631e-09,5.70941e-09,-9.28619e-10,3.47501e-06,20.8623,1.09452e-07,2.42846e-10,-5.28084e-07,1.5708,14.5705,14.5671,9.96865e-23,-9.97099e-23
0.064938,-2.87498e-10,-3.52665e-08,-1.043e-08,5.30278e-09,8.00985e-10,3.4751e-06,20.8656,1.09423e-07,9.29083e-11,-5.27813e-07,1.5708,14.5688,14.5705,1.35641e-25,-1.35625e-25
0.0649229,-2.54829e-10,-3.57346e-08,1.99898e-09,5.27521e-09,-4.72452e-10,3.47519e-06,20.8688,1.09356e-07,-3.86614e-11,-5.27553e-07,1.5708,14.5672,14.5644,8.00849e-23,-8.01002e-23
0.0649079,-1.01707e-09,-3.65174e-08,-5.24916e-09,4.76434e-09,1.22321e-09,3.47529e-06,20.8721,1.09256e-07,-1.69777e-10,-5.27306e-07,1.5708,14.5656,14.5608,-1.38574e-22,1.38619e-22
0.0648928,-3.53272e-09,-3.74323e-08,-1.06481e-08,3.83482e-09,4.97293e-09,3.47548e-06,20.8753,1.09112e-07,-6.10462e-10,-5.27096e-07,1.5708,14.564,14.5666,0,0
