0,0.00469637,20.0047,0.000469637
0.05,0.000595393,20.0006,5.95393e-05
0.1,-0.00285972,19.9971,-0.000285972
0.15,0.00259012,20.0022,0.000259012
0.2,0.00448372,20.0037,0.000448372
0.25,0.00245102,20.001,0.000245102
0.3,-0.00068283,19.9971,-6.82841e-05
0.35,0.00224386,19.9991,0.000224384
0.4,-0.00489376,19.9908,-0.000489379
0.45,-0.000113684,19.9942,-1.13738e-05
0.5,-0.00467836,19.9882,-0.000467844
0.55,0.00103898,19.9923,0.000103886
0.6,-0.00104528,19.9884,-0.000104546
0.65,0.00397018,19.9914,0.000396992
0.7,-0.00341747,19.9819,-0.000341782
0.75,0.00353089,19.9865,0.000353041
0.8,0.00326636,19.9837,0.000326573
0.85,-0.00140552,19.9764,-0.000140634
0.9,-0.00414387,19.9709,-0.000414491
0.95,0.00110977,19.9731,0.000110847
1,-0.00287968,19.966,-0.000288128
1.05,-0.000337139,19.9652,-3.39089e-05
1.1,-0.00165024,19.9604,-0.000165258
1.15,0.00408694,19.9624,0.000408414
1.2,-0.00173399,19.9528,-0.00017373
1.25,0.00417488,19.9547,0.000417101
1.3,-0.00376219,19.9426,-0.000376668
1.35,0.00435384,19.9464,0.000434868
1.4,0.000118321,19.9377,1.12444e-05
1.45,0.00159645,19.9346,0.000158981
1.5,0.00423699,19.9324,0.000422952
1.55,-0.000181006,19.923,-1.8937e-05
1.6,-0.00280338,19.9153,-0.000281271
1.65,-0.00361747,19.9092,-0.000362784
1.7,-0.00258512,19.9048,-0.000259661
1.75,-0.00331337,19.8985,-0.000332606
1.8,0.00384038,19.8999,0.000382641
1.85,0.00173944,19.892,0.000172408
1.9,0.00393847,19.8881,0.000392164
1.95,0.00395523,19.8819,0.000393681
2,-0.00336499,19.8682,-0.000338512
2.05,0.00427006,19.8694,0.000424807
2.1,4.86187e-06,19.8585,-1.91139e-06
2.15,0.000601108,19.8522,5.74996e-05
2.2,0.00325233,19.8479,0.000322391
2.25,0.00160019,19.8392,0.000156928
2.3,-0.000854553,19.8294,-8.88186e-05
2.35,0.00153272,19.8244,0.000149611
2.4,-0.00479079,19.8105,-0.000483065
2.45,1.65522e-05,19.8076,-2.6851e-06
2.5,-0.00234219,19.7974,-0.000238946
2.55,-0.00265487,19.789,-0.000270634
2.6,0.00469522,19.7882,0.000463919
2.65,0.00102354,19.7762,9.62576e-05
2.7,-0.00355185,19.7632,-0.000361814
2.75,-0.00202263,19.7561,-0.000209463
2.8,0.00021451,19.7495,1.3636e-05
2.85,-0.00229812,19.7381,-0.000238286
2.9,-0.00265316,19.7287,-0.000274494
2.95,-0.00465193,19.7175,-0.000475124
3,0.00431307,19.7171,0.000420575
3.05,-0.00340202,19.6999,-0.000351785
3.1,0.000180531,19.6939,5.56678e-06
3.15,-0.00347763,19.6805,-0.000361205
3.2,-0.00200773,19.672,-0.000215227
3.25,0.00260607,19.6666,0.000245086
3.3,-0.00178161,19.652,-0.00019481
3.35,-0.00315938,19.6403,-0.000333774
3.4,-0.000648081,19.6323,-8.38872e-05
3.45,-0.00283842,19.6195,-0.000304222
3.5,-0.00420128,19.6074,-0.000441864
3.55,0.000987806,19.6017,7.56313e-05
3.6,-0.00356967,19.5861,-0.000381585
3.65,0.000799921,19.5793,5.38489e-05
3.7,-0.00341732,19.5638,-0.000369453
3.75,0.00467364,19.5605,0.000438015
3.8,-0.00261192,19.5416,-0.000292219
3.85,0.000712876,19.5332,3.85366e-05
3.9,0.00118768,19.5218,8.42475e-05
3.95,-0.00242501,19.5062,-0.000278837
4,-0.00429668,19.4922,-0.000467866
4.05,0.0038154,19.488,0.000341432
4.1,-0.000114155,19.4717,-5.3482e-05
4.15,0.00535988,19.4646,0.000491909
4.2,-0.000204369,19.4464,-6.65841e-05
4.25,0.00128579,19.4351,8.03041e-05
4.3,-0.0017161,19.4191,-0.000222076
4.35,0.0049514,19.4127,0.000442414
4.4,0.00392326,19.3985,0.000337268
4.45,0.000560378,19.3818,-1.42688e-06
4.5,0.00522284,19.373,0.000462332
4.55,0.0031531,19.3573,0.000252786
4.6,0.00206818,19.3425,0.000141634
4.65,0.000305862,19.3269,-3.73484e-05
4.7,0.00457023,19.3172,0.000386244
4.75,0.00494707,19.3034,0.000420987
4.8,-0.00220999,19.282,-0.00029776
4.85,-0.00234226,19.2675,-0.000314128
4.9,-0.00335258,19.252,-0.000418399
4.95,0.00199184,19.2427,0.000112707
5,-0.000341049,19.2257,-0.000124015
5.05,-0.002725,19.2084,-0.000365944
5.1,-0.00220282,19.1939,-0.000317359
5.15,0.000894931,19.1819,-1.13205e-05
5.2,0.00286808,19.1687,0.000182156
5.25,-0.0008401,19.1496,-0.000192604
5.3,0.000334848,19.1353,-7.91562e-05
5.35,0.00500807,19.1244,0.000384014
5.4,0.00460971,19.1083,0.000339924
5.45,-0.00375613,19.0841,-0.000501019
5.5,-0.00271183,19.0692,-0.000401053
5.55,0.00500128,19.0609,0.00036569
5.6,0.00473001,19.0445,0.000333891
5.65,0.00182662,19.0253,3.87754e-05
5.7,0.00499498,19.0121,0.000350732
5.75,-0.000859956,18.9898,-0.000239746
5.8,-0.00229324,18.9717,-0.000388163
5.85,-0.00214745,18.9552,-0.000378775
5.9,-0.00135616,18.9392,-0.000304944
5.95,0.00616058,18.9298,0.000441328
6,0.00292112,18.9095,0.000111876
6.05,-0.00164808,18.8879,-0.000350653
6.1,0.00377541,18.8761,0.000185982
6.15,-0.000573057,18.8544,-0.000254682
6.2,0.0030708,18.8406,0.000103783
6.25,0.00273357,18.8227,6.40334e-05
6.3,-0.00126357,18.8011,-0.000341811
6.35,0.00519732,18.7898,0.000298045
6.4,0.0047015,18.7715,0.000242127
6.45,-0.000332679,18.7486,-0.000267732
6.5,0.00144548,18.7323,-9.64595e-05
6.55,-0.00141078,18.7113,-0.000388732
6.6,0.00114315,18.6957,-0.000140086
6.65,0.00341521,18.6796,8.02718e-05
6.7,0.00362811,18.6614,9.46126e-05
6.75,-0.00187368,18.6374,-0.000462615
6.8,0.00666111,18.6273,0.000383713
6.85,-0.00198038,18.6,-0.000487684
6.9,-0.00283849,18.5804,-0.000580844
6.95,0.00526819,18.5696,0.000222376
7,-0.00176907,18.5436,-0.000488896
7.05,-0.001613,18.5247,-0.000480934
7.1,0.00417649,18.5113,9.027e-05
7.15,0.00683746,18.4947,0.000348526
7.2,0.00405948,18.4726,6.2787e-05
7.25,0.0029865,18.4521,-5.25515e-05
7.3,-0.000238416,18.4294,-0.000383184
7.35,0.00551921,18.4155,0.000184338
7.4,0.00456075,18.3949,8.01525e-05
7.45,0.00209563,18.3726,-0.0001748
7.5,0.00533828,18.356,0.000140924
7.55,0.00110842,18.3318,-0.000290704
7.6,0.00404194,18.3147,-6.09242e-06
7.65,0.00267567,18.2932,-0.000151558
7.7,0.00406471,18.2744,-2.15932e-05
7.75,0.000609225,18.2507,-0.000376177
7.8,-0.00112742,18.2285,-0.000558972
7.85,0.00623104,18.2154,0.000167647
7.9,-0.000797284,18.1879,-0.000544507
7.95,0.00693624,18.175,0.000219432
8,-0.000773744,18.1465,-0.000561071
8.05,0.00394172,18.1305,-9.91171e-05
8.1,-0.00121536,18.1044,-0.000624497
8.15,0.0035943,18.0882,-0.000153274
8.2,0.000547581,18.0641,-0.000467757
8.25,0.00556916,18.048,2.45287e-05
8.3,0.0048428,18.0259,-5.80328e-05
8.35,0.000296599,18,-0.000522626
8.4,0.00664238,17.9849,0.000101939
8.45,0.00502351,17.9617,-6.99923e-05
8.5,-0.00145053,17.9335,-0.000727466
8.55,0.00782335,17.921,0.000189833
8.6,0.00632575,17.8976,2.99764e-05
8.65,0.00560621,17.8748,-5.20781e-05
8.7,0.00750587,17.8546,0.000127794
8.75,0.00319483,17.8281,-0.000313387
8.8,0.00136657,17.804,-0.000506271
8.85,5.25991e-06,17.7802,-0.000652433
8.9,0.00141551,17.7592,-0.000521409
8.95,0.00859216,17.7437,0.000186291
9,0.00472884,17.7172,-0.000209971
9.05,-0.000655445,17.689,-0.000758291
9.1,0.00225387,17.6691,-0.00047721
9.15,0.00128631,17.6452,-0.000583776
9.2,0.00449771,17.6253,-0.000272405
9.25,0.00875771,17.6064,0.000143874
9.3,0.004296,17.5788,-0.000311972
9.35,0.00573177,17.5569,-0.000178018
9.4,0.00731092,17.5351,-2.96733e-05
9.45,0.00578126,17.5101,-0.000192153
9.5,0.00491064,17.4856,-0.000288673
9.55,0.00873956,17.4658,8.48212e-05
9.6,0.00188462,17.4352,-0.000610004
9.65,0.00581553,17.4154,-0.000226203
9.7,0.00441197,17.3901,-0.000375839
9.75,0.00446731,17.3662,-0.000379593
9.8,0.00337591,17.341,-0.000498053
9.85,0.00120117,17.3147,-0.000724902
9.9,0.00666448,17.2959,-0.000188022
9.95,0.00187191,17.2668,-0.000676826
10,0.00803013,17.2485,-7.06643e-05
10.05,0.00697001,17.2229,-0.000186465
10.1,0.00140067,17.1928,-0.000753326
10.15,0.00600937,17.1727,-0.000302533
10.2,0.00417653,17.146,-0.000496057
10.25,0.0104526,17.1274,0.000121146
10.3,0.010695,17.1027,0.000134824
10.35,0.00697749,17.0739,-0.000247657
10.4,0.00183465,17.0436,-0.00077284
10.45,0.00342854,17.02,-0.000624497
10.5,0.00682789,16.998,-0.000295735
10.55,0.00776087,16.9735,-0.00021372
10.6,0.00390856,16.9442,-0.000610332
10.65,0.0101543,16.9248,2.77198e-06
10.7,0.0100556,16.899,-1.86516e-05
10.75,0.00934948,16.8725,-0.000100937
10.8,0.00978869,16.8471,-6.8804e-05
10.85,0.00516067,16.8165,-0.000543521
10.9,0.0058215,16.7912,-0.000489488
10.95,0.00776998,16.767,-0.000306835
11,0.0115413,16.7445,5.79511e-05
11.05,0.0112595,16.7179,1.72646e-05
11.1,0.00696391,16.6873,-0.000424966
11.15,0.00380629,16.6576,-0.00075357
11.2,0.00738029,16.6346,-0.000409195
11.25,0.0116049,16.6122,5.06868e-08
11.3,0.00842527,16.5823,-0.000331325
11.35,0.0108295,16.5579,-0.000104507
11.4,0.0128002,16.533,7.8777e-05
11.45,0.00500397,16.4982,-0.000714799
11.5,0.0125351,16.4787,2.41706e-05
11.55,0.0105827,16.4496,-0.000185403
11.6,0.0116444,16.4234,-9.37523e-05
11.65,0.0135239,16.398,7.94842e-05
11.7,0.00609778,16.3632,-0.000678017
11.75,0.00524419,16.3349,-0.000778429
11.8,0.0133169,16.3154,1.36472e-05
11.85,0.00605006,16.2805,-0.000728365
11.9,0.0113955,16.2581,-0.000209254
11.95,0.0142416,16.2332,5.98128e-05
12,0.00848437,16.1995,-0.000531563
12.05,0.00714453,16.1702,-0.000681317
12.1,0.0108384,16.1459,-0.000327821
12.15,0.0111431,16.1181,-0.000313397
12.2,0.00596224,16.0847,-0.000847679
12.25,0.00946993,16.0599,-0.000513279
12.3,0.00898007,16.031,-0.000578814
12.35,0.0141494,16.0078,-7.86217e-05
12.4,0.0129391,15.978,-0.00021658
12.45,0.0130193,15.9495,-0.000225702
12.5,0.0100454,15.9179,-0.000540449
12.55,0.0125139,15.8916,-0.000311179
12.6,0.0122188,15.8625,-0.00035848
12.65,0.0148553,15.8362,-0.000112845
12.7,0.0140717,15.8065,-0.000209426
12.75,0.00725585,15.7706,-0.000909454
12.8,0.0140216,15.7482,-0.000251536
12.85,0.0099627,15.715,-0.000676318
12.9,0.0154547,15.6912,-0.000146234
12.95,0.0140942,15.6605,-0.000301647
13,0.0121412,15.6291,-0.000516543
13.05,0.0150656,15.6025,-0.000243943
13.1,0.0116531,15.5696,-0.000605287
13.15,0.0106614,15.5389,-0.000724799
13.2,0.0153639,15.5139,-0.000275153
13.25,0.0144226,15.4832,-0.000390123
13.3,0.0124736,15.4514,-0.000606123
13.35,0.0151437,15.4242,-0.000360451
13.4,0.0168293,15.3959,-0.000213478
13.45,0.0101184,15.3592,-0.000906413
13.5,0.0155263,15.3345,-0.000387681
13.55,0.0113458,15.3002,-0.000828016
13.6,0.0131854,15.2718,-0.000666561
13.65,0.0121769,15.2405,-0.000790111
13.7,0.0181901,15.2162,-0.000211689
13.75,0.0147373,15.1823,-0.000580048
13.8,0.0171245,15.1541,-0.000364579
13.85,0.0125352,15.119,-0.000846927
13.9,0.0141384,15.0899,-0.0007102
13.95,0.0152014,15.0603,-0.000627667
14,0.0105777,15.0249,-0.00111396
14.05,0.0190921,15.0025,-0.000286608
14.1,0.0125082,14.965,-0.000969245
14.15,0.0174734,14.939,-0.000497145
14.2,0.0185071,14.9089,-0.000418392
14.25,0.0110212,14.8703,-0.00119179
14.3,0.0190507,14.8471,-0.000413825
14.35,0.0167289,14.8135,-0.000671205
14.4,0.0150612,14.7805,-0.000863394
14.45,0.0184583,14.7525,-0.000549323
14.5,0.01465,14.7172,-0.000956026
14.55,0.0209019,14.6919,-0.000356932
14.6,0.0170948,14.6565,-0.000763973
14.65,0.0197442,14.6275,-0.0005256
14.7,0.0148738,14.5909,-0.00103942
14.75,0.0156381,14.5599,-0.00098997
14.8,0.0172151,14.5297,-0.000859417
14.85,0.0202647,14.5008,-0.000581747
14.9,0.0135683,14.4622,-0.0012788
14.95,0.0167003,14.4333,-0.000993111
15,0.0129083,14.3974,-0.00139991
15.05,0.0214891,14.3738,-0.000569486
15.1,0.0203093,14.3404,-0.000715199
15.15,0.0182246,14.306,-0.000951492
15.2,0.0156636,14.271,-0.00123554
15.25,0.0203623,14.2433,-0.000793742
15.3,0.0146889,14.2051,-0.00138928
15.35,0.0143777,14.1723,-0.00144874
15.4,0.0143481,14.1396,-0.00148021
15.45,0.0201372,14.1127,-0.000929981
15.5,0.0207466,14.0806,-0.000897917
15.55,0.0159492,14.043,-0.00140671
15.6,0.0201069,14.0143,-0.00102019
15.65,0.023985,13.9852,-0.000661847
15.7,0.024004,13.9522,-0.000689623
15.75,0.019045,13.9142,-0.00121541
15.8,0.0252854,13.8874,-0.000621496
15.85,0.0231808,13.8521,-0.000862312
15.9,0.0257456,13.8214,-0.000636418
15.95,0.0201627,13.7826,-0.00122554
16,0.0212984,13.7503,-0.00114304
16.05,0.019897,13.7156,-0.00131452
16.1,0.0204078,13.6826,-0.00129503
16.15,0.017578,13.6463,-0.00160985
16.2,0.0186677,13.6138,-0.00153297
16.25,0.0241496,13.5857,-0.00101713
16.3,0.021925,13.5498,-0.0012722
16.35,0.0244316,13.5186,-0.0010544
16.4,0.0228019,13.4832,-0.00125049
16.45,0.0237185,13.4503,-0.00119221
16.5,0.0191936,13.4119,-0.00167834
16.55,0.0236076,13.3824,-0.0012708
16.6,0.0229398,13.3477,-0.00137165
16.65,0.027069,13.3178,-0.000993026
16.7,0.019231,13.2759,-0.00181135
16.75,0.0258337,13.2484,-0.00118583
16.8,0.0244918,13.2129,-0.00135501
16.85,0.0208094,13.175,-0.00175846
16.9,0.0269288,13.1468,-0.00118197
16.95,0.0253842,13.1109,-0.0013721
17,0.0273173,13.0785,-0.00121468
17.05,0.0238719,13.0406,-0.00159528
17.1,0.0273557,13.0096,-0.00128317
17.15,0.0232716,12.971,-0.00172804
17.2,0.0235288,12.9367,-0.00173899
17.25,0.0268552,12.9053,-0.00144323
17.3,0.027635,12.8714,-0.00140235
17.35,0.0239547,12.833,-0.00180771
17.4,0.0249976,12.7992,-0.00174099
17.45,0.0281625,12.7675,-0.0014623
17.5,0.0287188,12.7332,-0.00144473
17.55,0.0307163,12.7002,-0.00128328
17.6,0.0322982,12.6668,-0.00116367
17.65,0.0231827,12.6226,-0.00211407
17.7,0.0321669,12.5964,-0.00125477
17.75,0.0246539,12.5537,-0.00204549
17.8,0.0308344,12.5247,-0.00146713
17.85,0.027407,12.486,-0.00184987
17.9,0.0322126,12.4554,-0.00140963
17.95,0.0265745,12.4144,-0.00201406
18,0.0338737,12.3863,-0.00132507
18.05,0.0339631,12.3509,-0.00135737
18.1,0.0325462,12.3139,-0.00154063
18.15,0.0289836,12.2748,-0.00193876
18.2,0.0330068,12.2432,-0.00157862
18.25,0.0335552,12.2081,-0.00156626
18.3,0.0263972,12.1653,-0.00232483
18.35,0.028879,12.132,-0.00211969
18.4,0.0355441,12.103,-0.00149649
18.45,0.0343034,12.0659,-0.00166414
18.5,0.0350376,12.0308,-0.00163455
18.55,0.0334317,11.9934,-0.00183922
18.6,0.0285402,11.9526,-0.00237266
18.65,0.0325508,11.9207,-0.00201611
18.7,0.0366514,11.8889,-0.00165075
18.75,0.0318059,11.848,-0.00218022
18.8,0.0289299,11.8092,-0.00251293
18.85,0.0335958,11.7778,-0.00209164
18.9,0.0348538,11.743,-0.00201134
18.95,0.0328031,11.7049,-0.00226213
19,0.0304147,11.6664,-0.0025469
19.05,0.0320082,11.6319,-0.00243371
19.1,0.0317323,11.5955,-0.00250768
19.15,0.0307015,11.5582,-0.00265739
19.2,0.0329533,11.5243,-0.00247906
19.25,0.0314339,11.4865,-0.00267812
19.3,0.0326606,11.4514,-0.00260283
19.35,0.0408621,11.4233,-0.00183032
19.4,0.0356828,11.3818,-0.00239616
19.45,0.041481,11.3512,-0.00186452
19.5,0.0338089,11.3071,-0.00268019
19.55,0.0356921,11.2725,-0.0025406
19.6,0.0413417,11.2416,-0.00202464
19.65,0.042013,11.2058,-0.00200677
19.7,0.0400923,11.1673,-0.00224835
19.75,0.0395225,11.1301,-0.0023551
19.8,0.0404982,11.0944,-0.00230751
19.85,0.0411748,11.0585,-0.00229006
19.9,0.0428411,11.0235,-0.00217384
19.95,0.0402359,10.9842,-0.00248495
20,0.0394257,10.9466,-0.00261677
20.05,0.0415808,10.912,-0.00245228
20.1,0.0371251,10.8708,-0.00294906
20.15,0.0411799,10.838,-0.00259499
20.2,0.0371029,10.7971,-0.00305433
20.25,0.0365059,10.7596,-0.00316589
20.3,0.0454733,10.7317,-0.00232121
20.35,0.0382784,10.6876,-0.00309298
20.4,0.0421053,10.6545,-0.00276278
20.45,0.0420888,10.6174,-0.00281713
20.5,0.0426009,10.581,-0.00281881
20.55,0.0437971,10.5451,-0.00275229
20.6,0.0451318,10.5094,-0.00267213
20.65,0.0451264,10.4723,-0.00272619
20.7,0.0450504,10.435,-0.00278752
20.75,0.0483957,10.4012,-0.00250695
20.8,0.0466294,10.3622,-0.00273778
20.85,0.0475382,10.3258,-0.00270135
20.9,0.0488423,10.2898,-0.00262566
20.95,0.041653,10.2453,-0.00339957
21,0.0481152,10.2144,-0.00280864
21.05,0.0415007,10.1703,-0.00352566
21.1,0.0459468,10.1373,-0.00313694
21.15,0.0478092,10.1016,-0.00300692
21.2,0.0416154,10.0579,-0.00368284
21.25,0.0438891,10.0225,-0.00351237
21.3,0.0449289,9.9859,-0.00346564
21.35,0.0494573,9.95274,-0.00307043
21.4,0.0521531,9.9177,-0.00285884
21.45,0.0446043,9.87237,-0.00367211
21.5,0.046272,9.83622,-0.00356412
21.55,0.0479014,9.79999,-0.00346036
21.6,0.0522502,9.76644,-0.00308508
21.65,0.0492035,9.72546,-0.00344975
21.7,0.0546274,9.69291,-0.0029678
21.75,0.054637,9.65491,-0.00302768
21.8,0.0507294,9.61295,-0.00347971
21.85,0.0548551,9.57899,-0.00312884
21.9,0.0474028,9.53342,-0.00393621
21.95,0.0470544,9.49492,-0.00403363
22,0.0508954,9.46056,-0.00371251
22.05,0.0536872,9.42512,-0.00349674
22.1,0.0542661,9.38743,-0.00350269
22.15,0.0491715,9.34402,-0.00407642
22.2,0.0516852,9.30819,-0.00388975
22.25,0.0519126,9.27003,-0.00393217
22.3,0.0498841,9.22958,-0.00420061
22.35,0.0503482,9.1916,-0.00422021
22.4,0.051197,9.15397,-0.0042018
22.45,0.0601817,9.12444,-0.00337022
22.5,0.0531618,9.07887,-0.00413947
22.55,0.0601736,9.04731,-0.00350595
22.6,0.0522401,9.00078,-0.00436734
22.65,0.0593587,8.96926,-0.00372385
22.7,0.0579225,8.92916,-0.00393618
22.75,0.053482,8.88601,-0.00444925
22.8,0.0625582,8.85635,-0.00361098
22.85,0.061842,8.81686,-0.00375231
22.9,0.0616063,8.77782,-0.00384593
22.95,0.0630504,8.74043,-0.00377191
23,0.0644529,8.70297,-0.00370238
23.05,0.0555481,8.65517,-0.00466392
23.1,0.0582803,8.61899,-0.00446205
23.15,0.0636861,8.58546,-0.00399311
23.2,0.0613852,8.5442,-0.00429509
23.25,0.0591888,8.50302,-0.00458685
23.3,0.0642491,8.46907,-0.00415317
23.35,0.0676835,8.43347,-0.00388234
23.4,0.0592539,8.38598,-0.00479815
23.45,0.0665015,8.35413,-0.00414653
23.5,0.0592248,8.30774,-0.00494763
23.55,0.064271,8.27364,-0.00451675
23.6,0.0639421,8.23414,-0.00462368
23.65,0.066873,8.19787,-0.00440497
23.7,0.0664504,8.15822,-0.00452195
23.75,0.0682578,8.12078,-0.00441624
23.8,0.0710358,8.08427,-0.00421381
23.85,0.0682016,8.04214,-0.00457292
23.9,0.070088,8.0047,-0.00446032
23.95,0.0633276,7.95859,-0.00521275
24,0.0690888,7.92498,-0.00471333
24.05,0.0735646,7.89006,-0.00434282
24.1,0.0734248,7.8505,-0.00443426
24.15,0.0708612,7.80848,-0.00476846
24.2,0.0720642,7.77021,-0.0047264
24.25,0.0700956,7.72873,-0.00500191
24.3,0.0726974,7.6918,-0.00482081
24.35,0.07258,7.65212,-0.00491205
24.4,0.0694961,7.60944,-0.00530037
24.45,0.0714607,7.57179,-0.00518428
24.5,0.0723849,7.53307,-0.0051727
24.55,0.0703008,7.4913,-0.00546231
24.6,0.0729585,7.45424,-0.00527811
24.65,0.0762133,7.41774,-0.00503458
24.7,0.0791331,7.38088,-0.00482493
24.75,0.0790869,7.34101,-0.00491229
24.8,0.0797411,7.30182,-0.00493
24.85,0.0773165,7.2595,-0.00525591
24.9,0.0802998,7.22256,-0.00504128
24.95,0.0821194,7.18442,-0.00494323
25,0.0765369,7.13883,-0.00558555
25.05,0.0818372,7.10408,-0.00513966
25.1,0.0782952,7.06045,-0.00557809
25.15,0.081974,7.024,-0.00529456
25.2,0.0797934,6.98165,-0.00559701
25.25,0.0854154,6.94706,-0.00511924
25.3,0.0804873,6.90187,-0.00569656
25.35,0.0806692,6.86176,-0.00576299
25.4,0.0830399,6.82379,-0.0056107
25.45,0.0795784,6.77995,-0.00604188
25.5,0.0825768,6.74254,-0.0058274
25.55,0.0802829,6.69979,-0.00614243
25.6,0.0808693,6.65988,-0.0061697
25.65,0.0832984,6.62178,-0.00601299
25.7,0.0880095,6.58592,-0.00562836
25.75,0.0893646,6.54667,-0.00557967
25.8,0.0893869,6.50604,-0.00566466
25.85,0.0862568,6.46223,-0.0060653
25.9,0.0870475,6.42231,-0.00607435
25.95,0.0835358,6.37804,-0.00651413
26,0.0919186,6.34564,-0.00576489
26.05,0.0931798,6.30607,-0.00572826
26.1,0.087128,6.25916,-0.00642337
26.15,0.0877096,6.21884,-0.00645558
26.2,0.0917635,6.18195,-0.00614101
26.25,0.0881664,6.13737,-0.00659195
26.3,0.0882335,6.09642,-0.00667689
26.35,0.0924692,6.0596,-0.00634545
26.4,0.09597,6.02201,-0.00608804
26.45,0.0985374,5.98345,-0.00592455
26.5,0.0941047,5.93785,-0.00646166
26.55,0.0915307,5.89408,-0.00681341
26.6,0.0989016,5.86021,-0.00617118
26.65,0.100425,5.82046,-0.00611431
26.7,0.101022,5.77974,-0.00615071
26.75,0.0956986,5.73308,-0.00677982
26.8,0.102324,5.69833,-0.00621473
26.85,0.0974662,5.65206,-0.00679867
26.9,0.101791,5.61495,-0.00646508
26.95,0.100247,5.57195,-0.00671912
27,0.101382,5.53159,-0.00670598
27.05,0.0981549,5.48685,-0.00712984
27.1,0.103763,5.45092,-0.00667093
27.15,0.104928,5.41052,-0.00665712
27.2,0.10357,5.36758,-0.00689639
27.25,0.103325,5.32572,-0.00702514
27.3,0.105276,5.28603,-0.00693512
27.35,0.103367,5.24246,-0.00723184
27.4,0.109417,5.20682,-0.00673342
27.45,0.111582,5.16727,-0.00662428
27.5,0.105584,5.11953,-0.00733231
27.55,0.109436,5.08161,-0.00705598
27.6,0.112279,5.04265,-0.00688126
27.65,0.109642,4.99817,-0.00725532
27.7,0.113485,4.96015,-0.00698204
27.75,0.109787,4.91455,-0.0074635
27.8,0.112952,4.87577,-0.00725909
27.85,0.116257,4.8371,-0.00704124
27.9,0.116184,4.79502,-0.00716164
27.95,0.112237,4.74903,-0.00767008
28,0.117492,4.7122,-0.00725882
28.05,0.112365,4.66496,-0.0078863
28.1,0.115218,4.62566,-0.00771646
28.15,0.117214,4.58547,-0.0076329
28.2,0.122977,4.54901,-0.00717315
28.25,0.11579,4.49956,-0.00800892
28.3,0.12182,4.46331,-0.00752347
28.35,0.123562,4.42273,-0.00746772
28.4,0.120865,4.37768,-0.00785673
28.45,0.120564,4.335,-0.00800678
28.5,0.120103,4.29213,-0.00817341
28.55,0.12788,4.25748,-0.00751671
28.6,0.12369,4.21084,-0.00805732
28.65,0.128174,4.17284,-0.00773133
28.7,0.126452,4.12861,-0.00802688
28.75,0.130239,4.08986,-0.00777222
28.8,0.133812,4.05086,-0.00753965
28.85,0.133374,4.00783,-0.00770876
28.9,0.134581,3.96642,-0.00771406
28.95,0.133528,3.92272,-0.00794637
29,0.134573,3.88111,-0.00796938
29.05,0.139095,3.84295,-0.00764496
29.1,0.131203,3.79236,-0.00856265
29.15,0.134395,3.75284,-0.00837279
29.2,0.135579,3.71129,-0.00838401
29.25,0.140822,3.67378,-0.00798962
29.3,0.139601,3.6298,-0.00824209
29.35,0.143227,3.59065,-0.00801069
29.4,0.141044,3.54567,-0.00836065
29.45,0.139012,3.50084,-0.00869544
29.5,0.147945,3.46697,-0.00793388
29.55,0.140263,3.41647,-0.00883365
29.6,0.142341,3.37575,-0.00875695
29.65,0.143353,3.33396,-0.00878642
29.7,0.146884,3.29468,-0.00856415
29.75,0.143932,3.24893,-0.00899028
29.8,0.146954,3.20915,-0.00881895
29.85,0.155704,3.17509,-0.0080749
29.9,0.153677,3.13026,-0.00840862
29.95,0.153177,3.08697,-0.00858914
30,0.150795,3.0418,-0.00895737
30.05,0.157467,3.0057,-0.00841976
30.1,0.153896,2.95937,-0.00890673
30.15,0.156468,2.91918,-0.00878011
30.2,0.156757,2.87671,-0.00888213
30.25,0.160588,2.83778,-0.00863061
30.3,0.156061,2.79051,-0.00921532
30.35,0.159027,2.75074,-0.00905082
30.4,0.161515,2.71052,-0.00893394
30.45,0.167283,2.67359,-0.00848858
30.5,0.168276,2.63191,-0.00852131
30.55,0.170882,2.59185,-0.00839315
30.6,0.170237,2.54857,-0.00858944
30.65,0.172397,2.50811,-0.00850499
30.7,0.167247,2.46036,-0.00915111
30.75,0.166831,2.41738,-0.009323
30.8,0.173272,2.38129,-0.00880837
30.85,0.175933,2.34145,-0.00867097
30.9,0.178168,2.30121,-0.00857561
30.95,0.171443,2.25204,-0.00937641
31,0.181082,2.21924,-0.00854297
31.05,0.181253,2.17696,-0.00865737
31.1,0.175844,2.12911,-0.00932947
31.15,0.176552,2.0874,-0.00938967
31.2,0.17672,2.04518,-0.00950324
31.25,0.183821,2.00993,-0.00892258
31.3,20.1805,1.96434,-1.58017
31.35,20.1827,1.92421,-1.58009
31.4,20.1875,1.88674,-1.57973
31.45,20.1912,1.84809,-1.5795
31.5,20.1918,1.80637,-1.57957
31.55,20.1931,1.76539,-1.57957
31.6,20.1923,1.72228,-1.57978
31.65,20.1882,1.67584,-1.58032
31.7,20.191,1.63627,-1.58018
31.75,20.1993,1.60228,-1.57948
31.8,20.1978,1.5585,-1.57975
31.85,20.1949,1.51326,-1.58017
31.9,20.195,1.47109,-1.58029
31.95,20.1948,1.42866,-1.58043
32,20.1964,1.38803,-1.5804
32.05,20.1962,1.34571,-1.58053
32.1,20.1974,1.30476,-1.58053
32.15,20.2071,1.27236,-1.57968
32.2,20.2079,1.23109,-1.57971
32.25,20.2026,1.18387,-1.58035
32.3,20.2006,1.13995,-1.58066
32.35,20.2065,1.104,-1.58017
32.4,20.2026,1.05834,-1.58066
32.45,20.2115,1.02556,-1.57987
32.5,20.2094,0.981792,-1.58018
32.55,20.2039,0.934679,-1.58083
32.6,20.2116,0.90098,-1.58014
32.65,20.2128,0.860722,-1.58012
32.7,20.2066,0.813232,-1.58082
32.75,20.2132,0.778621,-1.58024
32.8,20.2101,0.734391,-1.58064
32.85,20.2093,0.692565,-1.58079
32.9,20.2067,0.649051,-1.58113
32.95,20.2071,0.608574,-1.58116
33,20.2085,0.569344,-1.58108
33.05,20.2152,0.535373,-1.58048
33.1,20.2155,0.495201,-1.58051
33.15,20.2149,0.454163,-1.58063
33.2,20.2162,0.415085,-1.58056
33.25,20.208,0.366711,-1.58143
33.3,20.2144,0.333074,-1.58083
33.35,20.213,0.29164,-1.58103
33.4,20.2106,0.249448,-1.5813
33.45,20.216,0.21508,-1.5808
33.5,20.2132,0.172668,-1.58112
33.55,20.2114,0.131309,-1.58134
33.6,20.2155,0.09608,-1.58095
33.65,20.2129,0.0541697,-1.58124
33.7,20.2098,0.0118709,-1.58158
33.75,20.2138,-0.0231892,-1.5812
33.8,20.215,-0.0608864,-1.58109
33.85,20.209,-0.105692,-1.58171
33.9,20.2081,-0.145302,-1.58181
33.95,20.2146,-0.177285,-1.58116
34,20.2068,-0.223516,-1.58194
34.05,20.2131,-0.25556,-1.58132
34.1,20.2135,-0.293359,-1.58127
34.15,20.2129,-0.332026,-1.58133
34.2,20.2098,-0.373102,-1.58163
34.25,20.2035,-0.417204,-1.58225
34.3,20.209,-0.449342,-1.58168
34.35,20.2023,-0.493557,-1.58232
34.4,20.2049,-0.52845,-1.58204
34.45,20.2075,-0.563123,-1.58175
34.5,20.2009,-0.606898,-1.58238
34.55,20.2047,-0.640165,-1.58197
34.6,20.2037,-0.678017,-1.58202
34.65,20.2073,-0.711235,-1.58163
34.7,20.2003,-0.754878,-1.58228
34.75,20.2005,-0.791217,-1.58221
34.8,20.2058,-0.822294,-1.58163
34.85,20.1952,-0.869138,-1.58263
34.9,20.204,-0.896554,-1.5817
34.95,20.197,-0.939545,-1.58234
35,20.2018,-0.970558,-1.58179
35.05,20.1979,-1.01027,-1.58212
35.1,20.1992,-1.04459,-1.58192
35.15,20.1983,-1.08088,-1.58192
35.2,20.1919,-1.12265,-1.58249
35.25,20.1903,-1.1595,-1.58257
35.3,20.1937,-1.19118,-1.58214
35.35,20.1887,-1.23106,-1.58255
35.4,20.1914,-1.26323,-1.58219
35.45,20.1942,-1.29513,-1.58182
35.5,20.1861,-1.3377,-1.58253
35.55,20.1913,-1.36691,-1.5819
35.6,20.1908,-1.40178,-1.58186
35.65,20.1835,-1.44317,-1.58248
35.7,20.1886,-1.47217,-1.58186
35.75,20.1853,-1.50934,-1.58208
35.8,20.1822,-1.54618,-1.58227
35.85,20.1833,-1.57877,-1.58205
35.9,20.1838,-1.61172,-1.58187
35.95,20.1838,-1.64512,-1.58175
36,20.178,-1.68418,-1.58221
36.05,20.1825,-1.71281,-1.58163
36.1,20.1769,-1.75149,-1.58207
36.15,20.1807,-1.78054,-1.58156
36.2,20.1794,-1.81463,-1.58156
36.25,20.1773,-1.84933,-1.58163
36.3,20.1719,-1.8872,-1.58203
36.35,20.1765,-1.91498,-1.58142
36.4,20.1745,-1.94925,-1.58148
36.45,20.1785,-1.97737,-1.58094
36.5,20.1768,-2.0111,-1.58096
36.55,20.1703,-2.04946,-1.58146
36.6,20.1711,-2.08051,-1.58124
36.65,20.1713,-2.11188,-1.58106
36.7,20.1648,-2.14999,-1.58156
36.75,20.1698,-2.17638,-1.58091
36.8,20.1691,-2.2083,-1.58081
36.85,20.1667,-2.24192,-1.5809
36.9,20.1675,-2.27213,-1.58065
36.95,20.1603,-2.31029,-1.58121
37,20.1614,-2.34,-1.58094
37.05,20.165,-2.36709,-1.58041
37.1,20.1638,-2.3989,-1.58037
37.15,20.1551,-2.43803,-1.58106
37.2,20.1622,-2.46119,-1.58017
37.25,20.1568,-2.4968,-1.58054
37.3,20.1557,-2.52801,-1.58048
37.35,20.1507,-2.56302,-1.5808
37.4,20.1571,-2.58636,-1.57997
37.45,20.1574,-2.61574,-1.57976
37.5,20.1532,-2.64948,-1.57999
37.55,20.1548,-2.67728,-1.57964
37.6,20.1505,-2.71081,-1.57987
37.65,20.1515,-2.73886,-1.57956
37.7,20.1478,-2.77147,-1.57973
37.75,20.1431,-2.80501,-1.57999
37.8,20.1429,-2.83384,-1.5798
37.85,20.1448,-2.86052,-1.5794
37.9,20.1456,-2.88815,-1.57911
37.95,20.1443,-2.91764,-1.57901
38,20.1412,-2.94894,-1.57911
38.05,20.1412,-2.97691,-1.57888
38.1,20.1345,-3.0115,-1.57933
38.15,20.143,-3.03071,-1.57825
38.2,20.1343,-3.06704,-1.5789
38.25,20.1319,-3.09684,-1.5789
38.3,20.1364,-3.11966,-1.57821
38.35,20.1381,-3.14523,-1.57782
38.4,20.1343,-3.17605,-1.57795
38.45,20.1307,-3.20659,-1.57808
38.5,20.1261,-3.23799,-1.5783
38.55,20.1244,-3.26634,-1.57822
38.6,20.1254,-3.29195,-1.57788
38.65,20.1306,-3.31326,-1.57712
38.7,20.1213,-3.34894,-1.57781
38.75,20.1204,-3.37603,-1.57766
38.8,20.1213,-3.4014,-1.57733
38.85,20.1219,-3.42685,-1.57703
38.9,20.117,-3.45764,-1.57728
38.95,20.1154,-3.48516,-1.5772
39,20.1173,-3.50895,-1.57677
39.05,20.1193,-3.53259,-1.57632
39.1,20.1203,-3.55717,-1.57599
39.15,20.119,-3.58391,-1.57588
39.2,20.1131,-3.61518,-1.57623
39.25,20.1114,-3.6421,-1.57615
39.3,20.1064,-3.67221,-1.57641
39.35,20.1114,-3.69225,-1.57567
39.4,20.1127,-3.71594,-1.5753
39.45,20.1096,-3.74388,-1.57537
39.5,20.1045,-3.77377,-1.57564
39.55,20.1036,-3.79926,-1.57548
39.6,20.1016,-3.8258,-1.57544
39.65,20.1009,-3.85104,-1.57528
39.7,20.0996,-3.87663,-1.57516
39.75,20.1,-3.90052,-1.57488
39.8,20.098,-3.9267,-1.57483
39.85,20.0924,-3.95639,-1.57515
39.9,20.0955,-3.97727,-1.5746
39.95,20.0908,-4.00583,-1.57482
40,20.0927,-4.02775,-1.57439
40.05,20.0923,-4.05184,-1.57418
40.1,20.0871,-4.08066,-1.57446
40.15,20.091,-4.10019,-1.57382
40.2,20.087,-4.12769,-1.57398
40.25,20.0836,-4.15439,-1.57407
40.3,20.0879,-4.17332,-1.57339
40.35,20.0858,-4.19858,-1.57336
40.4,20.0842,-4.22322,-1.57327
40.45,20.0849,-4.24554,-1.57296
40.5,20.0823,-4.27099,-1.57297
40.55,20.0738,-4.30221,-1.57356
40.6,20.0777,-4.32104,-1.57293
40.65,20.0773,-4.34406,-1.57272
40.7,20.0688,-4.37508,-1.57332
40.75,20.0679,-4.39834,-1.57316
40.8,20.0671,-4.42153,-1.57299
40.85,20.0649,-4.44601,-1.57296
40.9,20.0703,-4.46277,-1.57217
40.95,20.0619,-4.49318,-1.57275
41,20.0679,-4.50924,-1.57191
41.05,20.0594,-4.5396,-1.5725
41.1,20.0615,-4.55932,-1.57204
41.15,20.0567,-4.58583,-1.57226
41.2,20.0588,-4.60543,-1.57181
41.25,20.061,-4.62483,-1.57134
41.3,20.0579,-4.64941,-1.57139
41.35,20.0592,-4.66946,-1.571
41.4,20.0571,-4.69291,-1.57096
41.45,20.0484,-4.72282,-1.57158
41.5,20.0464,-4.74598,-1.57152
41.55,20.0474,-4.76599,-1.57116
41.6,20.0497,-4.78471,-1.57068
41.65,20.0438,-4.81149,-1.57101
41.7,20.0402,-4.83594,-1.57112
41.75,20.0397,-4.85715,-1.57091
41.8,20.0418,-4.87571,-1.57044
41.85,20.0438,-4.89424,-1.56998
41.9,20.0426,-4.91596,-1.56984
41.95,20.0344,-4.9445,-1.5704
42,20.0385,-4.96078,-1.56973
42.05,20.0361,-4.98346,-1.56972
42.1,20.0309,-5.00882,-1.56998
42.15,20.0302,-5.02961,-1.56979
42.2,20.0287,-5.05108,-1.56967
42.25,20.0264,-5.0733,-1.56964
42.3,20.0263,-5.0933,-1.56939
42.35,20.0254,-5.11398,-1.56922
42.4,20.0223,-5.13679,-1.56927
42.45,20.0189,-5.15973,-1.56934
42.5,20.0211,-5.1771,-1.56886
42.55,20.0153,-5.20233,-1.56917
42.6,20.015,-5.22208,-1.56895
42.65,20.0207,-5.23568,-1.56811
42.7,20.0116,-5.26404,-1.56876
42.75,20.0147,-5.28007,-1.56818
42.8,20.014,-5.29985,-1.56799
42.85,20.0132,-5.31964,-1.5678
42.9,20.0092,-5.34266,-1.56794
42.95,20.0078,-5.3629,-1.56781
43,20.0098,-5.3797,-1.56735
43.05,20.0051,-5.40306,-1.56755
43.1,20.0063,-5.42056,-1.56717
43.15,20.002,-5.44342,-1.56733
43.2,20.0029,-5.46098,-1.56697
43.25,20.0019,-5.48043,-1.5668
43.3,19.9986,-5.50207,-1.56686
43.35,19.9931,-5.52584,-1.56715
43.4,19.9956,-5.54156,-1.56663
43.45,19.9925,-5.56273,-1.56666
43.5,19.9904,-5.58293,-1.56661
43.55,19.9884,-5.6029,-1.56654
43.6,19.9844,-5.6248,-1.56667
43.65,19.9886,-5.63848,-1.56598
43.7,19.9874,-5.65744,-1.56583
43.75,19.9835,-5.67908,-1.56595
43.8,19.9768,-5.70334,-1.56634
43.85,19.977,-5.72072,-1.56605
43.9,19.9737,-5.74154,-1.56611
43.95,19.9755,-5.7572,-1.56566
44,19.9738,-5.77618,-1.56555
44.05,19.9742,-5.7931,-1.56524
44.1,19.9717,-5.8128,-1.56522
44.15,19.9713,-5.8304,-1.56499
44.2,19.9689,-5.84988,-1.56496
44.25,19.9688,-5.86696,-1.56469
44.3,19.963,-5.8897,-1.565
44.35,19.9615,-5.90813,-1.56488
44.4,19.9621,-5.92425,-1.56453
44.45,19.9638,-5.93934,-1.56409
44.5,19.9624,-5.95741,-1.56396
44.55,19.9566,-5.97979,-1.56426
44.6,19.9552,-5.99777,-1.56413
44.65,19.9565,-6.01296,-1.56372
44.7,19.948,-6.03789,-1.5643
44.75,19.9491,-6.05318,-1.56391
44.8,19.9509,-6.06764,-1.56346
44.85,19.9506,-6.08411,-1.5632
44.9,19.9478,-6.10313,-1.56321
44.95,19.9436,-6.12337,-1.56335
45,19.9419,-6.14112,-1.56325
45.05,19.9384,-6.16051,-1.56331
45.1,19.9339,-6.18097,-1.56349
45.15,19.9398,-6.19093,-1.56262
45.2,19.9321,-6.21439,-1.56311
45.25,19.9379,-6.22426,-1.56225
45.3,19.9314,-6.24639,-1.56262
45.35,19.9287,-6.26471,-1.56261
45.4,19.9263,-6.28262,-1.56257
45.45,19.9281,-6.29631,-1.56212
45.5,19.9287,-6.31108,-1.56177
45.55,19.9263,-6.32883,-1.56174
45.6,19.92,-6.35037,-1.56208
45.65,19.9198,-6.36584,-1.56183
45.7,19.9185,-6.38227,-1.56167
45.75,19.9214,-6.39442,-1.5611
45.8,19.9127,-6.41817,-1.56169
45.85,19.9172,-6.4286,-1.56096
45.9,19.9102,-6.45053,-1.56138
45.95,19.9138,-6.46179,-1.56074
46,19.9116,-6.47877,-1.56067
46.05,19.9048,-6.5003,-1.56107
46.1,19.9043,-6.51554,-1.56084
46.15,19.9022,-6.53215,-1.56076
46.2,19.8984,-6.55059,-1.56087
46.25,19.9009,-6.56255,-1.56033
46.3,19.9016,-6.5763,-1.55998
46.35,19.9011,-6.59113,-1.55974
46.4,19.895,-6.61154,-1.56007
46.45,19.8945,-6.62635,-1.55984
46.5,19.8915,-6.64352,-1.55985
46.55,19.8854,-6.66384,-1.56018
46.6,19.893,-6.67029,-1.55913
46.65,19.8871,-6.6902,-1.55944
46.7,19.8885,-6.70284,-1.55902
46.75,19.88,-6.72517,-1.55957
46.8,19.8816,-6.73743,-1.55913
46.85,19.8781,-6.75475,-1.55919
46.9,19.8786,-6.768,-1.55886
46.95,19.8795,-6.78084,-1.55849
47,19.8794,-6.79457,-1.55821
47.05,19.8722,-6.81537,-1.55865
47.1,19.8723,-6.82881,-1.55835
47.15,19.8676,-6.847,-1.55854
47.2,19.8717,-6.85624,-1.55783
47.25,19.8622,-6.87913,-1.5585
47.3,19.8621,-6.89256,-1.55822
47.35,19.8592,-6.9087,-1.55822
47.4,19.8659,-6.91523,-1.55727
47.45,19.8604,-6.93385,-1.55753
47.5,19.8528,-6.95458,-1.558
47.55,19.8589,-6.96147,-1.5571
47.6,19.8583,-6.97506,-1.55687
47.65,19.8518,-6.99453,-1.55724
47.7,19.8476,-7.0116,-1.55737
47.75,19.8448,-7.02724,-1.55736
47.8,19.8425,-7.04235,-1.55731
47.85,19.8506,-7.0469,-1.5562
47.9,19.8391,-7.07116,-1.55707
47.95,19.8423,-7.08052,-1.55645
48,19.8416,-7.09379,-1.55624
48.05,19.8388,-7.10917,-1.55623
48.1,19.8375,-7.12287,-1.55607
48.15,19.8362,-7.13666,-1.55591
48.2,19.8291,-7.15608,-1.55633
48.25,19.8309,-7.16661,-1.55586
48.3,19.8328,-7.17697,-1.55538
48.35,19.829,-7.19295,-1.55547
48.4,19.829,-7.20515,-1.55518
48.45,19.8231,-7.22317,-1.55548
48.5,19.8219,-7.23645,-1.55531
48.55,19.8234,-7.24689,-1.55486
48.6,19.822,-7.26029,-1.55472
48.65,19.8226,-7.27163,-1.55437
48.7,19.8211,-7.28494,-1.55422
48.75,19.8156,-7.30231,-1.55448
48.8,19.8083,-7.32134,-1.55492
48.85,19.8085,-7.33291,-1.55461
48.9,19.8117,-7.34132,-1.55399
48.95,19.8029,-7.36182,-1.55459
49,19.8092,-7.36701,-1.55366
49.05,19.8066,-7.3812,-1.55363
49.1,19.8056,-7.39371,-1.55344
49.15,19.8031,-7.40765,-1.5534
49.2,19.7956,-7.42652,-1.55386
49.25,19.8021,-7.43135,-1.55292
49.3,19.7985,-7.44625,-1.55298
49.35,19.7904,-7.4656,-1.5535
49.4,19.7968,-7.4704,-1.55257
49.45,19.7933,-7.48503,-1.55262
49.5,19.7902,-7.49925,-1.55264
49.55,19.7876,-7.5129,-1.55261
49.6,19.783,-7.52853,-1.55278
49.65,19.7803,-7.54213,-1.55275
49.7,19.7781,-7.55529,-1.55268
49.75,19.7781,-7.56612,-1.55238
49.8,19.779,-7.57607,-1.552
49.85,19.7804,-7.58548,-1.55156
49.9,19.7784,-7.59821,-1.55147
49.95,19.771,-7.61633,-1.55192
50,19.7682,-7.62977,-1.5519
50.05,19.7667,-7.64186,-1.55176
50.1,19.7626,-7.65655,-1.55187
50.15,19.7701,-7.65956,-1.55083
50.2,19.7609,-7.6792,-1.55145
50.25,19.7671,-7.68347,-1.55054
50.3,19.7608,-7.70017,-1.55088
50.35,19.7561,-7.7152,-1.55105
50.4,19.7541,-7.72746,-1.55095
50.45,19.7528,-7.73902,-1.55079
50.5,19.751,-7.75107,-1.55068
50.55,19.7471,-7.76508,-1.55076
50.6,19.7449,-7.77744,-1.55069
50.65,19.7438,-7.78864,-1.55051
50.7,19.7492,-7.79328,-1.54967
50.75,19.7412,-7.81126,-1.55017
50.8,19.7383,-7.82408,-1.55017
50.85,19.7419,-7.83046,-1.54952
50.9,19.7375,-7.84467,-1.54965
50.95,19.7328,-7.85923,-1.54983
51,19.7346,-7.86721,-1.54935
51.05,19.7289,-7.88267,-1.54963
51.1,19.7333,-7.88795,-1.54889
51.15,19.7323,-7.89868,-1.5487
51.2,19.7257,-7.9149,-1.54906
51.25,19.7296,-7.92054,-1.54837
51.3,19.7204,-7.93934,-1.549
51.35,19.7264,-7.94281,-1.5481
51.4,19.7235,-7.9552,-1.54809
51.45,19.724,-7.96412,-1.54775
51.5,19.7143,-7.98314,-1.54841
51.55,19.7204,-7.98644,-1.54751
51.6,19.7112,-8.00496,-1.54814
51.65,19.7092,-8.01624,-1.54804
51.7,19.7145,-8.02015,-1.54721
51.75,19.7078,-8.03597,-1.54758
51.8,19.7037,-8.0492,-1.54769
51.85,19.7045,-8.05756,-1.54732
51.9,19.7049,-8.06619,-1.54697
51.95,19.7007,-8.0795,-1.54711
52,19.7019,-8.08729,-1.54669
52.05,19.7022,-8.09587,-1.54635
52.1,19.6959,-8.11114,-1.54669
52.15,19.6966,-8.11928,-1.54632
52.2,19.6976,-8.12711,-1.54592
52.25,19.6884,-8.14509,-1.54654
52.3,19.6929,-8.14933,-1.54579
52.35,19.6829,-8.16815,-1.5465
52.4,19.689,-8.17072,-1.54559
52.45,19.6809,-8.18741,-1.5461
52.5,19.6779,-8.19908,-1.5461
52.55,19.6776,-8.20795,-1.54583
52.6,19.6756,-8.21848,-1.54574
52.65,19.6787,-8.22383,-1.54512
52.7,19.6791,-8.23189,-1.54478
52.75,19.6723,-8.24713,-1.54516
52.8,19.6712,-8.25665,-1.54498
52.85,19.6741,-8.26209,-1.54439
52.9,19.6651,-8.27941,-1.54499
52.95,19.6628,-8.28997,-1.54492
53,19.668,-8.29303,-1.5441
53.05,19.6611,-8.30811,-1.54449
53.1,19.6567,-8.32075,-1.54463
53.15,19.6544,-8.33113,-1.54456
53.2,19.6573,-8.33635,-1.54397
53.25,19.6599,-8.34179,-1.54341
53.3,19.6528,-8.35692,-1.54382
53.35,19.6534,-8.36434,-1.54346
53.4,19.6486,-8.37715,-1.54365
53.45,19.6437,-8.38996,-1.54384
53.5,19.6418,-8.39978,-1.54373
53.55,19.6399,-8.4095,-1.54362
53.6,19.6472,-8.41007,-1.54259
53.65,19.6407,-8.42436,-1.54294
53.7,19.6413,-8.43146,-1.54257
53.75,19.6414,-8.43913,-1.54227
53.8,19.6375,-8.45072,-1.54236
53.85,19.6344,-8.46142,-1.54236
53.9,19.6362,-8.46729,-1.54189
53.95,19.6302,-8.48088,-1.54219
54,19.6308,-8.48775,-1.54182
54.05,19.6313,-8.49479,-1.54147
54.1,19.6268,-8.5068,-1.54162
54.15,19.6273,-8.51377,-1.54128
54.2,19.6227,-8.52577,-1.54143
54.25,19.6204,-8.53549,-1.54137
54.3,19.6158,-8.54739,-1.54152
54.35,19.6119,-8.55864,-1.54161
54.4,19.6143,-8.56356,-1.54107
54.45,19.6125,-8.57259,-1.54095
54.5,19.6081,-8.58423,-1.54109
54.55,19.6074,-8.59207,-1.54085
54.6,19.6106,-8.59608,-1.54024
54.65,19.6035,-8.6103,-1.54065
54.7,19.6024,-8.61851,-1.54046
54.75,19.6002,-8.62775,-1.54037
54.8,19.5975,-8.63746,-1.54034
54.85,19.6011,-8.64087,-1.53968
54.9,19.5913,-8.65765,-1.54036
54.95,19.5956,-8.66033,-1.53963
55,19.5961,-8.66674,-1.53928
55.05,19.5861,-8.68356,-1.53997
55.1,19.5903,-8.68621,-1.53925
55.15,19.5899,-8.69348,-1.539
55.2,19.5852,-8.70492,-1.53916
55.25,19.5819,-8.71503,-1.5392
55.3,19.5833,-8.72036,-1.53876
55.35,19.5765,-8.73382,-1.53913
55.4,19.5819,-8.73509,-1.53829
55.45,19.5768,-8.7468,-1.53849
55.5,19.5758,-8.75437,-1.53829
55.55,19.5737,-8.76306,-1.5382
55.6,19.5709,-8.77241,-1.53818
55.65,19.5672,-8.78262,-1.53825
55.7,19.5674,-8.78895,-1.53793
55.75,19.5618,-8.80099,-1.53819
55.8,19.5676,-8.80165,-1.53731
55.85,19.565,-8.81064,-1.53727
55.9,19.5572,-8.82473,-1.53774
55.95,19.5572,-8.83113,-1.53744
56,19.5546,-8.84001,-1.5374
56.05,19.5543,-8.84663,-1.53713
56.1,19.5554,-8.85179,-1.53672
56.15,19.5477,-8.86564,-1.53718
56.2,19.5521,-8.86747,-1.53644
56.25,19.5439,-8.88185,-1.53696
56.3,19.5459,-8.88599,-1.53646
56.35,19.5394,-8.89861,-1.53681
56.4,19.5465,-8.89753,-1.53579
56.45,19.5405,-8.90959,-1.53609
56.5,19.5401,-8.91607,-1.53583
56.55,19.5395,-8.92261,-1.53558
56.6,19.5354,-8.93273,-1.53569
56.65,19.5309,-8.94312,-1.53584
56.7,19.5317,-8.94824,-1.53545
56.75,19.5247,-8.96112,-1.53585
56.8,19.5287,-8.963,-1.53515
56.85,19.5227,-8.97484,-1.53545
56.9,19.5208,-8.9826,-1.53534
56.95,19.522,-8.9872,-1.53492
57,19.5227,-8.99223,-1.53455
57.05,19.5215,-8.99908,-1.53436
57.1,19.5124,-9.01392,-1.53497
57.15,19.5121,-9.01987,-1.53469
57.2,19.5091,-9.02853,-1.53469
57.25,19.5119,-9.03134,-1.53411
57.3,19.5079,-9.041,-1.53421
57.35,19.5124,-9.04201,-1.53346
57.4,19.5044,-9.05554,-1.53395
57.45,19.5044,-9.06104,-1.53365
57.5,19.5007,-9.07023,-1.53372
57.55,19.502,-9.07444,-1.53329
57.6,19.5035,-9.0784,-1.53284
57.65,19.4926,-9.09463,-1.53362
57.7,19.4981,-9.09458,-1.53277
57.75,19.4957,-9.1023,-1.5327
57.8,19.4885,-9.11487,-1.53313
57.85,19.4877,-9.12094,-1.5329
57.9,19.4907,-9.1233,-1.5323
57.95,19.4824,-9.13682,-1.53283
58,19.4874,-9.13703,-1.53202
58.05,19.4817,-9.14795,-1.53229
58.1,19.4847,-9.15013,-1.53169
58.15,19.4774,-9.16262,-1.53212
58.2,19.479,-9.16611,-1.53165
58.25,19.4746,-9.17562,-1.53179
58.3,19.4721,-9.18323,-1.53174
58.35,19.4695,-9.19086,-1.53169
58.4,19.4709,-9.1945,-1.53125
58.45,19.4682,-9.20218,-1.53121
58.5,19.4687,-9.20676,-1.53087
58.55,19.4626,-9.2178,-1.53117
58.6,19.4606,-9.22474,-1.53107
58.65,19.4637,-9.22658,-1.53046
58.7,19.4591,-9.23603,-1.53061
58.75,19.4559,-9.2441,-1.53063
58.8,19.4536,-9.25126,-1.53056
58.85,19.4568,-9.2529,-1.52994
58.9,19.4499,-9.26455,-1.53032
58.95,19.4514,-9.26782,-1.52987
59,19.4464,-9.27757,-1.53006
59.05,19.4477,-9.28105,-1.52964
59.1,19.4422,-9.2912,-1.52988
59.15,19.4405,-9.2976,-1.52975
59.2,19.4427,-9.30003,-1.52922
59.25,19.4345,-9.31287,-1.52974
59.3,19.4423,-9.30975,-1.52866
59.35,19.4391,-9.31754,-1.52868
59.4,19.4319,-9.32928,-1.52909
59.45,19.4344,-9.33136,-1.52854
59.5,19.4347,-9.33554,-1.52821
59.55,19.4244,-9.35038,-1.52894
59.6,19.4229,-9.35631,-1.52878
59.65,19.4281,-9.35563,-1.52796
59.7,19.4222,-9.36592,-1.52824
59.75,19.4242,-9.36834,-1.52774
59.8,19.4167,-9.38018,-1.52818
59.85,19.4202,-9.38113,-1.52754
59.9,19.4114,-9.39425,-1.52811
59.95,19.4171,-9.39283,-1.52724
60,19.4097,-9.40458,-1.52768
60.05,19.4131,-9.40542,-1.52703
60.1,19.4046,-9.41821,-1.52758
60.15,19.407,-9.42008,-1.52704
60.2,19.4053,-9.42599,-1.52691
60.25,19.404,-9.43147,-1.52673
60.3,19.4049,-9.43469,-1.52633
60.35,19.4027,-9.44104,-1.52625
60.4,19.3964,-9.45147,-1.52658
60.45,19.3923,-9.45967,-1.52668
60.5,19.3935,-9.46265,-1.52627
60.55,19.394,-9.46622,-1.52592
60.6,19.3929,-9.47131,-1.52572
60.65,19.3904,-9.47787,-1.52567
60.7,19.391,-9.48129,-1.52531
60.75,19.384,-9.49229,-1.5257
60.8,19.385,-9.49519,-1.52529
60.85,19.3851,-9.49902,-1.52498
60.9,19.3767,-9.51135,-1.52552
60.95,19.3824,-9.50956,-1.52464
61,19.3768,-9.51906,-1.5249
61.05,19.3705,-9.5292,-1.52523
61.1,19.3777,-9.52588,-1.52421
61.15,19.3724,-9.53498,-1.52443
61.2,19.3731,-9.53811,-1.52406
61.25,19.3662,-9.54879,-1.52445
61.3,19.3647,-9.55403,-1.52429
61.35,19.3598,-9.56276,-1.52449
61.4,19.3581,-9.56816,-1.52435
61.45,19.3596,-9.57032,-1.52389
61.5,19.3622,-9.57144,-1.52333
61.55,19.3549,-9.58243,-1.52376
61.6,19.3517,-9.5893,-1.52378
61.65,19.3575,-9.58709,-1.5229
61.7,19.3543,-9.59386,-1.52291
61.75,19.3512,-9.60056,-1.52292
61.8,19.3476,-9.60777,-1.52298
61.85,19.3472,-9.61174,-1.52272
61.9,19.3437,-9.61877,-1.52276
61.95,19.3455,-9.62043,-1.52227
62,19.3428,-9.62664,-1.52224
62.05,19.3422,-9.63071,-1.522
62.1,19.3364,-9.64001,-1.52228
62.15,19.3344,-9.64541,-1.52217
62.2,19.3331,-9.65015,-1.522
62.25,19.3297,-9.65701,-1.52204
62.3,19.3325,-9.65757,-1.52146
62.35,19.324,-9.6694,-1.522
62.4,19.3225,-9.67429,-1.52185
62.45,19.3287,-9.6714,-1.52093
62.5,19.3277,-9.67568,-1.52072
62.55,19.3224,-9.68434,-1.52096
62.6,19.3241,-9.68588,-1.52048
62.65,19.3221,-9.69115,-1.52038
62.7,19.3133,-9.70322,-1.52096
62.75,19.3175,-9.70223,-1.52023
62.8,19.3104,-9.71255,-1.52064
62.85,19.3119,-9.71425,-1.52019
62.9,19.3129,-9.7164,-1.51978
62.95,19.3059,-9.72654,-1.52018
63,19.3007,-9.73484,-1.52039
63.05,19.3061,-9.73258,-1.51955
63.1,19.3036,-9.7382,-1.5195
63.15,19.297,-9.74787,-1.51986
63.2,19.3,-9.74793,-1.51926
63.25,19.2961,-9.75486,-1.51934
63.3,19.2982,-9.75578,-1.51883
63.35,19.2894,-9.76764,-1.51941
63.4,19.2869,-9.77315,-1.51936
63.45,19.2873,-9.77572,-1.51901
63.5,19.2821,-9.78388,-1.51923
63.55,19.2887,-9.78025,-1.51827
63.6,19.2803,-9.79158,-1.51881
63.65,19.281,-9.79374,-1.51843
63.7,19.2775,-9.80021,-1.51848
63.75,19.2795,-9.80103,-1.51797
63.8,19.2786,-9.8048,-1.51776
63.85,19.2697,-9.81661,-1.51836
63.9,19.2751,-9.81404,-1.51751
63.95,19.2744,-9.81751,-1.51728
64,19.2734,-9.82126,-1.51707
64.05,19.2697,-9.82782,-1.51714
64.1,19.2655,-9.83481,-1.51726
64.15,19.268,-9.83499,-1.5167
64.2,19.264,-9.84172,-1.5168
64.25,19.2628,-9.8457,-1.51662
64.3,19.2613,-9.84984,-1.51647
64.35,19.252,-9.86185,-1.5171
64.4,19.254,-9.8625,-1.51659
64.45,19.2554,-9.86378,-1.51615
64.5,19.2509,-9.87094,-1.5163
64.55,19.2495,-9.87492,-1.51613
64.6,19.2481,-9.87898,-1.51598
64.65,19.2428,-9.88683,-1.5162
64.7,19.2467,-9.88556,-1.51551
64.75,19.24,-9.89478,-1.51588
64.8,19.2427,-9.89468,-1.51531
64.85,19.2404,-9.89946,-1.51523
64.9,19.2367,-9.9057,-1.5153
64.95,19.2386,-9.90627,-1.51481
65,19.2386,-9.90882,-1.51451
65.05,19.2314,-9.91842,-1.51492
65.1,19.2317,-9.92057,-1.51459
65.15,19.2251,-9.92969,-1.51495
65.2,19.2305,-9.9267,-1.51411
65.25,19.229,-9.93061,-1.51396
65.3,19.2262,-9.93582,-1.51394
65.35,19.2225,-9.94191,-1.51401
65.4,19.2238,-9.94295,-1.51357
65.45,19.2182,-9.95094,-1.51383
65.5,19.2156,-9.95585,-1.51379
65.55,19.2177,-9.95603,-1.51327
65.6,19.2101,-9.96596,-1.51373
65.65,19.2151,-9.96327,-1.51293
65.7,19.2116,-9.96904,-1.51298
65.75,19.2118,-9.97115,-1.51266
65.8,19.2073,-9.97789,-1.51281
65.85,19.2041,-9.98327,-1.51282
65.9,19.1968,-9.99288,-1.51325
65.95,19.1961,-9.99577,-1.51302
66,19.1961,-9.99795,-1.51272
66.05,19.196,-10.0003,-1.51243
66.1,19.1957,-10.0027,-1.51215
66.15,19.196,-10.0045,-1.51182
66.2,19.1925,-10.0102,-1.51187
66.25,19.1878,-10.017,-1.51203
66.3,19.1833,-10.0236,-1.51219
66.35,19.1841,-10.0249,-1.5118
66.4,19.179,-10.0321,-1.51201
66.45,19.1825,-10.0306,-1.51136
66.5,19.1771,-10.0382,-1.5116
66.55,19.1737,-10.0436,-1.51164
66.6,19.1719,-10.0474,-1.51152
66.65,19.1785,-10.0428,-1.51056
66.7,19.1702,-10.0531,-1.51108
66.75,19.1756,-10.0498,-1.51024
66.8,19.1725,-10.0548,-1.51025
66.85,19.1632,-10.0661,-1.51088
66.9,19.1666,-10.0646,-1.51024
66.95,19.1666,-10.0666,-1.50994
67,19.1634,-10.0717,-1.50995
67.05,19.1561,-10.0809,-1.51039
67.1,19.16,-10.0789,-1.50969
67.15,19.161,-10.0798,-1.50929
67.2,19.1604,-10.0823,-1.50905
67.25,19.1526,-10.092,-1.50953
67.3,19.1555,-10.0909,-1.50894
67.35,19.1522,-10.096,-1.50897
67.4,19.153,-10.097,-1.50858
67.45,19.1503,-10.1015,-1.50855
67.5,19.1481,-10.1056,-1.50847
67.55,19.1407,-10.1147,-1.50891
67.6,19.1397,-10.1175,-1.50871
67.65,19.1389,-10.12,-1.50848
67.7,19.1337,-10.127,-1.50871
67.75,19.1408,-10.1216,-1.50769
67.8,19.1373,-10.1269,-1.50775
67.85,19.1292,-10.1367,-1.50825
67.9,19.1289,-10.1386,-1.50798
67.95,19.1321,-10.1372,-1.50736
68,19.1293,-10.1416,-1.50734
68.05,19.1253,-10.1472,-1.50743
68.1,19.1269,-10.1474,-1.50698
68.15,19.124,-10.1518,-1.50696
68.2,19.1185,-10.159,-1.50722
68.25,19.1235,-10.1556,-1.50642
68.3,19.1178,-10.1629,-1.50669
68.35,19.1109,-10.1714,-1.50708
68.4,19.1183,-10.1655,-1.50603
68.45,19.1078,-10.1776,-1.50678
68.5,19.1127,-10.1743,-1.50599
68.55,19.1088,-10.1798,-1.50608
68.6,19.1026,-10.1874,-1.50639
68.65,19.1032,-10.1884,-1.50604
68.7,19.102,-10.1911,-1.50585
68.75,19.0971,-10.1975,-1.50605
68.8,19.1016,-10.1945,-1.5053
68.85,19.0951,-10.2024,-1.50564
68.9,19.0986,-10.2004,-1.50499
68.95,19.0957,-10.2048,-1.50498
69,19.0883,-10.2136,-1.50542
69.05,19.0913,-10.212,-1.50482
69.1,19.0928,-10.2119,-1.50437
69.15,19.0861,-10.22,-1.50474
69.2,19.0902,-10.2173,-1.50403
69.25,19.0882,-10.2207,-1.50393
69.3,19.0804,-10.2299,-1.50441
69.35,19.0827,-10.229,-1.50388
69.4,19.0744,-10.2386,-1.50441
69.45,19.0781,-10.2363,-1.50374
69.5,19.0752,-10.2404,-1.50372
69.55,19.0759,-10.2411,-1.50335
69.6,19.0675,-10.2508,-1.5039
69.65,19.0679,-10.2517,-1.50356
69.7,19.0675,-10.2534,-1.5033
69.75,19.0652,-10.2569,-1.50323
69.8,19.0624,-10.261,-1.5032
69.85,19.0581,-10.2666,-1.50334
69.9,19.0607,-10.2653,-1.50278
69.95,19.0571,-10.27,-1.50284
70,19.054,-10.2744,-1.50285
70.05,19.0532,-10.2764,-1.50263
70.1,19.0575,-10.2733,-1.5019
70.15,19.05,-10.282,-1.50234
70.2,19.0515,-10.2816,-1.5019
70.25,19.0464,-10.2879,-1.50211
70.3,19.0457,-10.2898,-1.50187
70.35,19.0435,-10.2931,-1.5018
70.4,19.0436,-10.2941,-1.50148
70.45,19.0382,-10.3007,-1.50173
70.5,19.0448,-10.2952,-1.50076
70.55,19.0394,-10.3018,-1.50101
70.6,19.0387,-10.3035,-1.50078
70.65,19.0386,-10.3047,-1.50049
70.7,19.0282,-10.3162,-1.50123
70.75,19.0333,-10.3122,-1.50042
70.8,19.0329,-10.3136,-1.50015
70.85,19.0265,-10.3211,-1.5005
70.9,19.0256,-10.3229,-1.50028
70.95,19.0287,-10.3209,-1.49968
71,19.0177,-10.3329,-1.50048
71.05,19.0158,-10.3358,-1.50037
71.1,19.0213,-10.3313,-1.49952
71.15,19.0136,-10.34,-1.49999
71.2,19.0139,-10.3407,-1.49966
71.25,19.0108,-10.3448,-1.49968
71.3,19.0125,-10.344,-1.4992
71.35,19.0117,-10.3458,-1.49898
71.4,19.006,-10.3524,-1.49925
71.45,19.0021,-10.3573,-1.49935
71.5,19.0095,-10.3508,-1.49831
71.55,19.0024,-10.3588,-1.49871
71.6,18.9994,-10.3627,-1.49871
71.65,19.0029,-10.3601,-1.49807
71.7,19.0001,-10.3638,-1.49805
71.75,19.0003,-10.3644,-1.49773
71.8,18.9904,-10.3752,-1.49842
71.85,18.9887,-10.3778,-1.49829
71.9,18.9884,-10.3789,-1.49802
71.95,18.9904,-10.3777,-1.49752
72,18.985,-10.384,-1.49776
72.05,18.9832,-10.3867,-1.49765
72.1,18.9814,-10.3892,-1.49753
72.15,18.9871,-10.3844,-1.49666
72.2,18.9768,-10.3954,-1.49738
72.25,18.9764,-10.3966,-1.49713
72.3,18.9789,-10.3948,-1.49658
72.35,18.9801,-10.3945,-1.49616
72.4,18.9749,-10.4004,-1.49638
72.45,18.9684,-10.4077,-1.49673
72.5,18.9744,-10.4024,-1.49584
72.55,18.97,-10.4076,-1.49598
72.6,18.9632,-10.415,-1.49635
72.65,18.9665,-10.4125,-1.49573
72.7,18.9661,-10.4136,-1.49547
72.75,18.9613,-10.419,-1.49565
72.8,18.9632,-10.4178,-1.49516
72.85,18.9563,-10.4254,-1.49555
72.9,18.9525,-10.4299,-1.49563
72.95,18.9505,-10.4326,-1.49554
73,18.9514,-10.4324,-1.49515
73.05,18.9467,-10.4377,-1.49532
73.1,18.9493,-10.4357,-1.49476
73.15,18.9489,-10.4367,-1.4945
73.2,18.9494,-10.4368,-1.49415
73.25,18.941,-10.4458,-1.49469
73.3,18.9426,-10.4448,-1.49424
73.35,18.9449,-10.4431,-1.49371
73.4,18.9366,-10.4521,-1.49424
73.45,18.9396,-10.4496,-1.49364
73.5,18.9357,-10.4541,-1.49374
73.55,18.9336,-10.4567,-1.49364
73.6,18.9365,-10.4544,-1.49305
73.65,18.9325,-10.4589,-1.49315
73.7,18.9279,-10.4641,-1.49332
73.75,18.9323,-10.4602,-1.49258
73.8,18.9296,-10.4634,-1.49255
73.85,18.9193,-10.4743,-1.49329
73.9,18.9266,-10.4675,-1.49226
73.95,18.9205,-10.4741,-1.49258
74,18.9153,-10.4797,-1.49279
74.05,18.9203,-10.4752,-1.49199
74.1,18.9115,-10.4845,-1.49258
74.15,18.9113,-10.4851,-1.4923
74.2,18.9113,-10.4856,-1.492
74.25,18.9139,-10.4835,-1.49145
74.3,18.9107,-10.4871,-1.49147
74.35,18.9043,-10.4939,-1.49181
74.4,18.9016,-10.497,-1.49178
74.45,18.9064,-10.4927,-1.491
74.5,18.8997,-10.4998,-1.49137
74.55,18.8996,-10.5003,-1.49108
74.6,18.9014,-10.4989,-1.49061
74.65,18.8991,-10.5016,-1.49054
74.7,18.8904,-10.5107,-1.49112
74.75,18.8944,-10.507,-1.49041
74.8,18.8954,-10.5064,-1.49002
74.85,18.89,-10.5122,-1.49026
74.9,18.8881,-10.5145,-1.49016
74.95,18.8825,-10.5204,-1.49042
75,18.8818,-10.5214,-1.49019
75.05,18.8876,-10.5159,-1.48931
75.1,18.8817,-10.5222,-1.4896
75.15,18.8757,-10.5285,-1.48991
75.2,18.8792,-10.5253,-1.48926
75.25,18.8804,-10.5244,-1.48884
75.3,18.8705,-10.5346,-1.48953
75.35,18.8731,-10.5323,-1.48898
75.4,18.8757,-10.53,-1.48842
75.45,18.8648,-10.5411,-1.48921
75.5,18.8629,-10.5432,-1.4891
75.55,18.8621,-10.5444,-1.48889
75.6,18.868,-10.5387,-1.48801
75.65,18.859,-10.548,-1.48861
75.7,18.8597,-10.5475,-1.48824
75.75,18.8573,-10.5501,-1.48818
75.8,18.8526,-10.5551,-1.48836
75.85,18.8518,-10.556,-1.48814
75.9,18.8548,-10.5533,-1.48754
75.95,18.8491,-10.5592,-1.48781
76,18.8548,-10.5537,-1.48695
76.05,18.8528,-10.5559,-1.48685
76.1,18.8487,-10.5601,-1.48696
76.15,18.848,-10.561,-1.48674
76.2,18.8453,-10.5638,-1.4867
76.25,18.8443,-10.565,-1.48651
76.3,18.8393,-10.5702,-1.48672
76.35,18.8394,-10.5703,-1.48641
76.4,18.8346,-10.5752,-1.48659
76.45,18.8394,-10.5705,-1.48582
76.5,18.8356,-10.5745,-1.4859
76.55,18.8319,-10.5783,-1.48598
76.6,18.8342,-10.5761,-1.48545
76.65,18.8262,-10.5842,-1.48595
76.7,18.8281,-10.5823,-1.48546
76.75,18.8257,-10.5849,-1.4854
76.8,18.8206,-10.59,-1.48562
76.85,18.8244,-10.5863,-1.48494
76.9,18.8163,-10.5946,-1.48546
76.95,18.8154,-10.5954,-1.48524
77,18.8201,-10.5909,-1.48449
77.05,18.8118,-10.5992,-1.48502
77.1,18.8118,-10.5993,-1.48472
77.15,18.814,-10.5971,-1.4842
77.2,18.8085,-10.6027,-1.48446
77.25,18.8109,-10.6003,-1.48392
77.3,18.8025,-10.6088,-1.48447
77.35,18.8039,-10.6073,-1.48403
77.4,18.8073,-10.604,-1.4834
77.45,18.8035,-10.6078,-1.48348
77.5,18.8009,-10.6103,-1.48344
77.55,18.8017,-10.6095,-1.48306
77.6,18.7976,-10.6136,-1.48318
77.65,18.7928,-10.6185,-1.48337
77.7,18.7945,-10.6167,-1.4829
77.75,18.7895,-10.6217,-1.4831
77.8,18.7853,-10.6259,-1.48323
77.85,18.7837,-10.6274,-1.48309
77.9,18.7905,-10.6206,-1.48212
77.95,18.7832,-10.6278,-1.48255
78,18.778,-10.6329,-1.48277
78.05,18.7828,-10.6281,-1.482
78.1,18.7835,-10.6273,-1.48163
78.15,18.7723,-10.6384,-1.48245
78.2,18.7708,-10.6398,-1.48231
78.25,18.7752,-10.6354,-1.48158
78.3,18.7733,-10.6371,-1.48147
78.35,18.7684,-10.642,-1.48166
78.4,18.7682,-10.642,-1.48138
78.45,18.7699,-10.6402,-1.48092
78.5,18.7659,-10.6441,-1.48103
78.55,18.762,-10.6478,-1.48112
78.6,18.7571,-10.6526,-1.48131
78.65,18.7648,-10.6448,-1.48024
78.7,18.7549,-10.6545,-1.48094
78.75,18.7562,-10.6531,-1.48052
78.8,18.758,-10.6512,-1.48004
78.85,18.7513,-10.6577,-1.48041
78.9,18.7557,-10.6531,-1.47968
78.95,18.7526,-10.6561,-1.47969
79,18.7438,-10.6647,-1.48028
79.05,18.7474,-10.6609,-1.47963
79.1,18.7468,-10.6614,-1.47939
79.15,18.7456,-10.6623,-1.47921
79.2,18.746,-10.6618,-1.47888
79.25,18.7388,-10.6688,-1.47931
79.3,18.7343,-10.673,-1.47946
79.35,18.7322,-10.675,-1.47938
79.4,18.7351,-10.6718,-1.47879
79.45,18.7291,-10.6776,-1.47909
79.5,18.7314,-10.6751,-1.47857
79.55,18.7308,-10.6754,-1.47833
79.6,18.7313,-10.6747,-1.47799
79.65,18.7259,-10.6798,-1.47823
79.7,18.726,-10.6795,-1.47793
79.75,18.7266,-10.6787,-1.47758
79.8,18.7173,-10.6877,-1.47821
79.85,18.7171,-10.6876,-1.47793
79.9,18.7145,-10.69,-1.4779
79.95,18.7167,-10.6874,-1.47738
80,18.71,-10.6939,-1.47776
80.05,18.715,-10.6886,-1.47697
80.1,18.7151,-10.6882,-1.47666
80.15,18.7052,-10.6979,-1.47736
80.2,18.7095,-10.6932,-1.47663
80.25,18.7014,-10.701,-1.47714
80.3,18.7044,-10.6977,-1.47655
80.35,18.7023,-10.6995,-1.47647
80.4,18.6992,-10.7022,-1.47648
80.45,18.6983,-10.7028,-1.47628
80.5,18.6948,-10.706,-1.47634
80.55,18.6946,-10.7058,-1.47606
80.6,18.6989,-10.7012,-1.47533
80.65,18.6965,-10.7033,-1.47528
80.7,18.6868,-10.7126,-1.47595
80.75,18.6932,-10.7059,-1.47502
80.8,18.6852,-10.7135,-1.47552
80.85,18.6828,-10.7155,-1.47547
80.9,18.6887,-10.7092,-1.47459
80.95,18.6853,-10.7123,-1.47463
81,18.6786,-10.7186,-1.47501
81.05,18.6785,-10.7183,-1.47473
81.1,18.6762,-10.7202,-1.47466
81.15,18.6717,-10.7244,-1.47482
81.2,18.6779,-10.7177,-1.4739
81.25,18.6773,-10.7179,-1.47367
81.3,18.675,-10.7198,-1.4736
81.35,18.6737,-10.7207,-1.47344
81.4,18.6646,-10.7293,-1.47405
81.45,18.6614,-10.7322,-1.47408
81.5,18.664,-10.7291,-1.47353
81.55,18.6599,-10.7328,-1.47365
81.6,18.6633,-10.729,-1.47301
81.65,18.6577,-10.7341,-1.47328
81.7,18.6553,-10.7361,-1.47322
81.75,18.6548,-10.7362,-1.47298
81.8,18.6528,-10.7377,-1.47289
81.85,18.6551,-10.735,-1.47237
81.9,18.6541,-10.7355,-1.47217
81.95,18.6507,-10.7384,-1.47221
82,18.6437,-10.7449,-1.47262
82.05,18.6509,-10.7372,-1.47161
82.1,18.6491,-10.7386,-1.4715
82.15,18.638,-10.7491,-1.4723
82.2,18.6444,-10.7422,-1.47137
82.25,18.6346,-10.7515,-1.47206
82.3,18.6417,-10.744,-1.47106
82.35,18.6318,-10.7534,-1.47176
82.4,18.6312,-10.7534,-1.47152
82.45,18.6359,-10.7483,-1.47076
82.5,18.6342,-10.7494,-1.47063
82.55,18.6287,-10.7545,-1.4709
82.6,18.6249,-10.7577,-1.47098
82.65,18.6226,-10.7594,-1.47091
82.7,18.6242,-10.7574,-1.47046
82.75,18.6183,-10.7627,-1.47076
82.8,18.6172,-10.7633,-1.47058
82.85,18.6181,-10.7618,-1.47019
82.9,18.6226,-10.7568,-1.46945
82.95,18.614,-10.7648,-1.47001
83,18.6133,-10.7649,-1.46979
83.05,18.6121,-10.7655,-1.46961
83.1,18.6111,-10.766,-1.46942
83.15,18.6055,-10.771,-1.46969
83.2,18.6104,-10.7655,-1.4689
83.25,18.6087,-10.7667,-1.46878
83.3,18.6042,-10.7705,-1.46894
83.35,18.5988,-10.7754,-1.46919
83.4,18.601,-10.7726,-1.46867
83.45,18.5973,-10.7757,-1.46875
83.5,18.6002,-10.7722,-1.46817
83.55,18.597,-10.7748,-1.46819
83.6,18.5921,-10.7791,-1.46839
83.65,18.5948,-10.7757,-1.46783
83.7,18.5924,-10.7776,-1.46778
83.75,18.5855,-10.7838,-1.46817
83.8,18.5901,-10.7786,-1.46742
83.85,18.5864,-10.7817,-1.4675
83.9,18.5813,-10.7862,-1.46772
83.95,18.587,-10.7798,-1.46686
84,18.5795,-10.7866,-1.46731
84.05,18.5845,-10.781,-1.46652
84.1,18.5763,-10.7886,-1.46705
84.15,18.5767,-10.7875,-1.46671
84.2,18.5711,-10.7925,-1.46698
84.25,18.5761,-10.7869,-1.46619
84.3,18.5723,-10.7899,-1.46627
84.35,18.5673,-10.7943,-1.46649
84.4,18.5648,-10.7962,-1.46644
84.45,18.5672,-10.793,-1.46591
84.5,18.5653,-10.7943,-1.46581
84.55,18.5637,-10.7952,-1.46567
84.6,18.5566,-10.8016,-1.46609
84.65,18.5554,-10.8021,-1.46592
84.7,18.5599,-10.7969,-1.46517
84.75,18.5593,-10.7968,-1.46494
84.8,18.558,-10.7974,-1.46478
84.85,18.5498,-10.805,-1.46531
84.9,18.5555,-10.7985,-1.46445
84.95,18.548,-10.8053,-1.4649
85,18.5476,-10.8049,-1.46465
85.05,18.5479,-10.804,-1.46433
85.1,18.549,-10.8022,-1.46393
85.15,18.5454,-10.805,-1.464
85.2,18.54,-10.8097,-1.46424
85.25,18.5403,-10.8087,-1.46392
85.3,18.5415,-10.8067,-1.46351
85.35,18.5323,-10.8151,-1.46413
85.4,18.5305,-10.8162,-1.46402
85.45,18.5283,-10.8177,-1.46395
85.5,18.5365,-10.8087,-1.46284
85.55,18.5289,-10.8155,-1.4633
85.6,18.5234,-10.8204,-1.46357
85.65,18.525,-10.818,-1.46311
85.7,18.5295,-10.8127,-1.46237
85.75,18.52,-10.8214,-1.46303
85.8,18.5182,-10.8224,-1.46291
85.85,18.5207,-10.8192,-1.46238
85.9,18.5177,-10.8214,-1.46238
85.95,18.5151,-10.8232,-1.46235
86,18.5117,-10.8259,-1.4624
86.05,18.5085,-10.8283,-1.46243
86.1,18.516,-10.82,-1.46139
86.15,18.5071,-10.8281,-1.46199
86.2,18.5043,-10.8301,-1.46198
86.25,18.5079,-10.8256,-1.46132
86.3,18.5101,-10.8226,-1.4608
86.35,18.5077,-10.8243,-1.46076
86.4,18.5047,-10.8264,-1.46076
86.45,18.5043,-10.826,-1.46051
86.5,18.496,-10.8335,-1.46105
86.55,18.4944,-10.8343,-1.46092
86.6,18.4959,-10.832,-1.46048
86.65,18.4903,-10.8367,-1.46074
86.7,18.4967,-10.8295,-1.45982
86.75,18.4945,-10.8309,-1.45975
86.8,18.4909,-10.8337,-1.45982
86.85,18.4901,-10.8336,-1.4596
86.9,18.4904,-10.8325,-1.45928
86.95,18.4866,-10.8354,-1.45937
87,18.4853,-10.8358,-1.45921
87.05,18.4854,-10.8349,-1.4589
87.1,18.4757,-10.8437,-1.45958
87.15,18.4805,-10.8381,-1.45882
87.2,18.4739,-10.8438,-1.45918
87.25,18.4703,-10.8465,-1.45925
87.3,18.4772,-10.8387,-1.45827
87.35,18.4705,-10.8445,-1.45864
87.4,18.4711,-10.8431,-1.4583
87.45,18.4667,-10.8466,-1.45845
87.5,18.4691,-10.8434,-1.45792
87.55,18.4678,-10.8438,-1.45775
87.6,18.4618,-10.8489,-1.45806
87.65,18.4633,-10.8464,-1.45762
87.7,18.4548,-10.8541,-1.45818
87.75,18.4577,-10.8503,-1.4576
87.8,18.4546,-10.8526,-1.45762
87.85,18.4499,-10.8563,-1.4578
87.9,18.4519,-10.8533,-1.4573
87.95,18.4475,-10.8569,-1.45746
88,18.4541,-10.8494,-1.45651
88.05,18.4495,-10.8531,-1.45667
88.1,18.445,-10.8566,-1.45683
88.15,18.4447,-10.856,-1.45657
88.2,18.4463,-10.8535,-1.45613
88.25,18.4398,-10.8591,-1.45648
88.3,18.4389,-10.8591,-1.45628
88.35,18.4385,-10.8585,-1.45603
88.4,18.4329,-10.8631,-1.45629
88.45,18.4339,-10.8612,-1.45591
88.5,18.4314,-10.8628,-1.45587
88.55,18.4362,-10.8571,-1.4551
88.6,18.4289,-10.8634,-1.45553
88.65,18.4283,-10.863,-1.4553
88.7,18.4295,-10.8609,-1.45489
88.75,18.4273,-10.8621,-1.45482
88.8,18.4248,-10.8637,-1.45478
88.85,18.4246,-10.863,-1.45451
88.9,18.4173,-10.8692,-1.45495
88.95,18.417,-10.8686,-1.45469
89,18.414,-10.8706,-1.4547
89.05,18.4108,-10.8729,-1.45473
89.1,18.4108,-10.8718,-1.45443
89.15,18.4135,-10.8682,-1.45388
89.2,18.4134,-10.8673,-1.4536
89.25,18.4066,-10.8731,-1.45399
89.3,18.4038,-10.875,-1.45398
89.35,18.4022,-10.8756,-1.45385
89.4,18.4024,-10.8744,-1.45354
89.45,18.4032,-10.8726,-1.45317
89.5,18.3988,-10.876,-1.45332
89.55,18.3972,-10.8766,-1.45319
89.6,18.3951,-10.8777,-1.45311
89.65,18.3979,-10.874,-1.45254
89.7,18.3976,-10.8732,-1.45228
89.75,18.3887,-10.8811,-1.45288
89.8,18.3866,-10.8822,-1.45279
89.85,18.3871,-10.8807,-1.45246
89.9,18.3894,-10.8774,-1.45193
89.95,18.3834,-10.8823,-1.45224
90,18.3865,-10.8782,-1.45165
90.05,18.3779,-10.8858,-1.45221
90.1,18.3784,-10.8843,-1.45188
90.15,18.3758,-10.8858,-1.45184
90.2,18.3783,-10.8823,-1.4513
90.25,18.3716,-10.888,-1.45168
90.3,18.3785,-10.88,-1.4507
90.35,18.3701,-10.8874,-1.45125
90.4,18.3748,-10.8817,-1.4505
90.45,18.3661,-10.8893,-1.45108
90.5,18.369,-10.8853,-1.45049
90.55,18.3623,-10.891,-1.45088
90.6,18.3619,-10.8903,-1.45062
90.65,18.3666,-10.8846,-1.44986
90.7,18.3642,-10.886,-1.44982
90.75,18.3554,-10.8937,-1.45041
90.8,18.3549,-10.8931,-1.45017
90.85,18.3612,-10.8857,-1.44924
90.9,18.3525,-10.8934,-1.44983
90.95,18.3538,-10.891,-1.4494
91,18.3526,-10.8911,-1.44923
91.05,18.3511,-10.8916,-1.4491
91.1,18.3525,-10.8891,-1.44867
91.15,18.3508,-10.8897,-1.44855
91.2,18.3436,-10.8958,-1.44898
91.25,18.3464,-10.892,-1.44841
91.3,18.3375,-10.8998,-1.44901
91.35,18.3399,-10.8963,-1.44848
91.4,18.3347,-10.9004,-1.44871
91.45,18.3397,-10.8943,-1.44792
91.5,18.3378,-10.8951,-1.44782
91.55,18.3373,-10.8945,-1.44758
91.6,18.3354,-10.8953,-1.44748
91.65,18.3256,-10.9041,-1.44818
91.7,18.3242,-10.9044,-1.44803
91.75,18.3264,-10.901,-1.44752
91.8,18.3214,-10.9049,-1.44772
91.85,18.3286,-10.8966,-1.44672
91.9,18.324,-10.9001,-1.44688
91.95,18.3254,-10.8976,-1.44646
92,18.3154,-10.9065,-1.44717
92.05,18.3154,-10.9053,-1.44687
92.1,18.3117,-10.9079,-1.44696
92.15,18.313,-10.9055,-1.44654
92.2,18.3093,-10.908,-1.44662
92.25,18.3148,-10.9015,-1.44579
92.3,18.3089,-10.9062,-1.44608
92.35,18.3064,-10.9076,-1.44604
92.4,18.3098,-10.9031,-1.44542
92.45,18.3068,-10.9049,-1.44543
92.5,18.3073,-10.9033,-1.44509
92.55,18.3011,-10.9083,-1.44542
92.6,18.2981,-10.9102,-1.44543
92.65,18.3017,-10.9055,-1.44478
92.7,18.2954,-10.9106,-1.44512
92.75,18.2969,-10.9079,-1.44468
92.8,18.2949,-10.9088,-1.4446
92.85,18.2913,-10.9112,-1.44466
92.9,18.2868,-10.9146,-1.44482
92.95,18.2912,-10.909,-1.44409
93,18.2843,-10.9147,-1.44449
93.05,18.2895,-10.9084,-1.44369
93.1,18.2851,-10.9117,-1.44384
93.15,18.2779,-10.9177,-1.44427
93.2,18.2848,-10.9096,-1.44329
93.25,18.2806,-10.9126,-1.44342
93.3,18.2773,-10.9148,-1.44347
93.35,18.2709,-10.92,-1.44382
93.4,18.2754,-10.9143,-1.44307
93.45,18.2692,-10.9194,-1.44341
93.5,18.2657,-10.9216,-1.44346
93.55,18.2719,-10.9142,-1.44256
93.6,18.2673,-10.9176,-1.44273
93.65,18.2617,-10.922,-1.44299
93.7,18.2609,-10.9217,-1.44279
93.75,18.2643,-10.9171,-1.44216
93.8,18.2657,-10.9145,-1.44173
93.85,18.2606,-10.9184,-1.44195
93.9,18.2531,-10.9246,-1.44241
93.95,18.2596,-10.917,-1.44148
94,18.2531,-10.9223,-1.44184
94.05,18.2577,-10.9164,-1.44108
94.1,18.2496,-10.9234,-1.44161
94.15,18.2517,-10.92,-1.44111
94.2,18.2516,-10.9189,-1.44083
94.25,18.2488,-10.9205,-1.44082
94.3,18.244,-10.9241,-1.44101
94.35,18.2435,-10.9234,-1.44078
94.4,18.2387,-10.9269,-1.44096
94.45,18.2411,-10.9234,-1.44044
94.5,18.2365,-10.9267,-1.44061
94.55,18.2365,-10.9254,-1.44032
94.6,18.2356,-10.9251,-1.44012
94.65,18.2383,-10.9212,-1.43956
94.7,18.2327,-10.9255,-1.43983
94.75,18.2304,-10.9267,-1.43978
94.8,18.2305,-10.9253,-1.43948
94.85,18.2232,-10.9314,-1.43992
94.9,18.226,-10.9273,-1.43935
94.95,18.2223,-10.9298,-1.43943
95,18.2204,-10.9305,-1.43934
95.05,18.2214,-10.9282,-1.43895
95.1,18.2155,-10.9329,-1.43925
95.15,18.2206,-10.9265,-1.43845
95.2,18.2176,-10.9282,-1.43846
95.25,18.2124,-10.9321,-1.43869
95.3,18.2126,-10.9307,-1.43839
95.35,18.2127,-10.9294,-1.43809
95.4,18.214,-10.9268,-1.43767
95.45,18.2083,-10.9312,-1.43795
95.5,18.2064,-10.9318,-1.43785
95.55,18.2028,-10.9341,-1.43792
95.6,18.2034,-10.9323,-1.43757
95.65,18.205,-10.9294,-1.43712
95.7,18.1951,-10.938,-1.43782
95.75,18.1972,-10.9347,-1.43733
95.8,18.1976,-10.933,-1.437
95.85,18.1946,-10.9347,-1.43701
95.9,18.1977,-10.9303,-1.43641
95.95,18.195,-10.9317,-1.43639
96,18.1859,-10.9395,-1.43701
96.05,18.1861,-10.9381,-1.43671
96.1,18.185,-10.9378,-1.43653
96.15,18.1866,-10.9349,-1.43608
96.2,18.1811,-10.9392,-1.43634
96.25,18.1861,-10.9329,-1.43556
96.3,18.1769,-10.9407,-1.43618
96.35,18.1831,-10.9333,-1.43528
96.4,18.1724,-10.9427,-1.43606
96.45,18.1777,-10.9361,-1.43524
96.5,18.1717,-10.9407,-1.43555
96.55,18.1707,-10.9404,-1.43536
96.6,18.1687,-10.9412,-1.43528
96.65,18.1683,-10.9402,-1.43503
96.7,18.1641,-10.9431,-1.43516
96.75,18.1707,-10.9352,-1.43421
96.8,18.1668,-10.9379,-1.43432
96.85,18.1642,-10.9391,-1.43428
96.9,18.1626,-10.9394,-1.43416
96.95,18.1615,-10.9391,-1.43398
97,18.1549,-10.9444,-1.43436
97.05,18.153,-10.945,-1.43426
97.1,18.16,-10.9367,-1.43327
97.15,18.1555,-10.9399,-1.43343
97.2,18.1468,-10.9473,-1.43402
97.25,18.1455,-10.9472,-1.43386
97.3,18.1447,-10.9467,-1.43365
97.35,18.148,-10.9421,-1.43303
97.4,18.1453,-10.9434,-1.43301
97.45,18.1392,-10.9482,-1.43334
97.5,18.1414,-10.9446,-1.43283
97.55,18.1412,-10.9435,-1.43256
97.6,18.1369,-10.9465,-1.43271
97.65,18.1397,-10.9424,-1.43214
97.7,18.1327,-10.948,-1.43255
97.75,18.1344,-10.945,-1.43209
97.8,18.1338,-10.9442,-1.43187
97.85,18.1293,-10.9474,-1.43203
97.9,18.1287,-10.9466,-1.4318
97.95,18.129,-10.9449,-1.43148
98,18.1214,-10.9512,-1.43195
98.05,18.1265,-10.9448,-1.43116
98.1,18.1274,-10.9425,-1.43078
98.15,18.1194,-10.9492,-1.4313
98.2,18.1157,-10.9515,-1.43138
98.25,18.114,-10.9519,-1.43127
98.3,18.1141,-10.9504,-1.43096
98.35,18.1181,-10.9451,-1.43028
98.4,18.1154,-10.9464,-1.43026
98.45,18.1155,-10.9449,-1.42996
98.5,18.1101,-10.949,-1.43022
98.55,18.1124,-10.9454,-1.42971
98.6,18.1021,-10.9543,-1.43044
98.65,18.1053,-10.9498,-1.42985
98.7,18.1047,-10.949,-1.42962
98.75,18.0974,-10.955,-1.43007
98.8,18.1008,-10.9503,-1.42944
98.85,18.101,-10.9487,-1.42914
98.9,18.0986,-10.9498,-1.42909
98.95,18.0909,-10.9561,-1.42957
99,18.0966,-10.9491,-1.42873
99.05,18.088,-10.9564,-1.4293
99.1,18.0917,-10.9513,-1.42864
99.15,18.0846,-10.9571,-1.42907
99.2,18.0905,-10.9499,-1.4282
99.25,18.0888,-10.9503,-1.42808
99.3,18.085,-10.9528,-1.42818
99.35,18.0818,-10.9546,-1.42822
99.4,18.0773,-10.9579,-1.42839
99.45,18.0845,-10.9494,-1.42739
99.5,18.0732,-10.9593,-1.42823
99.55,18.0726,-10.9586,-1.42801
99.6,18.0765,-10.9534,-1.42734
99.65,18.0777,-10.9509,-1.42694
99.7,18.0707,-10.9566,-1.42736
99.75,18.0725,-10.9536,-1.4269
99.8,18.0636,-10.9612,-1.42751
99.85,18.0683,-10.9552,-1.42676
99.9,18.0656,-10.9566,-1.42674
99.95,18.0657,-10.9553,-1.42646
100,18.0621,-10.9576,-1.42654
100.05,18.0555,-10.9629,-1.42691
100.1,18.0595,-10.9577,-1.42624
100.15,18.0573,-10.9587,-1.42618
100.2,18.0554,-10.9593,-1.42609
100.25,18.0504,-10.9631,-1.42631
100.3,18.0524,-10.9599,-1.42583
100.35,18.0456,-10.9655,-1.42624
100.4,18.0524,-10.9574,-1.42528
100.45,18.0436,-10.965,-1.42589
100.5,18.0407,-10.9667,-1.4259
100.55,18.0447,-10.9615,-1.42522
100.6,18.0389,-10.9661,-1.42552
100.65,18.0414,-10.9624,-1.42499
100.7,18.0399,-10.9627,-1.42486
100.75,18.0415,-10.9599,-1.42442
100.8,18.034,-10.9663,-1.4249
100.85,18.0303,-10.9688,-1.425
100.9,18.0303,-10.9676,-1.42471
100.95,18.0298,-10.967,-1.42449
101,18.0249,-10.9707,-1.4247
101.05,18.0253,-10.9692,-1.42439
101.1,18.0259,-10.9675,-1.42406
101.15,18.0264,-10.9658,-1.42372
101.2,18.0197,-10.9714,-1.42412
101.25,18.0248,-10.9652,-1.42334
101.3,18.0187,-10.9702,-1.42367
101.35,18.0147,-10.9731,-1.42379
101.4,18.0162,-10.9705,-1.42337
101.45,18.0091,-10.9766,-1.42381
101.5,18.0067,-10.9778,-1.42377
101.55,18.0062,-10.9773,-1.42355
101.6,18.0042,-10.9783,-1.42348
101.65,18.0074,-10.974,-1.42288
101.7,18.0063,-10.9741,-1.42271
101.75,18.0041,-10.9753,-1.42267
101.8,18.0039,-10.9744,-1.42241
101.85,17.9965,-10.9809,-1.42288
101.9,17.999,-10.9774,-1.42235
101.95,17.9973,-10.9781,-1.42225
102,17.9927,-10.9817,-1.42244
102.05,17.9939,-10.9795,-1.42204
102.1,17.9879,-10.9845,-1.42236
102.15,17.9892,-10.9823,-1.42197
102.2,17.9845,-10.986,-1.42216
102.25,17.9887,-10.9809,-1.42146
102.3,17.9833,-10.9854,-1.42173
102.35,17.9827,-10.985,-1.42151
102.4,17.9749,-10.992,-1.42203
102.45,17.9812,-10.9848,-1.42112
102.5,17.9718,-10.9933,-1.42179
102.55,17.9707,-10.9934,-1.42162
102.6,17.9691,-10.9942,-1.42151
102.65,17.9719,-10.9905,-1.42095
102.7,17.9731,-10.9885,-1.42056
102.75,17.9664,-10.9943,-1.42095
102.8,17.966,-10.9939,-1.42072
102.85,17.9628,-10.9962,-1.42076
102.9,17.9638,-10.9944,-1.42039
102.95,17.9566,-11.0008,-1.42083
103,17.958,-10.9986,-1.42042
103.05,17.9584,-10.9974,-1.4201
103.1,17.9523,-11.0027,-1.42043
103.15,17.9534,-11.0008,-1.42005
103.2,17.9488,-11.0047,-1.42023
103.25,17.9534,-10.9994,-1.4195
103.3,17.9439,-11.0081,-1.42017
103.35,17.9409,-11.0104,-1.42019
103.4,17.9397,-11.0108,-1.42003
103.45,17.9446,-11.0053,-1.41927
103.5,17.9416,-11.0075,-1.41929
103.55,17.9376,-11.0109,-1.41942
103.6,17.9354,-11.0124,-1.41935
103.65,17.9382,-11.0089,-1.4188
103.7,17.9272,-11.0193,-1.41962
103.75,17.9322,-11.0136,-1.41884
103.8,17.931,-11.0142,-1.41869
103.85,17.9263,-11.0183,-1.41888
103.9,17.9226,-11.0215,-1.41898
103.95,17.9253,-11.0182,-1.41843
104,17.9187,-11.0242,-1.41882
104.05,17.9173,-11.025,-1.41867
104.1,17.9207,-11.021,-1.41805
104.15,17.9143,-11.027,-1.41842
104.2,17.9075,-11.0332,-1.41882
104.25,17.9139,-11.0263,-1.4179
104.3,17.9126,-11.0271,-1.41776
104.35,17.9073,-11.032,-1.41801
104.4,17.9024,-11.0364,-1.41822
104.45,17.9039,-11.0344,-1.4178
104.5,17.9031,-11.0347,-1.41759
104.55,17.9015,-11.036,-1.41748
104.6,17.8952,-11.0418,-1.41783
104.65,17.8903,-11.0463,-1.41804
104.7,17.8915,-11.0447,-1.41763
104.75,17.8925,-11.0434,-1.41726
104.8,17.884,-11.0515,-1.41783
104.85,17.8877,-11.0474,-1.41718
104.9,17.8874,-11.0473,-1.41692
104.95,17.8797,-11.0547,-1.41742
105,17.8801,-11.0541,-1.4171
105.05,17.8788,-11.0551,-1.41695
105.1,17.8789,-11.0546,-1.41665
105.15,17.869,-11.0642,-1.41736
105.2,17.8724,-11.0606,-1.41674
105.25,17.8734,-11.0593,-1.41635
105.3,17.8704,-11.0621,-1.41637
105.35,17.8645,-11.0678,-1.41668
105.4,17.8627,-11.0693,-1.41657
105.45,17.8579,-11.0739,-1.41677
105.5,17.8566,-11.0751,-1.41662
105.55,17.8601,-11.0714,-1.41598
105.6,17.8559,-11.0754,-1.41612
105.65,17.8499,-11.0812,-1.41643
105.7,17.849,-11.0821,-1.41624
105.75,17.8499,-11.081,-1.41586
105.8,17.8424,-11.0884,-1.41633
105.85,17.842,-11.0887,-1.41608
105.9,17.8396,-11.091,-1.41604
105.95,17.8392,-11.0914,-1.4158
106,17.8423,-11.0883,-1.4152
106.05,17.8411,-11.0894,-1.41503
106.1,17.831,-11.0995,-1.41576
106.15,17.8298,-11.1007,-1.41559
106.2,17.8258,-11.1047,-1.41571
106.25,17.8289,-11.1016,-1.41511
106.3,17.8307,-11.0999,-1.41465
106.35,17.8202,-11.1105,-1.41541
106.4,17.819,-11.1117,-1.41524
106.45,17.8225,-11.1083,-1.4146
106.5,17.8163,-11.1146,-1.41493
106.55,17.8175,-11.1135,-1.41452
106.6,17.8118,-11.1193,-1.41481
106.65,17.8078,-11.1235,-1.41492
106.7,17.8111,-11.1203,-1.4143
106.75,17.8108,-11.1208,-1.41404
106.8,17.7999,-11.132,-1.41485
106.85,17.8023,-11.1298,-1.41432
106.9,17.7981,-11.1342,-1.41446
106.95,17.7974,-11.1351,-1.41424
107,17.797,-11.1358,-1.41398
107.05,17.7936,-11.1395,-1.41404
107.1,17.7885,-11.1448,-1.41426
107.15,17.786,-11.1477,-1.41423
107.2,17.7887,-11.1453,-1.41367
107.25,17.7847,-11.1497,-1.41378
107.3,17.7852,-11.1495,-1.41344
107.35,17.7824,-11.1527,-1.41343
107.4,17.7802,-11.1553,-1.41337
107.45,17.7803,-11.1556,-1.41307
107.5,17.7792,-11.1571,-1.41289
107.55,17.7722,-11.1646,-1.41331
107.6,17.7732,-11.164,-1.41291
107.65,17.7641,-11.1736,-1.41354
107.7,17.768,-11.1703,-1.41287
107.75,17.7671,-11.1717,-1.41267
107.8,17.7632,-11.1761,-1.41277
107.85,17.7609,-11.1789,-1.41271
107.9,17.7517,-11.1887,-1.41334
107.95,17.7587,-11.1823,-1.41235
108,17.7521,-11.1895,-1.41272
108.05,17.7487,-11.1934,-1.41277
108.1,17.7491,-11.1936,-1.41244
108.15,17.7489,-11.1945,-1.41218
108.2,17.7437,-11.2004,-1.41241
108.25,17.7395,-11.2052,-1.41253
108.3,17.7411,-11.2043,-1.41209
108.35,17.737,-11.209,-1.4122
108.4,17.7374,-11.2094,-1.41187
108.45,17.727,-11.2206,-1.41263
108.5,17.7244,-11.2239,-1.41259
108.55,17.7266,-11.2225,-1.41209
108.6,17.7248,-11.225,-1.41197
108.65,17.7193,-11.2313,-1.41223
108.7,17.721,-11.2304,-1.41177
108.75,17.7141,-11.2381,-1.41217
108.8,17.7168,-11.2363,-1.41161
108.85,17.7112,-11.2428,-1.41188
108.9,17.7137,-11.2411,-1.41134
108.95,17.7062,-11.2495,-1.41179
109,17.7029,-11.2537,-1.41183
109.05,17.7065,-11.251,-1.41118
109.1,17.7042,-11.2542,-1.41111
109.15,17.6942,-11.2652,-1.41182
109.2,17.7008,-11.2595,-1.41087
109.25,17.6946,-11.2667,-1.41119
109.3,17.6959,-11.2664,-1.41077
109.35,17.6909,-11.2725,-1.41098
109.4,17.6846,-11.2798,-1.41131
109.45,17.6888,-11.2766,-1.41059
109.5,17.683,-11.2834,-1.41087
109.55,17.6824,-11.2851,-1.41064
109.6,17.6755,-11.2931,-1.41103
109.65,17.6723,-11.2974,-1.41106
109.7,17.6737,-11.2971,-1.41062
109.75,17.6739,-11.2981,-1.41031
109.8,17.6688,-11.3043,-1.41052
109.85,17.6639,-11.3103,-1.4107
109.9,17.6623,-11.3131,-1.41056
109.95,17.6599,-11.3168,-1.41051
110,17.6569,-11.321,-1.41051
110.05,17.6549,-11.3241,-1.4104
110.1,17.6569,-11.3234,-1.4099
110.15,17.6544,-11.3271,-1.40984
110.2,17.6493,-11.3335,-1.41005
110.25,17.6454,-11.3387,-1.41014
110.3,17.6383,-11.3471,-1.41055
110.35,17.6381,-11.3485,-1.41026
110.4,17.6409,-11.347,-1.40967
110.45,17.6387,-11.3506,-1.40959
110.5,17.6334,-11.3572,-1.40981
110.55,17.6253,-11.3667,-1.41031
110.6,17.629,-11.3644,-1.40964
110.65,17.6238,-11.3709,-1.40984
110.7,17.618,-11.3781,-1.41012
110.75,17.6207,-11.3769,-1.40954
110.8,17.6117,-11.3873,-1.41012
110.85,17.6096,-11.3908,-1.41003
110.9,17.6096,-11.3923,-1.40971
110.95,17.6068,-11.3966,-1.40969
111,17.6014,-11.4035,-1.40992
111.05,17.608,-11.3984,-1.40894
111.1,17.597,-11.411,-1.40973
111.15,17.5971,-11.4123,-1.4094
111.2,17.5931,-11.418,-1.4095
111.25,17.5958,-11.4168,-1.40891
111.3,17.5886,-11.4256,-1.40931
111.35,17.5919,-11.4239,-1.40867
111.4,17.5823,-11.4351,-1.40932
111.45,17.5859,-11.4331,-1.40863
111.5,17.5793,-11.4414,-1.40899
111.55,17.5792,-11.4432,-1.40868
111.6,17.5734,-11.4506,-1.40894
111.65,17.5712,-11.4545,-1.40884
111.7,17.5711,-11.4563,-1.40853
111.75,17.5627,-11.4664,-1.40905
111.8,17.5691,-11.4617,-1.40809
111.85,17.5645,-11.4681,-1.40824
111.9,17.5585,-11.4759,-1.40852
111.95,17.5602,-11.476,-1.40803
112,17.5558,-11.4822,-1.40815
112.05,17.547,-11.4928,-1.40871
112.1,17.5531,-11.4885,-1.40778
112.15,17.545,-11.4985,-1.40827
112.2,17.5436,-11.5017,-1.40809
112.25,17.5364,-11.5108,-1.40849
112.3,17.5335,-11.5156,-1.40846
112.35,17.5358,-11.5153,-1.40791
112.4,17.529,-11.5239,-1.40826
112.45,17.5287,-11.5262,-1.40797
112.5,17.5307,-11.5262,-1.40746
112.55,17.5211,-11.5377,-1.40809
112.6,17.52,-11.5408,-1.40788
112.65,17.5235,-11.5393,-1.40721
112.7,17.5167,-11.5482,-1.40756
112.75,17.5142,-11.5527,-1.40749
112.8,17.513,-11.556,-1.40729
112.85,17.5116,-11.5595,-1.4071
112.9,17.5049,-11.5682,-1.40744
112.95,17.5067,-11.5684,-1.40694
113,17.5016,-11.5757,-1.40712
113.05,17.5009,-11.5785,-1.40687
113.1,17.4952,-11.5863,-1.40711
113.15,17.4869,-11.5967,-1.40761
113.2,17.4867,-11.5992,-1.40731
113.25,17.4835,-11.6045,-1.40729
113.3,17.4795,-11.6107,-1.40737
113.35,17.4782,-11.6142,-1.40717
113.4,17.473,-11.6216,-1.40736
113.45,17.4756,-11.6212,-1.40677
113.5,17.4687,-11.6304,-1.40713
113.55,17.4718,-11.6295,-1.40649
113.6,17.4683,-11.6353,-1.40651
113.65,17.4602,-11.6458,-1.407
113.7,17.4578,-11.6505,-1.4069
113.75,17.4556,-11.6549,-1.40679
113.8,17.4529,-11.6599,-1.40672
113.85,17.4503,-11.6649,-1.40665
113.9,17.4531,-11.6645,-1.40605
113.95,17.4463,-11.6736,-1.40639
114,17.4461,-11.6763,-1.40608
114.05,17.4435,-11.6813,-1.40602
114.1,17.4399,-11.6873,-1.40604
114.15,17.4313,-11.6984,-1.40657
114.2,17.4348,-11.6973,-1.40589
114.25,17.4271,-11.7074,-1.40632
114.3,17.4287,-11.7083,-1.40583
114.35,17.4238,-11.7158,-1.40599
114.4,17.4174,-11.7247,-1.4063
114.45,17.4151,-11.7295,-1.4062
114.5,17.4146,-11.7325,-1.40591
114.55,17.4159,-11.7338,-1.40545
114.6,17.4155,-11.7367,-1.40515
114.65,17.4121,-11.7427,-1.40516
114.7,17.4078,-11.7496,-1.40525
114.75,17.3999,-11.7601,-1.40571
114.8,17.3961,-11.7665,-1.40575
114.85,17.4005,-11.7647,-1.40498
114.9,17.394,-11.7738,-1.40529
114.95,17.3878,-11.7827,-1.40557
115,17.3875,-11.7856,-1.40526
115.05,17.3869,-11.7889,-1.40499
115.1,17.3865,-11.792,-1.40469
115.15,17.3755,-11.8057,-1.40545
115.2,17.3795,-11.8045,-1.40472
115.25,17.3695,-11.8172,-1.40538
115.3,17.369,-11.8204,-1.40508
115.35,17.3731,-11.819,-1.40434
115.4,17.3632,-11.8317,-1.40499
115.45,17.3583,-11.8394,-1.40514
115.5,17.3584,-11.842,-1.40479
115.55,17.3611,-11.8421,-1.40417
115.6,17.3563,-11.8497,-1.40431
115.65,17.3556,-11.8532,-1.40404
115.7,17.3526,-11.8591,-1.40401
115.75,17.3441,-11.8704,-1.40451
115.8,17.3385,-11.8788,-1.40473
115.85,17.3398,-11.8804,-1.40425
115.9,17.3392,-11.8839,-1.40397
115.95,17.3301,-11.8959,-1.40455
116,17.3318,-11.8971,-1.40403
116.05,17.3236,-11.9082,-1.40451
116.1,17.3285,-11.9063,-1.40368
116.15,17.3227,-11.915,-1.40391
116.2,17.3239,-11.9168,-1.40345
116.25,17.3173,-11.9263,-1.40377
116.3,17.3164,-11.9302,-1.40351
116.35,17.3067,-11.9429,-1.40414
116.4,17.3073,-11.9453,-1.40373
116.45,17.3028,-11.9528,-1.40384
116.5,17.2997,-11.959,-1.40381
116.55,17.3029,-11.9588,-1.40314
116.6,17.3007,-11.964,-1.40302
116.65,17.29,-11.9778,-1.40375
116.7,17.2851,-11.9858,-1.40389
116.75,17.2896,-11.9843,-1.40309
116.8,17.2818,-11.9952,-1.40353
116.85,17.2793,-12.0008,-1.40343
116.9,17.2808,-12.0024,-1.40293
116.95,17.2759,-12.0104,-1.40307
117,17.2714,-12.0181,-1.40318
117.05,17.2658,-12.0268,-1.40339
117.1,17.2665,-12.0293,-1.40297
117.15,17.26,-12.0389,-1.40327
117.2,17.2567,-12.0454,-1.40326
117.25,17.2572,-12.0481,-1.40287
117.3,17.2551,-12.0534,-1.40273
117.35,17.2491,-12.0627,-1.40298
117.4,17.2537,-12.0613,-1.40217
117.45,17.2439,-12.0743,-1.4028
117.5,17.2416,-12.0798,-1.40268
117.55,17.2409,-12.0838,-1.40241
117.6,17.2357,-12.0922,-1.40257
117.65,17.2312,-12.1,-1.40267
117.7,17.2276,-12.1069,-1.40268
117.75,17.2266,-12.1112,-1.40244
117.8,17.2284,-12.1127,-1.40191
117.85,17.2268,-12.1176,-1.40172
117.9,17.2189,-12.1289,-1.40216
117.95,17.2143,-12.1368,-1.40227
118,17.2111,-12.1433,-1.40223
118.05,17.2129,-12.1448,-1.4017
118.1,17.2045,-12.1566,-1.40219
118.15,17.202,-12.1625,-1.40209
118.2,17.196,-12.1719,-1.40233
118.25,17.1955,-12.1757,-1.40203
118.3,17.1905,-12.1841,-1.40217
118.35,17.1896,-12.1884,-1.40191
118.4,17.1896,-12.1918,-1.40156
118.45,17.189,-12.1958,-1.40126
118.5,17.1862,-12.2021,-1.40119
118.55,17.1846,-12.2071,-1.401
118.6,17.1814,-12.2138,-1.40096
118.65,17.1722,-12.2264,-1.40152
118.7,17.167,-12.2351,-1.40169
118.75,17.1634,-12.2421,-1.40169
118.8,17.1677,-12.2413,-1.40091
118.85,17.1633,-12.2492,-1.40099
118.9,17.1567,-12.2593,-1.4013
118.95,17.1585,-12.261,-1.40075
119,17.1573,-12.2657,-1.40052
119.05,17.1514,-12.2752,-1.40076
119.1,17.1455,-12.2846,-1.40099
119.15,17.1421,-12.2915,-1.40097
119.2,17.1446,-12.2925,-1.40036
119.25,17.138,-12.3027,-1.40066
119.3,17.1366,-12.3077,-1.40044
119.35,17.1339,-12.3139,-1.40035
119.4,17.1287,-12.3227,-1.40051
119.45,17.1224,-12.3326,-1.40079
119.5,17.1181,-12.3405,-1.40086
119.55,17.1227,-12.3395,-1.40003
119.6,17.1112,-12.3546,-1.40083
119.65,17.1114,-12.358,-1.40044
119.7,17.1065,-12.3665,-1.40057
119.75,17.1021,-12.3746,-1.40065
119.8,17.1048,-12.3754,-1.40001
119.85,17.098,-12.386,-1.40034
119.9,17.0956,-12.392,-1.40022
119.95,17.0913,-12.3999,-1.40028
120,17.0869,-12.4081,-1.40037
120.05,17.0846,-12.4139,-1.40022
120.1,17.0818,-12.4205,-1.40015
120.15,17.0771,-12.4288,-1.40025
120.2,17.0788,-12.4309,-1.39972
120.25,17.0737,-12.4396,-1.39986
120.3,17.0685,-12.4485,-1.40002
120.35,17.0674,-12.4533,-1.39976
120.4,17.0711,-12.4534,-1.39903
120.45,17.0623,-12.4659,-1.39954
120.5,17.0561,-12.4758,-1.3998
120.55,17.0616,-12.474,-1.39888
120.6,17.0499,-12.4895,-1.39969
120.65,17.0508,-12.4923,-1.39923
120.7,17.046,-12.5009,-1.39934
120.75,17.0398,-12.5108,-1.39959
120.8,17.0372,-12.5172,-1.39948
120.85,17.034,-12.5241,-1.39944
120.9,17.0382,-12.5237,-1.39865
120.95,17.0335,-12.5322,-1.39875
121,17.027,-12.5425,-1.39903
121.05,17.0299,-12.5433,-1.39837
121.1,17.0229,-12.5541,-1.3987
121.15,17.0179,-12.5629,-1.39883
121.2,17.0142,-12.5705,-1.39883
121.25,17.0154,-12.5731,-1.39834
121.3,17.009,-12.5833,-1.39861
121.35,17.0111,-12.585,-1.39802
121.4,17.0085,-12.5915,-1.39792
121.45,17.0028,-12.601,-1.39812
121.5,16.9938,-12.6139,-1.39864
121.55,16.9898,-12.6217,-1.39867
121.6,16.995,-12.6204,-1.39778
121.65,16.9862,-12.633,-1.39828
121.7,16.9807,-12.6424,-1.39846
121.75,16.9806,-12.6464,-1.3981
121.8,16.9799,-12.651,-1.3978
121.85,16.9723,-12.6624,-1.39818
121.9,16.9742,-12.6644,-1.39762
121.95,16.9703,-12.6722,-1.39764
122,16.967,-12.6794,-1.39759
122.05,16.9659,-12.6845,-1.39733
122.1,16.9605,-12.6937,-1.39749
122.15,16.9587,-12.6995,-1.3973
122.2,16.9516,-12.7105,-1.39764
122.25,16.9545,-12.7115,-1.39697
122.3,16.9496,-12.7203,-1.39708
122.35,16.9431,-12.7308,-1.39737
122.4,16.9459,-12.7319,-1.3967
122.45,16.9384,-12.7434,-1.39709
122.5,16.9402,-12.7455,-1.39653
122.55,16.9297,-12.76,-1.3972
122.6,16.9282,-12.7654,-1.39698
122.65,16.9262,-12.7714,-1.3968
122.7,16.9239,-12.7777,-1.39667
122.75,16.9218,-12.7838,-1.3965
122.8,16.9141,-12.7955,-1.3969
122.85,16.9184,-12.7951,-1.39609
122.9,16.9116,-12.8059,-1.39639
122.95,16.9044,-12.8171,-1.39674
123,16.9062,-12.8194,-1.39619
123.05,16.9036,-12.826,-1.39608
123.1,16.8955,-12.8381,-1.39651
123.15,16.8955,-12.8421,-1.39613
123.2,16.8873,-12.8544,-1.39659
123.25,16.8868,-12.8589,-1.39626
123.3,16.8899,-12.8598,-1.39558
123.35,16.884,-12.8697,-1.39579
123.4,16.8791,-12.8787,-1.39591
123.45,16.8772,-12.8847,-1.39573
123.5,16.8705,-12.8954,-1.39602
123.55,16.8654,-12.9046,-1.39616
123.6,16.8655,-12.9085,-1.39578
123.65,16.8666,-12.9115,-1.39529
123.7,16.8627,-12.9194,-1.39531
123.75,16.8588,-12.9274,-1.39532
123.8,16.856,-12.9343,-1.39523
123.85,16.8503,-12.9441,-1.39543
123.9,16.853,-12.9455,-1.39479
123.95,16.8462,-12.9564,-1.3951
124,16.846,-12.9607,-1.39474
124.05,16.8436,-12.9671,-1.39461
124.1,16.8394,-12.9754,-1.39466
124.15,16.8308,-12.9881,-1.39514
124.2,16.8295,-12.9935,-1.3949
124.25,16.826,-13.0011,-1.39487
124.3,16.8285,-13.0027,-1.39425
124.35,16.8226,-13.0128,-1.39447
124.4,16.8165,-13.0229,-1.39471
124.45,16.8153,-13.0283,-1.39445
124.5,16.8153,-13.0324,-1.39409
124.55,16.8041,-13.0478,-1.39483
124.6,16.8033,-13.0526,-1.39454
124.65,16.7983,-13.0618,-1.39467
124.7,16.8003,-13.064,-1.3941
124.75,16.7943,-13.074,-1.39432
124.8,16.7919,-13.0806,-1.39419
124.85,16.79,-13.0866,-1.39401
124.9,16.7913,-13.0894,-1.3935
124.95,16.787,-13.0979,-1.39356
125,16.7764,-13.1127,-1.39425
125.05,16.7741,-13.1191,-1.39411
125.1,16.7778,-13.1196,-1.39337
125.15,16.7703,-13.1312,-1.39374
125.2,16.7722,-13.1334,-1.39318
125.25,16.7651,-13.1447,-1.39352
125.3,16.7668,-13.1471,-1.39297
125.35,16.759,-13.1591,-1.39338
125.4,16.7593,-13.163,-1.39298
125.45,16.7568,-13.1696,-1.39286
125.5,16.7452,-13.1853,-1.39364
125.55,16.7484,-13.1863,-1.39295
125.6,16.7466,-13.1923,-1.39276
125.65,16.7439,-13.1991,-1.39265
125.7,16.7416,-13.2056,-1.39251
125.75,16.7316,-13.2198,-1.39314
125.8,16.7285,-13.227,-1.39307
125.85,16.7318,-13.2279,-1.39237
125.9,16.7289,-13.2349,-1.39228
125.95,16.7229,-13.2451,-1.39251
126,16.718,-13.2541,-1.39262
126.05,16.7182,-13.2581,-1.39222
126.1,16.7141,-13.2664,-1.39226
126.15,16.7116,-13.2731,-1.39214
126.2,16.7099,-13.279,-1.39194
126.25,16.7007,-13.2923,-1.39248
126.3,16.6954,-13.3018,-1.39264
126.35,16.6943,-13.307,-1.39237
126.4,16.6964,-13.3091,-1.39178
126.45,16.6855,-13.3242,-1.3925
126.5,16.6832,-13.3306,-1.39235
126.55,16.6878,-13.3303,-1.39152
126.6,16.6777,-13.3446,-1.39216
126.65,16.6822,-13.3442,-1.39133
126.7,16.6724,-13.3582,-1.39193
126.75,16.6673,-13.3675,-1.39207
126.8,16.6678,-13.3711,-1.39164
126.85,16.6628,-13.3803,-1.39176
126.9,16.663,-13.3842,-1.39136
126.95,16.6568,-13.3946,-1.3916
127,16.6524,-13.4031,-1.39166
127.05,16.6542,-13.4055,-1.39111
127.1,16.6444,-13.4196,-1.39172
127.15,16.6412,-13.4268,-1.39165
127.2,16.6435,-13.4287,-1.39105
127.25,16.6444,-13.432,-1.39058
127.3,16.6344,-13.4462,-1.3912
127.35,16.6367,-13.448,-1.39059
127.4,16.634,-13.4549,-1.39048
127.45,16.6243,-13.4688,-1.39108
127.5,16.6237,-13.4735,-1.39075
127.55,16.6192,-13.4822,-1.39082
127.6,16.6128,-13.4928,-1.39109
127.65,16.6112,-13.4985,-1.39086
127.7,16.6073,-13.5065,-1.39087
127.75,16.6123,-13.5057,-1.38999
127.8,16.6048,-13.5174,-1.39037
127.85,16.5987,-13.5277,-1.3906
127.9,16.5957,-13.5348,-1.39051
127.95,16.5934,-13.5413,-1.39036
128,16.5895,-13.5493,-1.39037
128.05,16.5874,-13.5556,-1.3902
128.1,16.5827,-13.5644,-1.39028
128.15,16.5818,-13.5694,-1.38999
128.2,16.5774,-13.578,-1.39005
128.25,16.5761,-13.5835,-1.3898
128.3,16.5732,-13.5905,-1.3897
128.35,16.5724,-13.5954,-1.3894
128.4,16.5692,-13.6027,-1.38933
128.45,16.5597,-13.6164,-1.3899
128.5,16.556,-13.6243,-1.38989
128.55,16.5615,-13.6229,-1.38896
128.6,16.5569,-13.6316,-1.38903
128.65,16.5464,-13.6462,-1.38969
128.7,16.552,-13.6447,-1.38875
128.75,16.5429,-13.658,-1.38928
128.8,16.5364,-13.6686,-1.38954
128.85,16.5351,-13.674,-1.38928
128.9,16.5315,-13.6818,-1.38926
128.95,16.5355,-13.6819,-1.38847
129,16.5276,-13.6939,-1.38888
129.05,16.5265,-13.6991,-1.3886
129.1,16.5192,-13.7105,-1.38894
129.15,16.518,-13.7158,-1.38867
129.2,16.5186,-13.7193,-1.38823
129.25,16.5106,-13.7315,-1.38864
129.3,16.5075,-13.7386,-1.38856
129.35,16.5037,-13.7466,-1.38856
129.4,16.5027,-13.7516,-1.38826
129.45,16.4999,-13.7585,-1.38816
129.5,16.4969,-13.7657,-1.38807
129.55,16.4952,-13.7714,-1.38785
129.6,16.4934,-13.7772,-1.38763
129.65,16.4889,-13.7858,-1.38769
129.7,16.4795,-13.7993,-1.38824
129.75,16.4766,-13.8064,-1.38814
129.8,16.4739,-13.8131,-1.38802
129.85,16.4748,-13.8163,-1.38754
129.9,16.4743,-13.8209,-1.3872
129.95,16.4716,-13.8276,-1.38707
130,16.4661,-13.8371,-1.38723
130.05,16.4651,-13.8423,-1.38694
130.1,16.4611,-13.8503,-1.38694
130.15,16.4543,-13.8612,-1.38723
130.2,16.4559,-13.8636,-1.38668
130.25,16.4507,-13.8729,-1.3868
130.3,16.4479,-13.8797,-1.38668
130.35,16.4363,-13.8953,-1.38745
130.4,16.433,-13.9027,-1.38738
130.45,16.4298,-13.9099,-1.38731
130.5,16.4354,-13.9084,-1.38635
130.55,16.4274,-13.9204,-1.38676
130.6,16.4264,-13.9255,-1.38647
130.65,16.4179,-13.938,-1.38692
130.7,16.4219,-13.938,-1.38612
130.75,16.4146,-13.9493,-1.38645
130.8,16.4113,-13.9567,-1.38639
130.85,16.4055,-13.9664,-1.38656
130.9,16.4076,-13.9684,-1.38596
130.95,16.4065,-13.9735,-1.38567
131,16.4012,-13.9828,-1.38581
131.05,16.3934,-13.9946,-1.38618
131.1,16.3939,-13.9981,-1.38574
131.15,16.3901,-14.0059,-1.38572
131.2,16.381,-14.0189,-1.38622
131.25,16.3853,-14.0187,-1.3854
131.3,16.3817,-14.0262,-1.38535
131.35,16.3733,-14.0387,-1.3858
131.4,16.3717,-14.0443,-1.38556
131.45,16.3708,-14.0491,-1.38524
131.5,16.3629,-14.061,-1.38563
131.55,16.3591,-14.0688,-1.38561
131.6,16.3604,-14.0714,-1.38508
131.65,16.3518,-14.084,-1.38554
131.7,16.3543,-14.0854,-1.38488
131.75,16.3505,-14.0932,-1.38486
131.8,16.35,-14.0977,-1.38451
131.85,16.343,-14.1086,-1.3848
131.9,16.3408,-14.1147,-1.38462
131.95,16.3402,-14.1193,-1.38427
132,16.3333,-14.1302,-1.38456
132.05,16.3299,-14.1374,-1.38449
132.1,16.3246,-14.1467,-1.38462
132.15,16.3198,-14.1554,-1.38469
132.2,16.3212,-14.1579,-1.38415
132.25,16.3132,-14.1699,-1.38454
132.3,16.3144,-14.1726,-1.38401
132.35,16.3057,-14.1852,-1.38448
132.4,16.3052,-14.1896,-1.38412
132.45,16.3017,-14.197,-1.38406
132.5,16.3052,-14.1974,-1.3833
132.55,16.2926,-14.2139,-1.38416
132.6,16.2947,-14.2157,-1.38354
132.65,16.2919,-14.2224,-1.38341
132.7,16.2887,-14.2294,-1.38332
132.75,16.285,-14.237,-1.38328
132.8,16.2798,-14.2461,-1.3834
132.85,16.2763,-14.2535,-1.38333
132.9,16.2775,-14.2562,-1.38281
132.95,16.2738,-14.2637,-1.38276
133,16.2628,-14.2785,-1.38345
133.05,16.2593,-14.2859,-1.38339
133.1,16.2651,-14.2839,-1.3824
133.15,16.2587,-14.2942,-1.38263
133.2,16.2499,-14.3069,-1.3831
133.25,16.2515,-14.3091,-1.38253
133.3,16.2445,-14.3199,-1.38281
133.35,16.2484,-14.3198,-1.38201
133.4,16.2363,-14.3357,-1.3828
133.45,16.2405,-14.3354,-1.38198
133.5,16.2371,-14.3426,-1.38191
133.55,16.2314,-14.3521,-1.38206
133.6,16.2255,-14.3618,-1.38224
133.65,16.22,-14.3711,-1.38237
133.7,16.2228,-14.3721,-1.38167
133.75,16.2216,-14.3771,-1.38138
133.8,16.2114,-14.3911,-1.38199
133.85,16.2087,-14.3976,-1.38184
133.9,16.2021,-14.408,-1.38208
133.95,16.2046,-14.4092,-1.38141
134,16.2018,-14.4158,-1.38128
134.05,16.192,-14.4293,-1.38184
134.1,16.1953,-14.4299,-1.3811
134.15,16.1878,-14.4411,-1.38142
134.2,16.1885,-14.4441,-1.38094
134.25,16.1819,-14.4545,-1.38118
134.3,16.1841,-14.456,-1.38054
134.35,16.1728,-14.471,-1.38125
134.4,16.176,-14.4716,-1.38051
134.45,16.1727,-14.4786,-1.38042
134.5,16.1711,-14.484,-1.38016
134.55,16.1666,-14.4922,-1.38019
134.6,16.1631,-14.4994,-1.38012
134.65,16.1606,-14.5056,-1.37995
134.7,16.153,-14.5169,-1.38029
134.75,16.154,-14.5196,-1.37976
134.8,16.1464,-14.5308,-1.3801
134.85,16.1452,-14.5357,-1.3798
134.9,16.1435,-14.5412,-1.37955
134.95,16.1372,-14.5512,-1.37976
135,16.1334,-14.5586,-1.37971
135.05,16.1316,-14.5641,-1.37947
135.1,16.1229,-14.5765,-1.37992
135.15,16.1266,-14.5764,-1.37912
135.2,16.1226,-14.5841,-1.3791
135.25,16.12,-14.5903,-1.37893
135.3,16.1159,-14.5981,-1.37892
135.35,16.1049,-14.6127,-1.37959
135.4,16.1031,-14.6181,-1.37935
135.45,16.1057,-14.6192,-1.37866
135.5,16.1007,-14.6279,-1.37874
135.55,16.0994,-14.6328,-1.37844
135.6,16.0955,-14.6403,-1.3784
135.65,16.0871,-14.6523,-1.37882
135.7,16.0817,-14.6613,-1.37892
135.75,16.0819,-14.6647,-1.37848
135.8,16.0802,-14.67,-1.37822
135.85,16.0704,-14.6834,-1.37877
135.9,16.0726,-14.6847,-1.37812
135.95,16.0675,-14.6935,-1.3782
136,16.0677,-14.6969,-1.37775
136.05,16.0617,-14.7064,-1.37792
136.1,16.0554,-14.7163,-1.37812
136.15,16.0555,-14.7197,-1.37768
136.2,16.0504,-14.7284,-1.37776
136.25,16.0499,-14.7325,-1.37738
136.3,16.0444,-14.7416,-1.3775
136.35,16.045,-14.7445,-1.377
136.4,16.0366,-14.7564,-1.37741
136.45,16.0327,-14.7638,-1.37737
136.5,16.0305,-14.7696,-1.37716
136.55,16.0317,-14.7719,-1.3766
136.6,16.0194,-14.7878,-1.3774
136.65,16.0217,-14.7889,-1.37673
136.7,16.0201,-14.794,-1.37646
136.75,16.0171,-14.8005,-1.37632
136.8,16.0104,-14.8108,-1.37656
136.85,16.008,-14.8167,-1.37637
136.9,16.0075,-14.8207,-1.37598
136.95,16.0023,-14.8293,-1.37606
137,15.9959,-14.8392,-1.37627
137.05,15.9938,-14.8448,-1.37605
137.1,15.9907,-14.8514,-1.37591
137.15,15.9839,-14.8617,-1.37616
137.2,15.9867,-14.8623,-1.37544
137.25,15.9817,-14.8708,-1.37551
137.3,15.9784,-14.8775,-1.3754
137.35,15.9729,-14.8865,-1.37551
137.4,15.9715,-14.8913,-1.37521
137.45,15.9639,-14.9024,-1.37553
137.5,15.9666,-14.9031,-1.37482
137.55,15.9588,-14.9143,-1.37516
137.6,15.9587,-14.9179,-1.37474
137.65,15.9485,-14.9314,-1.37531
137.7,15.9442,-14.9391,-1.3753
137.75,15.9424,-14.9444,-1.37504
137.8,15.9451,-14.9451,-1.37433
137.85,15.9387,-14.9548,-1.37453
137.9,15.9309,-14.966,-1.37486
137.95,15.9287,-14.9716,-1.37465
138,15.9319,-14.9718,-1.37389
138.05,15.9252,-14.9819,-1.37411
138.1,15.9177,-14.9928,-1.37442
138.15,15.9219,-14.9919,-1.37355
138.2,15.9111,-15.0061,-1.3742
138.25,15.9054,-15.0152,-1.37432
138.3,15.91,-15.0139,-1.37341
138.35,15.9059,-15.0214,-1.37339
138.4,15.9012,-15.0294,-1.37341
138.45,15.8988,-15.0351,-1.37321
138.5,15.8929,-15.0444,-1.37335
138.55,15.8853,-15.0553,-1.37367
138.6,15.8841,-15.0598,-1.37334
138.65,15.8786,-15.0686,-1.37345
138.7,15.8775,-15.073,-1.37311
138.75,15.8726,-15.0812,-1.37315
138.8,15.8756,-15.0816,-1.37242
138.85,15.8646,-15.0958,-1.37306
138.9,15.8677,-15.096,-1.37231
138.95,15.8626,-15.1044,-1.37237
139,15.8575,-15.1127,-1.37243
139.05,15.8567,-15.1168,-1.37206
139.1,15.8474,-15.1294,-1.37255
139.15,15.8456,-15.1345,-1.37229
139.2,15.8481,-15.1353,-1.37159
139.25,15.8379,-15.1487,-1.37215
139.3,15.8376,-15.1522,-1.37173
139.35,15.8363,-15.1568,-1.37142
139.4,15.8333,-15.163,-1.37127
139.45,15.8286,-15.1709,-1.37128
139.5,15.8185,-15.1843,-1.37185
139.55,15.8221,-15.1839,-1.37104
139.6,15.8142,-15.1949,-1.37137
139.65,15.81,-15.2024,-1.37134
139.7,15.8113,-15.2043,-1.37076
139.75,15.8061,-15.2127,-1.37083
139.8,15.7996,-15.2224,-1.37103
139.85,15.799,-15.2262,-1.37064
139.9,15.7931,-15.2352,-1.37078
139.95,15.7954,-15.2361,-1.3701
140,15.7858,-15.2489,-1.3706
140.05,15.7875,-15.2504,-1.36998
140.1,15.7856,-15.2554,-1.36971
140.15,15.7784,-15.2658,-1.36998
140.2,15.778,-15.2693,-1.36956
140.25,15.7685,-15.2819,-1.37006
140.3,15.7699,-15.2837,-1.36946
140.35,15.7659,-15.2908,-1.36941
140.4,15.759,-15.3008,-1.36964
140.45,15.7569,-15.306,-1.36939
140.5,15.7514,-15.3146,-1.36949
140.55,15.7529,-15.3163,-1.36888
140.6,15.7435,-15.3288,-1.36936
140.65,15.7422,-15.3332,-1.36904
140.7,15.7353,-15.3432,-1.36927
140.75,15.7319,-15.3496,-1.36914
140.8,15.7339,-15.3507,-1.36848
140.85,15.7303,-15.3574,-1.36839
140.9,15.7291,-15.3617,-1.36805
140.95,15.7216,-15.3723,-1.36834
141,15.7169,-15.3801,-1.36836
141.05,15.719,-15.381,-1.36768
141.1,15.7087,-15.3944,-1.36826
141.15,15.7096,-15.3965,-1.3677
141.2,15.7011,-15.4081,-1.36809
141.25,15.7055,-15.4067,-1.36719
141.3,15.6948,-15.4205,-1.3678
141.35,15.6933,-15.425,-1.3675
141.4,15.6906,-15.4307,-1.3673
141.45,15.6875,-15.4369,-1.36716
141.5,15.6818,-15.4456,-1.36727
141.55,15.6831,-15.4472,-1.36667
141.6,15.6751,-15.4582,-1.36701
141.65,15.6711,-15.4652,-1.36696
141.7,15.6688,-15.4706,-1.36673
141.75,15.664,-15.4784,-1.36675
141.8,15.664,-15.4813,-1.36629
141.85,15.6566,-15.4917,-1.36657
141.9,15.6513,-15.4999,-1.36664
141.95,15.648,-15.5063,-1.36651
142,15.652,-15.5052,-1.36565
142.05,15.6447,-15.5154,-1.36592
142.1,15.6463,-15.5167,-1.3653
142.15,15.6345,-15.5315,-1.36602
142.2,15.6394,-15.5296,-1.36508
142.25,15.6276,-15.5443,-1.3658
142.3,15.6259,-15.5489,-1.36551
142.35,15.6262,-15.5514,-1.36502
142.4,15.6242,-15.5563,-1.36475
142.45,15.6148,-15.5686,-1.36524
142.5,15.6111,-15.5752,-1.36515
142.55,15.6079,-15.5813,-1.36501
142.6,15.6041,-15.588,-1.36493
142.65,15.6035,-15.5914,-1.36453
142.7,15.6047,-15.5931,-1.36395
142.75,15.5958,-15.6048,-1.36438
142.8,15.5931,-15.6104,-1.36419
142.85,15.5869,-15.6194,-1.36435
142.9,15.59,-15.6191,-1.36358
142.95,15.5881,-15.6239,-1.36331
143,15.5822,-15.6326,-1.36344
143.05,15.573,-15.6445,-1.36389
143.1,15.5759,-15.6444,-1.36314
143.15,15.5655,-15.6576,-1.36372
143.2,15.5657,-15.6601,-1.36324
143.25,15.5597,-15.6689,-1.36338
143.3,15.5579,-15.6735,-1.36309
143.35,15.5516,-15.6825,-1.36326
143.4,15.5516,-15.6852,-1.3628
143.45,15.548,-15.6916,-1.3627
143.5,15.5417,-15.7006,-1.36286
143.55,15.5392,-15.7058,-1.36265
143.6,15.5416,-15.706,-1.36194
143.65,15.5304,-15.7199,-1.3626
143.7,15.5294,-15.7236,-1.36223
143.75,15.5302,-15.7255,-1.36169
143.8,15.5206,-15.7377,-1.36218
143.85,15.5214,-15.7396,-1.36164
143.9,15.516,-15.7476,-1.36172
143.95,15.5179,-15.7484,-1.36106
144,15.5126,-15.7562,-1.36112
144.05,15.507,-15.7645,-1.36122
144.1,15.4991,-15.775,-1.36155
144.15,15.5035,-15.7731,-1.36063
144.2,15.5006,-15.7786,-1.36045
144.25,15.4973,-15.7845,-1.36032
144.3,15.4863,-15.798,-1.36095
144.35,15.4842,-15.8027,-1.36069
144.4,15.4781,-15.8113,-1.36083
144.45,15.4737,-15.8183,-1.3608
144.5,15.4731,-15.8215,-1.3604
144.55,15.4746,-15.8225,-1.35977
144.6,15.4644,-15.8352,-1.36032
144.65,15.4601,-15.842,-1.36028
144.7,15.4646,-15.84,-1.35935
144.75,15.4582,-15.8489,-1.35953
144.8,15.4513,-15.8583,-1.35974
144.85,15.4475,-15.8646,-1.35965
144.9,15.4482,-15.8664,-1.35911
144.95,15.4448,-15.8723,-1.35897
145,15.4407,-15.8788,-1.3589
145.05,15.4386,-15.8834,-1.35864
145.1,15.4362,-15.8883,-1.35841
145.15,15.4281,-15.8988,-1.35874
145.2,15.4283,-15.9011,-1.35825
145.25,15.4183,-15.9135,-1.35877
145.3,15.4145,-15.9198,-1.35867
145.35,15.4086,-15.9281,-1.35878
145.4,15.413,-15.9262,-1.35787
145.45,15.4072,-15.9344,-1.35796
145.5,15.4067,-15.9373,-1.35754
145.55,15.3994,-15.9471,-1.35779
145.6,15.3915,-15.9573,-1.3581
145.65,15.3866,-15.9646,-1.35811
145.7,15.3873,-15.9664,-1.35756
145.75,15.3801,-15.9759,-1.3578
145.8,15.3754,-15.983,-1.35778
145.85,15.3787,-15.9821,-1.35697
145.9,15.3729,-15.9902,-1.35707
145.95,15.3658,-15.9997,-1.3573
146,15.3681,-15.9997,-1.35658
146.05,15.3653,-16.0049,-1.35637
146.1,15.3533,-16.0193,-1.35709
146.15,15.3591,-16.0158,-1.35603
146.2,15.3456,-16.0317,-1.35689
146.25,15.3517,-16.0279,-1.3558
146.3,15.3446,-16.0373,-1.35602
146.35,15.3378,-16.0464,-1.35621
146.4,15.3337,-16.0529,-1.35613
146.45,15.3309,-16.058,-1.35592
146.5,15.3244,-16.0668,-1.35608
146.55,15.32,-16.0736,-1.35604
146.6,15.3188,-16.0771,-1.35567
146.65,15.3134,-16.0848,-1.35571
146.7,15.3145,-16.086,-1.35511
146.75,15.3071,-16.0958,-1.35537
146.8,15.3055,-16.0997,-1.35504
146.85,15.3065,-16.1011,-1.35445
146.9,15.2968,-16.1131,-1.35493
146.95,15.2932,-16.119,-1.3548
147,15.2921,-16.1224,-1.35442
147.05,15.2855,-16.1313,-1.35459
147.1,15.2882,-16.1308,-1.35382
147.15,15.2829,-16.1385,-1.35387
147.2,15.2751,-16.1485,-1.35415
147.25,15.2722,-16.1538,-1.35396
147.3,15.2733,-16.1549,-1.35335
147.35,15.2646,-16.1659,-1.35373
147.4,15.2586,-16.1743,-1.35385
147.45,15.2576,-16.1775,-1.35345
147.5,15.2555,-16.1819,-1.35317
147.55,15.2555,-16.1842,-1.35268
147.6,15.2454,-16.1965,-1.35319
147.65,15.2449,-16.1992,-1.35275
147.7,15.2445,-16.202,-1.35231
147.75,15.2346,-16.2141,-1.3528
147.8,15.2339,-16.217,-1.35238
147.85,15.2301,-16.2231,-1.35227
147.9,15.2272,-16.2283,-1.35207
147.95,15.2261,-16.2316,-1.35169
148,15.2231,-16.2367,-1.35149
148.05,15.2174,-16.2447,-1.35156
148.1,15.2156,-16.2488,-1.35126
148.15,15.2052,-16.2614,-1.35181
148.2,15.2078,-16.261,-1.35104
148.25,15.2007,-16.2703,-1.35126
148.3,15.1965,-16.2767,-1.35119
148.35,15.1913,-16.2842,-1.35122
148.4,15.1887,-16.2889,-1.35099
148.45,15.1884,-16.2914,-1.35052
148.5,15.1831,-16.2988,-1.35056
148.55,15.1831,-16.301,-1.35007
148.6,15.1799,-16.3064,-1.3499
148.65,15.1709,-16.3174,-1.3503
148.7,15.1692,-16.3213,-1.34998
148.75,15.1618,-16.3308,-1.35023
148.8,15.1635,-16.3312,-1.34956
148.85,15.1566,-16.3402,-1.34977
148.9,15.1541,-16.3449,-1.34952
148.95,15.1534,-16.3476,-1.3491
149,15.1491,-16.3539,-1.34903
149.05,15.1381,-16.3671,-1.34964
149.1,15.141,-16.3662,-1.34885
149.15,15.1404,-16.3689,-1.34841
149.2,15.1325,-16.3789,-1.34871
149.25,15.1286,-16.3848,-1.3486
149.3,15.1218,-16.3937,-1.34879
149.35,15.1167,-16.4008,-1.3488
149.4,15.1126,-16.407,-1.34872
149.45,15.1164,-16.4052,-1.34784
149.5,15.1139,-16.4098,-1.3476
149.55,15.1104,-16.4153,-1.34745
149.6,15.1021,-16.4256,-1.34778
149.65,15.1013,-16.4284,-1.34736
149.7,15.0909,-16.4408,-1.3479
149.75,15.0889,-16.4448,-1.34761
149.8,15.0845,-16.4512,-1.34754
149.85,15.0836,-16.4542,-1.34714
149.9,15.0799,-16.4599,-1.34701
149.95,15.0766,-16.4652,-1.34684
150,15.0689,-16.4749,-1.34711
150.05,15.0735,-16.4723,-1.34615
150.1,15.0638,-16.484,-1.34662
150.15,15.0665,-16.4833,-1.34586
150.2,15.0558,-16.4959,-1.34642
150.25,15.0579,-16.4957,-1.34571
150.3,15.0468,-16.5088,-1.34632
150.35,15.0515,-16.506,-1.34534
150.4,15.0404,-16.5191,-1.34595
150.45,15.0405,-16.521,-1.34545
150.5,15.0382,-16.5252,-1.34518
150.55,15.0365,-16.5288,-1.34484
150.6,15.0292,-16.538,-1.34507
150.65,15.0236,-16.5456,-1.34513
150.7,15.025,-16.5462,-1.34448
150.75,15.0134,-16.5597,-1.34513
150.8,15.0175,-16.5575,-1.34422
150.85,15.0058,-16.5712,-1.34489
150.9,15.0028,-16.576,-1.34468
150.95,14.9965,-16.5843,-1.34481
151,15.0022,-16.5804,-1.34373
151.05,14.9905,-16.594,-1.3444
151.1,14.9943,-16.5921,-1.34351
151.15,14.9855,-16.6028,-1.34388
151.2,14.9867,-16.6035,-1.34326
151.25,14.9739,-16.6183,-1.34403
151.3,14.9768,-16.6172,-1.34323
151.35,14.9673,-16.6287,-1.34368
151.4,14.9671,-16.6307,-1.34318
151.45,14.96,-16.6397,-1.34339
151.5,14.9609,-16.6407,-1.3428
151.55,14.9567,-16.6467,-1.3427
151.6,14.9479,-16.6574,-1.34308
151.65,14.9527,-16.6544,-1.34208
151.7,14.945,-16.664,-1.34235
151.75,14.9392,-16.6717,-1.34242
151.8,14.94,-16.6728,-1.34183
151.85,14.9349,-16.6797,-1.34183
151.9,14.9275,-16.6889,-1.34206
151.95,14.9209,-16.6974,-1.3422
152,14.9196,-16.7005,-1.34182
152.05,14.9136,-16.7083,-1.3419
152.1,14.9092,-16.7146,-1.34184
152.15,14.9043,-16.7213,-1.34181
152.2,14.9064,-16.721,-1.34109
152.25,14.8971,-16.7321,-1.3415
152.3,14.8944,-16.7366,-1.34126
152.35,14.8944,-16.7384,-1.34074
152.4,14.8871,-16.7476,-1.34096
152.45,14.8852,-16.7512,-1.34063
152.5,14.8826,-16.7557,-1.34037
152.55,14.8748,-16.7653,-1.34063
152.6,14.875,-16.7669,-1.34009
152.65,14.87,-16.7737,-1.34008
152.7,14.8672,-16.7783,-1.33984
152.75,14.8623,-16.7849,-1.3398
152.8,14.8582,-16.7908,-1.33969
152.85,14.8521,-16.7988,-1.33978
152.9,14.8515,-16.8011,-1.33932
152.95,14.8411,-16.8133,-1.33984
153,14.8416,-16.8146,-1.33927
153.05,14.8357,-16.8223,-1.33933
153.1,14.835,-16.8248,-1.33888
153.15,14.8304,-16.8311,-1.33881
153.2,14.8232,-16.8401,-1.339
153.25,14.8186,-16.8465,-1.33894
153.3,14.8221,-16.8447,-1.33806
153.35,14.8095,-16.8591,-1.33879
153.4,14.8136,-16.8567,-1.33785
153.45,14.8037,-16.8685,-1.33832
153.5,14.7984,-16.8755,-1.33832
153.55,14.7951,-16.8806,-1.33811
153.6,14.793,-16.8844,-1.33779
153.65,14.7872,-16.892,-1.33784
153.7,14.7829,-16.898,-1.33773
153.75,14.7769,-16.9058,-1.3378
153.8,14.7757,-16.9088,-1.33739
153.85,14.7727,-16.9136,-1.33716
153.9,14.7706,-16.9174,-1.33683
153.95,14.7659,-16.9238,-1.33677
154,14.765,-16.9265,-1.33632
154.05,14.7543,-16.939,-1.33686
154.1,14.7557,-16.9393,-1.33618
154.15,14.749,-16.9477,-1.33631
154.2,14.7472,-16.9513,-1.33595
154.25,14.7398,-16.9604,-1.33615
154.3,14.7322,-16.9697,-1.33637
154.35,14.7303,-16.9734,-1.33602
154.4,14.7307,-16.9747,-1.33544
154.45,14.7265,-16.9806,-1.33531
154.5,14.7182,-16.9907,-1.3356
154.55,14.7131,-16.9975,-1.33556
154.6,14.7071,-17.0053,-1.33563
154.65,14.702,-17.0121,-1.33559
154.7,14.7065,-17.0094,-1.3346
154.75,14.6972,-17.0203,-1.33497
154.8,14.6916,-17.0277,-1.335
154.85,14.6936,-17.0275,-1.33425
154.9,14.6858,-17.037,-1.33448
154.95,14.6783,-17.0462,-1.33468
155,14.6743,-17.0519,-1.33453
155.05,14.6753,-17.0526,-1.33388
155.1,14.6686,-17.0611,-1.33401
155.15,14.6667,-17.0647,-1.33364
155.2,14.6558,-17.0772,-1.33417
155.25,14.6589,-17.0759,-1.33332
155.3,14.6551,-17.0814,-1.33314
155.35,14.6471,-17.0912,-1.33339
155.4,14.6412,-17.0987,-1.33342
155.45,14.6394,-17.1022,-1.33305
155.5,14.6308,-17.1126,-1.33336
155.55,14.6282,-17.1169,-1.33306
155.6,14.6298,-17.1171,-1.33235
155.65,14.6267,-17.1219,-1.3321
155.7,14.6215,-17.1288,-1.33206
155.75,14.6154,-17.1366,-1.33212
155.8,14.609,-17.1447,-1.3322
155.85,14.6004,-17.1551,-1.3325
155.9,14.5964,-17.1607,-1.33233
155.95,14.5946,-17.1642,-1.33195
156,14.596,-17.1646,-1.33126
156.05,14.5879,-17.1744,-1.33151
156.1,14.5852,-17.1789,-1.33122
156.15,14.5746,-17.1911,-1.33171
156.2,14.5756,-17.1918,-1.33105
156.25,14.5715,-17.1977,-1.33089
156.3,14.5659,-17.205,-1.33089
156.35,14.5654,-17.2072,-1.33038
156.4,14.5574,-17.2169,-1.33061
156.45,14.5583,-17.2177,-1.32996
156.5,14.5444,-17.2333,-1.33078
156.55,14.5467,-17.2327,-1.32998
156.6,14.5427,-17.2384,-1.32981
156.65,14.5363,-17.2465,-1.32989
156.7,14.5309,-17.2536,-1.32986
156.75,14.5303,-17.2559,-1.32935
156.8,14.5212,-17.2668,-1.32969
156.85,14.5162,-17.2735,-1.32962
156.9,14.5118,-17.2796,-1.32949
156.95,14.511,-17.282,-1.329
157,14.5085,-17.2863,-1.32868
157.05,14.4997,-17.2968,-1.32898
157.1,14.5005,-17.2976,-1.32833
157.15,14.4938,-17.3061,-1.32843
157.2,14.4862,-17.3154,-1.32862
157.25,14.4861,-17.3172,-1.32805
157.3,14.4775,-17.3275,-1.32834
157.35,14.4777,-17.329,-1.32774
157.4,14.4733,-17.3351,-1.32761
157.45,14.465,-17.3451,-1.32786
157.5,14.4577,-17.3541,-1.32801
157.55,14.4589,-17.3547,-1.32732
157.6,14.4567,-17.3585,-1.32695
157.65,14.451,-17.3659,-1.32695
157.7,14.4459,-17.3727,-1.32687
157.75,14.439,-17.3813,-1.32698
157.8,14.4335,-17.3885,-1.32696
157.85,14.4271,-17.3966,-1.32701
157.9,14.424,-17.4015,-1.32675
157.95,14.4248,-17.4023,-1.32608
158,14.4136,-17.4153,-1.32662
158.05,14.4109,-17.4197,-1.32631
158.1,14.4083,-17.4239,-1.32598
158.15,14.4074,-17.4265,-1.32548
158.2,14.4026,-17.433,-1.32538
158.25,14.3991,-17.4383,-1.32515
158.3,14.3919,-17.4471,-1.32528
158.35,14.3822,-17.4585,-1.32566
158.4,14.3781,-17.4643,-1.32549
158.45,14.3809,-17.4632,-1.32462
158.5,14.3748,-17.471,-1.32464
158.55,14.3724,-17.4751,-1.32429
158.6,14.3608,-17.4884,-1.32487
158.65,14.3599,-17.491,-1.32436
158.7,14.3552,-17.4973,-1.32424
158.75,14.3503,-17.504,-1.32414
158.8,14.3437,-17.5122,-1.32421
158.85,14.3448,-17.5128,-1.32351
158.9,14.3345,-17.5248,-1.32395
158.95,14.3278,-17.5332,-1.32402
159,14.325,-17.5377,-1.32371
159.05,14.3218,-17.5425,-1.32343
159.1,14.3207,-17.5454,-1.32295
159.15,14.3102,-17.5576,-1.32341
159.2,14.3057,-17.5637,-1.32326
159.25,14.3039,-17.5672,-1.32284
159.3,14.3009,-17.5719,-1.32254
159.35,14.2953,-17.5792,-1.32251
159.4,14.2916,-17.5846,-1.32228
159.45,14.2899,-17.588,-1.32185
159.5,14.2795,-17.6,-1.32229
159.55,14.279,-17.6022,-1.32174
159.6,14.269,-17.6139,-1.32214
159.65,14.2705,-17.614,-1.32138
159.7,14.2636,-17.6226,-1.32148
159.75,14.2632,-17.6247,-1.32091
159.8,14.2557,-17.6339,-1.32106
159.85,14.246,-17.6452,-1.32143
159.9,14.2405,-17.6524,-1.32138
159.95,14.2433,-17.6513,-1.3205
160,14.2409,-17.6554,-1.32013
160.05,14.2337,-17.6642,-1.32024
160.1,14.2286,-17.671,-1.32014
160.15,14.2191,-17.6822,-1.32049
160.2,14.2156,-17.6874,-1.32024
160.25,14.2103,-17.6944,-1.32016
160.3,14.2103,-17.696,-1.31955
160.35,14.2047,-17.7033,-1.3195
160.4,14.195,-17.7146,-1.31986
160.45,14.1993,-17.712,-1.31883
160.5,14.1915,-17.7215,-1.319
160.55,14.1835,-17.7311,-1.31918
160.6,14.1791,-17.7372,-1.31901
160.65,14.1747,-17.7433,-1.31884
160.7,14.1708,-17.7489,-1.31862
160.75,14.1664,-17.7549,-1.31844
160.8,14.1648,-17.7582,-1.318
160.85,14.1624,-17.7622,-1.31762
160.9,14.157,-17.7694,-1.31755
160.95,14.1462,-17.7818,-1.31802
161,14.1466,-17.783,-1.31736
161.05,14.1354,-17.7959,-1.31787
161.1,14.1386,-17.7943,-1.31693
161.15,14.1337,-17.8009,-1.31681
161.2,14.1285,-17.8077,-1.3167
161.25,14.1194,-17.8185,-1.317
161.3,14.1187,-17.8209,-1.31646
161.35,14.1106,-17.8307,-1.31665
161.4,14.1064,-17.8365,-1.31645
161.45,14.1047,-17.8399,-1.316
161.5,14.094,-17.8523,-1.31646
161.55,14.092,-17.8559,-1.31604
161.6,14.0877,-17.8618,-1.31584
161.65,14.0865,-17.8647,-1.31534
161.7,14.0796,-17.8733,-1.31542
161.75,14.0764,-17.8781,-1.31511
161.8,14.0645,-17.8917,-1.31568
161.85,14.0622,-17.8956,-1.31529
161.9,14.058,-17.9014,-1.31509
161.95,14.0511,-17.9101,-1.31516
162,14.0476,-17.9151,-1.31488
162.05,14.0503,-17.9141,-1.31399
162.1,14.04,-17.9261,-1.3144
162.15,14.0369,-17.9309,-1.31409
162.2,14.0298,-17.9397,-1.31418
162.25,14.0302,-17.9409,-1.31351
162.3,14.0173,-17.9554,-1.31417
162.35,14.0133,-17.9612,-1.31395
162.4,14.016,-17.9601,-1.31306
162.45,14.0123,-17.9655,-1.3128
162.5,14.002,-17.9774,-1.3132
162.55,13.9999,-17.9812,-1.31279
162.6,13.9896,-17.9932,-1.3132
162.65,13.9872,-17.9972,-1.31281
162.7,13.9848,-18.0012,-1.31242
162.75,13.984,-18.0037,-1.31188
162.8,13.9772,-18.0122,-1.31193
162.85,13.9687,-18.0223,-1.31216
162.9,13.9644,-18.0282,-1.31196
162.95,13.9581,-18.0362,-1.31196
163,13.9526,-18.0434,-1.31188
163.05,13.9522,-18.0453,-1.31129
163.1,13.9486,-18.0507,-1.31103
163.15,13.9435,-18.0573,-1.31091
163.2,13.9367,-18.0659,-1.31097
163.25,13.9307,-18.0735,-1.31093
163.3,13.9272,-18.0786,-1.31065
163.35,13.9232,-18.0843,-1.31043
163.4,13.9196,-18.0895,-1.31015
163.45,13.9166,-18.0941,-1.30982
163.5,13.9103,-18.1021,-1.30983
163.55,13.908,-18.1061,-1.30943
163.6,13.9024,-18.1133,-1.30936
163.65,13.8904,-18.1269,-1.30992
163.7,13.8897,-18.1293,-1.30937
163.75,13.8816,-18.139,-1.30955
163.8,13.8848,-18.1374,-1.30859
163.85,13.8759,-18.1481,-1.30886
163.9,13.8684,-18.1572,-1.30897
163.95,13.8691,-18.1582,-1.30828
164,13.8611,-18.1678,-1.30844
164.05,13.8581,-18.1724,-1.30811
164.1,13.8514,-18.1809,-1.30815
164.15,13.8478,-18.1862,-1.30788
164.2,13.8472,-18.1884,-1.30731
164.25,13.8427,-18.1946,-1.30713
164.3,13.8329,-18.206,-1.30748
164.35,13.8302,-18.2104,-1.30712
164.4,13.8219,-18.2203,-1.30732
164.45,13.8226,-18.2213,-1.30662
164.5,13.8183,-18.2273,-1.30642
164.55,13.8093,-18.238,-1.30669
164.6,13.8044,-18.2445,-1.30655
164.65,13.8012,-18.2495,-1.30625
164.7,13.8019,-18.2505,-1.30555
164.75,13.7949,-18.2592,-1.30563
164.8,13.7903,-18.2654,-1.30545
164.85,13.7823,-18.2751,-1.30563
164.9,13.7759,-18.2832,-1.30564
164.95,13.7725,-18.2883,-1.30535
165,13.7663,-18.2963,-1.30535
165.05,13.7683,-18.296,-1.30452
165.1,13.7575,-18.3086,-1.30499
165.15,13.7603,-18.3074,-1.30407
165.2,13.7552,-18.3143,-1.30397
165.25,13.7483,-18.323,-1.30404
165.3,13.7478,-18.3253,-1.30347
165.35,13.7405,-18.3342,-1.30357
165.4,13.7393,-18.3372,-1.30308
165.45,13.7261,-18.3522,-1.30379
165.5,13.7242,-18.3559,-1.30336
165.55,13.7197,-18.3622,-1.30319
165.6,13.7181,-18.3655,-1.30273
165.65,13.7141,-18.3712,-1.30252
165.7,13.7106,-18.3765,-1.30226
165.75,13.703,-18.3858,-1.3024
165.8,13.6992,-18.3914,-1.30217
165.85,13.6905,-18.4018,-1.30243
165.9,13.6949,-18.3991,-1.30138
165.95,13.6873,-18.4083,-1.30152
166,13.684,-18.4134,-1.30124
166.05,13.6786,-18.4205,-1.30117
166.1,13.6766,-18.4241,-1.30076
166.15,13.6629,-18.4395,-1.30151
166.2,13.6589,-18.4452,-1.30131
166.25,13.6622,-18.4436,-1.30037
166.3,13.656,-18.4514,-1.30037
166.35,13.652,-18.4571,-1.30017
166.4,13.6418,-18.469,-1.30058
166.45,13.6438,-18.4686,-1.29977
166.5,13.6409,-18.4732,-1.29945
166.55,13.6289,-18.4868,-1.30003
166.6,13.6274,-18.4899,-1.29957
166.65,13.6181,-18.5008,-1.29989
166.7,13.6134,-18.5071,-1.29975
166.75,13.6112,-18.511,-1.29936
166.8,13.6094,-18.5144,-1.29893
166.85,13.6087,-18.5167,-1.29839
166.9,13.6037,-18.5233,-1.29828
166.95,13.5951,-18.5335,-1.29853
167,13.5955,-18.5346,-1.29787
167.05,13.583,-18.5487,-1.2985
167.1,13.5843,-18.549,-1.29777
167.15,13.5776,-18.5572,-1.29782
167.2,13.5756,-18.5608,-1.29741
167.25,13.5677,-18.5702,-1.29758
167.3,13.5579,-18.5815,-1.29795
167.35,13.5564,-18.5846,-1.29748
167.4,13.5544,-18.5881,-1.29708
167.45,13.5534,-18.5906,-1.29655
167.5,13.5489,-18.5967,-1.2964
167.55,13.5379,-18.6091,-1.29687
167.6,13.5361,-18.6124,-1.29644
167.65,13.5341,-18.616,-1.29603
167.7,13.524,-18.6276,-1.29642
167.75,13.5226,-18.6305,-1.29594
167.8,13.5183,-18.6362,-1.29575
167.85,13.5066,-18.6494,-1.29631
167.9,13.5056,-18.6518,-1.29578
167.95,13.5057,-18.6532,-1.29515
168,13.5005,-18.6599,-1.29506
168.05,13.4912,-18.6706,-1.29536
168.1,13.4838,-18.6795,-1.29548
168.15,13.4816,-18.6831,-1.29508
168.2,13.4776,-18.6886,-1.29486
168.25,13.4701,-18.6976,-1.29499
168.3,13.4702,-18.6989,-1.29436
168.35,13.4689,-18.7016,-1.29386
168.4,13.4553,-18.7167,-1.29461
168.45,13.4549,-18.7185,-1.29402
168.5,13.4496,-18.7252,-1.29392
168.55,13.441,-18.7353,-1.29416
168.6,13.4428,-18.7349,-1.29336
168.65,13.4333,-18.7458,-1.29368
168.7,13.4326,-18.7479,-1.29312
168.75,13.427,-18.755,-1.29306
168.8,13.4243,-18.759,-1.2927
168.85,13.4184,-18.7663,-1.29266
168.9,13.4159,-18.7702,-1.29228
168.95,13.4059,-18.7817,-1.29266
169,13.4037,-18.7853,-1.29225
169.05,13.4013,-18.7891,-1.29186
169.1,13.395,-18.7968,-1.29187
169.15,13.3856,-18.8076,-1.29217
169.2,13.3858,-18.8088,-1.29152
169.25,13.3741,-18.8219,-1.29206
169.3,13.378,-18.8194,-1.29104
169.35,13.3686,-18.8301,-1.29135
169.4,13.3598,-18.8403,-1.2916
169.45,13.3575,-18.844,-1.29119
169.5,13.3529,-18.85,-1.29102
169.55,13.3535,-18.8507,-1.29033
169.6,13.3467,-18.8589,-1.29038
169.65,13.3394,-18.8676,-1.29047
169.7,13.3326,-18.8758,-1.29052
169.75,13.3265,-18.8833,-1.2905
169.8,13.3264,-18.8847,-1.28987
169.85,13.3244,-18.8881,-1.28944
169.9,13.3217,-18.8921,-1.28907
169.95,13.3127,-18.9025,-1.28933
170,13.3051,-18.9114,-1.28946
170.05,13.3019,-18.916,-1.28915
170.1,13.2989,-18.9203,-1.2888
170.15,13.2879,-18.9327,-1.28927
170.2,13.29,-18.9319,-1.28843
170.25,13.2811,-18.9422,-1.28868
170.3,13.2792,-18.9454,-1.28823
170.35,13.2733,-18.9526,-1.28818
170.4,13.2733,-18.9539,-1.28754
170.45,13.2637,-18.9649,-1.28786
170.5,13.2626,-18.9674,-1.28733
170.55,13.2552,-18.9761,-1.28744
170.6,13.2479,-18.9847,-1.28753
170.65,13.2452,-18.9888,-1.28716
170.7,13.2432,-18.9921,-1.28672
170.75,13.2309,-19.0057,-1.28731
170.8,13.2312,-19.0067,-1.28664
170.85,13.228,-19.0113,-1.28633
170.9,13.2211,-19.0195,-1.28638
170.95,13.2174,-19.0246,-1.28611
171,13.2166,-19.0267,-1.28554
171.05,13.2099,-19.0347,-1.28557
171.1,13.2016,-19.0444,-1.28577
171.15,13.1988,-19.0485,-1.28541
171.2,13.1896,-19.0591,-1.28569
171.25,13.1893,-19.0608,-1.28509
171.3,13.1851,-19.0663,-1.28487
171.35,13.1806,-19.0721,-1.28468
171.4,13.1731,-19.0811,-1.2848
171.45,13.171,-19.0845,-1.28437
171.5,13.1623,-19.0946,-1.2846
171.55,13.162,-19.0963,-1.284
171.6,13.1515,-19.1082,-1.28441
171.65,13.1547,-19.1063,-1.28346
171.7,13.1482,-19.1143,-1.28348
171.75,13.1446,-19.1193,-1.2832
171.8,13.1338,-19.1316,-1.28366
171.85,13.1301,-19.1366,-1.28339
171.9,13.1256,-19.1426,-1.28321
171.95,13.1196,-19.1501,-1.28318
172,13.1212,-19.15,-1.28239
172.05,13.1104,-19.1623,-1.28285
172.1,13.1118,-19.1624,-1.28207
172.15,13.111,-19.1647,-1.28153
172.2,13.1023,-19.175,-1.28178
172.25,13.0966,-19.1823,-1.28173
172.3,13.0882,-19.1922,-1.28194
172.35,13.0846,-19.1974,-1.28168
172.4,13.0805,-19.2031,-1.28148
172.45,13.0801,-19.2051,-1.2809
172.5,13.0775,-19.2092,-1.28054
172.55,13.0675,-19.2209,-1.28094
172.6,13.0652,-19.2249,-1.28056
172.65,13.0591,-19.2326,-1.28056
172.7,13.061,-19.2323,-1.27976
172.75,13.0542,-19.2407,-1.27983
172.8,13.0525,-19.2441,-1.2794
172.85,13.045,-19.2532,-1.27955
172.9,13.0386,-19.2613,-1.27959
172.95,13.0441,-19.2575,-1.27844
173,13.0392,-19.264,-1.27833
173.05,13.0288,-19.2761,-1.27878
173.1,13.0286,-19.278,-1.2782
173.15,13.028,-19.2803,-1.27768
173.2,13.0155,-19.2945,-1.27834
173.25,13.0134,-19.2983,-1.27797
173.3,13.0138,-19.2995,-1.27734
173.35,13.005,-19.31,-1.27763
173.4,13.0039,-19.3128,-1.27717
173.45,13.0043,-19.3141,-1.27655
173.5,12.9941,-19.326,-1.27699
173.55,12.989,-19.3327,-1.27693
173.6,12.983,-19.3404,-1.27696
173.65,12.9886,-19.3365,-1.27583
173.7,12.977,-19.3497,-1.27642
173.75,12.9766,-19.3518,-1.27589
173.8,12.9708,-19.3592,-1.2759
173.85,12.9653,-19.3664,-1.27589
173.9,12.9655,-19.3678,-1.27531
173.95,12.9599,-19.3751,-1.2753
174,12.9582,-19.3784,-1.27491
174.05,12.9502,-19.3881,-1.27516
174.1,12.9488,-19.3912,-1.27474
174.15,12.949,-19.3926,-1.27416
174.2,12.9391,-19.4042,-1.2746
174.25,12.9337,-19.4113,-1.27458
174.3,12.9314,-19.4153,-1.27427
174.35,12.9239,-19.4244,-1.27446
174.4,12.9251,-19.4248,-1.27379
174.45,12.9204,-19.4312,-1.27371
174.5,12.9125,-19.4408,-1.27396
174.55,12.9128,-19.4422,-1.27339
174.6,12.9116,-19.4449,-1.27296
174.65,12.9075,-19.4507,-1.27283
174.7,12.9012,-19.4587,-1.27292
174.75,12.9015,-19.4599,-1.27235
174.8,12.8992,-19.4639,-1.27204
174.85,12.8873,-19.4774,-1.27269
174.9,12.8829,-19.4835,-1.2726
174.95,12.8834,-19.4845,-1.27201
175,12.8758,-19.4937,-1.27224
175.05,12.8751,-19.496,-1.27177
175.1,12.8745,-19.4983,-1.2713
175.15,12.8649,-19.5095,-1.27174
175.2,12.8638,-19.5122,-1.27131
175.25,12.8556,-19.522,-1.2716
175.3,12.8595,-19.5197,-1.27068
175.35,12.8566,-19.5241,-1.27044
175.4,12.8468,-19.5355,-1.2709
175.45,12.8448,-19.539,-1.27057
175.5,12.8403,-19.5451,-1.2705
175.55,12.8327,-19.5543,-1.27074
175.6,12.8366,-19.5519,-1.26983
175.65,12.8345,-19.5556,-1.26951
175.7,12.821,-19.5706,-1.27034
175.75,12.819,-19.5742,-1.27003
175.8,12.8154,-19.5794,-1.26987
175.85,12.8134,-19.5829,-1.26954
175.9,12.8078,-19.5901,-1.26959
175.95,12.8092,-19.5902,-1.26892
176,12.8064,-19.5946,-1.26869
176.05,12.7967,-19.6058,-1.26915
176.1,12.7923,-19.6117,-1.26907
176.15,12.7922,-19.6134,-1.26856
176.2,12.7922,-19.6149,-1.26805
176.25,12.7854,-19.6232,-1.26822
176.3,12.7796,-19.6307,-1.26829
176.35,12.7812,-19.6306,-1.26762
176.4,12.7763,-19.637,-1.2676
176.45,12.7699,-19.645,-1.26773
176.5,12.7658,-19.6506,-1.26763
176.55,12.7671,-19.6508,-1.26699
176.6,12.7637,-19.6557,-1.26682
176.65,12.7528,-19.6681,-1.26742
176.7,12.7481,-19.6742,-1.26738
176.75,12.7474,-19.6764,-1.26695
176.8,12.742,-19.6833,-1.26699
176.85,12.745,-19.6817,-1.26618
176.9,12.7352,-19.693,-1.26667
176.95,12.7338,-19.6959,-1.26631
177,12.7287,-19.7024,-1.26631
177.05,12.7282,-19.7044,-1.26587
177.1,12.723,-19.7111,-1.26589
177.15,12.7157,-19.7199,-1.26613
177.2,12.7168,-19.7201,-1.26551
177.25,12.7119,-19.7265,-1.26551
177.3,12.7064,-19.7335,-1.26556
177.35,12.7078,-19.7336,-1.26493
177.4,12.7047,-19.7381,-1.26474
177.45,12.6973,-19.7469,-1.26499
177.5,12.6939,-19.7518,-1.26483
177.55,12.6917,-19.7554,-1.26455
177.6,12.6883,-19.7602,-1.2644
177.65,12.6843,-19.7657,-1.26431
177.7,12.6758,-19.7756,-1.26467
177.75,12.676,-19.7768,-1.26415
177.8,12.6688,-19.7854,-1.26439
177.85,12.668,-19.7876,-1.26398
177.9,12.6634,-19.7935,-1.26394
177.95,12.6649,-19.7934,-1.2633
178,12.6612,-19.7984,-1.26318
178.05,12.6561,-19.8049,-1.2632
178.1,12.6526,-19.8098,-1.26307
178.15,12.6491,-19.8145,-1.26293
178.2,12.6467,-19.8183,-1.26268
178.25,12.6422,-19.8241,-1.26264
178.3,12.6317,-19.8359,-1.26321
178.35,12.6276,-19.8413,-1.26313
178.4,12.6299,-19.8403,-1.26241
178.45,12.6232,-19.8483,-1.26259
178.5,12.6213,-19.8514,-1.26229
178.55,12.6222,-19.8518,-1.26172
178.6,12.6087,-19.8666,-1.26258
178.65,12.6053,-19.8713,-1.26243
178.7,12.6026,-19.8753,-1.26222
178.75,12.6039,-19.8752,-1.26161
178.8,12.5992,-19.8812,-1.26159
178.85,12.5945,-19.8871,-1.26157
178.9,12.5909,-19.892,-1.26145
178.95,12.5868,-19.8974,-1.26137
179,12.5884,-19.8971,-1.26073
179.05,12.585,-19.9017,-1.26058
179.1,12.5723,-19.9156,-1.26136
179.15,12.5741,-19.9152,-1.2607
179.2,12.5703,-19.9203,-1.2606
179.25,12.5626,-19.9291,-1.26088
179.3,12.5582,-19.9349,-1.26084
179.35,12.5608,-19.9335,-1.26009
179.4,12.5559,-19.9396,-1.26009
179.45,12.5505,-19.9464,-1.26016
179.5,12.5481,-19.9499,-1.25991
179.55,12.5432,-19.9561,-1.25992
179.6,12.5363,-19.9643,-1.26013
179.65,12.534,-19.9678,-1.25988
179.7,12.5293,-19.9738,-1.25987
179.75,12.5235,-19.9807,-1.25996
179.8,12.5204,-19.9851,-1.2598
179.85,12.5187,-19.9879,-1.25948
179.9,12.5124,-19.9954,-1.25963
179.95,12.5152,-19.9939,-1.25887
180,12.5105,-19.9997,-1.25886
180.05,12.506,-20.0054,-1.25883
180.1,12.5032,-20.0093,-1.25862
180.15,12.4986,-20.015,-1.25859
180.2,12.4943,-20.0205,-1.25854
180.25,12.4924,-20.0235,-1.25824
180.3,12.4829,-20.0342,-1.25871
180.35,12.4775,-20.0406,-1.25875
180.4,12.4746,-20.0446,-1.25855
180.45,12.4751,-20.0452,-1.25801
180.5,12.4693,-20.0521,-1.25809
180.55,12.4617,-20.0608,-1.25836
180.6,12.4624,-20.0612,-1.25779
180.65,12.4576,-20.0671,-1.25778
180.7,12.4553,-20.0704,-1.25751
180.75,12.4459,-20.0809,-1.25795
180.8,12.4471,-20.0808,-1.25733
180.85,12.434,-20.0949,-1.25814
180.9,12.4307,-20.0992,-1.25796
180.95,12.4307,-20.1002,-1.25745
181,12.4259,-20.1061,-1.25743
181.05,12.4239,-20.109,-1.25711
181.1,12.4127,-20.1212,-1.25773
181.15,12.4146,-20.1203,-1.25702
181.2,12.4042,-20.1317,-1.25755
181.25,12.402,-20.1349,-1.25725
181.3,12.4019,-20.1359,-1.25674
181.35,12.3922,-20.1466,-1.2572
181.4,12.3921,-20.1476,-1.25668
181.45,12.3897,-20.151,-1.2564
181.5,12.3865,-20.1551,-1.25619
181.55,12.3757,-20.1668,-1.25674
181.6,12.3727,-20.1707,-1.25652
181.65,12.3708,-20.1736,-1.25618
181.7,12.3694,-20.1758,-1.25579
181.75,12.3561,-20.1901,-1.25659
181.8,12.3563,-20.1907,-1.25603
181.85,12.3494,-20.1985,-1.25618
181.9,12.3448,-20.204,-1.2561
181.95,12.3462,-20.2033,-1.25542
182,12.3339,-20.2165,-1.25611
182.05,12.3376,-20.2137,-1.2552
182.1,12.3255,-20.2265,-1.25586
182.15,12.3281,-20.2248,-1.25505
182.2,12.321,-20.2326,-1.25521
182.25,12.3209,-20.2336,-1.25467
182.3,12.3081,-20.2471,-1.25539
182.35,12.3064,-20.2495,-1.25501
182.4,12.2974,-20.2593,-1.25535
182.45,12.2957,-20.2618,-1.25496
182.5,12.2883,-20.27,-1.25515
182.55,12.2887,-20.2704,-1.25455
182.6,12.2793,-20.2805,-1.25492
182.65,12.275,-20.2857,-1.25479
182.7,12.2716,-20.2898,-1.25456
182.75,12.2662,-20.2961,-1.25455
182.8,12.2639,-20.2991,-1.25421
182.85,12.2648,-20.299,-1.25354
182.9,12.2539,-20.3106,-1.25407
182.95,12.2559,-20.3094,-1.2533
183,12.2487,-20.3173,-1.25344
183.05,12.239,-20.3278,-1.25384
183.1,12.2346,-20.333,-1.25371
183.15,12.2388,-20.3295,-1.25271
183.2,12.2317,-20.3375,-1.25286
183.25,12.2204,-20.3496,-1.25341
183.3,12.2257,-20.345,-1.2523
183.35,12.2133,-20.3583,-1.25297
183.4,12.2096,-20.3629,-1.25276
183.45,12.2048,-20.3685,-1.25266
183.5,12.1984,-20.3758,-1.25273
183.55,12.1969,-20.3782,-1.2523
183.6,12.1903,-20.3857,-1.25238
183.65,12.1863,-20.3905,-1.25221
183.7,12.1819,-20.3958,-1.25207
183.75,12.1827,-20.3958,-1.25141
183.8,12.1731,-20.4064,-1.25179
183.85,12.1705,-20.4098,-1.25148
183.9,12.1641,-20.417,-1.25153
183.95,12.16,-20.422,-1.25137
184,12.1602,-20.4227,-1.25077
184.05,12.151,-20.4328,-1.25112
184.1,12.1517,-20.4329,-1.25046
184.15,12.1471,-20.4384,-1.25035
184.2,12.138,-20.4483,-1.25068
184.25,12.1399,-20.4472,-1.2499
184.3,12.1343,-20.4537,-1.24989
184.35,12.1274,-20.4614,-1.24999
184.4,12.1249,-20.4648,-1.24967
184.45,12.1229,-20.4676,-1.24928
184.5,12.1127,-20.4787,-1.24973
184.55,12.1076,-20.4847,-1.24966
184.6,12.1106,-20.4826,-1.24878
184.65,12.1005,-20.4936,-1.2492
184.7,12.0943,-20.5008,-1.24925
184.75,12.0946,-20.5014,-1.24864
184.8,12.0877,-20.5092,-1.24875
184.85,12.0813,-20.5165,-1.24882
184.9,12.0836,-20.5151,-1.248
184.95,12.0775,-20.5221,-1.24804
185,12.0708,-20.5298,-1.24813
185.05,12.0711,-20.5304,-1.24752
185.1,12.068,-20.5345,-1.24726
185.15,12.0591,-20.5444,-1.24758
185.2,12.0598,-20.5446,-1.24693
185.25,12.0467,-20.5587,-1.24767
185.3,12.0431,-20.5633,-1.24745
185.35,12.0386,-20.5687,-1.24733
185.4,12.0373,-20.571,-1.24689
185.45,12.0318,-20.5775,-1.24687
185.5,12.0276,-20.5827,-1.24672
185.55,12.0307,-20.5804,-1.24583
185.6,12.0203,-20.5918,-1.24631
185.65,12.0213,-20.5917,-1.24564
185.7,12.0143,-20.5997,-1.24577
185.75,12.0092,-20.6057,-1.24571
185.8,12.0066,-20.6093,-1.24541
185.85,11.9983,-20.6184,-1.24567
185.9,12.0008,-20.6169,-1.24485
185.95,11.9901,-20.6286,-1.24536
186,11.9843,-20.6353,-1.24537
186.05,11.981,-20.6396,-1.24514
186.1,11.9796,-20.642,-1.24472
186.15,11.9811,-20.6414,-1.244
186.2,11.972,-20.6515,-1.24435
186.25,11.9685,-20.6559,-1.24414
186.3,11.9647,-20.6607,-1.24396
186.35,11.963,-20.6634,-1.24357
186.4,11.9574,-20.6699,-1.24357
186.45,11.9502,-20.678,-1.24373
186.5,11.9467,-20.6825,-1.24353
186.55,11.9486,-20.6816,-1.24278
186.6,11.9359,-20.6952,-1.24349
186.65,11.9334,-20.6986,-1.24319
186.7,11.9306,-20.7024,-1.24291
186.75,11.9229,-20.7111,-1.24313
186.8,11.9215,-20.7135,-1.24272
186.85,11.9192,-20.7167,-1.24239
186.9,11.9112,-20.7257,-1.24264
186.95,11.9125,-20.7253,-1.24196
187,11.9088,-20.7299,-1.24177
187.05,11.9007,-20.739,-1.24204
187.1,11.8993,-20.7413,-1.24162
187.15,11.8993,-20.7422,-1.24107
187.2,11.8863,-20.7561,-1.24182
187.25,11.8821,-20.7612,-1.24169
187.3,11.8811,-20.7631,-1.24124
187.35,11.8797,-20.7654,-1.24083
187.4,11.8714,-20.7746,-1.24111
187.45,11.867,-20.7799,-1.241
187.5,11.869,-20.7788,-1.24025
187.55,11.859,-20.7897,-1.24071
187.6,11.8553,-20.7942,-1.24052
187.65,11.8499,-20.8005,-1.24051
187.7,11.8455,-20.8058,-1.24041
187.75,11.8468,-20.8054,-1.23973
187.8,11.8421,-20.8109,-1.23965
187.85,11.838,-20.816,-1.23952
187.9,11.8317,-20.8231,-1.23959
187.95,11.8256,-20.8301,-1.23965
188,11.8284,-20.8282,-1.23882
188.05,11.8228,-20.8348,-1.23883
188.1,11.8128,-20.8457,-1.23928
188.15,11.8071,-20.8524,-1.23931
188.2,11.8032,-20.8573,-1.23915
188.25,11.8046,-20.8569,-1.23847
188.3,11.7953,-20.8671,-1.23885
188.35,11.794,-20.8694,-1.23843
188.4,11.7873,-20.8771,-1.23856
188.45,11.7841,-20.8813,-1.23834
188.5,11.7882,-20.8782,-1.23738
188.55,11.7819,-20.8854,-1.23746
188.6,11.7748,-20.8936,-1.23764
188.65,11.7717,-20.8977,-1.2374
188.7,11.7697,-20.9007,-1.23707
188.75,11.7637,-20.9077,-1.23713
188.8,11.7605,-20.9119,-1.23691
188.85,11.7616,-20.9118,-1.23626
188.9,11.7484,-20.926,-1.23705
188.95,11.751,-20.9244,-1.23626
189,11.7419,-20.9344,-1.23663
189.05,11.7449,-20.9325,-1.2358
189.1,11.7417,-20.9367,-1.23559
189.15,11.7333,-20.9461,-1.2359
189.2,11.7251,-20.9553,-1.23619
189.25,11.7217,-20.9597,-1.236
189.3,11.7188,-20.9636,-1.23575
189.35,11.7202,-20.9632,-1.23509
189.4,11.7168,-20.9676,-1.2349
189.45,11.7119,-20.9736,-1.23487
189.5,11.7112,-20.9752,-1.23441
189.55,11.7047,-20.9827,-1.23454
189.6,11.6981,-20.9902,-1.23467
189.65,11.6916,-20.9978,-1.23481
189.7,11.6934,-20.997,-1.23411
189.75,11.6869,-21.0044,-1.23423
189.8,11.6858,-21.0066,-1.23383
189.85,11.6824,-21.011,-1.23365
189.9,11.6786,-21.0158,-1.2335
189.95,11.6748,-21.0206,-1.23337
190,11.6721,-21.0243,-1.23312
190.05,11.6665,-21.031,-1.23317
190.1,11.6602,-21.0382,-1.23327
190.15,11.6543,-21.0452,-1.23335
190.2,11.6495,-21.051,-1.23331
190.25,11.6451,-21.0564,-1.23323
190.3,11.6471,-21.0554,-1.23252
190.35,11.6432,-21.0604,-1.2324
190.4,11.6338,-21.0708,-1.23283
190.45,11.6364,-21.0691,-1.23205
190.5,11.629,-21.0776,-1.23229
190.55,11.6245,-21.0831,-1.23223
190.6,11.624,-21.0847,-1.23177
190.65,11.6172,-21.0925,-1.23194
190.7,11.6181,-21.0926,-1.23134
190.75,11.6132,-21.0985,-1.23133
190.8,11.6068,-21.1059,-1.23146
190.85,11.6088,-21.1049,-1.23076
190.9,11.5991,-21.1157,-1.23123
190.95,11.5932,-21.1226,-1.23132
191,11.5939,-21.1228,-1.23074
191.05,11.5874,-21.1304,-1.2309
191.1,11.5888,-21.1299,-1.23025
191.15,11.577,-21.1428,-1.23094
191.2,11.5778,-21.143,-1.23036
191.25,11.575,-21.1468,-1.23014
191.3,11.5706,-21.1522,-1.23008
191.35,11.5642,-21.1596,-1.23022
191.4,11.5618,-21.1629,-1.22995
191.45,11.5575,-21.1682,-1.22988
191.5,11.5511,-21.1757,-1.23003
191.55,11.5499,-21.1779,-1.22966
191.6,11.5437,-21.1851,-1.22977
191.65,11.5449,-21.185,-1.22917
191.7,11.5415,-21.1894,-1.22901
191.75,11.5343,-21.1975,-1.22923
191.8,11.5348,-21.198,-1.22869
191.85,11.5272,-21.2067,-1.22896
191.9,11.5298,-21.2051,-1.22821
191.95,11.5247,-21.2112,-1.22822
192,11.5135,-21.2234,-1.22885
192.05,11.5124,-21.2255,-1.22847
192.1,11.5066,-21.2323,-1.22855
192.15,11.5086,-21.2313,-1.22786
192.2,11.5045,-21.2364,-1.22778
192.25,11.5035,-21.2384,-1.22739
192.3,11.4944,-21.2486,-1.22781
192.35,11.4877,-21.2562,-1.22799
192.4,11.4923,-21.2526,-1.22704
192.45,11.4872,-21.2587,-1.22706
192.5,11.4784,-21.2685,-1.22745
192.55,11.4777,-21.2702,-1.22703
192.6,11.4699,-21.279,-1.22733
192.65,11.4664,-21.2835,-1.22719
192.7,11.4676,-21.2832,-1.22658
192.75,11.4644,-21.2874,-1.22642
192.8,11.4618,-21.2909,-1.2262
192.85,11.4523,-21.3014,-1.22666
192.9,11.4563,-21.2983,-1.22578
192.95,11.4451,-21.3105,-1.22643
193,11.445,-21.3116,-1.22596
193.05,11.4462,-21.3112,-1.22535
193.1,11.4374,-21.321,-1.22575
193.15,11.4349,-21.3244,-1.22553
193.2,11.4309,-21.3293,-1.22544
193.25,11.4225,-21.3386,-1.22581
193.3,11.4266,-21.3354,-1.22492
193.35,11.4169,-21.3461,-1.22541
193.4,11.4146,-21.3493,-1.22516
193.45,11.415,-21.3498,-1.22464
193.5,11.4139,-21.3518,-1.22428
193.55,11.404,-21.3626,-1.22479
193.6,11.3969,-21.3706,-1.22502
193.65,11.3937,-21.3747,-1.22487
193.7,11.3893,-21.38,-1.22483
193.75,11.3917,-21.3784,-1.22411
193.8,11.3909,-21.38,-1.22371
193.85,11.381,-21.3908,-1.22423
193.9,11.3802,-21.3924,-1.22383
193.95,11.3776,-21.3958,-1.22361
194,11.3761,-21.3982,-1.22329
194.05,11.37,-21.4051,-1.22342
194.1,11.3602,-21.4157,-1.22392
194.15,11.3643,-21.4124,-1.22303
194.2,11.3582,-21.4192,-1.22316
194.25,11.3531,-21.4251,-1.22319
194.3,11.3475,-21.4315,-1.22327
194.35,11.3424,-21.4374,-1.2233
194.4,11.3413,-21.4392,-1.22292
194.45,11.3332,-21.448,-1.22324
194.5,11.3305,-21.4515,-1.22304
194.55,11.3229,-21.4597,-1.2233
194.6,11.3197,-21.4637,-1.22313
194.65,11.3218,-21.4623,-1.22244
194.7,11.3154,-21.4694,-1.22259
194.75,11.3119,-21.4736,-1.22245
194.8,11.3092,-21.477,-1.22222
194.85,11.3004,-21.4864,-1.2226
194.9,11.3009,-21.4867,-1.22206
194.95,11.2894,-21.4988,-1.22271
195,11.2847,-21.5042,-1.22268
195.05,11.2877,-21.5019,-1.22188
195.1,11.28,-21.5102,-1.22215
195.15,11.2719,-21.5189,-1.22245
195.2,11.2753,-21.5162,-1.2216
195.25,11.2669,-21.5252,-1.22193
195.3,11.265,-21.5277,-1.22161
195.35,11.2614,-21.532,-1.22147
195.4,11.2568,-21.5371,-1.2214
195.45,11.248,-21.5465,-1.22177
195.5,11.2456,-21.5495,-1.2215
195.55,11.2434,-21.5523,-1.2212
195.6,11.2324,-21.5638,-1.22177
195.65,11.2341,-21.5626,-1.22108
195.7,11.23,-21.5673,-1.22096
195.75,11.2269,-21.5709,-1.22074
195.8,11.2176,-21.5808,-1.22115
195.85,11.2118,-21.5871,-1.22119
195.9,11.2077,-21.5918,-1.22107
195.95,11.2013,-21.5986,-1.22117
196,11.2016,-21.5989,-1.22061
196.05,11.1988,-21.6022,-1.22035
196.1,11.189,-21.6125,-1.22079
196.15,11.1902,-21.6118,-1.22013
196.2,11.1837,-21.6188,-1.22024
196.25,11.1817,-21.6213,-1.21989
196.3,11.1736,-21.6299,-1.22015
196.35,11.1686,-21.6355,-1.22011
196.4,11.1622,-21.6425,-1.22021
196.45,11.1588,-21.6464,-1.21999
196.5,11.1567,-21.6491,-1.21966
196.55,11.15,-21.6564,-1.21978
196.6,11.144,-21.663,-1.21982
196.65,11.1386,-21.669,-1.21981
196.7,11.1382,-21.67,-1.2193
196.75,11.13,-21.6789,-1.21956
196.8,11.1307,-21.6789,-1.21894
196.85,11.1229,-21.6874,-1.21917
196.9,11.1156,-21.6955,-1.21935
196.95,11.1162,-21.6956,-1.21873
197,11.1141,-21.6984,-1.21839
197.05,11.1088,-21.7044,-1.21837
197.1,11.1017,-21.7123,-1.21852
197.15,11.1031,-21.7117,-1.21784
197.2,11.094,-21.7216,-1.2182
197.25,11.0872,-21.7291,-1.21833
197.3,11.09,-21.7271,-1.2175
197.35,11.086,-21.732,-1.21736
197.4,11.0779,-21.7409,-1.21762
197.45,11.0711,-21.7485,-1.21776
197.5,11.0651,-21.7553,-1.21781
197.55,11.0619,-21.7594,-1.21759
197.6,11.0569,-21.7653,-1.21755
197.65,11.0558,-21.7672,-1.21711
197.7,11.0483,-21.7756,-1.21731
197.75,11.0514,-21.7734,-1.21646
197.8,11.043,-21.7827,-1.21676
197.85,11.042,-21.7845,-1.21631
197.9,11.0347,-21.7928,-1.2165
197.95,11.0344,-21.794,-1.21599
198,11.0246,-21.8046,-1.21642
198.05,11.0297,-21.8005,-1.21538
198.1,11.0172,-21.8139,-1.21609
198.15,11.0159,-21.8162,-1.21568
198.2,11.0099,-21.8231,-1.21574
198.25,11.0114,-21.8225,-1.21506
198.3,11.0063,-21.8286,-1.21503
198.35,11.0053,-21.8305,-1.2146
198.4,10.9933,-21.8435,-1.21526
198.45,10.9951,-21.8427,-1.21455
198.5,10.989,-21.8497,-1.21462
198.55,10.9892,-21.8505,-1.21408
198.6,10.9798,-21.8608,-1.21448
198.65,10.9809,-21.8607,-1.21384
198.7,10.9767,-21.8659,-1.21374
198.75,10.9724,-21.8711,-1.21363
198.8,10.971,-21.8735,-1.21325
198.85,10.9638,-21.8816,-1.21344
198.9,10.9598,-21.8866,-1.21332
198.95,10.9545,-21.8928,-1.21333
199,10.9548,-21.8935,-1.21278
199.05,10.9491,-21.9002,-1.21283
199.1,10.9447,-21.9055,-1.21274
199.15,10.9442,-21.907,-1.21228
199.2,10.9415,-21.9106,-1.21203
199.25,10.9339,-21.9192,-1.21228
199.3,10.9305,-21.9235,-1.2121
199.35,10.9236,-21.9314,-1.21228
199.4,10.9191,-21.9369,-1.21222
199.45,10.9224,-21.9345,-1.21138
199.5,10.9193,-21.9386,-1.21118
199.55,10.909,-21.9498,-1.2117
199.6,10.9114,-21.9484,-1.21096
199.65,10.8996,-21.9611,-1.21163
199.7,10.902,-21.9597,-1.21089
199.75,10.8924,-21.9702,-1.21134
199.8,10.8961,-21.9675,-1.21047
199.85,10.8873,-21.9773,-1.21086
199.9,10.8907,-21.9748,-1.21002
199.95,10.8863,-21.9801,-1.20996
200,10.8831,-21.9842,-1.20978
200.05,10.8744,-21.994,-1.21016
200.1,10.8739,-21.9954,-1.20971
200.15,10.8652,-22.005,-1.21009
200.2,10.8614,-22.0098,-1.20998
200.25,10.8605,-22.0116,-1.20958
200.3,10.8614,-22.0116,-1.209
200.35,10.8499,-22.0241,-1.20967
200.4,10.8555,-22.0194,-1.20862
200.45,10.8461,-22.0298,-1.20907
200.5,10.843,-22.0338,-1.2089
200.55,10.8427,-22.0351,-1.20845
200.6,10.8412,-22.0375,-1.20812
200.65,10.8375,-22.0422,-1.20801
200.7,10.8303,-22.0503,-1.20825
200.75,10.8299,-22.0517,-1.20781
200.8,10.8222,-22.0602,-1.2081
200.85,10.8154,-22.068,-1.20831
200.9,10.8117,-22.0726,-1.2082
200.95,10.8131,-22.0721,-1.20758
201,10.8133,-22.0728,-1.20708
201.05,10.8101,-22.0769,-1.20693
201.1,10.8049,-22.083,-1.20697
201.15,10.8012,-22.0876,-1.20687
201.2,10.7998,-22.0899,-1.20654
201.25,10.7907,-22.0999,-1.20698
201.3,10.791,-22.1005,-1.20648
201.35,10.7869,-22.1054,-1.20641
201.4,10.7826,-22.1106,-1.20638
201.45,10.7798,-22.1142,-1.20618
201.5,10.775,-22.1198,-1.20619
201.55,10.771,-22.1246,-1.20612
201.6,10.7731,-22.1234,-1.20545
201.65,10.7614,-22.1359,-1.20615
201.7,10.7623,-22.1358,-1.20559
201.75,10.7541,-22.1448,-1.20595
201.8,10.7551,-22.1446,-1.20538
201.85,10.7504,-22.15,-1.20538
201.9,10.7442,-22.157,-1.20554
201.95,10.7444,-22.1576,-1.20505
202,10.7439,-22.1588,-1.20464
202.05,10.7382,-22.1653,-1.20475
202.1,10.7316,-22.1726,-1.20495
202.15,10.7332,-22.1718,-1.20433
202.2,10.7273,-22.1784,-1.20446
202.25,10.7271,-22.1794,-1.20402
202.3,10.7218,-22.1854,-1.2041
202.35,10.7218,-22.1861,-1.20364
202.4,10.7182,-22.1904,-1.20354
202.45,10.7127,-22.1965,-1.20363
202.5,10.7077,-22.2022,-1.20368
202.55,10.7077,-22.2028,-1.20322
202.6,10.7025,-22.2088,-1.20329
202.65,10.6958,-22.2161,-1.20351
202.7,10.6955,-22.217,-1.20308
202.75,10.6924,-22.2208,-1.20295
202.8,10.6899,-22.2239,-1.20274
202.85,10.6834,-22.231,-1.20294
202.9,10.6796,-22.2354,-1.20287
202.95,10.6762,-22.2394,-1.20276
203,10.6803,-22.2359,-1.2019
203.05,10.6751,-22.2417,-1.20198
203.1,10.6711,-22.2463,-1.20193
203.15,10.6706,-22.2474,-1.20154
203.2,10.667,-22.2516,-1.20146
203.25,10.6573,-22.2619,-1.20198
203.3,10.6619,-22.2578,-1.20108
203.35,10.6526,-22.2677,-1.20157
203.4,10.6516,-22.2693,-1.20123
203.45,10.6534,-22.2681,-1.20062
203.5,10.6476,-22.2744,-1.20075
203.55,10.6394,-22.2832,-1.20114
203.6,10.6387,-22.2844,-1.20077
203.65,10.6396,-22.2839,-1.20023
203.7,10.6363,-22.2878,-1.20014
203.75,10.633,-22.2916,-1.20002
203.8,10.627,-22.2981,-1.20019
203.85,10.6215,-22.3041,-1.2003
203.9,10.6216,-22.3045,-1.19986
203.95,10.6152,-22.3114,-1.20007
204,10.6175,-22.3095,-1.1994
204.05,10.6157,-22.3117,-1.19914
204.1,10.6126,-22.3153,-1.19903
204.15,10.6029,-22.3255,-1.19957
204.2,10.6076,-22.3212,-1.19867
204.25,10.5973,-22.3319,-1.19927
204.3,10.5976,-22.3321,-1.19881
204.35,10.5931,-22.3371,-1.19884
204.4,10.5894,-22.3412,-1.19877
204.45,10.5891,-22.342,-1.19839
204.5,10.5842,-22.3473,-1.19845
204.55,10.5777,-22.3543,-1.19868
204.6,10.5752,-22.3573,-1.19852
204.65,10.5795,-22.3535,-1.19767
204.7,10.5756,-22.3578,-1.19764
204.75,10.5727,-22.3612,-1.19752
204.8,10.5604,-22.3739,-1.19832
204.85,10.5643,-22.3704,-1.19751
204.9,10.5552,-22.38,-1.198
204.95,10.5551,-22.3805,-1.19759
205,10.554,-22.3821,-1.19729
205.05,10.5522,-22.3843,-1.19704
205.1,10.547,-22.39,-1.19715
205.15,10.5382,-22.3991,-1.19761
205.2,10.5405,-22.3973,-1.19696
205.25,10.535,-22.4032,-1.1971
205.3,10.5361,-22.4025,-1.19656
205.35,10.5355,-22.4035,-1.19621
205.4,10.5276,-22.4118,-1.19658
205.45,10.5219,-22.4179,-1.19673
205.5,10.5179,-22.4223,-1.19671
205.55,10.5154,-22.4252,-1.19654
205.6,10.511,-22.4299,-1.19656
205.65,10.507,-22.4344,-1.19655
205.7,10.5079,-22.4339,-1.19605
205.75,10.5013,-22.4408,-1.19628
205.8,10.5001,-22.4423,-1.19598
205.85,10.5043,-22.4385,-1.19514
205.9,10.4963,-22.4468,-1.19552
205.95,10.4946,-22.4489,-1.19528
206,10.4916,-22.4522,-1.19516
206.05,10.4919,-22.4522,-1.19471
206.1,10.4869,-22.4576,-1.19479
206.15,10.4846,-22.4602,-1.19461
206.2,10.4824,-22.4627,-1.19441
206.25,10.4768,-22.4686,-1.19455
206.3,10.4747,-22.471,-1.19435
206.35,10.4734,-22.4726,-1.19406
206.4,10.4648,-22.4814,-1.1945
206.45,10.4667,-22.4798,-1.19389
206.5,10.4583,-22.4884,-1.19431
206.55,10.4518,-22.4952,-1.19456
206.6,10.4551,-22.4922,-1.19381
206.65,10.4547,-22.4928,-1.19344
206.7,10.4425,-22.5052,-1.19423
206.75,10.4413,-22.5066,-1.19394
206.8,10.4386,-22.5096,-1.1938
206.85,10.4408,-22.5076,-1.19316
206.9,10.4321,-22.5165,-1.19362
206.95,10.4346,-22.5142,-1.19295
207,10.4241,-22.5249,-1.19358
207.05,10.4246,-22.5247,-1.19312
207.1,10.4177,-22.5317,-1.19339
207.15,10.4161,-22.5336,-1.19315
207.2,10.4156,-22.5343,-1.19278
207.25,10.4127,-22.5373,-1.19266
207.3,10.4075,-22.5427,-1.19276
207.35,10.4089,-22.5415,-1.19221
207.4,10.4033,-22.5473,-1.19236
207.45,10.4031,-22.5476,-1.19196
207.5,10.3959,-22.555,-1.19227
207.55,10.3903,-22.5608,-1.19242
207.6,10.3936,-22.5577,-1.19168
207.65,10.3843,-22.5671,-1.19219
207.7,10.3893,-22.5622,-1.19127
207.75,10.3833,-22.5684,-1.19147
207.8,10.3814,-22.5704,-1.19125
207.85,10.3773,-22.5746,-1.19124
207.9,10.3731,-22.579,-1.19125
207.95,10.3657,-22.5865,-1.19158
208,10.3666,-22.5857,-1.19107
208.05,10.3672,-22.5853,-1.1906
208.1,10.3563,-22.5962,-1.19127
208.15,10.3537,-22.599,-1.19112
208.2,10.357,-22.5958,-1.19037
208.25,10.3471,-22.6058,-1.19094
208.3,10.3464,-22.6066,-1.1906
208.35,10.34,-22.6131,-1.19082
208.4,10.3355,-22.6178,-1.19086
208.45,10.3392,-22.6142,-1.19007
208.5,10.3384,-22.6151,-1.18973
208.55,10.3265,-22.6271,-1.1905
208.6,10.3237,-22.63,-1.19036
208.65,10.3291,-22.6247,-1.1894
208.7,10.3186,-22.6353,-1.19004
208.75,10.3183,-22.6356,-1.18964
208.8,10.3139,-22.6401,-1.18967
208.85,10.3112,-22.6428,-1.18952
208.9,10.3055,-22.6486,-1.18968
208.95,10.3085,-22.6456,-1.18895
209,10.2989,-22.6553,-1.1895
209.05,10.299,-22.6552,-1.18906
209.1,10.2996,-22.6546,-1.18858
209.15,10.2963,-22.6579,-1.18849
209.2,10.2903,-22.6639,-1.18867
209.25,10.2892,-22.6651,-1.18836
209.3,10.2831,-22.6712,-1.18855
209.35,10.2785,-22.6759,-1.18859
209.4,10.2765,-22.6778,-1.18836
209.45,10.2694,-22.6849,-1.18865
209.5,10.2707,-22.6837,-1.1881
209.55,10.263,-22.6915,-1.18845
209.6,10.2596,-22.6948,-1.18836
209.65,10.2633,-22.6912,-1.18757
209.7,10.2562,-22.6983,-1.18785
209.75,10.2493,-22.7052,-1.18812
209.8,10.2464,-22.7082,-1.18799
209.85,10.2517,-22.7029,-1.18703
209.9,10.2416,-22.713,-1.18761
209.95,10.2373,-22.7173,-1.18763
210,10.2394,-22.7152,-1.18698
210.05,10.2318,-22.7228,-1.18733
210.1,10.2287,-22.726,-1.18721
210.15,10.2312,-22.7234,-1.18654
210.2,10.2222,-22.7324,-1.18701
210.25,10.2217,-22.7329,-1.18664
210.3,10.2173,-22.7373,-1.18666
210.35,10.217,-22.7376,-1.18626
210.4,10.2171,-22.7375,-1.18583
210.45,10.2101,-22.7444,-1.18611
210.5,10.2062,-22.7484,-1.18609
210.55,10.2098,-22.7447,-1.18531
210.6,10.206,-22.7484,-1.18526
210.65,10.1959,-22.7585,-1.18585
210.7,10.1993,-22.755,-1.18509
210.75,10.1928,-22.7615,-1.18532
210.8,10.1847,-22.7695,-1.18571
210.85,10.1854,-22.7688,-1.18523
210.9,10.1875,-22.7667,-1.1846
210.95,10.1807,-22.7734,-1.18486
211,10.1774,-22.7766,-1.18476
211.05,10.174,-22.78,-1.18469
211.1,10.1726,-22.7813,-1.1844
211.15,10.1692,-22.7847,-1.18432
211.2,10.1626,-22.7912,-1.18457
211.25,10.1572,-22.7965,-1.18468
211.3,10.16,-22.7936,-1.18398
211.35,10.1536,-22.8,-1.1842
211.4,10.1567,-22.7968,-1.18347
211.45,10.1525,-22.8009,-1.18347
211.5,10.1447,-22.8085,-1.18382
211.55,10.143,-22.8101,-1.18358
211.6,10.1442,-22.8088,-1.18304
211.65,10.1363,-22.8165,-1.18341
211.7,10.1302,-22.8225,-1.1836
211.75,10.1254,-22.8271,-1.18366
211.8,10.1301,-22.8222,-1.18277
211.85,10.1225,-22.8296,-1.1831
211.9,10.1205,-22.8314,-1.18287
211.95,10.1184,-22.8333,-1.18267
212,10.1168,-22.8347,-1.18241
212.05,10.1138,-22.8374,-1.18228
212.1,10.1083,-22.8426,-1.1824
212.15,10.1061,-22.8446,-1.1822
212.2,10.1061,-22.8443,-1.18177
212.25,10.0972,-22.8529,-1.18224
212.3,10.0916,-22.8582,-1.18237
212.35,10.0966,-22.8529,-1.18144
212.4,10.0914,-22.8577,-1.18152
212.45,10.0811,-22.8678,-1.18213
212.5,10.0824,-22.8662,-1.18156
212.55,10.0771,-22.8712,-1.18167
212.6,10.0764,-22.8716,-1.18131
212.65,10.0694,-22.8782,-1.18157
212.7,10.0737,-22.8736,-1.18071
212.75,10.0694,-22.8775,-1.18071
212.8,10.0601,-22.8864,-1.1812
212.85,10.0603,-22.8859,-1.18075
212.9,10.0526,-22.8932,-1.18108
212.95,10.0495,-22.896,-1.18096
213,10.0486,-22.8965,-1.18061
213.05,10.0463,-22.8985,-1.18041
213.1,10.0446,-22.8998,-1.18014
213.15,10.0381,-22.9059,-1.18035
213.2,10.031,-22.9127,-1.18062
213.25,10.0364,-22.9069,-1.17965
213.3,10.0282,-22.9147,-1.18003
213.35,10.029,-22.9136,-1.17951
213.4,10.0199,-22.9223,-1.17998
213.45,10.0229,-22.9189,-1.17924
213.5,10.0147,-22.9267,-1.17963
213.55,10.0172,-22.9238,-1.17894
213.6,10.0104,-22.9301,-1.17917
213.65,10.0098,-22.9303,-1.17879
213.7,10.0033,-22.9364,-1.179
213.75,9.99975,-22.9394,-1.17891
213.8,9.99344,-22.9453,-1.1791
213.85,9.99456,-22.9437,-1.17854
213.9,9.98929,-22.9485,-1.17862
213.95,9.98107,-22.9562,-1.179
214,9.98503,-22.9517,-1.17815
214.05,9.97427,-22.962,-1.17878
214.1,9.9739,-22.9618,-1.17837
214.15,9.97034,-22.9648,-1.17827
214.2,9.96587,-22.9687,-1.17827
214.25,9.96307,-22.971,-1.17809
214.3,9.9585,-22.975,-1.17809
214.35,9.95801,-22.9749,-1.17768
214.4,9.94863,-22.9837,-1.17816
214.45,9.94963,-22.9821,-1.17761
214.5,9.94931,-22.9818,-1.17718
214.55,9.94231,-22.9882,-1.17741
214.6,9.93422,-22.9957,-1.17776
214.65,9.93546,-22.9938,-1.17717
214.7,9.93514,-22.9934,-1.17674
214.75,9.9232,-23.0047,-1.17746
214.8,9.92305,-23.0042,-1.17701
214.85,9.91785,-23.0087,-1.17706
214.9,9.92005,-23.0059,-1.17637
214.95,9.91422,-23.0111,-1.17648
215,9.90542,-23.0193,-1.17689
215.05,9.90279,-23.0213,-1.17668
215.1,9.90293,-23.0206,-1.17619
215.15,9.90081,-23.0221,-1.17592
215.2,9.89105,-23.0313,-1.17642
215.25,9.88813,-23.0337,-1.17624
215.3,9.88589,-23.0353,-1.17598
215.35,9.88326,-23.0373,-1.17577
215.4,9.87488,-23.0451,-1.17612
215.45,9.87083,-23.0485,-1.17605
215.5,9.87351,-23.0452,-1.1753
215.55,9.86269,-23.0554,-1.1759
215.6,9.86149,-23.0561,-1.17553
215.65,9.85744,-23.0596,-1.17546
215.7,9.85669,-23.0597,-1.17505
215.75,9.85464,-23.0612,-1.17477
215.8,9.85138,-23.0639,-1.17461
215.85,9.84964,-23.0651,-1.1743
215.9,9.8407,-23.0734,-1.17471
215.95,9.84166,-23.0719,-1.17412
216,9.83458,-23.0784,-1.17435
216.05,9.829,-23.0834,-1.17442
216.1,9.82667,-23.0851,-1.17416
216.15,9.8252,-23.086,-1.17382
216.2,9.82459,-23.0861,-1.17339
216.25,9.81571,-23.0944,-1.17379
216.3,9.81609,-23.0934,-1.17326
216.35,9.80908,-23.0998,-1.17347
216.4,9.80871,-23.0996,-1.17302
216.45,9.80495,-23.1027,-1.1729
216.5,9.79576,-23.1112,-1.17333
216.55,9.79023,-23.116,-1.17339
216.6,9.78748,-23.1181,-1.17317
216.65,9.79205,-23.1128,-1.17222
216.7,9.78802,-23.1161,-1.17212
216.75,9.77911,-23.1242,-1.17252
216.8,9.7744,-23.1282,-1.17249
216.85,9.77179,-23.1301,-1.17225
216.9,9.76396,-23.1371,-1.17254
216.95,9.76459,-23.1357,-1.17197
217,9.76162,-23.1379,-1.17177
217.05,9.76013,-23.1386,-1.17141
217.1,9.75357,-23.1444,-1.17156
217.15,9.75305,-23.1441,-1.17111
217.2,9.74117,-23.1552,-1.1718
217.25,9.73752,-23.1581,-1.17165
217.3,9.73862,-23.1563,-1.17104
217.35,9.73715,-23.157,-1.17068
217.4,9.73546,-23.158,-1.17034
217.45,9.73133,-23.1614,-1.17025
217.5,9.72455,-23.1675,-1.17042
217.55,9.71947,-23.1719,-1.17043
217.6,9.71346,-23.1773,-1.17052
217.65,9.70804,-23.182,-1.17056
217.7,9.70518,-23.1843,-1.17034
217.75,9.70221,-23.1866,-1.17013
217.8,9.70151,-23.1867,-1.1697
217.85,9.7026,-23.1849,-1.16909
217.9,9.69624,-23.1907,-1.16922
217.95,9.68884,-23.1974,-1.16946
218,9.68988,-23.1958,-1.16885
218.05,9.68808,-23.197,-1.16853
218.1,9.67891,-23.2055,-1.16895
218.15,9.68096,-23.2029,-1.16824
218.2,9.67752,-23.2058,-1.16808
218.25,9.6681,-23.2146,-1.16852
218.3,9.66498,-23.2171,-1.16834
218.35,9.66054,-23.221,-1.16828
218.4,9.6622,-23.2187,-1.16762
218.45,9.65498,-23.2253,-1.16784
218.5,9.65491,-23.2247,-1.16735
218.55,9.64736,-23.2317,-1.16761
218.6,9.64243,-23.236,-1.16761
218.65,9.6396,-23.2382,-1.1674
218.7,9.63535,-23.2418,-1.16732
218.75,9.63231,-23.2443,-1.16713
218.8,9.62957,-23.2464,-1.16691
218.85,9.63013,-23.2453,-1.16636
218.9,9.61934,-23.2555,-1.16694
218.95,9.61861,-23.2556,-1.16652
219,9.61868,-23.2549,-1.16602
219.05,9.6147,-23.2583,-1.16593
219.1,9.61245,-23.2599,-1.16566
219.15,9.61007,-23.2617,-1.1654
219.2,9.60421,-23.2669,-1.16549
219.25,9.60262,-23.2679,-1.16516
219.3,9.59082,-23.2791,-1.16585
219.35,9.58783,-23.2814,-1.16565
219.4,9.59089,-23.2777,-1.16485
219.45,9.58627,-23.2817,-1.16482
219.5,9.57938,-23.2879,-1.16501
219.55,9.57698,-23.2897,-1.16476
219.6,9.57407,-23.2919,-1.16456
219.65,9.57152,-23.2938,-1.16432
219.7,9.56465,-23.3,-1.16451
219.75,9.56174,-23.3022,-1.1643
219.8,9.55324,-23.31,-1.16465
219.85,9.5568,-23.3058,-1.1638
219.9,9.55301,-23.3089,-1.16368
219.95,9.54972,-23.3115,-1.16351
220,9.53957,-23.321,-1.16403
220.05,9.53927,-23.3206,-1.16356
220.1,9.53203,-23.3272,-1.16379
220.15,9.53058,-23.328,-1.16343
220.2,9.53108,-23.3268,-1.16288
220.25,9.52317,-23.3341,-1.16317
220.3,9.52223,-23.3344,-1.16277
220.35,9.51351,-23.3425,-1.16314
220.4,9.50969,-23.3457,-1.16302
220.45,9.51152,-23.3432,-1.16234
220.5,9.50565,-23.3485,-1.16243
220.55,9.50552,-23.348,-1.16194
220.6,9.49696,-23.356,-1.1623
220.65,9.49241,-23.3599,-1.16225
220.7,9.49349,-23.3582,-1.16165
220.75,9.48268,-23.3684,-1.16223
220.8,9.48018,-23.3703,-1.16198
220.85,9.48307,-23.3668,-1.16119
220.9,9.47287,-23.3764,-1.16171
220.95,9.47704,-23.3716,-1.1608
221,9.46895,-23.379,-1.1611
221.05,9.46553,-23.3818,-1.16095
221.1,9.46099,-23.3857,-1.1609
221.15,9.4537,-23.3924,-1.16113
221.2,9.45144,-23.394,-1.16085
221.25,9.45378,-23.3911,-1.16012
221.3,9.44732,-23.3969,-1.16026
221.35,9.4403,-23.4033,-1.16046
221.4,9.4399,-23.4031,-1.16
221.45,9.43337,-23.409,-1.16015
221.5,9.42676,-23.4149,-1.1603
221.55,9.42992,-23.4111,-1.15948
221.6,9.42678,-23.4136,-1.15929
221.65,9.41665,-23.423,-1.1598
221.7,9.4121,-23.427,-1.15975
221.75,9.41319,-23.4252,-1.15913
221.8,9.40891,-23.4289,-1.15905
221.85,9.40718,-23.43,-1.15872
221.9,9.40329,-23.4333,-1.1586
221.95,9.39888,-23.4371,-1.15853
222,9.39264,-23.4427,-1.15865
222.05,9.38655,-23.4482,-1.15875
222.1,9.38571,-23.4484,-1.15832
222.15,9.38464,-23.4489,-1.15792
222.2,9.37777,-23.4552,-1.1581
222.25,9.37177,-23.4606,-1.15818
222.3,9.3636,-23.4682,-1.15849
222.35,9.36793,-23.4632,-1.15755
222.4,9.35857,-23.472,-1.15797
222.45,9.35396,-23.476,-1.15792
222.5,9.35627,-23.4731,-1.15718
222.55,9.35263,-23.4761,-1.15703
222.6,9.34841,-23.4798,-1.15694
222.65,9.34,-23.4876,-1.15727
222.7,9.33284,-23.4941,-1.15747
222.75,9.33018,-23.4962,-1.15723
222.8,9.32797,-23.4978,-1.15694
222.85,9.32823,-23.497,-1.1564
222.9,9.32244,-23.5022,-1.15646
222.95,9.31372,-23.5104,-1.15682
223,9.3113,-23.5122,-1.15655
223.05,9.31278,-23.5102,-1.15589
223.1,9.31114,-23.5113,-1.15554
223.15,9.29955,-23.5224,-1.15619
223.2,9.29484,-23.5266,-1.15614
223.25,9.29253,-23.5284,-1.15586
223.3,9.29586,-23.5245,-1.15502
223.35,9.29068,-23.5292,-1.15503
223.4,9.28045,-23.5389,-1.15554
223.45,9.28371,-23.5351,-1.1547
223.5,9.27793,-23.5403,-1.15477
223.55,9.27528,-23.5424,-1.15452
223.6,9.26628,-23.5509,-1.15491
223.65,9.26351,-23.5531,-1.15468
223.7,9.26363,-23.5524,-1.15415
223.75,9.26159,-23.5539,-1.15385
223.8,9.25665,-23.5583,-1.15383
223.85,9.25248,-23.562,-1.15374
223.9,9.2487,-23.5653,-1.1536
223.95,9.23831,-23.5752,-1.15413
224,9.23341,-23.5796,-1.15411
224.05,9.23579,-23.5767,-1.15336
224.1,9.23556,-23.5764,-1.15287
224.15,9.23028,-23.5812,-1.15289
224.2,9.21814,-23.5929,-1.1536
224.25,9.21467,-23.5959,-1.15343
224.3,9.21063,-23.5995,-1.15333
224.35,9.21016,-23.5995,-1.15286
224.4,9.21078,-23.5984,-1.15229
224.45,9.20472,-23.604,-1.15239
224.5,9.19928,-23.609,-1.15243
224.55,9.20128,-23.6065,-1.15172
224.6,9.19051,-23.6168,-1.15229
224.65,9.18725,-23.6196,-1.1521
224.7,9.18146,-23.625,-1.15217
224.75,9.17978,-23.6262,-1.15183
224.8,9.17804,-23.6275,-1.1515
224.85,9.16942,-23.6357,-1.15185
224.9,9.16636,-23.6384,-1.15165
224.95,9.16817,-23.6362,-1.15097
225,9.16662,-23.6373,-1.15062
225.05,9.16162,-23.6419,-1.15061
225.1,9.15466,-23.6485,-1.1508
225.15,9.14801,-23.6547,-1.15096
225.2,9.14411,-23.6582,-1.15085
225.25,9.14109,-23.6608,-1.15064
225.3,9.13625,-23.6653,-1.15062
225.35,9.14125,-23.6599,-1.14962
225.4,9.13791,-23.6629,-1.14945
225.45,9.13311,-23.6673,-1.14943
225.5,9.12146,-23.6785,-1.15009
225.55,9.12694,-23.6726,-1.14905
225.6,9.11824,-23.6809,-1.14942
225.65,9.12014,-23.6786,-1.14872
225.7,9.11416,-23.6841,-1.14882
225.75,9.10714,-23.6907,-1.14902
225.8,9.09934,-23.6981,-1.1493
225.85,9.10306,-23.694,-1.14843
225.9,9.09933,-23.6973,-1.14831
225.95,9.09593,-23.7003,-1.14815
226,9.08737,-23.7084,-1.1485
226.05,9.08199,-23.7134,-1.14854
226.1,9.08435,-23.7106,-1.14781
226.15,9.07878,-23.7157,-1.14787
226.2,9.07385,-23.7202,-1.14786
226.25,9.07411,-23.7195,-1.14734
226.3,9.07053,-23.7227,-1.14719
226.35,9.05748,-23.7352,-1.148
226.4,9.06274,-23.7295,-1.14697
226.45,9.04977,-23.742,-1.14777
226.5,9.05225,-23.739,-1.14702
226.55,9.04971,-23.7411,-1.14678
226.6,9.04545,-23.7449,-1.1467
226.65,9.03465,-23.7552,-1.14728
226.7,9.03911,-23.7503,-1.14633
226.75,9.03461,-23.7543,-1.14628
226.8,9.02451,-23.7639,-1.14679
226.85,9.02782,-23.7602,-1.14595
226.9,9.02196,-23.7656,-1.14604
226.95,9.01211,-23.7749,-1.14652
227,9.01421,-23.7723,-1.14581
227.05,9.01038,-23.7756,-1.14569
227.1,8.99974,-23.7858,-1.14624
227.15,8.99691,-23.7881,-1.14602
227.2,8.99875,-23.7858,-1.14533
227.25,8.99587,-23.7882,-1.14512
227.3,8.98974,-23.7939,-1.14522
227.35,8.98751,-23.7956,-1.14494
227.4,8.98208,-23.8005,-1.14498
227.45,8.97593,-23.8062,-1.14508
227.5,8.97402,-23.8076,-1.14477
227.55,8.97374,-23.8073,-1.14429
227.6,8.96589,-23.8146,-1.14456
227.65,8.96004,-23.8199,-1.14464
227.7,8.95795,-23.8215,-1.14434
227.75,8.94897,-23.8299,-1.14473
227.8,8.94723,-23.8311,-1.14439
227.85,8.94543,-23.8324,-1.14406
227.9,8.93732,-23.84,-1.14436
227.95,8.93476,-23.8421,-1.1441
228,8.93386,-23.8424,-1.14368
228.05,8.9321,-23.8437,-1.14335
228.1,8.93084,-23.8444,-1.14296
228.15,8.91953,-23.8552,-1.14358
228.2,8.92083,-23.8533,-1.14294
228.25,8.9179,-23.8557,-1.14272
228.3,8.916,-23.8571,-1.14239
228.35,8.91108,-23.8615,-1.14237
228.4,8.90535,-23.8668,-1.14243
228.45,8.90153,-23.8701,-1.1423
228.5,8.90071,-23.8705,-1.14187
228.55,8.89105,-23.8797,-1.14232
228.6,8.88734,-23.8829,-1.14218
228.65,8.87983,-23.89,-1.14242
228.7,8.88126,-23.8882,-1.14177
228.75,8.8733,-23.8957,-1.14205
228.8,8.87682,-23.8918,-1.14119
228.85,8.86604,-23.9021,-1.14176
228.9,8.86973,-23.898,-1.14088
228.95,8.86167,-23.9057,-1.14118
229,8.8586,-23.9083,-1.14098
229.05,8.85422,-23.9123,-1.14091
229.1,8.84974,-23.9163,-1.14086
229.15,8.85268,-23.9129,-1.14006
229.2,8.84634,-23.9188,-1.14019
229.25,8.84366,-23.921,-1.13995
229.3,8.84151,-23.9226,-1.13966
229.35,8.83731,-23.9263,-1.13958
229.4,8.82673,-23.9365,-1.14013
229.45,8.82039,-23.9423,-1.14026
229.5,8.81755,-23.9447,-1.14004
229.55,8.82001,-23.9418,-1.13929
229.6,8.81584,-23.9455,-1.1392
229.65,8.80567,-23.9553,-1.13972
229.7,8.81073,-23.9498,-1.13871
229.75,8.80171,-23.9583,-1.1391
229.8,8.80243,-23.9571,-1.13853
229.85,8.79937,-23.9597,-1.13833
229.9,8.7892,-23.9694,-1.13885
229.95,8.78795,-23.9701,-1.13847
230,8.78483,-23.9727,-1.13828
230.05,8.77761,-23.9794,-1.1385
230.1,8.78042,-23.9761,-1.13771
230.15,8.7773,-23.9787,-1.13752
230.2,8.76625,-23.9892,-1.13813
230.25,8.76417,-23.9907,-1.13783
230.3,8.75675,-23.9976,-1.13807
230.35,8.75284,-24.001,-1.13796
230.4,8.7536,-23.9997,-1.13738
230.45,8.75351,-23.9992,-1.13688
230.5,8.74521,-24.0069,-1.13721
230.55,8.74656,-24.005,-1.13657
230.6,8.73575,-24.0152,-1.13714
230.65,8.73667,-24.0137,-1.13655
230.7,8.73473,-24.0151,-1.13624
230.75,8.73137,-24.0179,-1.13607
230.8,8.72341,-24.0253,-1.13636
230.85,8.72312,-24.025,-1.13588
230.9,8.71933,-24.0282,-1.13575
230.95,8.71452,-24.0324,-1.13573
231,8.71159,-24.0347,-1.13551
231.05,8.70864,-24.037,-1.1353
231.1,8.69994,-24.0451,-1.13566
231.15,8.69649,-24.0478,-1.13549
231.2,8.69702,-24.0466,-1.13493
231.25,8.68703,-24.0559,-1.13542
231.3,8.68823,-24.0539,-1.13478
231.35,8.68314,-24.0583,-1.13478
231.4,8.67379,-24.0668,-1.1352
231.45,8.66852,-24.0713,-1.13521
231.5,8.66592,-24.0731,-1.13495
231.55,8.66722,-24.071,-1.13431
231.6,8.65853,-24.0789,-1.13466
231.65,8.65256,-24.0841,-1.13473
231.7,8.65453,-24.0813,-1.13402
231.75,8.64855,-24.0864,-1.13409
231.8,8.64426,-24.0899,-1.134
231.85,8.64261,-24.0907,-1.13364
231.9,8.63654,-24.096,-1.13373
231.95,8.63686,-24.0948,-1.13317
232,8.62895,-24.1019,-1.13343
232.05,8.62839,-24.1016,-1.13296
232.1,8.6239,-24.1052,-1.13289
232.15,8.61905,-24.1092,-1.13284
232.2,8.61324,-24.1142,-1.1329
232.25,8.61061,-24.1159,-1.13263
232.3,8.60621,-24.1194,-1.13254
232.35,8.59625,-24.1285,-1.13301
232.4,8.59714,-24.1267,-1.13238
232.45,8.59276,-24.1302,-1.13229
232.5,8.59177,-24.1302,-1.13186
232.55,8.58357,-24.1375,-1.13214
232.6,8.58012,-24.14,-1.13195
232.65,8.57434,-24.1448,-1.13199
232.7,8.5666,-24.1516,-1.13223
232.75,8.56762,-24.1497,-1.13159
232.8,8.56582,-24.1506,-1.13124
232.85,8.56324,-24.1522,-1.13095
232.9,8.55313,-24.1613,-1.13143
232.95,8.54593,-24.1675,-1.13161
233,8.54206,-24.1704,-1.13145
233.05,8.54331,-24.1681,-1.13079
233.1,8.54138,-24.169,-1.13044
233.15,8.53276,-24.1766,-1.13075
233.2,8.53201,-24.1763,-1.13029
233.25,8.52604,-24.1812,-1.13034
233.3,8.52547,-24.1808,-1.12985
233.35,8.51447,-24.1907,-1.1304
233.4,8.51093,-24.1933,-1.13021
233.45,8.50837,-24.1949,-1.12991
233.5,8.50178,-24.2005,-1.13002
233.55,8.50443,-24.1969,-1.12921
233.6,8.49539,-24.205,-1.12957
233.65,8.48834,-24.2111,-1.12972
233.7,8.49013,-24.2083,-1.12899
233.75,8.47927,-24.2181,-1.12953
233.8,8.48361,-24.2128,-1.12854
233.85,8.47504,-24.2204,-1.12885
233.9,8.46826,-24.2261,-1.12897
233.95,8.46755,-24.2258,-1.12849
234,8.45863,-24.2337,-1.12883
234.05,8.45494,-24.2364,-1.12864
234.1,8.45011,-24.2402,-1.12857
234.15,8.45181,-24.2374,-1.12785
234.2,8.4464,-24.2417,-1.12783
234.25,8.43788,-24.2492,-1.12812
234.3,8.43465,-24.2513,-1.12789
234.35,8.43152,-24.2534,-1.12765
234.4,8.42455,-24.2593,-1.12778
234.45,8.42534,-24.2574,-1.12714
234.5,8.41912,-24.2625,-1.1272
234.55,8.41241,-24.2682,-1.12732
234.6,8.40862,-24.2709,-1.12713
234.65,8.40463,-24.2737,-1.12697
234.7,8.40349,-24.2737,-1.12652
234.75,8.40311,-24.273,-1.12599
234.8,8.39734,-24.2776,-1.126
234.85,8.3898,-24.284,-1.12619
234.9,8.3826,-24.29,-1.12634
234.95,8.37743,-24.294,-1.12629
235,8.38148,-24.2888,-1.12532
235.05,8.37182,-24.2973,-1.12572
235.1,8.37342,-24.2945,-1.12498
235.15,8.36252,-24.3042,-1.1255
235.2,8.35994,-24.3056,-1.12519
235.25,8.35748,-24.3069,-1.12486
235.3,8.34989,-24.3133,-1.12505
235.35,8.34583,-24.3162,-1.12488
235.4,8.33895,-24.3219,-1.12499
235.45,8.33875,-24.3209,-1.12443
235.5,8.33815,-24.3204,-1.12392
235.55,8.32655,-24.3308,-1.1245
235.6,8.32687,-24.3293,-1.12389
235.65,8.31569,-24.3393,-1.12443
235.7,8.32004,-24.3338,-1.12342
235.75,8.30921,-24.3435,-1.12392
235.8,8.30374,-24.3478,-1.12389
235.85,8.29909,-24.3513,-1.12377
235.9,8.29938,-24.3499,-1.12316
235.95,8.29123,-24.3569,-1.1234
236,8.29168,-24.3553,-1.12277
236.05,8.29004,-24.3559,-1.12236
236.1,8.27946,-24.3653,-1.12283
236.15,8.28036,-24.3633,-1.12216
236.2,8.26899,-24.3735,-1.12272
236.25,8.27154,-24.3698,-1.12188
236.3,8.2664,-24.3738,-1.12182
236.35,8.26364,-24.3755,-1.12151
236.4,8.25306,-24.385,-1.12199
236.45,8.25508,-24.3818,-1.1212
236.5,8.25151,-24.3843,-1.12098
236.55,8.23934,-24.3953,-1.12161
236.6,8.23609,-24.3975,-1.12136
236.65,8.2385,-24.394,-1.12053
236.7,8.2298,-24.4016,-1.12082
236.75,8.22831,-24.402,-1.12039
236.8,8.22258,-24.4066,-1.12038
236.85,8.2206,-24.4074,-1.12
236.9,8.20937,-24.4175,-1.12054
236.95,8.21106,-24.4147,-1.11979
237,8.20321,-24.4214,-1.11999
237.05,8.19575,-24.4277,-1.12015
237.1,8.20023,-24.4221,-1.11912
237.15,8.18706,-24.4341,-1.11985
237.2,8.18271,-24.4373,-1.11971
237.25,8.18583,-24.433,-1.11881
237.3,8.17614,-24.4415,-1.1192
237.35,8.17069,-24.4459,-1.11916
237.4,8.17352,-24.4419,-1.11829
237.45,8.16842,-24.4458,-1.11821
237.5,8.15909,-24.454,-1.11856
237.55,8.15666,-24.4553,-1.11822
237.6,8.15424,-24.4566,-1.11788
237.65,8.14866,-24.4611,-1.11785
237.7,8.14147,-24.4672,-1.11798
237.75,8.14202,-24.4655,-1.11734
237.8,8.13332,-24.4731,-1.11763
237.85,8.13527,-24.47,-1.11685
237.9,8.12729,-24.4769,-1.11706
237.95,8.12224,-24.4808,-1.11698
238,8.12045,-24.4814,-1.11657
238.05,8.11313,-24.4876,-1.11672
238.1,8.11012,-24.4894,-1.11643
238.15,8.0993,-24.499,-1.11692
238.2,8.09864,-24.4985,-1.1164
238.25,8.09119,-24.5047,-1.11656
238.3,8.09319,-24.5016,-1.11577
238.35,8.0911,-24.5025,-1.11539
238.4,8.08597,-24.5064,-1.11531
238.45,8.08103,-24.5101,-1.11522
238.5,8.07497,-24.515,-1.11523
238.55,8.06634,-24.5224,-1.11551
238.6,8.0683,-24.5193,-1.11472
238.65,8.06105,-24.5253,-1.11485
238.7,8.05356,-24.5316,-1.11501
238.75,8.04549,-24.5385,-1.11522
238.8,8.04568,-24.537,-1.11461
238.85,8.04284,-24.5386,-1.1143
238.9,8.03368,-24.5466,-1.11462
238.95,8.03112,-24.548,-1.11428
239,8.02763,-24.5503,-1.11403
239.05,8.02358,-24.5532,-1.11384
239.1,8.02296,-24.5527,-1.11331
239.15,8.01137,-24.5631,-1.11387
239.2,8.00602,-24.5672,-1.11381
239.25,8.00251,-24.5696,-1.11357
239.3,8.00577,-24.5651,-1.11265
239.35,7.99605,-24.5737,-1.11302
239.4,7.9888,-24.5797,-1.11315
239.45,7.98842,-24.5789,-1.11259
239.5,7.98802,-24.5781,-1.11203
239.55,7.9834,-24.5815,-1.11189
239.6,7.97013,-24.5936,-1.11262
239.65,7.97113,-24.5914,-1.11192
239.7,7.97009,-24.5912,-1.11143
239.75,7.96056,-24.5995,-1.11178
239.8,7.95851,-24.6003,-1.11138
239.85,7.95387,-24.6037,-1.11125
239.9,7.94666,-24.6097,-1.11136
239.95,7.9439,-24.6112,-1.11104
240,7.93881,-24.615,-1.11094
240.05,7.93006,-24.6225,-1.11122
240.1,7.93319,-24.6182,-1.1103
240.15,7.92455,-24.6256,-1.11056
240.2,7.92305,-24.6259,-1.1101
240.25,7.91319,-24.6345,-1.11049
240.3,7.91101,-24.6355,-1.1101
240.35,7.90422,-24.6411,-1.11017
240.4,7.90601,-24.638,-1.10939
240.45,7.89913,-24.6436,-1.10947
240.5,7.89421,-24.6473,-1.10935
240.55,7.88694,-24.6533,-1.10947
240.6,7.88045,-24.6586,-1.10952
240.65,7.87939,-24.6584,-1.10901
240.7,7.87501,-24.6615,-1.10884
240.75,7.86764,-24.6676,-1.10897
240.8,7.86751,-24.6665,-1.10838
240.85,7.86083,-24.6719,-1.10844
240.9,7.8582,-24.6732,-1.10809
240.95,7.85532,-24.6748,-1.10777
241,7.84275,-24.6861,-1.10841
241.05,7.84419,-24.6833,-1.10766
241.1,7.84113,-24.6851,-1.10735
241.15,7.82975,-24.6951,-1.10788
241.2,7.82666,-24.6969,-1.10757
241.25,7.82706,-24.6951,-1.10692
241.3,7.82066,-24.7002,-1.10694
241.35,7.81006,-24.7094,-1.10739
241.4,7.8104,-24.7077,-1.10674
241.45,7.80138,-24.7154,-1.10702
241.5,7.8026,-24.7129,-1.10628
241.55,7.7924,-24.7217,-1.10669
241.6,7.78915,-24.7236,-1.1064
241.65,7.78803,-24.7234,-1.10589
241.7,7.78371,-24.7264,-1.10571
241.75,7.77348,-24.7353,-1.10611
241.8,7.77701,-24.7304,-1.10514
241.85,7.765,-24.7411,-1.10572
241.9,7.76248,-24.7422,-1.10535
241.95,7.7623,-24.741,-1.10475
242,7.75795,-24.744,-1.10457
242.05,7.74507,-24.7555,-1.10523
242.1,7.74218,-24.7571,-1.1049
242.15,7.73586,-24.762,-1.10491
242.2,7.73642,-24.7601,-1.10423
242.25,7.73366,-24.7614,-1.10388
242.3,7.7245,-24.7692,-1.10418
242.35,7.71948,-24.7728,-1.10405
242.4,7.71462,-24.7762,-1.10391
242.45,7.70744,-24.782,-1.10401
242.5,7.70416,-24.784,-1.10371
242.55,7.70137,-24.7854,-1.10337
242.6,7.70028,-24.7852,-1.10285
242.65,7.68861,-24.7955,-1.10339
242.7,7.6891,-24.7938,-1.10272
242.75,7.67958,-24.802,-1.10305
242.8,7.68295,-24.7973,-1.10209
242.85,7.67167,-24.8073,-1.10259
242.9,7.6662,-24.8115,-1.10251
242.95,7.66454,-24.8119,-1.10205
243,7.65885,-24.8163,-1.102
243.05,7.65922,-24.8146,-1.10134
243.1,7.65197,-24.8206,-1.10144
243.15,7.64765,-24.8236,-1.10125
243.2,7.64152,-24.8284,-1.10124
243.25,7.63457,-24.8341,-1.10131
243.3,7.63466,-24.8327,-1.10068
243.35,7.62669,-24.8394,-1.10085
243.4,7.62237,-24.8425,-1.10066
243.45,7.61458,-24.849,-1.10082
243.5,7.61113,-24.8512,-1.10054
243.55,7.60715,-24.8539,-1.10032
243.6,7.60117,-24.8587,-1.10029
243.65,7.59953,-24.8591,-1.09983
243.7,7.59394,-24.8635,-1.09977
243.75,7.59324,-24.863,-1.09922
243.8,7.58352,-24.8715,-1.09957
243.85,7.58349,-24.8703,-1.09895
243.9,7.58249,-24.8701,-1.09843
243.95,7.57263,-24.8788,-1.0988
244,7.57009,-24.8801,-1.09843
244.05,7.56045,-24.8886,-1.09878
244.1,7.56239,-24.8854,-1.09796
244.15,7.55336,-24.8932,-1.09825
244.2,7.5466,-24.8987,-1.0983
244.25,7.54359,-24.9005,-1.09798
244.3,7.5396,-24.9032,-1.09776
244.35,7.54079,-24.9007,-1.09702
244.4,7.53107,-24.9092,-1.09737
244.45,7.52618,-24.9128,-1.09724
244.5,7.52026,-24.9174,-1.09721
244.55,7.51944,-24.9169,-1.09667
244.6,7.50952,-24.9255,-1.09704
244.65,7.51098,-24.9228,-1.09627
244.7,7.50047,-24.932,-1.0967
244.75,7.49902,-24.9321,-1.09622
244.8,7.49812,-24.9317,-1.09568
244.85,7.49229,-24.9362,-1.09564
244.9,7.48747,-24.9397,-1.0955
244.95,7.47686,-24.949,-1.09593
245,7.47785,-24.9467,-1.0952
245.05,7.47415,-24.949,-1.09495
245.1,7.46413,-24.9577,-1.09532
245.15,7.46373,-24.9567,-1.09473
245.2,7.45295,-24.9661,-1.09518
245.25,7.45189,-24.9658,-1.09465
245.3,7.44538,-24.971,-1.09467
245.35,7.43948,-24.9755,-1.09463
245.4,7.433,-24.9806,-1.09465
245.45,7.43011,-24.9822,-1.0943
245.5,7.42898,-24.982,-1.09378
245.55,7.42461,-24.9851,-1.09359
245.6,7.4167,-24.9918,-1.09374
245.65,7.41215,-24.995,-1.09357
245.7,7.40336,-25.0025,-1.09381
245.75,7.40333,-25.0013,-1.09318
245.8,7.40047,-25.0029,-1.09283
245.85,7.39242,-25.0097,-1.09301
245.9,7.38831,-25.0125,-1.09278
245.95,7.38046,-25.0191,-1.09293
246,7.37224,-25.0261,-1.09312
246.05,7.37696,-25.0201,-1.09201
246.1,7.36304,-25.0328,-1.09277
246.15,7.35966,-25.0349,-1.09247
246.2,7.3606,-25.0328,-1.09174
246.25,7.35096,-25.0412,-1.09207
246.3,7.35091,-25.04,-1.09144
246.35,7.34573,-25.0439,-1.09133
246.4,7.33506,-25.0533,-1.09176
246.45,7.33502,-25.0522,-1.09112
246.5,7.32407,-25.0619,-1.09158
246.55,7.31923,-25.0655,-1.09143
246.6,7.32036,-25.0632,-1.09068
246.65,7.31426,-25.0681,-1.09066
246.7,7.31392,-25.0672,-1.09005
246.75,7.30917,-25.0708,-1.08989
246.8,7.29693,-25.0818,-1.09048
246.85,7.29493,-25.0826,-1.09004
246.9,7.28913,-25.0872,-1.08999
246.95,7.28526,-25.0899,-1.08974
247,7.28521,-25.0887,-1.08911
247.05,7.27311,-25.0996,-1.08968
247.1,7.26966,-25.1018,-1.08939
247.15,7.26651,-25.1037,-1.08906
247.2,7.2647,-25.1043,-1.08861
247.25,7.2573,-25.1105,-1.08871
247.3,7.24897,-25.1176,-1.08891
247.35,7.24911,-25.1162,-1.08825
247.4,7.23849,-25.1256,-1.08868
247.45,7.24091,-25.122,-1.0878
247.5,7.22808,-25.1337,-1.08844
247.55,7.22416,-25.1365,-1.0882
247.6,7.22624,-25.1333,-1.08735
247.65,7.2144,-25.144,-1.0879
247.7,7.21198,-25.1453,-1.08751
247.75,7.20982,-25.1464,-1.08709
247.8,7.20315,-25.1519,-1.08712
247.85,7.19553,-25.1584,-1.08725
247.9,7.19309,-25.1598,-1.08686
247.95,7.19063,-25.1612,-1.08647
248,7.18782,-25.1629,-1.08612
248.05,7.17924,-25.1704,-1.08634
248.1,7.17676,-25.1719,-1.08596
248.15,7.16989,-25.1776,-1.08601
248.2,7.17006,-25.1764,-1.08536
248.25,7.16207,-25.1833,-1.08553
248.3,7.15526,-25.1891,-1.08558
248.35,7.14798,-25.1953,-1.08568
248.4,7.14282,-25.1994,-1.08556
248.45,7.14506,-25.1961,-1.08471
248.5,7.13875,-25.2013,-1.08471
248.55,7.12837,-25.2106,-1.08512
248.6,7.12334,-25.2146,-1.08499
248.65,7.11841,-25.2184,-1.08485
248.7,7.1197,-25.216,-1.08409
248.75,7.1177,-25.2169,-1.08366
248.8,7.11024,-25.2233,-1.08378
248.85,7.1081,-25.2244,-1.08337
248.9,7.10115,-25.2303,-1.08343
248.95,7.09802,-25.2323,-1.08312
249,7.0932,-25.2361,-1.08297
249.05,7.08826,-25.24,-1.08284
249.1,7.07597,-25.2513,-1.08344
249.15,7.07792,-25.2482,-1.08262
249.2,7.07583,-25.2492,-1.0822
249.25,7.06584,-25.2581,-1.08257
249.3,7.0604,-25.2625,-1.08249
249.35,7.05646,-25.2653,-1.08226
249.4,7.05364,-25.2671,-1.08191
249.45,7.05048,-25.2692,-1.0816
249.5,7.03877,-25.2798,-1.08215
249.55,7.03783,-25.2796,-1.08162
249.6,7.03077,-25.2855,-1.08169
249.65,7.03127,-25.2839,-1.08102
249.7,7.02817,-25.2858,-1.0807
249.75,7.016,-25.2969,-1.08129
249.8,7.01324,-25.2985,-1.08094
249.85,7.00807,-25.3025,-1.08083
249.9,7.00332,-25.3061,-1.08068
249.95,7.00006,-25.3082,-1.08038
250,6.9918,-25.3153,-1.08058
250.05,6.9854,-25.3205,-1.08059
250.1,6.98645,-25.3183,-1.07986
250.15,6.97791,-25.3257,-1.08009
250.2,6.97135,-25.331,-1.08011
250.25,6.96846,-25.3328,-1.07977
250.3,6.96263,-25.3374,-1.07973
250.35,6.96333,-25.3355,-1.07903
250.4,6.95297,-25.3446,-1.07943
250.45,6.95486,-25.3415,-1.07862
250.5,6.94706,-25.348,-1.07877
250.55,6.94651,-25.3473,-1.07819
250.6,6.93813,-25.3545,-1.0784
250.65,6.93274,-25.3586,-1.0783
250.7,6.92889,-25.3612,-1.07806
250.75,6.92317,-25.3657,-1.078
250.8,6.91255,-25.3751,-1.07843
250.85,6.90797,-25.3784,-1.07825
250.9,6.90303,-25.3821,-1.07811
250.95,6.90428,-25.3796,-1.07735
251,6.90126,-25.3814,-1.07702
251.05,6.88933,-25.3921,-1.07758
251.1,6.88437,-25.3958,-1.07744
251.15,6.87903,-25.3999,-1.07734
251.2,6.88236,-25.3954,-1.07638
251.25,6.8691,-25.4074,-1.07707
251.3,6.86635,-25.409,-1.07671
251.35,6.86166,-25.4124,-1.07654
251.4,6.85798,-25.4149,-1.07627
251.45,6.85525,-25.4164,-1.07591
251.5,6.85206,-25.4184,-1.0756
251.55,6.84488,-25.4243,-1.07568
251.6,6.84053,-25.4274,-1.07548
251.65,6.83318,-25.4335,-1.07558
251.7,6.83227,-25.4332,-1.07503
251.75,6.8262,-25.4381,-1.075
251.8,6.82079,-25.4423,-1.07491
251.85,6.81886,-25.4429,-1.07446
251.9,6.80828,-25.4523,-1.07488
251.95,6.80736,-25.452,-1.07434
252,6.8022,-25.4559,-1.07422
252.05,6.79874,-25.4581,-1.07392
252.1,6.79218,-25.4635,-1.07394
252.15,6.78354,-25.4709,-1.07417
252.2,6.7796,-25.4736,-1.07392
252.25,6.77412,-25.478,-1.07383
252.3,6.77471,-25.4762,-1.07313
252.35,6.76506,-25.4847,-1.07346
252.4,6.7599,-25.4887,-1.07334
252.45,6.75042,-25.497,-1.07365
252.5,6.74693,-25.4993,-1.07336
252.55,6.74365,-25.5015,-1.07305
252.6,6.73714,-25.5069,-1.07306
252.65,6.73362,-25.5093,-1.07278
252.7,6.72994,-25.5118,-1.07251
252.75,6.72167,-25.519,-1.0727
252.8,6.71977,-25.5198,-1.07225
252.85,6.71828,-25.5202,-1.07177
252.9,6.71028,-25.5272,-1.07193
252.95,6.70965,-25.5268,-1.07136
253,6.70034,-25.535,-1.07165
253.05,6.69406,-25.5402,-1.07165
253.1,6.69116,-25.5421,-1.07131
253.15,6.69245,-25.5397,-1.07054
253.2,6.6838,-25.5473,-1.07078
253.25,6.67495,-25.5552,-1.07103
253.3,6.67514,-25.554,-1.07038
253.35,6.66603,-25.562,-1.07066
253.4,6.66017,-25.5668,-1.07061
253.45,6.65469,-25.5712,-1.07053
253.5,6.64956,-25.5753,-1.07041
253.55,6.65343,-25.5703,-1.06939
253.6,6.64939,-25.5732,-1.06917
253.65,6.64263,-25.5789,-1.06921
253.7,6.63281,-25.5876,-1.06956
253.75,6.62977,-25.5895,-1.06923
253.8,6.62249,-25.5958,-1.06933
253.85,6.61822,-25.599,-1.06913
253.9,6.62052,-25.5956,-1.06827
253.95,6.61305,-25.6021,-1.06839
254,6.60426,-25.6099,-1.06864
254.05,6.59796,-25.6152,-1.06864
254.1,6.59211,-25.6201,-1.0686
254.15,6.59173,-25.6195,-1.06801
254.2,6.58682,-25.6235,-1.06788
254.25,6.58218,-25.6272,-1.06771
254.3,6.57837,-25.63,-1.06747
254.35,6.57635,-25.6311,-1.06705
254.4,6.56501,-25.6415,-1.06756
254.45,6.56801,-25.6376,-1.06664
254.5,6.5602,-25.6445,-1.0668
254.55,6.55438,-25.6494,-1.06677
254.6,6.54591,-25.657,-1.06699
254.65,6.54999,-25.652,-1.06597
254.7,6.54028,-25.6608,-1.06632
254.75,6.538,-25.6622,-1.06594
254.8,6.52805,-25.6714,-1.06632
254.85,6.52336,-25.6752,-1.06617
254.9,6.52681,-25.671,-1.06521
254.95,6.51587,-25.6811,-1.0657
255,6.51055,-25.6856,-1.06562
255.05,6.51371,-25.6817,-1.06469
255.1,6.50149,-25.6931,-1.06531
255.15,6.49699,-25.6968,-1.06515
255.2,6.4983,-25.6948,-1.06441
255.25,6.49117,-25.7011,-1.06452
255.3,6.4885,-25.7031,-1.06419
255.35,6.47732,-25.7135,-1.0647
255.4,6.48064,-25.7094,-1.06377
255.45,6.47498,-25.7143,-1.06374
255.5,6.47107,-25.7175,-1.06353
255.55,6.46035,-25.7275,-1.06401
255.6,6.46311,-25.724,-1.06313
255.65,6.45804,-25.7283,-1.06305
255.7,6.45161,-25.734,-1.0631
255.75,6.4441,-25.7408,-1.06325
255.8,6.43904,-25.7451,-1.06317
255.85,6.4335,-25.75,-1.06313
255.9,6.42872,-25.754,-1.06302
255.95,6.42705,-25.755,-1.0626
256,6.41923,-25.7622,-1.06279
256.05,6.42133,-25.7594,-1.06199
256.1,6.41852,-25.7616,-1.06169
256.15,6.40694,-25.7725,-1.06226
256.2,6.4078,-25.771,-1.06159
256.25,6.39996,-25.7782,-1.06179
256.3,6.40073,-25.7768,-1.06113
256.35,6.39623,-25.7807,-1.061
256.4,6.38822,-25.7881,-1.06122
256.45,6.38695,-25.7888,-1.06077
256.5,6.376,-25.7991,-1.06129
256.55,6.3772,-25.7973,-1.06059
256.6,6.37366,-25.8003,-1.06037
256.65,6.36504,-25.8083,-1.06065
256.7,6.36628,-25.8065,-1.05996
256.75,6.35856,-25.8136,-1.06016
256.8,6.3573,-25.8143,-1.05971
256.85,6.35037,-25.8206,-1.05983
256.9,6.346,-25.8245,-1.0597
256.95,6.34261,-25.8273,-1.05947
257,6.33456,-25.8348,-1.05971
257.05,6.33079,-25.838,-1.05952
257.1,6.33118,-25.837,-1.05892
257.15,6.33035,-25.8373,-1.05844
257.2,6.32597,-25.8411,-1.05832
257.25,6.31442,-25.8521,-1.05891
257.3,6.31062,-25.8553,-1.05873
257.35,6.30571,-25.8597,-1.05867
257.4,6.30313,-25.8617,-1.05837
257.45,6.29906,-25.8652,-1.05822
257.5,6.29696,-25.8668,-1.05787
257.55,6.29101,-25.8722,-1.05792
257.6,6.29348,-25.8692,-1.05712
257.65,6.28299,-25.8792,-1.05761
257.7,6.27986,-25.8817,-1.05738
257.75,6.27756,-25.8835,-1.05706
257.8,6.27358,-25.887,-1.05691
257.85,6.26556,-25.8944,-1.05716
257.9,6.26311,-25.8963,-1.05686
257.95,6.26546,-25.8935,-1.05608
258,6.26047,-25.8979,-1.05604
258.05,6.25134,-25.9065,-1.05641
258.1,6.24917,-25.9081,-1.05609
258.15,6.24493,-25.9118,-1.05597
258.2,6.24148,-25.9147,-1.05578
258.25,6.2348,-25.9209,-1.05591
258.3,6.23703,-25.9181,-1.05515
258.35,6.22648,-25.9281,-1.05568
258.4,6.22704,-25.927,-1.05509
258.45,6.21908,-25.9344,-1.05535
258.5,6.21934,-25.9336,-1.05479
258.55,6.21601,-25.9364,-1.0546
258.6,6.20845,-25.9434,-1.05482
258.65,6.20328,-25.948,-1.05481
258.7,6.20333,-25.9474,-1.05428
258.75,6.19558,-25.9546,-1.05453
258.8,6.19303,-25.9566,-1.05426
258.85,6.19342,-25.9557,-1.05369
258.9,6.18485,-25.9637,-1.05402
258.95,6.18376,-25.9642,-1.05361
259,6.17409,-25.9733,-1.05406
259.05,6.17743,-25.9694,-1.0532
259.1,6.17444,-25.9718,-1.05298
259.15,6.1613,-25.9843,-1.05377
259.2,6.15821,-25.9868,-1.05356
259.25,6.15614,-25.9883,-1.05325
259.3,6.15474,-25.9891,-1.05287
259.35,6.1517,-25.9916,-1.05266
259.4,6.14564,-25.9971,-1.05275
259.45,6.14579,-25.9963,-1.05221
259.5,6.13912,-26.0024,-1.05236
259.55,6.1321,-26.0089,-1.05255
259.6,6.12716,-26.0132,-1.05253
259.65,6.12234,-26.0175,-1.05249
259.7,6.1251,-26.0141,-1.0517
259.75,6.1207,-26.0179,-1.05163
259.8,6.11318,-26.0249,-1.05187
259.85,6.11214,-26.0253,-1.05146
259.9,6.11116,-26.0257,-1.05105
259.95,6.10818,-26.0281,-1.05084
260,6.1032,-26.0324,-1.05083
260.05,6.09647,-26.0386,-1.05099
260.1,6.09417,-26.0403,-1.05071
260.15,6.08559,-26.0482,-1.05106
260.2,6.08761,-26.0456,-1.05035
260.25,6.07924,-26.0533,-1.05069
260.3,6.07682,-26.0551,-1.05042
260.35,6.07021,-26.0611,-1.05058
260.4,6.06619,-26.0645,-1.05047
260.45,6.06919,-26.0609,-1.04967
260.5,6.0655,-26.0639,-1.04954
260.55,6.05585,-26.073,-1.05
260.6,6.05623,-26.072,-1.04946
260.65,6.05357,-26.074,-1.04922
260.7,6.04479,-26.0822,-1.0496
260.75,6.04608,-26.0802,-1.04896
260.8,6.03534,-26.0904,-1.04954
260.85,6.03913,-26.0859,-1.04866
260.9,6.03135,-26.0931,-1.04894
260.95,6.02845,-26.0953,-1.04873
261,6.02627,-26.0969,-1.04845
261.05,6.01563,-26.1069,-1.04902
261.1,6.01951,-26.1023,-1.04813
261.15,6.0162,-26.105,-1.04797
261.2,6.00458,-26.1159,-1.04864
261.25,6.00509,-26.1147,-1.04809
261.3,6.0012,-26.1179,-1.04798
261.35,5.99589,-26.1226,-1.04802
261.4,5.98919,-26.1286,-1.0482
261.45,5.98818,-26.1289,-1.04781
261.5,5.98377,-26.1326,-1.04776
261.55,5.98598,-26.1298,-1.04704
261.6,5.98212,-26.1329,-1.04694
261.65,5.97928,-26.1351,-1.04673
261.7,5.96679,-26.1469,-1.04748
261.75,5.96885,-26.1442,-1.04679
261.8,5.96154,-26.1508,-1.04703
261.85,5.96053,-26.1511,-1.04664
261.9,5.95987,-26.1511,-1.04621
261.95,5.95242,-26.1579,-1.04647
262,5.94827,-26.1614,-1.04639
262.05,5.94776,-26.1612,-1.04595
262.1,5.94449,-26.1638,-1.04579
262.15,5.9345,-26.1731,-1.0463
262.2,5.93508,-26.1718,-1.04575
262.25,5.92675,-26.1795,-1.0461
262.3,5.9218,-26.1837,-1.04611
262.35,5.9254,-26.1794,-1.04526
262.4,5.91463,-26.1895,-1.04585
262.45,5.91564,-26.1877,-1.04526
262.5,5.91013,-26.1926,-1.04533
262.55,5.91093,-26.191,-1.04476
262.6,5.90507,-26.1962,-1.04487
262.65,5.89722,-26.2033,-1.04517
262.7,5.89851,-26.2013,-1.04455
262.75,5.89487,-26.2042,-1.04444
262.8,5.89135,-26.207,-1.0443
262.85,5.88261,-26.215,-1.04469
262.9,5.87753,-26.2194,-1.04472
262.95,5.88118,-26.215,-1.04387
263,5.8753,-26.2201,-1.04398
263.05,5.86967,-26.2251,-1.04406
263.1,5.86936,-26.2246,-1.04361
263.15,5.86345,-26.2298,-1.04372
263.2,5.85879,-26.2337,-1.0437
263.25,5.8598,-26.232,-1.04312
263.3,5.84974,-26.2413,-1.04365
263.35,5.85155,-26.2388,-1.04299
263.4,5.84532,-26.2443,-1.04313
263.45,5.83836,-26.2505,-1.04335
263.5,5.83646,-26.2517,-1.04306
263.55,5.82982,-26.2576,-1.04324
263.6,5.82608,-26.2606,-1.04314
263.65,5.82462,-26.2613,-1.04281
263.7,5.82173,-26.2635,-1.04262
263.75,5.82232,-26.2621,-1.04209
263.8,5.81629,-26.2674,-1.04222
263.85,5.8122,-26.2707,-1.04215
263.9,5.81014,-26.272,-1.04188
263.95,5.80706,-26.2744,-1.04172
264,5.80771,-26.273,-1.04118
264.05,5.80385,-26.2761,-1.04109
264.1,5.7953,-26.2838,-1.04148
264.15,5.79385,-26.2845,-1.04115
264.2,5.78589,-26.2917,-1.04148
264.25,5.78238,-26.2945,-1.04136
264.3,5.78102,-26.295,-1.04103
264.35,5.78326,-26.292,-1.04033
264.4,5.77473,-26.2998,-1.04072
264.45,5.77198,-26.3017,-1.04053
264.5,5.77156,-26.3014,-1.0401
264.55,5.76082,-26.3113,-1.04071
264.6,5.7661,-26.3053,-1.03972
264.65,5.75903,-26.3115,-1.03996
264.7,5.75602,-26.3137,-1.0398
264.75,5.75026,-26.3187,-1.03991
264.8,5.7478,-26.3203,-1.0397
264.85,5.74827,-26.319,-1.03919
264.9,5.73784,-26.3286,-1.03977
264.95,5.74269,-26.323,-1.03883
265,5.73974,-26.3251,-1.03867
265.05,5.73091,-26.3331,-1.03909
265.1,5.73259,-26.3305,-1.03847
265.15,5.7294,-26.3329,-1.03833
265.2,5.72263,-26.3388,-1.03855
265.25,5.71496,-26.3456,-1.03886
265.3,5.71589,-26.3438,-1.03831
265.35,5.7066,-26.3522,-1.03878
265.4,5.70836,-26.3496,-1.03815
265.45,5.7007,-26.3564,-1.03846
265.5,5.70175,-26.3545,-1.03791
265.55,5.69756,-26.3578,-1.03787
265.6,5.68946,-26.365,-1.03823
265.65,5.6954,-26.3581,-1.03718
265.7,5.68315,-26.3695,-1.03795
265.75,5.68047,-26.3712,-1.03777
265.8,5.6763,-26.3745,-1.03773
265.85,5.67611,-26.3738,-1.03729
265.9,5.66911,-26.3799,-1.03754
265.95,5.66983,-26.3782,-1.03702
266,5.6703,-26.3769,-1.03652
266.05,5.66629,-26.38,-1.03646
266.1,5.65964,-26.3857,-1.03667
266.15,5.65871,-26.3857,-1.03631
266.2,5.65094,-26.3925,-1.03664
266.25,5.64461,-26.3979,-1.03682
266.3,5.64128,-26.4003,-1.0367
266.35,5.64443,-26.3962,-1.03593
266.4,5.64196,-26.3978,-1.03573
266.45,5.63156,-26.4072,-1.03631
266.5,5.63289,-26.4049,-1.03573
266.55,5.63085,-26.406,-1.03548
266.6,5.62504,-26.4109,-1.03561
266.65,5.62146,-26.4135,-1.03551
266.7,5.61964,-26.4143,-1.03524
266.75,5.61048,-26.4225,-1.03571
266.8,5.61269,-26.4193,-1.03503
266.85,5.60522,-26.4258,-1.03533
266.9,5.60017,-26.4298,-1.03538
266.95,5.59749,-26.4315,-1.03519
267,5.59579,-26.4322,-1.03491
267.05,5.59529,-26.4318,-1.0345
267.1,5.59193,-26.4341,-1.03438
267.15,5.58562,-26.4395,-1.03456
267.2,5.58458,-26.4395,-1.03421
267.25,5.58251,-26.4406,-1.03396
267.3,5.57707,-26.4451,-1.03405
267.35,5.57539,-26.4458,-1.03376
267.4,5.56665,-26.4536,-1.03418
267.45,5.56772,-26.4515,-1.03361
267.5,5.56024,-26.4581,-1.03391
267.55,5.5554,-26.4619,-1.03394
267.6,5.55583,-26.4605,-1.03344
267.65,5.54505,-26.4703,-1.03406
267.7,5.54268,-26.4716,-1.03384
267.75,5.53875,-26.4746,-1.03378
267.8,5.53505,-26.4772,-1.0337
267.85,5.53277,-26.4785,-1.03347
267.9,5.53537,-26.4748,-1.03276
267.95,5.52261,-26.4865,-1.03358
268,5.52336,-26.4847,-1.03304
268.05,5.52076,-26.4862,-1.03285
268.1,5.51948,-26.4864,-1.03252
268.15,5.50797,-26.4968,-1.03321
268.2,5.50535,-26.4984,-1.03301
268.25,5.50579,-26.4969,-1.0325
268.3,5.49865,-26.5029,-1.03276
268.35,5.49175,-26.5087,-1.03298
268.4,5.48823,-26.5111,-1.03287
268.45,5.4896,-26.5086,-1.03227
268.5,5.48357,-26.5135,-1.03241
268.55,5.48186,-26.5141,-1.03211
268.6,5.4762,-26.5185,-1.03221
268.65,5.47027,-26.5233,-1.03234
268.7,5.46572,-26.5267,-1.03232
268.75,5.46249,-26.5287,-1.03217
268.8,5.45799,-26.532,-1.03215
268.85,5.46151,-26.5273,-1.03133
268.9,5.45009,-26.5375,-1.03199
268.95,5.4503,-26.5361,-1.0315
269,5.44837,-26.5369,-1.03121
269.05,5.44296,-26.5411,-1.03127
269.1,5.43184,-26.551,-1.03191
269.15,5.43382,-26.5478,-1.03123
269.2,5.43116,-26.5493,-1.03101
269.25,5.42124,-26.558,-1.03152
269.3,5.42289,-26.5551,-1.03087
269.35,5.4202,-26.5566,-1.03065
269.4,5.41173,-26.5639,-1.03101
269.45,5.40977,-26.5647,-1.03072
269.5,5.39816,-26.5751,-1.03139
269.55,5.39426,-26.5779,-1.03129
269.6,5.3935,-26.5775,-1.03087
269.65,5.39437,-26.5755,-1.03029
269.7,5.38279,-26.5859,-1.03096
269.75,5.38327,-26.5843,-1.03041
269.8,5.37845,-26.588,-1.0304
269.85,5.37364,-26.5917,-1.03038
269.9,5.37114,-26.5931,-1.03014
269.95,5.36674,-26.5965,-1.03008
270,5.35725,-26.6049,-1.03053
270.05,5.36269,-26.5984,-1.02948
270.1,5.35061,-26.6094,-1.03019
270.15,5.34948,-26.6095,-1.0298
270.2,5.343,-26.615,-1.02995
270.25,5.34039,-26.6165,-1.02971
270.3,5.34011,-26.6158,-1.02924
270.35,5.33322,-26.6217,-1.02943
270.4,5.32824,-26.6256,-1.02943
270.45,5.33069,-26.6222,-1.02868
270.5,5.31816,-26.6337,-1.02943
270.55,5.31537,-26.6355,-1.02921
270.6,5.31656,-26.6334,-1.02859
270.65,5.30709,-26.6419,-1.02904
270.7,5.31049,-26.6375,-1.0282
270.75,5.30324,-26.6438,-1.02842
270.8,5.29809,-26.648,-1.02843
270.85,5.29739,-26.6477,-1.028
270.9,5.2917,-26.6525,-1.02807
270.95,5.28231,-26.6609,-1.02851
271,5.28384,-26.6584,-1.02786
271.05,5.28071,-26.6606,-1.02767
271.1,5.27162,-26.6688,-1.02808
271.15,5.27659,-26.6629,-1.02709
271.2,5.26853,-26.67,-1.02739
271.25,5.26202,-26.6756,-1.02755
271.3,5.26163,-26.6751,-1.02709
271.35,5.25288,-26.6829,-1.02747
271.4,5.25567,-26.6792,-1.02669
271.45,5.24687,-26.687,-1.02708
271.5,5.2478,-26.6852,-1.02649
271.55,5.24515,-26.6869,-1.02626
271.6,5.23583,-26.6953,-1.0267
271.65,5.23869,-26.6915,-1.02592
271.7,5.22894,-26.7004,-1.0264
271.75,5.2272,-26.7012,-1.02608
271.8,5.22149,-26.706,-1.02616
271.85,5.22549,-26.7011,-1.02527
271.9,5.22087,-26.7048,-1.02524
271.95,5.21418,-26.7106,-1.02542
272,5.2146,-26.7092,-1.02489
272.05,5.21138,-26.7115,-1.02473
272.1,5.20578,-26.7162,-1.0248
272.15,5.20124,-26.7198,-1.02477
272.2,5.19242,-26.7277,-1.02517
272.25,5.19411,-26.7251,-1.02452
272.3,5.1862,-26.7321,-1.02482
272.35,5.18612,-26.7313,-1.02435
272.4,5.18096,-26.7355,-1.02438
272.45,5.1812,-26.7343,-1.02388
272.5,5.17552,-26.7391,-1.02397
272.55,5.17566,-26.7381,-1.02347
272.6,5.16649,-26.7463,-1.02391
272.65,5.16546,-26.7464,-1.02354
272.7,5.16433,-26.7466,-1.02318
272.75,5.16086,-26.7492,-1.02305
272.8,5.15707,-26.7521,-1.02295
272.85,5.14929,-26.7589,-1.02325
272.9,5.15079,-26.7565,-1.02263
272.95,5.1435,-26.7629,-1.02288
273,5.14063,-26.7648,-1.02269
273.05,5.13676,-26.7678,-1.02261
273.1,5.1305,-26.7731,-1.02276
273.15,5.13197,-26.7707,-1.02214
273.2,5.12462,-26.7772,-1.0224
273.25,5.12226,-26.7786,-1.02217
273.3,5.11562,-26.7843,-1.02236
273.35,5.11619,-26.7828,-1.02183
273.4,5.11145,-26.7866,-1.02184
273.45,5.10379,-26.7933,-1.02213
273.5,5.10126,-26.7949,-1.02192
273.55,5.10053,-26.7947,-1.02152
273.6,5.09326,-26.8011,-1.02178
273.65,5.09873,-26.7947,-1.02077
273.7,5.08701,-26.8054,-1.02148
273.75,5.08447,-26.8071,-1.02127
273.8,5.08519,-26.8054,-1.02073
273.85,5.07915,-26.8105,-1.02087
273.9,5.08011,-26.8086,-1.02032
273.95,5.06926,-26.8185,-1.02094
274,5.06702,-26.8198,-1.0207
274.05,5.06589,-26.82,-1.02035
274.1,5.05879,-26.8262,-1.0206
274.15,5.061,-26.823,-1.01992
274.2,5.05244,-26.8306,-1.02032
274.25,5.05778,-26.8243,-1.01933
274.3,5.05005,-26.8311,-1.01964
274.35,5.04117,-26.839,-1.02007
274.4,5.04219,-26.8371,-1.01952
274.45,5.03943,-26.8389,-1.01934
274.5,5.03677,-26.8406,-1.01915
274.55,5.02844,-26.848,-1.01953
274.6,5.02535,-26.8502,-1.01939
274.65,5.02995,-26.8446,-1.01847
274.7,5.0266,-26.847,-1.01835
274.75,5.01966,-26.853,-1.01859
274.8,5.01539,-26.8563,-1.01857
274.85,5.00889,-26.8619,-1.01876
274.9,5.00597,-26.8638,-1.01861
274.95,5.00035,-26.8685,-1.01872
275,4.99958,-26.8683,-1.01834
275.05,4.99752,-26.8694,-1.0181
275.1,4.99457,-26.8715,-1.01794
275.15,4.98987,-26.8752,-1.01797
275.2,4.98659,-26.8776,-1.01785
275.25,4.98524,-26.878,-1.01754
275.3,4.98137,-26.8809,-1.01748
275.35,4.97225,-26.8891,-1.01794
275.4,4.96831,-26.8921,-1.01789
275.45,4.96883,-26.8906,-1.01739
275.5,4.96231,-26.8962,-1.01759
275.55,4.95955,-26.898,-1.01742
275.6,4.96231,-26.8943,-1.0167
275.65,4.95203,-26.9037,-1.01728
275.7,4.95486,-26.8999,-1.01655
275.75,4.95246,-26.9014,-1.01634
275.8,4.94096,-26.912,-1.01704
275.85,4.93951,-26.9125,-1.01674
275.9,4.94173,-26.9093,-1.01607
275.95,4.93476,-26.9154,-1.01632
276,4.93407,-26.9151,-1.01594
276.05,4.92714,-26.9211,-1.01618
276.1,4.92533,-26.922,-1.01591
276.15,4.91505,-26.9313,-1.01649
276.2,4.91619,-26.9293,-1.01592
276.25,4.9145,-26.93,-1.01564
276.3,4.9107,-26.9329,-1.01557
276.35,4.90095,-26.9417,-1.0161
276.4,4.90612,-26.9356,-1.01513
276.45,4.90281,-26.938,-1.01501
276.5,4.89092,-26.9489,-1.01575
276.55,4.88881,-26.9501,-1.01551
276.6,4.88692,-26.951,-1.01525
276.65,4.88558,-26.9514,-1.01494
276.7,4.88231,-26.9538,-1.01481
276.75,4.88076,-26.9544,-1.01452
276.8,4.8717,-26.9625,-1.01497
276.85,4.86818,-26.9651,-1.01488
276.9,4.87112,-26.9612,-1.01413
276.95,4.86175,-26.9696,-1.01462
277,4.86237,-26.9681,-1.01411
277.05,4.85238,-26.9771,-1.01466
277.1,4.85387,-26.9747,-1.01406
277.15,4.8509,-26.9767,-1.0139
277.2,4.84428,-26.9823,-1.01412
277.25,4.84223,-26.9834,-1.01387
277.3,4.84049,-26.9842,-1.0136
277.35,4.83598,-26.9878,-1.0136
277.4,4.83609,-26.9867,-1.01314
277.45,4.83016,-26.9917,-1.01328
277.5,4.82226,-26.9986,-1.01362
277.55,4.82526,-26.9946,-1.01288
277.6,4.81595,-27.0029,-1.01336
277.65,4.8198,-26.9981,-1.01253
277.7,4.81606,-27.0009,-1.01245
277.75,4.81142,-27.0045,-1.01247
277.8,4.8071,-27.0079,-1.01245
277.85,4.80311,-27.0109,-1.01241
277.9,4.80229,-27.0107,-1.01204
277.95,4.79672,-27.0153,-1.01215
278,4.79298,-27.018,-1.01208
278.05,4.79383,-27.0161,-1.01155
278.1,4.7897,-27.0193,-1.01152
278.15,4.78762,-27.0204,-1.01129
278.2,4.78065,-27.0263,-1.01154
278.25,4.77677,-27.0292,-1.01148
278.3,4.77664,-27.0283,-1.01105
278.35,4.77411,-27.0298,-1.01086
278.4,4.77021,-27.0327,-1.01081
278.45,4.76649,-27.0353,-1.01074
278.5,4.75807,-27.0427,-1.01114
278.55,4.75824,-27.0415,-1.01069
278.6,4.758,-27.0407,-1.01027
278.65,4.7545,-27.0432,-1.01018
278.7,4.74515,-27.0515,-1.01068
278.75,4.74171,-27.0539,-1.01058
278.8,4.73958,-27.055,-1.01035
278.85,4.74189,-27.0516,-1.00969
278.9,4.73735,-27.0551,-1.0097
278.95,4.72873,-27.0626,-1.01013
279,4.72849,-27.0618,-1.00972
279.05,4.72943,-27.0598,-1.00919
279.1,4.72717,-27.061,-1.00898
279.15,4.72098,-27.0661,-1.00916
279.2,4.71912,-27.0669,-1.00891
279.25,4.71646,-27.0684,-1.00874
279.3,4.70897,-27.0748,-1.00906
279.35,4.70612,-27.0766,-1.00891
279.4,4.70278,-27.0788,-1.00881
279.45,4.69779,-27.0827,-1.00888
279.5,4.69268,-27.0867,-1.00896
279.55,4.6989,-27.0794,-1.00791
279.6,4.68805,-27.0891,-1.00856
279.65,4.6921,-27.084,-1.00773
279.7,4.6895,-27.0854,-1.00756
279.75,4.68495,-27.0889,-1.00758
279.8,4.67837,-27.0943,-1.00781
279.85,4.6789,-27.0927,-1.00733
279.9,4.67507,-27.0954,-1.00729
279.95,4.66783,-27.1015,-1.00759
280,4.66787,-27.1003,-1.00715
280.05,4.66884,-27.0982,-1.00663
280.1,4.66499,-27.1009,-1.00659
280.15,4.65801,-27.1067,-1.00687
280.2,4.65869,-27.1049,-1.00637
280.25,4.64867,-27.1137,-1.00695
280.3,4.65145,-27.1098,-1.00625
280.35,4.64318,-27.1169,-1.00666
280.4,4.63866,-27.1202,-1.00669
280.45,4.64006,-27.1177,-1.00612
280.5,4.63633,-27.1202,-1.00608
280.55,4.63473,-27.1206,-1.00582
280.6,4.63022,-27.1239,-1.00585
280.65,4.62737,-27.1256,-1.00571
280.7,4.62272,-27.1291,-1.00576
280.75,4.61948,-27.1311,-1.00566
280.8,4.61709,-27.1323,-1.00548
280.85,4.61807,-27.1301,-1.00497
280.9,4.6151,-27.1319,-1.00485
280.95,4.61248,-27.1333,-1.00469
281,4.61157,-27.133,-1.00437
281.05,4.60658,-27.1368,-1.00445
281.1,4.60327,-27.1388,-1.00437
281.15,4.59458,-27.1463,-1.00482
281.2,4.59672,-27.1429,-1.0042
281.25,4.59388,-27.1446,-1.00407
281.3,4.5937,-27.1435,-1.00367
281.35,4.59232,-27.1436,-1.0034
281.4,4.58306,-27.1517,-1.00391
281.45,4.5821,-27.1514,-1.0036
281.5,4.57651,-27.1557,-1.00374
281.55,4.58033,-27.1506,-1.00295
281.6,4.57337,-27.1563,-1.00324
281.65,4.56696,-27.1615,-1.00347
281.7,4.56681,-27.1604,-1.00308
281.75,4.56354,-27.1624,-1.003
281.8,4.56011,-27.1645,-1.00293
281.85,4.55574,-27.1676,-1.00296
281.9,4.55719,-27.1649,-1.00241
281.95,4.55223,-27.1686,-1.0025
282,4.55224,-27.1673,-1.00209
282.05,4.55293,-27.1653,-1.00162
282.1,4.54934,-27.1676,-1.00157
282.15,4.53781,-27.1779,-1.00232
282.2,4.53861,-27.1758,-1.00184
282.25,4.53332,-27.1798,-1.00196
282.3,4.5315,-27.1803,-1.00174
282.35,4.53285,-27.1776,-1.0012
282.4,4.53147,-27.1777,-1.00094
282.45,4.52962,-27.1782,-1.00072
282.5,4.52127,-27.1852,-1.00116
282.55,4.5219,-27.1833,-1.00069
282.6,4.51797,-27.1859,-1.00069
282.65,4.51922,-27.1833,-1.00016
282.7,4.51407,-27.1872,-1.00028
282.75,4.50518,-27.1947,-1.00077
282.8,4.50648,-27.1921,-1.00024
282.85,4.50403,-27.1932,-1.00009
282.9,4.49664,-27.1992,-1.00043
282.95,4.50156,-27.193,-0.999538
283,4.49103,-27.2021,-1.00019
283.05,4.49092,-27.2009,-0.99981
283.1,4.49252,-27.198,-0.999255
283.15,4.48788,-27.2012,-0.999324
283.2,4.48419,-27.2036,-0.999299
283.25,4.47848,-27.2079,-0.999475
283.3,4.48341,-27.2016,-0.998589
283.35,4.47912,-27.2045,-0.998624
283.4,4.47185,-27.2104,-0.998961
283.45,4.47098,-27.2099,-0.998657
283.5,4.46446,-27.2151,-0.998918
283.55,4.46996,-27.2082,-0.997978
283.6,4.46257,-27.2142,-0.998327
283.65,4.46527,-27.2101,-0.997668
283.7,4.46204,-27.212,-0.997601
283.75,4.45825,-27.2144,-0.997591
283.8,4.44845,-27.2228,-0.998183
283.85,4.44618,-27.2237,-0.99802
283.9,4.44651,-27.2219,-0.997598
283.95,4.44811,-27.2189,-0.99705
284,4.43673,-27.2289,-0.9978
284.05,4.44142,-27.2228,-0.996945
284.1,4.43634,-27.2265,-0.997066
284.15,4.43374,-27.2277,-0.99694
284.2,4.43239,-27.2277,-0.996689
284.25,4.42486,-27.2338,-0.997056
284.3,4.42604,-27.2312,-0.996552
284.35,4.41865,-27.2371,-0.996906
284.4,4.42132,-27.233,-0.996254
284.45,4.41778,-27.2352,-0.996223
284.5,4.418,-27.2335,-0.995816
284.55,4.41284,-27.2372,-0.995945
284.6,4.41189,-27.2368,-0.995654
284.65,4.40642,-27.2408,-0.995814
284.7,4.39933,-27.2465,-0.996137
284.75,4.39739,-27.247,-0.995944
284.8,4.39891,-27.244,-0.995404
284.85,4.38945,-27.2521,-0.995963
284.9,4.38592,-27.2542,-0.995928
284.95,4.38289,-27.2558,-0.995843
285,4.38531,-27.2519,-0.995212
285.05,4.37805,-27.2578,-0.99555
285.1,4.38329,-27.2511,-0.994637
285.15,4.37109,-27.2619,-0.995468
285.2,4.36929,-27.2622,-0.995258
285.25,4.37406,-27.256,-0.994392
285.3,4.37083,-27.2578,-0.994326
285.35,4.36194,-27.2653,-0.994825
285.4,4.35711,-27.2687,-0.994921
285.45,4.35682,-27.2675,-0.994561
285.5,4.35217,-27.2707,-0.994638
285.55,4.34867,-27.2728,-0.994599
285.6,4.34586,-27.2741,-0.99449
285.65,4.34894,-27.2696,-0.993793
285.7,4.34565,-27.2714,-0.993732
285.75,4.34432,-27.2713,-0.993475
285.8,4.3427,-27.2715,-0.993246
285.85,4.33343,-27.2793,-0.993783
285.9,4.32751,-27.2838,-0.993985
285.95,4.33134,-27.2785,-0.993213
286,4.32133,-27.287,-0.993824
286.05,4.3185,-27.2884,-0.993716
286.1,4.32007,-27.2854,-0.993169
286.15,4.32202,-27.282,-0.992582
286.2,4.3166,-27.286,-0.992733
286.25,4.31391,-27.2872,-0.99261
286.3,4.30676,-27.2929,-0.992934
286.35,4.3057,-27.2925,-0.992646
286.4,4.30643,-27.2903,-0.99218
286.45,4.29864,-27.2966,-0.992566
286.5,4.29745,-27.2964,-0.992291
286.55,4.29349,-27.2989,-0.992292
286.6,4.29131,-27.2996,-0.992115
286.65,4.28823,-27.3013,-0.992027
286.7,4.28494,-27.3031,-0.99196
286.75,4.28382,-27.3028,-0.991676
286.8,4.27836,-27.3068,-0.991825
286.85,4.27464,-27.3091,-0.991801
286.9,4.26743,-27.3148,-0.992125
286.95,4.26998,-27.3108,-0.991473
287,4.26887,-27.3105,-0.991186
287.05,4.25993,-27.318,-0.991683
287.1,4.26185,-27.3146,-0.991094
287.15,4.26078,-27.3142,-0.990804
287.2,4.25776,-27.3157,-0.990708
287.25,4.24925,-27.3227,-0.99116
287.3,4.24967,-27.3208,-0.99072
287.35,4.24783,-27.3211,-0.990505
287.4,4.24291,-27.3245,-0.990597
287.45,4.24037,-27.3256,-0.99045
287.5,4.23537,-27.3291,-0.990548
287.55,4.23344,-27.3295,-0.990339
287.6,4.23102,-27.3304,-0.990179
287.65,4.22053,-27.3394,-0.990825
287.7,4.22349,-27.3349,-0.990124
287.75,4.21865,-27.3382,-0.990203
287.8,4.21852,-27.3368,-0.98981
287.85,4.21738,-27.3365,-0.989517
287.9,4.20455,-27.3478,-0.990393
287.95,4.20819,-27.3427,-0.98962
288,4.2023,-27.347,-0.989801
288.05,4.2013,-27.3466,-0.989491
288.1,4.194,-27.3524,-0.989812
288.15,4.18894,-27.3559,-0.989907
288.2,4.18787,-27.3555,-0.989603
288.25,4.19027,-27.3516,-0.988951
288.3,4.18709,-27.3534,-0.988857
288.35,4.18355,-27.3554,-0.9888
288.4,4.17523,-27.3623,-0.989219
288.45,4.17783,-27.3582,-0.988546
288.5,4.16978,-27.3647,-0.988938
288.55,4.17331,-27.3597,-0.988173
288.6,4.16999,-27.3615,-0.988092
288.65,4.16694,-27.3631,-0.987983
288.7,4.16248,-27.366,-0.988015
288.75,4.15923,-27.3678,-0.987925
288.8,4.15078,-27.3747,-0.988356
288.85,4.14985,-27.3742,-0.988033
288.9,4.14788,-27.3746,-0.987814
288.95,4.14763,-27.3733,-0.987424
289,4.13725,-27.3821,-0.988045
289.05,4.13333,-27.3845,-0.98802
289.1,4.1342,-27.382,-0.987516
289.15,4.13455,-27.3801,-0.987063
289.2,4.12334,-27.3897,-0.987765
289.25,4.12041,-27.3911,-0.987638
289.3,4.11913,-27.3908,-0.987345
289.35,4.12099,-27.3874,-0.986738
289.4,4.11012,-27.3967,-0.987401
289.45,4.10922,-27.396,-0.987068
289.5,4.10793,-27.3957,-0.986773
289.55,4.10438,-27.3977,-0.986704
289.6,4.09564,-27.4049,-0.987152
289.65,4.10017,-27.3988,-0.986274
289.7,4.09466,-27.4028,-0.986398
289.75,4.08795,-27.4079,-0.986643
289.8,4.08797,-27.4064,-0.986215
289.85,4.08236,-27.4104,-0.986348
289.9,4.0752,-27.416,-0.986636
289.95,4.08003,-27.4096,-0.985724
290,4.07017,-27.4179,-0.986281
290.05,4.06813,-27.4184,-0.986055
290.1,4.06963,-27.4154,-0.985474
290.15,4.05962,-27.4239,-0.986045
290.2,4.05771,-27.4242,-0.985804
290.25,4.05796,-27.4225,-0.985346
290.3,4.0479,-27.431,-0.98592
290.35,4.05073,-27.4267,-0.985204
290.4,4.04324,-27.4326,-0.985519
290.45,4.04439,-27.4299,-0.984971
290.5,4.04018,-27.4326,-0.984958
290.55,4.03563,-27.4357,-0.984979
290.6,4.03623,-27.4336,-0.984484
290.65,4.0263,-27.442,-0.985041
290.7,4.02549,-27.4413,-0.984686
290.75,4.01827,-27.4471,-0.984972
290.8,4.0188,-27.445,-0.984483
290.85,4.0101,-27.4523,-0.984915
290.9,4.00813,-27.4528,-0.984675
290.95,4.01117,-27.4482,-0.983934
291,4.00494,-27.453,-0.984119
291.05,4.00504,-27.4515,-0.983672
291.1,3.99788,-27.4572,-0.983951
291.15,3.99627,-27.4573,-0.983674
291.2,3.99429,-27.4579,-0.983434
291.25,3.98501,-27.4657,-0.983925
291.3,3.99009,-27.4592,-0.982979
291.35,3.98156,-27.4663,-0.983394
291.4,3.9801,-27.4663,-0.983103
291.45,3.97144,-27.4735,-0.983532
291.5,3.97115,-27.4724,-0.983124
291.55,3.97326,-27.4688,-0.982477
291.6,3.96598,-27.4747,-0.982768
291.65,3.96063,-27.4786,-0.982867
291.7,3.95613,-27.4817,-0.982881
291.75,3.96035,-27.476,-0.982023
291.8,3.95865,-27.4763,-0.981758
291.85,3.94747,-27.4861,-0.98244
291.9,3.94793,-27.4842,-0.98196
291.95,3.94217,-27.4885,-0.982102
292,3.94557,-27.4837,-0.981328
292.05,3.93524,-27.4926,-0.981927
292.1,3.93834,-27.4881,-0.981184
292.15,3.93574,-27.4893,-0.981011
292.2,3.92888,-27.4947,-0.981265
292.25,3.92454,-27.4976,-0.981267
292.3,3.92809,-27.4927,-0.980481
292.35,3.9151,-27.5042,-0.981349
292.4,3.91541,-27.5025,-0.980887
292.45,3.91031,-27.5062,-0.980966
292.5,3.91369,-27.5014,-0.9802
292.55,3.91107,-27.5026,-0.980032
292.6,3.90936,-27.5029,-0.979774
292.65,3.89884,-27.512,-0.980399
292.7,3.89787,-27.5115,-0.980068
292.75,3.89743,-27.5105,-0.979686
292.8,3.89086,-27.5157,-0.979916
292.85,3.88821,-27.5169,-0.979756
292.9,3.88246,-27.5212,-0.979906
292.95,3.88764,-27.5146,-0.978963
293,3.87952,-27.5213,-0.979352
293.05,3.87665,-27.5228,-0.979215
293.1,3.87711,-27.5209,-0.978746
293.15,3.87488,-27.5217,-0.978547
293.2,3.86982,-27.5253,-0.978631
293.25,3.8689,-27.5248,-0.978301
293.3,3.86397,-27.5282,-0.978374
293.35,3.86027,-27.5305,-0.978324
293.4,3.86125,-27.528,-0.977806
293.45,3.84985,-27.5379,-0.978525
293.5,3.85345,-27.5328,-0.977746
293.55,3.85089,-27.5339,-0.977582
293.6,3.84225,-27.5411,-0.978026
293.65,3.84202,-27.5398,-0.97763
293.7,3.83988,-27.5404,-0.977425
293.75,3.83736,-27.5414,-0.977257
293.8,3.8358,-27.5415,-0.976994
293.85,3.83025,-27.5455,-0.977129
293.9,3.82781,-27.5464,-0.976952
293.95,3.81962,-27.5531,-0.97735
294,3.82203,-27.5492,-0.976688
294.05,3.81601,-27.5537,-0.97687
294.1,3.80824,-27.5599,-0.977226
294.15,3.81198,-27.5547,-0.97643
294.2,3.80847,-27.5567,-0.97636
294.25,3.80278,-27.5609,-0.976508
294.3,3.7991,-27.5631,-0.976453
294.35,3.79206,-27.5686,-0.976736
294.4,3.79673,-27.5625,-0.975848
294.45,3.79032,-27.5674,-0.976066
294.5,3.79149,-27.5647,-0.975528
294.55,3.78104,-27.5737,-0.976152
294.6,3.78472,-27.5685,-0.975364
294.65,3.77925,-27.5724,-0.97549
294.7,3.77951,-27.5706,-0.975043
294.75,3.77113,-27.5775,-0.975461
294.8,3.7678,-27.5793,-0.975373
294.85,3.76622,-27.5794,-0.97511
294.9,3.76723,-27.5769,-0.974588
294.95,3.75796,-27.5846,-0.975093
295,3.75805,-27.583,-0.974663
295.05,3.7557,-27.5838,-0.974477
295.1,3.74693,-27.591,-0.974933
295.15,3.74146,-27.5949,-0.975059
295.2,3.74202,-27.5928,-0.974581
295.25,3.7443,-27.589,-0.973931
295.3,3.73953,-27.5923,-0.973985
295.35,3.73171,-27.5985,-0.974343
295.4,3.73159,-27.5971,-0.973933
295.45,3.7275,-27.5996,-0.973919
295.5,3.72462,-27.6009,-0.973783
295.55,3.71999,-27.604,-0.973822
295.6,3.71292,-27.6094,-0.974106
295.65,3.71528,-27.6054,-0.973445
295.7,3.70745,-27.6116,-0.973803
295.75,3.70997,-27.6075,-0.973124
295.8,3.69978,-27.6161,-0.973716
295.85,3.70141,-27.6128,-0.973125
295.9,3.70001,-27.6126,-0.972836
295.95,3.69761,-27.6134,-0.972646
296,3.68596,-27.6234,-0.973381
296.05,3.68886,-27.619,-0.972661
296.1,3.67916,-27.6271,-0.9732
296.15,3.68438,-27.6203,-0.972245
296.2,3.67502,-27.6281,-0.972749
296.25,3.66879,-27.6327,-0.972939
296.3,3.66881,-27.6311,-0.972504
296.35,3.66931,-27.6291,-0.972021
296.4,3.66467,-27.6321,-0.972051
296.45,3.65884,-27.6364,-0.9722
296.5,3.65318,-27.6405,-0.972332
296.55,3.65177,-27.6403,-0.972039
296.6,3.64679,-27.6437,-0.972102
296.65,3.64561,-27.6433,-0.971785
296.7,3.64195,-27.6453,-0.971715
296.75,3.64074,-27.6449,-0.971401
296.8,3.63501,-27.649,-0.971538
296.85,3.62978,-27.6527,-0.971624
296.9,3.63401,-27.6468,-0.970764
296.95,3.62146,-27.6578,-0.971581
297,3.62545,-27.6522,-0.970744
297.05,3.62012,-27.656,-0.970838
297.1,3.61632,-27.6582,-0.97078
297.15,3.61666,-27.6563,-0.970307
297.2,3.60716,-27.6642,-0.970818
297.25,3.60897,-27.6609,-0.970198
297.3,3.60526,-27.663,-0.97013
297.35,3.59894,-27.6678,-0.970322
297.4,3.59571,-27.6694,-0.970206
297.45,3.5939,-27.6696,-0.969947
297.5,3.5885,-27.6734,-0.970048
297.55,3.58696,-27.6733,-0.969762
297.6,3.58136,-27.6773,-0.969881
297.65,3.57954,-27.6774,-0.969622
297.7,3.57648,-27.6788,-0.969487
297.75,3.57482,-27.6788,-0.969211
297.8,3.57008,-27.6819,-0.969243
297.85,3.56036,-27.69,-0.969771
297.9,3.56247,-27.6862,-0.969116
297.95,3.55636,-27.6907,-0.969283
298,3.55412,-27.6913,-0.969062
298.05,3.55392,-27.6898,-0.968636
298.1,3.54975,-27.6923,-0.968607
298.15,3.54591,-27.6945,-0.968545
298.2,3.5379,-27.7009,-0.968898
298.25,3.53348,-27.7037,-0.968892
298.3,3.53185,-27.7036,-0.968606
298.35,3.53157,-27.7023,-0.968185
298.4,3.52535,-27.7069,-0.968358
298.45,3.52135,-27.7093,-0.968308
298.5,3.52185,-27.7072,-0.967808
298.55,3.51294,-27.7145,-0.968249
298.6,3.50694,-27.7188,-0.968399
298.65,3.507,-27.7172,-0.967943
298.7,3.50178,-27.7208,-0.968013
298.75,3.49963,-27.7213,-0.967777
298.8,3.49484,-27.7245,-0.967803
298.85,3.49927,-27.7185,-0.966908
298.9,3.49418,-27.722,-0.966965
298.95,3.48959,-27.7251,-0.966972
299,3.48566,-27.7274,-0.966912
299.05,3.47862,-27.7329,-0.967163
299.1,3.47595,-27.734,-0.966978
299.15,3.46992,-27.7385,-0.967128
299.2,3.47458,-27.7323,-0.96621
299.25,3.46239,-27.743,-0.966977
299.3,3.46823,-27.7356,-0.96594
299.35,3.46167,-27.7406,-0.966144
299.4,3.4533,-27.7474,-0.96653
299.45,3.45481,-27.7444,-0.965927
299.5,3.44569,-27.752,-0.966388
299.55,3.44864,-27.7475,-0.965642
299.6,3.44353,-27.7511,-0.965702
299.65,3.44381,-27.7493,-0.965224
299.7,3.43647,-27.7552,-0.965507
299.75,3.43692,-27.7532,-0.965012
299.8,3.42632,-27.7623,-0.965623
299.85,3.43089,-27.7562,-0.964717
299.9,3.42456,-27.761,-0.964902
299.95,3.42121,-27.7629,-0.964789
300,3.41527,-27.7673,-0.964935
300.05,3.41297,-27.7681,-0.964718
300.1,3.41426,-27.7653,-0.964143
300.15,3.40586,-27.7722,-0.964537
300.2,3.40714,-27.7695,-0.963963
300.25,3.40671,-27.7684,-0.96356
300.3,3.39965,-27.7739,-0.963822
300.35,3.39958,-27.7725,-0.963384
300.4,3.39697,-27.7736,-0.963202
300.45,3.38817,-27.7809,-0.96364
300.5,3.38684,-27.7807,-0.963331
300.55,3.38366,-27.7823,-0.963208
300.6,3.38118,-27.7832,-0.963013
300.65,3.38059,-27.7823,-0.962631
300.7,3.37475,-27.7866,-0.962773
300.75,3.3703,-27.7895,-0.962777
300.8,3.36087,-27.7974,-0.963278
300.85,3.36425,-27.7925,-0.962499
300.9,3.35659,-27.7986,-0.962823
300.95,3.35215,-27.8016,-0.962826
301,3.35039,-27.8018,-0.962561
301.05,3.34695,-27.8037,-0.962464
301.1,3.34878,-27.8004,-0.96184
301.15,3.34523,-27.8024,-0.961754
301.2,3.33537,-27.8108,-0.962299
301.25,3.33317,-27.8115,-0.962079
301.3,3.33336,-27.8098,-0.96162
301.35,3.32617,-27.8154,-0.9619
301.4,3.3318,-27.8083,-0.960896
301.45,3.31893,-27.8197,-0.961745
301.5,3.32165,-27.8154,-0.961034
301.55,3.31459,-27.821,-0.961301
301.6,3.31265,-27.8214,-0.961058
301.65,3.30989,-27.8227,-0.960896
301.7,3.30766,-27.8234,-0.960681
301.75,3.30023,-27.8293,-0.960988
301.8,3.30026,-27.8278,-0.960548
301.85,3.2942,-27.8323,-0.960718
301.9,3.29995,-27.8251,-0.959707
301.95,3.29066,-27.8329,-0.960201
302,3.28909,-27.8329,-0.959922
302.05,3.28686,-27.8337,-0.959711
302.1,3.27772,-27.8413,-0.960191
302.15,3.27701,-27.8405,-0.959828
302.2,3.27748,-27.8385,-0.959348
302.25,3.27574,-27.8387,-0.959089
302.3,3.27378,-27.8391,-0.958854
302.35,3.26803,-27.8433,-0.958997
302.4,3.26294,-27.8469,-0.959075
302.45,3.25662,-27.8517,-0.959276
302.5,3.25973,-27.847,-0.958533
302.55,3.25616,-27.849,-0.958459
302.6,3.24967,-27.854,-0.958676
302.65,3.24788,-27.8543,-0.958425
302.7,3.24402,-27.8566,-0.95838
302.75,3.24092,-27.8582,-0.958259
302.8,3.24016,-27.8574,-0.957904
302.85,3.23972,-27.8563,-0.957518
302.9,3.23262,-27.8619,-0.957799
302.95,3.23065,-27.8623,-0.957567
303,3.23045,-27.8609,-0.957157
303.05,3.21922,-27.8706,-0.957851
303.1,3.22339,-27.8649,-0.957006
303.15,3.21446,-27.8723,-0.957471
303.2,3.21367,-27.8716,-0.957121
303.25,3.20881,-27.8749,-0.957178
303.3,3.20563,-27.8766,-0.957068
303.35,3.20805,-27.8726,-0.956397
303.4,3.2003,-27.8788,-0.956745
303.45,3.19602,-27.8816,-0.956744
303.5,3.1923,-27.8838,-0.956689
303.55,3.18611,-27.8884,-0.95688
303.6,3.1827,-27.8903,-0.956794
303.65,3.18289,-27.8886,-0.956349
303.7,3.17904,-27.8909,-0.956307
303.75,3.1792,-27.8891,-0.955865
303.8,3.17085,-27.8959,-0.956274
303.85,3.16828,-27.897,-0.956104
303.9,3.16594,-27.8978,-0.955912
303.95,3.16574,-27.8964,-0.955506
304,3.16008,-27.9005,-0.955646
304.05,3.16407,-27.895,-0.954821
304.1,3.1535,-27.904,-0.955452
304.15,3.15449,-27.9015,-0.954929
304.2,3.14978,-27.9046,-0.954975
304.25,3.14844,-27.9044,-0.954684
304.3,3.13945,-27.9118,-0.955158
304.35,3.13715,-27.9126,-0.954963
304.4,3.13853,-27.9097,-0.9544
304.45,3.13562,-27.911,-0.954266
304.5,3.13457,-27.9105,-0.953946
304.55,3.12894,-27.9146,-0.954084
304.6,3.12795,-27.914,-0.953759
304.65,3.12419,-27.9162,-0.95371
304.7,3.11279,-27.926,-0.954426
304.75,3.11419,-27.923,-0.953861
304.8,3.10875,-27.9269,-0.953979
304.85,3.10734,-27.9268,-0.953695
304.9,3.10433,-27.9282,-0.95357
304.95,3.10431,-27.9267,-0.953147
305,3.10178,-27.9276,-0.952974
305.05,3.09821,-27.9297,-0.952906
305.1,3.09512,-27.9312,-0.952789
305.15,3.09229,-27.9324,-0.952647
305.2,3.08204,-27.9411,-0.953248
305.25,3.07827,-27.9433,-0.9532
305.3,3.0788,-27.9412,-0.952722
305.35,3.0734,-27.9451,-0.952836
305.4,3.07025,-27.9467,-0.952725
305.45,3.07163,-27.9437,-0.952162
305.5,3.06921,-27.9446,-0.951979
305.55,3.06357,-27.9487,-0.952117
305.6,3.06206,-27.9486,-0.951843
305.65,3.05217,-27.957,-0.952408
305.7,3.05061,-27.9569,-0.95214
305.75,3.04752,-27.9585,-0.952025
305.8,3.04944,-27.955,-0.95141
305.85,3.04207,-27.9608,-0.951722
305.9,3.0399,-27.9614,-0.951515
305.95,3.03642,-27.9633,-0.951438
306,3.02936,-27.9688,-0.951719
306.05,3.02935,-27.9673,-0.951296
306.1,3.02347,-27.9716,-0.951458
306.15,3.02868,-27.9648,-0.950511
306.2,3.01815,-27.9738,-0.95114
306.25,3.01405,-27.9764,-0.951125
306.3,3.01381,-27.975,-0.950725
306.35,3.01098,-27.9763,-0.950584
306.4,3.00864,-27.9771,-0.950393
306.45,3.00858,-27.9756,-0.949975
306.5,2.99893,-27.9837,-0.950515
306.55,2.99726,-27.9838,-0.950256
306.6,2.99682,-27.9827,-0.949874
306.65,2.9873,-27.9907,-0.9504
306.7,2.98606,-27.9904,-0.950098
306.75,2.98862,-27.9863,-0.949416
306.8,2.97857,-27.9948,-0.949994
306.85,2.98109,-27.9908,-0.949316
306.9,2.97148,-27.9989,-0.949851
306.95,2.9715,-27.9973,-0.949422
307,2.9686,-27.9987,-0.949285
307.05,2.96976,-27.996,-0.948742
307.1,2.96732,-27.9969,-0.948559
307.15,2.95613,-28.0066,-0.949252
307.2,2.96063,-28.0005,-0.948375
307.25,2.94991,-28.0097,-0.949021
307.3,2.94893,-28.0092,-0.948692
307.35,2.94865,-28.0079,-0.948294
307.4,2.94385,-28.0112,-0.948348
307.45,2.94395,-28.0096,-0.947912
307.5,2.93339,-28.0186,-0.948543
307.55,2.93471,-28.0157,-0.947986
307.6,2.92801,-28.0209,-0.948232
307.65,2.92481,-28.0225,-0.948127
307.7,2.92457,-28.0212,-0.947726
307.75,2.92059,-28.0237,-0.9477
307.8,2.91658,-28.0261,-0.947675
307.85,2.91941,-28.0218,-0.946968
307.9,2.91593,-28.0237,-0.946892
307.95,2.91291,-28.0252,-0.946769
308,2.909,-28.0276,-0.946736
308.05,2.89917,-28.0359,-0.947294
308.1,2.89779,-28.0357,-0.947008
308.15,2.89673,-28.0352,-0.946691
308.2,2.89066,-28.0397,-0.946874
308.25,2.8913,-28.0376,-0.946387
308.3,2.88604,-28.0413,-0.946489
308.35,2.88317,-28.0426,-0.946354
308.4,2.87957,-28.0447,-0.946291
308.45,2.8779,-28.0448,-0.946037
308.5,2.87819,-28.043,-0.945586
308.55,2.87483,-28.0448,-0.945501
308.6,2.86747,-28.0506,-0.945816
308.65,2.86851,-28.048,-0.945291
308.7,2.86715,-28.0478,-0.945007
308.75,2.85748,-28.0559,-0.945553
308.8,2.86097,-28.0509,-0.944784
308.85,2.85179,-28.0585,-0.945281
308.9,2.855,-28.0537,-0.94454
308.95,2.84684,-28.0603,-0.944935
309,2.84095,-28.0647,-0.945104
309.05,2.83681,-28.0673,-0.945099
309.1,2.83318,-28.0693,-0.945042
309.15,2.83378,-28.0672,-0.944563
309.2,2.82961,-28.0698,-0.944561
309.25,2.82889,-28.069,-0.944215
309.3,2.82864,-28.0676,-0.943821
309.35,2.82361,-28.0711,-0.943907
309.4,2.81886,-28.0743,-0.943964
309.45,2.81829,-28.0733,-0.943604
309.5,2.81338,-28.0766,-0.943677
309.55,2.80786,-28.0806,-0.943811
309.6,2.81059,-28.0763,-0.943121
309.65,2.80743,-28.0779,-0.94302
309.7,2.80397,-28.0798,-0.94295
309.75,2.79374,-28.0885,-0.943556
309.8,2.79433,-28.0863,-0.943081
309.85,2.78871,-28.0904,-0.943227
309.9,2.78871,-28.0888,-0.942811
309.95,2.78878,-28.0872,-0.942388
310,2.7846,-28.0898,-0.94239
310.05,2.77801,-28.0948,-0.942636
310.1,2.77779,-28.0934,-0.942244
310.15,2.76931,-28.1003,-0.942678
310.2,2.76685,-28.1012,-0.942511
310.25,2.76838,-28.0981,-0.941945
310.3,2.76335,-28.1016,-0.942035
310.35,2.75749,-28.1058,-0.942208
310.4,2.76295,-28.0988,-0.941249
310.45,2.75422,-28.1059,-0.941709
310.5,2.75329,-28.1053,-0.941389
310.55,2.74594,-28.1111,-0.941712
310.6,2.74614,-28.1093,-0.941279
310.65,2.74465,-28.1092,-0.941016
310.7,2.74097,-28.1113,-0.940973
310.75,2.74008,-28.1106,-0.94065
310.8,2.73095,-28.1181,-0.941151
310.85,2.73012,-28.1174,-0.940824
310.9,2.72728,-28.1186,-0.940696
310.95,2.72649,-28.1179,-0.940365
311,2.72815,-28.1146,-0.939788
311.05,2.72348,-28.1177,-0.939846
311.1,2.72023,-28.1193,-0.939761
311.15,2.71767,-28.1203,-0.939607
311.2,2.71286,-28.1235,-0.939679
311.25,2.70915,-28.1256,-0.939642
311.3,2.70936,-28.1238,-0.939213
311.35,2.70813,-28.1235,-0.938928
311.4,2.70181,-28.1282,-0.939152
311.45,2.695,-28.1334,-0.939428
311.5,2.69677,-28.13,-0.938844
311.55,2.68919,-28.136,-0.939196
311.6,2.68873,-28.1348,-0.938836
311.65,2.6833,-28.1386,-0.938974
311.7,2.68027,-28.1401,-0.938873
311.75,2.68037,-28.1383,-0.938457
311.8,2.67952,-28.1376,-0.938137
311.85,2.67449,-28.141,-0.938234
311.9,2.67177,-28.1421,-0.938101
311.95,2.6694,-28.1428,-0.937932
312,2.66867,-28.142,-0.9376
312.05,2.65803,-28.151,-0.938259
312.1,2.66132,-28.1461,-0.937524
312.15,2.65378,-28.152,-0.937872
312.2,2.65464,-28.1495,-0.937381
312.25,2.64724,-28.1553,-0.937717
312.3,2.65179,-28.1491,-0.936857
312.35,2.64649,-28.1528,-0.936982
312.4,2.64121,-28.1565,-0.937106
312.45,2.63587,-28.1602,-0.937235
312.5,2.63272,-28.1617,-0.937146
312.55,2.63203,-28.1608,-0.936811
312.6,2.62496,-28.1662,-0.937115
312.65,2.63149,-28.1581,-0.936058
312.7,2.62117,-28.1668,-0.936686
312.75,2.62222,-28.1641,-0.936178
312.8,2.61799,-28.1667,-0.936198
312.85,2.6108,-28.1723,-0.936516
312.9,2.6135,-28.1679,-0.935844
312.95,2.6058,-28.174,-0.936212
313,2.60469,-28.1735,-0.935922
313.05,2.60214,-28.1744,-0.935777
313.1,2.59984,-28.1751,-0.935606
313.15,2.60127,-28.172,-0.935062
313.2,2.5963,-28.1753,-0.935159
313.25,2.59395,-28.176,-0.934993
313.3,2.58847,-28.1799,-0.935141
313.35,2.58562,-28.1811,-0.935025
313.4,2.58124,-28.1838,-0.935064
313.45,2.57602,-28.1874,-0.935185
313.5,2.57379,-28.188,-0.935008
313.55,2.57165,-28.1885,-0.934822
313.6,2.56876,-28.1897,-0.93471
313.65,2.57279,-28.184,-0.933907
313.7,2.56607,-28.1891,-0.93418
313.75,2.56699,-28.1866,-0.933687
313.8,2.55655,-28.1954,-0.934331
313.85,2.55729,-28.193,-0.933858
313.9,2.5558,-28.1928,-0.933608
313.95,2.55296,-28.194,-0.933493
314,2.55125,-28.194,-0.933265
314.05,2.54952,-28.1941,-0.933039
314.1,2.5389,-28.2031,-0.933702
314.15,2.54301,-28.1973,-0.932892
314.2,2.54071,-28.1979,-0.932723
314.25,2.53267,-28.2043,-0.933129
314.3,2.53072,-28.2046,-0.932925
314.35,2.52708,-28.2066,-0.93289
314.4,2.52475,-28.2073,-0.932725
314.45,2.51844,-28.2119,-0.932957
314.5,2.52004,-28.2087,-0.932399
314.55,2.51955,-28.2075,-0.93205
314.6,2.51364,-28.2117,-0.932243
314.65,2.51588,-28.2078,-0.931621
314.7,2.50975,-28.2123,-0.931836
314.75,2.50181,-28.2186,-0.932234
314.8,2.50466,-28.2141,-0.931552
314.85,2.49599,-28.2211,-0.932021
314.9,2.49813,-28.2173,-0.93141
314.95,2.48951,-28.2242,-0.931877
315,2.48853,-28.2235,-0.931578
315.05,2.49136,-28.219,-0.9309
315.1,2.4835,-28.2252,-0.93129
315.15,2.48255,-28.2245,-0.930989
315.2,2.48231,-28.223,-0.930618
315.25,2.48062,-28.223,-0.930392
315.3,2.47348,-28.2285,-0.930711
315.35,2.47569,-28.2246,-0.930096
315.4,2.46764,-28.231,-0.930506
315.45,2.46194,-28.235,-0.930682
315.5,2.46422,-28.231,-0.930059
315.55,2.45737,-28.2362,-0.930351
315.6,2.45282,-28.239,-0.930412
315.65,2.45736,-28.2328,-0.929564
315.7,2.44751,-28.2409,-0.930157
315.75,2.45356,-28.2332,-0.929159
315.8,2.44294,-28.2421,-0.929828
315.85,2.44399,-28.2394,-0.929331
315.9,2.43919,-28.2424,-0.929419
315.95,2.43903,-28.2409,-0.929043
316,2.43659,-28.2416,-0.928896
316.05,2.43624,-28.2402,-0.928538
316.1,2.42844,-28.2463,-0.928927
316.15,2.42293,-28.2501,-0.929086
316.2,2.42768,-28.2436,-0.928219
316.25,2.41658,-28.253,-0.928937
316.3,2.41596,-28.2519,-0.928607
316.35,2.41639,-28.2497,-0.928173
316.4,2.40945,-28.255,-0.928475
316.45,2.4138,-28.2489,-0.927648
316.5,2.40844,-28.2525,-0.927793
316.55,2.40337,-28.2559,-0.927909
316.6,2.40337,-28.2542,-0.927517
316.65,2.40298,-28.2528,-0.927165
316.7,2.39978,-28.2543,-0.927094
316.75,2.39236,-28.26,-0.927445
316.8,2.39311,-28.2575,-0.92698
316.85,2.38558,-28.2633,-0.927343
316.9,2.38316,-28.264,-0.927194
316.95,2.37864,-28.2668,-0.927256
317,2.3782,-28.2656,-0.926911
317.05,2.38085,-28.2612,-0.926257
317.1,2.37227,-28.268,-0.926725
317.15,2.37008,-28.2685,-0.926555
317.2,2.37007,-28.2668,-0.926167
317.25,2.36444,-28.2707,-0.926342
317.3,2.36109,-28.2723,-0.926289
317.35,2.36325,-28.2684,-0.925684
317.4,2.36149,-28.2684,-0.925473
317.45,2.35619,-28.272,-0.925615
317.5,2.35105,-28.2754,-0.925743
317.55,2.34969,-28.275,-0.925491
317.6,2.34689,-28.2761,-0.925385
317.65,2.34677,-28.2745,-0.92501
317.7,2.34274,-28.2768,-0.925027
317.75,2.3375,-28.2803,-0.925165
317.8,2.33911,-28.2769,-0.924618
317.85,2.33727,-28.277,-0.924417
317.9,2.33526,-28.2773,-0.924234
317.95,2.33273,-28.2781,-0.924102
318,2.32803,-28.2811,-0.924187
318.05,2.32344,-28.2839,-0.924263
318.1,2.31859,-28.287,-0.924365
318.15,2.31664,-28.2872,-0.924177
318.2,2.31438,-28.2877,-0.92402
318.25,2.30905,-28.2913,-0.924172
318.3,2.31237,-28.2862,-0.923458
318.35,2.30351,-28.2933,-0.923963
318.4,2.30333,-28.2917,-0.9236
318.45,2.30694,-28.2863,-0.922859
318.5,2.29628,-28.2952,-0.923544
318.55,2.29835,-28.2914,-0.922956
318.6,2.29733,-28.2906,-0.922678
318.65,2.29082,-28.2953,-0.922948
318.7,2.29342,-28.291,-0.922307
318.75,2.28511,-28.2975,-0.922757
318.8,2.28568,-28.2951,-0.922319
318.85,2.27764,-28.3014,-0.922742
318.9,2.27419,-28.3031,-0.922707
318.95,2.2757,-28.2998,-0.922174
319,2.27505,-28.2987,-0.921859
319.05,2.26914,-28.3028,-0.92207
319.1,2.27198,-28.2982,-0.921405
319.15,2.26116,-28.3072,-0.922108
319.2,2.25774,-28.3089,-0.922071
319.25,2.25912,-28.3057,-0.921552
319.3,2.25566,-28.3073,-0.921519
319.35,2.25648,-28.3047,-0.921057
319.4,2.24868,-28.3107,-0.921458
319.45,2.24585,-28.3118,-0.921362
319.5,2.24675,-28.3091,-0.920891
319.55,2.24684,-28.3072,-0.920504
319.6,2.24198,-28.3102,-0.92061
319.65,2.24065,-28.3098,-0.920363
319.7,2.23143,-28.3172,-0.920906
319.75,2.23697,-28.3098,-0.919972
319.8,2.23297,-28.312,-0.919992
319.85,2.22977,-28.3134,-0.919932
319.9,2.22917,-28.3122,-0.919612
319.95,2.21771,-28.3219,-0.920378
320,2.22084,-28.317,-0.919684
320.05,2.21232,-28.3237,-0.920157
320.1,2.21565,-28.3186,-0.919443
320.15,2.21045,-28.322,-0.919583
320.2,2.20806,-28.3225,-0.919443
320.25,2.20663,-28.3221,-0.919207
320.3,2.20577,-28.3212,-0.918913
320.35,2.19665,-28.3285,-0.919445
320.4,2.19986,-28.3235,-0.918744
320.45,2.19821,-28.3233,-0.918529
320.5,2.19321,-28.3265,-0.91865
320.55,2.18836,-28.3295,-0.918755
320.6,2.18342,-28.3326,-0.918869
320.65,2.18389,-28.3303,-0.918442
320.7,2.18087,-28.3314,-0.918363
320.75,2.17519,-28.3353,-0.91855
320.8,2.17973,-28.3289,-0.917715
320.85,2.17591,-28.3308,-0.917716
320.9,2.1737,-28.3312,-0.917556
320.95,2.16311,-28.3399,-0.918233
321,2.15917,-28.342,-0.918244
321.05,2.1606,-28.3387,-0.917718
321.1,2.15285,-28.3446,-0.91811
321.15,2.15682,-28.3388,-0.917329
321.2,2.14966,-28.3441,-0.91766
321.25,2.14542,-28.3465,-0.9177
321.3,2.14763,-28.3424,-0.917095
321.35,2.13915,-28.349,-0.917558
321.4,2.14438,-28.3419,-0.91665
321.45,2.13865,-28.3458,-0.916837
321.5,2.13136,-28.3512,-0.91718
321.55,2.13238,-28.3483,-0.916692
321.6,2.13079,-28.3481,-0.916465
321.65,2.12953,-28.3475,-0.916204
321.7,2.12807,-28.3471,-0.915963
321.75,2.11685,-28.3564,-0.916697
321.8,2.11692,-28.3545,-0.916301
321.85,2.11737,-28.3522,-0.915868
321.9,2.10978,-28.358,-0.916238
321.95,2.10583,-28.3601,-0.916244
322,2.1074,-28.3567,-0.915698
322.05,2.10762,-28.3546,-0.915286
322.1,2.10162,-28.3588,-0.915495
322.15,2.10107,-28.3575,-0.915161
322.2,2.09459,-28.3621,-0.915419
322.25,2.08841,-28.3665,-0.915646
322.3,2.08501,-28.368,-0.915596
322.35,2.08594,-28.3653,-0.915113
322.4,2.07885,-28.3706,-0.915432
322.45,2.07613,-28.3715,-0.915313
322.5,2.07935,-28.3664,-0.914601
322.55,2.07119,-28.3728,-0.915026
322.6,2.07278,-28.3693,-0.914477
322.65,2.07112,-28.3692,-0.914253
322.7,2.06979,-28.3687,-0.913996
322.75,2.06709,-28.3696,-0.913876
322.8,2.06404,-28.3708,-0.913791
322.85,2.05779,-28.3753,-0.914026
322.9,2.0595,-28.3717,-0.913465
322.95,2.05457,-28.3748,-0.913568
323,2.05551,-28.3721,-0.913085
323.05,2.05286,-28.3729,-0.91296
323.1,2.04188,-28.3821,-0.913669
323.15,2.04414,-28.378,-0.913054
323.2,2.04314,-28.3772,-0.912765
323.25,2.03361,-28.3849,-0.91333
323.3,2.03755,-28.3792,-0.912548
323.35,2.02951,-28.3854,-0.912964
323.4,2.0333,-28.3798,-0.912197
323.45,2.02253,-28.3888,-0.912887
323.5,2.0234,-28.3861,-0.912412
323.55,2.02162,-28.3861,-0.912203
323.6,2.01392,-28.3919,-0.912587
323.65,2.01164,-28.3924,-0.912428
323.7,2.01215,-28.3901,-0.911991
323.75,2.0108,-28.3896,-0.91174
323.8,2.00518,-28.3934,-0.911916
323.85,2.0051,-28.3917,-0.911539
323.9,2.00748,-28.3875,-0.910916
323.95,1.99755,-28.3956,-0.911524
324,1.99754,-28.3938,-0.911141
324.05,1.99592,-28.3936,-0.910919
324.1,1.99062,-28.3971,-0.911065
324.15,1.98498,-28.4009,-0.911246
324.2,1.98446,-28.3996,-0.910914
324.25,1.98058,-28.4016,-0.910919
324.3,1.98495,-28.3954,-0.910101
324.35,1.97408,-28.4044,-0.910805
324.4,1.97666,-28.4,-0.910165
324.45,1.97545,-28.3994,-0.909904
324.5,1.97237,-28.4006,-0.90983
324.55,1.96859,-28.4025,-0.909826
324.6,1.96744,-28.4018,-0.909559
324.65,1.96608,-28.4013,-0.909314
324.7,1.95726,-28.4082,-0.909814
324.75,1.9578,-28.4058,-0.909379
324.8,1.9596,-28.4021,-0.908817
324.85,1.94742,-28.4124,-0.909654
324.9,1.95262,-28.4053,-0.908753
324.95,1.95087,-28.4052,-0.908546
325,1.94056,-28.4136,-0.909196
325.05,1.93926,-28.413,-0.908944
325.1,1.93839,-28.412,-0.90865
325.15,1.93303,-28.4155,-0.908805
325.2,1.93213,-28.4145,-0.908515
325.25,1.93442,-28.4103,-0.907904
325.3,1.93036,-28.4125,-0.907928
325.35,1.92649,-28.4145,-0.907935
325.4,1.92134,-28.4177,-0.908068
325.45,1.92232,-28.4149,-0.907589
325.5,1.92117,-28.4142,-0.907323
325.55,1.91866,-28.4148,-0.907194
325.6,1.91066,-28.4209,-0.907613
325.65,1.90685,-28.4229,-0.907613
325.7,1.91133,-28.4165,-0.906785
325.75,1.90545,-28.4205,-0.906992
325.8,1.90041,-28.4237,-0.907116
325.85,1.90193,-28.4203,-0.906585
325.9,1.89785,-28.4225,-0.906612
325.95,1.89807,-28.4204,-0.90621
326,1.89106,-28.4255,-0.906532
326.05,1.8866,-28.4281,-0.906599
326.1,1.88573,-28.4271,-0.906308
326.15,1.88025,-28.4307,-0.906477
326.2,1.87712,-28.432,-0.906412
326.25,1.88011,-28.4271,-0.905734
326.3,1.87787,-28.4275,-0.905581
326.35,1.86921,-28.4343,-0.906068
326.4,1.87269,-28.4289,-0.905344
326.45,1.86831,-28.4314,-0.905405
326.5,1.87058,-28.4273,-0.904801
326.55,1.86643,-28.4296,-0.90484
326.6,1.86345,-28.4307,-0.904762
326.65,1.85755,-28.4347,-0.904976
326.7,1.86073,-28.4296,-0.904282
326.75,1.84954,-28.439,-0.905026
326.8,1.84861,-28.438,-0.904744
326.85,1.85041,-28.4343,-0.904189
326.9,1.84801,-28.4349,-0.904054
326.95,1.84461,-28.4364,-0.90402
327,1.84004,-28.4391,-0.904103
327.05,1.83913,-28.4381,-0.90382
327.1,1.83586,-28.4395,-0.903775
327.15,1.83591,-28.4375,-0.903396
327.2,1.83382,-28.4378,-0.903233
327.25,1.82764,-28.442,-0.903478
327.3,1.82442,-28.4434,-0.903428
327.35,1.81989,-28.446,-0.903509
327.4,1.81783,-28.4462,-0.903343
327.45,1.82312,-28.439,-0.902442
327.5,1.81137,-28.4488,-0.903246
327.55,1.81485,-28.4434,-0.902527
327.6,1.80825,-28.4481,-0.902817
327.65,1.8082,-28.4463,-0.902452
327.7,1.80876,-28.4438,-0.902024
327.75,1.80156,-28.4491,-0.902374
327.8,1.79703,-28.4516,-0.902457
327.85,1.79789,-28.4489,-0.902
327.9,1.79458,-28.4502,-0.901961
327.95,1.79606,-28.4468,-0.901443
328,1.79502,-28.4459,-0.901176
328.05,1.78648,-28.4524,-0.901661
328.1,1.7863,-28.4507,-0.901308
328.15,1.78484,-28.4501,-0.901084
328.2,1.78293,-28.4501,-0.900904
328.25,1.77843,-28.4526,-0.900983
328.3,1.77823,-28.4508,-0.900633
328.35,1.76783,-28.4591,-0.901301
328.4,1.76759,-28.4573,-0.900953
328.45,1.76748,-28.4554,-0.900593
328.5,1.76615,-28.4547,-0.900352
328.55,1.76379,-28.455,-0.900215
328.6,1.75522,-28.4615,-0.9007
328.65,1.75309,-28.4616,-0.900538
328.7,1.7533,-28.4593,-0.900142
328.75,1.75515,-28.4554,-0.899582
328.8,1.74935,-28.4591,-0.899786
328.85,1.74885,-28.4576,-0.899461
328.9,1.73865,-28.4657,-0.900104
328.95,1.74327,-28.459,-0.899266
329,1.74055,-28.4597,-0.899161
329.05,1.7311,-28.467,-0.899728
329.1,1.73167,-28.4644,-0.899292
329.15,1.7248,-28.4691,-0.8996
329.2,1.72779,-28.4641,-0.898922
329.25,1.72147,-28.4683,-0.899174
329.3,1.71996,-28.4677,-0.898945
329.35,1.72099,-28.4646,-0.898461
329.4,1.71809,-28.4654,-0.898369
329.45,1.7158,-28.4657,-0.898216
329.5,1.71081,-28.4685,-0.898333
329.55,1.70941,-28.4679,-0.898091
329.6,1.70113,-28.474,-0.898536
329.65,1.69857,-28.4745,-0.898409
329.7,1.69829,-28.4727,-0.898052
329.75,1.69065,-28.4782,-0.898431
329.8,1.69614,-28.4706,-0.897497
329.85,1.68825,-28.4763,-0.897901
329.9,1.68286,-28.4796,-0.898053
329.95,1.68077,-28.4795,-0.897874
330,1.67541,-28.4827,-0.898022
330.05,1.68135,-28.4746,-0.89704
330.1,1.66959,-28.4842,-0.897827
330.15,1.66836,-28.4833,-0.897559
330.2,1.66488,-28.4846,-0.897516
330.25,1.66602,-28.4813,-0.89701
330.3,1.65933,-28.4858,-0.897286
330.35,1.66277,-28.4802,-0.896549
330.4,1.65614,-28.4846,-0.896817
330.45,1.652,-28.4866,-0.896836
330.5,1.65276,-28.4836,-0.896364
330.55,1.6461,-28.4881,-0.896634
330.6,1.64525,-28.4867,-0.896322
330.65,1.63936,-28.4904,-0.896511
330.7,1.6386,-28.489,-0.896189
330.75,1.63346,-28.4919,-0.896303
330.8,1.63395,-28.4892,-0.895853
330.85,1.6244,-28.4965,-0.896407
330.9,1.62303,-28.4956,-0.896141
330.95,1.62338,-28.493,-0.895702
331,1.62433,-28.4899,-0.895203
331.05,1.6208,-28.4912,-0.895151
331.1,1.61255,-28.4972,-0.895569
331.15,1.60796,-28.4995,-0.89562
331.2,1.60458,-28.5006,-0.895551
331.25,1.60878,-28.4941,-0.894722
331.3,1.59933,-28.5013,-0.895256
331.35,1.59421,-28.504,-0.895356
331.4,1.59328,-28.5026,-0.895036
331.45,1.59122,-28.5022,-0.894828
331.5,1.58687,-28.5042,-0.894848
331.55,1.5835,-28.5052,-0.894767
331.6,1.58035,-28.506,-0.894663
331.65,1.57721,-28.5068,-0.894558
331.7,1.57552,-28.5062,-0.894305
331.75,1.57177,-28.5075,-0.894258
331.8,1.57264,-28.5042,-0.893748
331.85,1.56719,-28.5073,-0.893868
331.9,1.55986,-28.5123,-0.894175
331.95,1.55707,-28.5127,-0.894026
332,1.55043,-28.5169,-0.894261
332.05,1.54681,-28.5181,-0.894193
332.1,1.55033,-28.5122,-0.89341
332.15,1.54582,-28.5143,-0.893429
332.2,1.53933,-28.5184,-0.893643
332.25,1.53513,-28.5203,-0.893628
332.3,1.52856,-28.5245,-0.89385
332.35,1.52565,-28.525,-0.893702
332.4,1.52497,-28.5233,-0.893331
332.45,1.5201,-28.5258,-0.89338
332.5,1.52064,-28.5229,-0.892885
332.55,1.51403,-28.5271,-0.893105
332.6,1.50872,-28.5301,-0.893192
332.65,1.5141,-28.5223,-0.89221
332.7,1.50602,-28.528,-0.892574
332.75,1.50049,-28.5312,-0.892681
332.8,1.50329,-28.5261,-0.891955
332.85,1.49902,-28.528,-0.891936
332.9,1.49169,-28.533,-0.892221
332.95,1.48692,-28.5355,-0.89225
333,1.48397,-28.5362,-0.892096
333.05,1.48566,-28.5322,-0.891478
333.1,1.48088,-28.5347,-0.891506
333.15,1.47813,-28.5352,-0.891331
333.2,1.47002,-28.5411,-0.891692
333.25,1.46692,-28.542,-0.891552
333.3,1.4638,-28.5429,-0.891413
333.35,1.45996,-28.5445,-0.891346
333.4,1.45482,-28.5474,-0.891409
333.45,1.45779,-28.5422,-0.890661
333.5,1.45461,-28.5432,-0.890528
333.55,1.44627,-28.5493,-0.890911
333.6,1.44901,-28.5444,-0.890186
333.65,1.44267,-28.5485,-0.890368
333.7,1.44314,-28.5457,-0.88987
333.75,1.43276,-28.5538,-0.890456
333.8,1.43566,-28.5487,-0.889714
333.85,1.42299,-28.5591,-0.890527
333.9,1.42313,-28.5567,-0.89006
333.95,1.41877,-28.5588,-0.890042
334,1.41469,-28.5607,-0.889997
334.05,1.41885,-28.5543,-0.889126
334.1,1.41135,-28.5596,-0.889421
334.15,1.40544,-28.5633,-0.889556
334.2,1.4085,-28.558,-0.888795
334.25,1.39639,-28.5679,-0.88955
334.3,1.39838,-28.5637,-0.888896
334.35,1.39764,-28.5623,-0.888513
334.4,1.39466,-28.563,-0.888355
334.45,1.3827,-28.5728,-0.889095
334.5,1.38052,-28.5727,-0.888855
334.55,1.37791,-28.5731,-0.888659
334.6,1.37099,-28.5778,-0.888894
334.65,1.36741,-28.5792,-0.888794
334.7,1.36542,-28.579,-0.888535
334.75,1.36375,-28.5785,-0.888242
334.8,1.36045,-28.5796,-0.888114
334.85,1.35871,-28.5792,-0.887829
334.9,1.35649,-28.5792,-0.887591
334.95,1.35129,-28.5822,-0.887652
335,1.34576,-28.5855,-0.887745
335.05,1.34366,-28.5854,-0.887495
335.1,1.34346,-28.5834,-0.887054
335.15,1.33404,-28.5907,-0.887534
335.2,1.32898,-28.5935,-0.887578
335.25,1.33266,-28.5876,-0.886749
335.3,1.32627,-28.5918,-0.886925
335.35,1.3275,-28.5883,-0.886339
335.4,1.32188,-28.5917,-0.886437
335.45,1.31901,-28.5923,-0.88626
335.5,1.30931,-28.5997,-0.886766
335.55,1.30303,-28.6037,-0.886927
335.6,1.30773,-28.5967,-0.88599
335.65,1.30388,-28.5983,-0.885908
335.7,1.29503,-28.6048,-0.886324
335.75,1.29611,-28.6014,-0.885746
335.8,1.29349,-28.6017,-0.885538
335.85,1.29,-28.6028,-0.885415
335.9,1.28373,-28.6067,-0.885569
335.95,1.28153,-28.6066,-0.885315
336,1.26951,-28.6162,-0.886041
336.05,1.26454,-28.6188,-0.886062
336.1,1.26322,-28.6178,-0.885715
336.15,1.2578,-28.6208,-0.885778
336.2,1.25278,-28.6235,-0.8858
336.25,1.25302,-28.621,-0.885295
336.3,1.24946,-28.6222,-0.885168
336.35,1.24465,-28.6247,-0.885166
336.4,1.24669,-28.6204,-0.88448
336.45,1.23448,-28.6304,-0.885216
336.5,1.23801,-28.6246,-0.884378
336.55,1.22802,-28.6323,-0.884892
336.6,1.22721,-28.6308,-0.884486
336.65,1.22409,-28.6317,-0.884312
336.7,1.21828,-28.6353,-0.884406
336.75,1.21605,-28.6353,-0.884141
336.8,1.21024,-28.6389,-0.884234
336.85,1.21169,-28.6352,-0.883601
336.9,1.20435,-28.6404,-0.883845
336.95,1.19662,-28.6459,-0.884129
337,1.19894,-28.6414,-0.883408
337.05,1.19564,-28.6426,-0.883249
337.1,1.18538,-28.6507,-0.883785
337.15,1.18619,-28.6477,-0.883214
337.2,1.18286,-28.649,-0.883058
337.25,1.1776,-28.6521,-0.883095
337.3,1.17337,-28.6542,-0.883028
337.35,1.17132,-28.6542,-0.882743
337.4,1.16646,-28.6569,-0.88274
337.45,1.15983,-28.6615,-0.882915
337.5,1.15946,-28.6597,-0.882463
337.55,1.15651,-28.6606,-0.88227
337.6,1.14887,-28.6661,-0.882545
337.65,1.15117,-28.6618,-0.881827
337.7,1.14677,-28.6641,-0.881779
337.75,1.13807,-28.6707,-0.882161
337.8,1.13454,-28.6722,-0.882027
337.85,1.1305,-28.6742,-0.881943
337.9,1.13088,-28.6718,-0.881418
337.95,1.12326,-28.6774,-0.881693
338,1.1209,-28.6777,-0.881444
338.05,1.11872,-28.6779,-0.881176
338.1,1.11503,-28.6796,-0.88106
338.15,1.11575,-28.6768,-0.880503
338.2,1.10431,-28.6863,-0.881163
338.25,1.10866,-28.6799,-0.880244
338.3,1.10098,-28.6856,-0.88053
338.35,1.09749,-28.687,-0.880396
338.4,1.09705,-28.6855,-0.879958
338.45,1.0858,-28.6947,-0.880601
338.5,1.08839,-28.6901,-0.879861
338.55,1.08407,-28.6924,-0.879812
338.6,1.08331,-28.6911,-0.879406
338.65,1.07942,-28.693,-0.879315
338.7,1.06968,-28.7008,-0.879809
338.75,1.06934,-28.6991,-0.879363
338.8,1.06392,-28.7026,-0.879425
338.85,1.06367,-28.7009,-0.878972
338.9,1.055,-28.7076,-0.87936
338.95,1.05844,-28.7022,-0.878537
339,1.0553,-28.7033,-0.878374
339.05,1.05,-28.7067,-0.878428
339.1,1.04422,-28.7105,-0.87853
339.15,1.03715,-28.7156,-0.87876
339.2,1.03786,-28.713,-0.878214
339.25,1.03137,-28.7175,-0.878389
339.3,1.02928,-28.7177,-0.878123
339.35,1.03012,-28.7149,-0.877565
339.4,1.02325,-28.7198,-0.87778
339.45,1.01518,-28.726,-0.878114
339.5,1.012,-28.7272,-0.877961
339.55,1.01627,-28.721,-0.877064
339.6,1.00946,-28.7258,-0.877275
339.65,1.00601,-28.7273,-0.877152
339.7,1.00445,-28.7268,-0.876839
339.75,0.999683,-28.7296,-0.876847
339.8,0.994096,-28.7332,-0.876937
339.85,0.988389,-28.7368,-0.877039
339.9,0.983683,-28.7395,-0.87704
339.95,0.981172,-28.7399,-0.876822
340,0.97775,-28.7413,-0.876695
340.05,0.9792,-28.7377,-0.87608
340.1,0.975962,-28.7389,-0.875933
340.15,0.965384,-28.7474,-0.87652
340.2,0.966536,-28.7442,-0.875934
340.25,0.957107,-28.7516,-0.876405
340.3,0.959683,-28.7469,-0.875675
340.35,0.948838,-28.7556,-0.876286
340.4,0.952558,-28.7497,-0.875441
340.45,0.94991,-28.7502,-0.875232
340.5,0.946004,-28.752,-0.875147
340.55,0.940109,-28.7558,-0.875261
340.6,0.935665,-28.7581,-0.875228
340.65,0.929434,-28.7622,-0.875374
340.7,0.929917,-28.7595,-0.874848
340.75,0.91964,-28.7677,-0.875398
340.8,0.920404,-28.7648,-0.874842
340.85,0.912285,-28.7708,-0.875174
340.9,0.906298,-28.7746,-0.875292
340.95,0.903581,-28.7752,-0.875083
341,0.900778,-28.7759,-0.874883
341.05,0.895043,-28.7795,-0.874975
341.1,0.900119,-28.7723,-0.873985
341.15,0.894101,-28.7762,-0.874104
341.2,0.888545,-28.7797,-0.874177
341.25,0.885726,-28.7804,-0.873975
341.3,0.878619,-28.7855,-0.874203
341.35,0.881138,-28.7809,-0.873467
341.4,0.876294,-28.7837,-0.873468
341.45,0.868227,-28.7897,-0.87379
341.5,0.862023,-28.7938,-0.873926
341.55,0.857521,-28.7962,-0.873892
341.6,0.85463,-28.7971,-0.873697
341.65,0.858897,-28.7907,-0.872786
341.7,0.847548,-28.8,-0.873436
341.75,0.849575,-28.7959,-0.872749
341.8,0.838207,-28.8052,-0.873401
341.85,0.843281,-28.7981,-0.872408
341.9,0.838356,-28.801,-0.872416
341.95,0.834626,-28.8027,-0.872304
342,0.830965,-28.8043,-0.872185
342.05,0.826034,-28.8073,-0.872194
342.1,0.820292,-28.811,-0.872283
342.15,0.816087,-28.8132,-0.872219
342.2,0.808848,-28.8184,-0.872459
342.25,0.807507,-28.8178,-0.872109
342.3,0.806928,-28.8164,-0.871683
342.35,0.804343,-28.817,-0.871458
342.4,0.798758,-28.8206,-0.871534
342.45,0.796061,-28.8213,-0.871321
342.5,0.794626,-28.8208,-0.870982
342.55,0.790094,-28.8233,-0.870954
342.6,0.785507,-28.8259,-0.870931
342.65,0.782984,-28.8264,-0.870702
342.7,0.776255,-28.8312,-0.870894
342.75,0.769937,-28.8355,-0.871046
342.8,0.768428,-28.8351,-0.870716
342.85,0.768429,-28.8331,-0.870236
342.9,0.758468,-28.8411,-0.870753
342.95,0.755942,-28.8416,-0.870526
343,0.75169,-28.8439,-0.870472
343.05,0.749327,-28.8443,-0.87023
343.1,0.746118,-28.8456,-0.870073
343.15,0.742822,-28.847,-0.869925
343.2,0.738567,-28.8493,-0.869873
343.25,0.73784,-28.8481,-0.869469
343.3,0.730386,-28.8536,-0.869738
343.35,0.728531,-28.8535,-0.869448
343.4,0.726587,-28.8535,-0.869168
343.45,0.717896,-28.8602,-0.869562
343.5,0.716017,-28.8601,-0.869276
343.55,0.714148,-28.8601,-0.86899
343.6,0.714261,-28.858,-0.868505
343.65,0.710367,-28.86,-0.868422
343.7,0.708008,-28.8604,-0.868185
343.75,0.704585,-28.8619,-0.868055
343.8,0.70304,-28.8615,-0.867738
343.85,0.693779,-28.8688,-0.868193
343.9,0.691435,-28.8692,-0.867956
343.95,0.687957,-28.8708,-0.867833
344,0.67966,-28.8772,-0.868193
344.05,0.67952,-28.8754,-0.867738
344.1,0.675102,-28.8778,-0.867712
344.15,0.675776,-28.8752,-0.867176
344.2,0.666674,-28.8823,-0.867619
344.25,0.669115,-28.8779,-0.866908
344.3,0.66709,-28.878,-0.866643
344.35,0.660129,-28.883,-0.866872
344.4,0.656218,-28.8849,-0.866796
344.45,0.64787,-28.8913,-0.867164
344.5,0.652009,-28.8852,-0.866284
344.55,0.647463,-28.8878,-0.866272
344.6,0.640355,-28.893,-0.866516
344.65,0.634879,-28.8965,-0.866598
344.7,0.630619,-28.8989,-0.866558
344.75,0.632827,-28.8947,-0.865872
344.8,0.630186,-28.8954,-0.865671
344.85,0.622023,-28.9017,-0.866022
344.9,0.615951,-28.9058,-0.866165
344.95,0.614974,-28.9049,-0.865798
345,0.611728,-28.9062,-0.865659
345.05,0.607375,-28.9086,-0.865631
345.1,0.608117,-28.906,-0.865094
345.15,0.598561,-28.9136,-0.865587
345.2,0.603881,-28.9064,-0.864593
345.25,0.595822,-28.9125,-0.864938
345.3,0.596355,-28.9101,-0.864424
345.35,0.59359,-28.9109,-0.864241
345.4,0.58971,-28.9128,-0.864169
345.45,0.581362,-28.9193,-0.864544
345.5,0.578615,-28.9201,-0.864359
345.55,0.579937,-28.9168,-0.863768
345.6,0.574975,-28.9199,-0.863806
345.65,0.571369,-28.9215,-0.863708
345.7,0.566956,-28.924,-0.863692
345.75,0.566515,-28.9225,-0.863278
345.8,0.558974,-28.9282,-0.863575
345.85,0.55615,-28.9291,-0.863401
345.9,0.552352,-28.9309,-0.863325
345.95,0.54446,-28.9369,-0.863658
346,0.546794,-28.9326,-0.86297
346.05,0.540619,-28.9369,-0.863133
346.1,0.541654,-28.9339,-0.862575
346.15,0.530343,-28.9433,-0.863253
346.2,0.532147,-28.9395,-0.862618
346.25,0.5324,-28.9373,-0.862139
346.3,0.52681,-28.9409,-0.862245
346.35,0.519486,-28.9463,-0.862524
346.4,0.515081,-28.9488,-0.862511
346.45,0.51688,-28.945,-0.861878
346.5,0.511985,-28.9479,-0.861915
346.55,0.507721,-28.9502,-0.861889
346.6,0.498579,-28.9574,-0.86235
346.65,0.497874,-28.9562,-0.861968
346.7,0.497501,-28.9546,-0.861552
346.75,0.49712,-28.953,-0.861138
346.8,0.491787,-28.9564,-0.861218
346.85,0.485405,-28.9609,-0.861403
346.9,0.485749,-28.9586,-0.860916
346.95,0.480028,-28.9623,-0.861036
347,0.478782,-28.9617,-0.860708
347.05,0.469854,-28.9687,-0.861149
347.1,0.46892,-28.9677,-0.86079
347.15,0.466166,-28.9685,-0.860613
347.2,0.457077,-28.9756,-0.861071
347.25,0.455165,-28.9756,-0.86081
347.3,0.455396,-28.9735,-0.860336
347.35,0.452183,-28.9748,-0.860207
347.4,0.450855,-28.9742,-0.859889
347.45,0.440686,-28.9824,-0.860455
347.5,0.443006,-28.9782,-0.859774
347.55,0.437469,-28.9818,-0.859878
347.6,0.434584,-28.9828,-0.859717
347.65,0.431425,-28.984,-0.859584
347.7,0.428097,-28.9854,-0.859468
347.75,0.420536,-28.9911,-0.859776
347.8,0.421143,-28.9885,-0.859268
347.85,0.415726,-28.992,-0.859363
347.9,0.414332,-28.9915,-0.859055
347.95,0.414015,-28.9899,-0.858641
348,0.413903,-28.9881,-0.858206
348.05,0.401154,-28.999,-0.859036
348.1,0.400113,-28.9981,-0.858695
348.15,0.394389,-29.0019,-0.858823
348.2,0.394455,-28.9999,-0.858372
348.25,0.396552,-28.9959,-0.857719
348.3,0.393947,-28.9966,-0.857537
348.35,0.382171,-29.0065,-0.858272
348.4,0.381364,-29.0054,-0.857911
348.45,0.382573,-29.0022,-0.857349
348.5,0.378535,-29.0044,-0.857312
348.55,0.369932,-29.0111,-0.857732
348.6,0.365654,-29.0134,-0.85772
348.65,0.364112,-29.0131,-0.857435
348.7,0.366176,-29.0091,-0.85679
348.75,0.356221,-29.0171,-0.857347
348.8,0.35617,-29.0153,-0.856915
348.85,0.351859,-29.0177,-0.856909
348.9,0.352077,-29.0155,-0.856451
348.95,0.344074,-29.0216,-0.856815
349,0.342961,-29.0208,-0.856492
349.05,0.338857,-29.023,-0.856467
349.1,0.338666,-29.0213,-0.856052
349.15,0.338003,-29.02,-0.855685
349.2,0.334057,-29.022,-0.855647
349.25,0.333844,-29.0203,-0.855236
349.3,0.328924,-29.0233,-0.855297
349.35,0.328889,-29.0215,-0.854869
349.4,0.316557,-29.0319,-0.855672
349.45,0.313534,-29.033,-0.855544
349.5,0.316464,-29.0281,-0.854822
349.55,0.307293,-29.0354,-0.85531
349.6,0.304787,-29.0359,-0.855132
349.65,0.309934,-29.0289,-0.85419
349.7,0.298289,-29.0386,-0.854927
349.75,0.299091,-29.0359,-0.854421
349.8,0.299568,-29.0335,-0.853947
349.85,0.298544,-29.0326,-0.853624
349.9,0.290788,-29.0384,-0.853974
349.95,0.28367,-29.0436,-0.854262
350,0.287058,-29.0383,-0.853499
350.05,0.278427,-29.045,-0.85394
350.1,0.275819,-29.0456,-0.853779
350.15,0.278024,-29.0415,-0.853136
350.2,0.270971,-29.0466,-0.853421
350.25,0.273581,-29.0421,-0.852739
350.3,0.26899,-29.0447,-0.852778
350.35,0.265037,-29.0467,-0.852753
350.4,0.256473,-29.0533,-0.853191
350.45,0.25522,-29.0527,-0.852897
350.5,0.256375,-29.0496,-0.852363
350.55,0.249808,-29.0542,-0.852601
350.6,0.247565,-29.0545,-0.852407
350.65,0.241638,-29.0585,-0.852582
350.7,0.237517,-29.0606,-0.852577
350.75,0.23444,-29.0618,-0.852468
350.8,0.231405,-29.0629,-0.852354
350.85,0.235464,-29.0569,-0.851532
350.9,0.225443,-29.0649,-0.852118
350.95,0.223161,-29.0653,-0.851931
351,0.227243,-29.0592,-0.851109
351.05,0.223148,-29.0614,-0.851104
351.1,0.214674,-29.0679,-0.851537
351.15,0.219253,-29.0614,-0.850666
351.2,0.213345,-29.0653,-0.850843
351.25,0.206268,-29.0704,-0.851138
351.3,0.204688,-29.0701,-0.850883
351.35,0.20229,-29.0705,-0.85071
351.4,0.197215,-29.0736,-0.850805
351.45,0.200898,-29.068,-0.850024
351.5,0.194394,-29.0725,-0.850263
351.55,0.195713,-29.0692,-0.849719
351.6,0.183764,-29.0792,-0.850503
351.65,0.187643,-29.0734,-0.849705
351.7,0.184121,-29.0749,-0.849647
351.75,0.178058,-29.079,-0.849844
351.8,0.177513,-29.0776,-0.849488
351.85,0.1724,-29.0807,-0.84959
351.9,0.16542,-29.0857,-0.849878
351.95,0.169358,-29.0798,-0.849074
352,0.166011,-29.0812,-0.849
352.05,0.163156,-29.082,-0.848876
352.1,0.15348,-29.0897,-0.849433
352.15,0.150866,-29.0904,-0.849285
352.2,0.155065,-29.0842,-0.848456
352.25,0.144211,-29.093,-0.849131
352.3,0.141448,-29.0938,-0.848997
352.35,0.145566,-29.0877,-0.848175
352.4,0.141736,-29.0895,-0.848148
352.45,0.13186,-29.0973,-0.848725
352.5,0.136556,-29.0906,-0.847844
352.55,0.129711,-29.0954,-0.848117
352.6,0.12874,-29.0944,-0.847802
352.65,0.118006,-29.1031,-0.848463
352.7,0.118752,-29.1003,-0.847975
352.75,0.114837,-29.1022,-0.847953
352.8,0.109977,-29.105,-0.848025
352.85,0.112088,-29.1008,-0.847399
352.9,0.108687,-29.1022,-0.847324
352.95,0.101598,-29.1071,-0.847617
353,0.100204,-29.1064,-0.84734
353.05,0.0931304,-29.1113,-0.84763
353.1,0.0902142,-29.1121,-0.847502
353.15,0.0897786,-29.1104,-0.847126
353.2,0.0795288,-29.1184,-0.847729
353.25,0.0760451,-29.1197,-0.847654
353.3,0.0725134,-29.121,-0.847583
353.35,0.0746902,-29.1166,-0.846939
353.4,0.0691186,-29.1199,-0.847069
353.45,0.0616584,-29.1252,-0.847385
353.5,0.0608161,-29.1238,-0.847038
353.55,0.0549339,-29.1274,-0.847194
353.6,0.0476875,-29.1324,-0.847484
353.65,0.050274,-29.1275,-0.846789
353.7,0.0449187,-29.1306,-0.846886
353.75,0.0450795,-29.1282,-0.84643
353.8,0.0400651,-29.131,-0.84649
353.85,0.0352043,-29.1337,-0.846533
353.9,0.0327339,-29.1339,-0.846336
353.95,0.0271571,-29.1373,-0.846448
354,0.0257404,-29.1365,-0.846143
354.05,0.0213196,-29.1388,-0.846137
354.1,0.0122515,-29.1457,-0.846594
354.15,0.0131748,-29.1426,-0.846052
354.2,0.0112802,-29.1423,-0.845791
354.25,0.00623743,-29.1452,-0.845843
354.3,-0.00340802,-29.1527,-0.846355
354.35,-0.00677431,-29.1539,-0.846238
354.4,-0.00628059,-29.1513,-0.845734
354.45,-0.0158409,-29.1587,-0.846235
354.5,-0.0127536,-29.1535,-0.84547
354.55,-0.0200581,-29.1587,-0.845744
354.6,-0.0230659,-29.1596,-0.845587
354.65,-0.0292376,-29.1636,-0.845746
354.7,-0.033289,-29.1656,-0.845692
354.75,-0.0328282,-29.163,-0.845187
354.8,-0.0387111,-29.1668,-0.845316
354.85,-0.0424687,-29.1685,-0.845232
354.9,-0.0459793,-29.17,-0.845123
354.95,-0.0535877,-29.1755,-0.845423
355,-0.0509384,-29.1708,-0.844697
355.05,-0.0613973,-29.1792,-0.845282
355.1,-0.0609673,-29.1767,-0.844778
355.15,-0.0616184,-29.1753,-0.844382
355.2,-0.0655514,-29.1772,-0.844314
355.25,-0.066546,-29.1761,-0.843952
355.3,-0.0731141,-29.1807,-0.844147
355.35,-0.0781536,-29.1837,-0.84419
355.4,-0.0801226,-29.1836,-0.843925
355.45,-0.0852976,-29.1868,-0.843981
355.5,-0.0920676,-29.1915,-0.844197
355.55,-0.0916226,-29.189,-0.843692
355.6,-0.0974023,-29.1928,-0.843809
355.65,-0.0994389,-29.1928,-0.843552
355.7,-0.104248,-29.1956,-0.843573
355.75,-0.108071,-29.1974,-0.843495
355.8,-0.111304,-29.1986,-0.843359
355.85,-0.111925,-29.1972,-0.842962
355.9,-0.115294,-29.1986,-0.842839
355.95,-0.124227,-29.2055,-0.843274
356,-0.120615,-29.1999,-0.842455
356.05,-0.127116,-29.2044,-0.842647
356.1,-0.129583,-29.2049,-0.842436
356.15,-0.135222,-29.2085,-0.842543
356.2,-0.13415,-29.2054,-0.841979
356.25,-0.136936,-29.2062,-0.841802
356.3,-0.148395,-29.2157,-0.842492
356.35,-0.149499,-29.2148,-0.842147
356.4,-0.152348,-29.2157,-0.841977
356.45,-0.153635,-29.2149,-0.841652
356.5,-0.158677,-29.218,-0.841702
356.55,-0.155219,-29.2125,-0.840903
356.6,-0.163319,-29.2187,-0.84126
356.65,-0.164296,-29.2176,-0.840906
356.7,-0.167866,-29.2192,-0.840811
356.75,-0.176287,-29.2257,-0.841202
356.8,-0.174664,-29.222,-0.840589
356.85,-0.181225,-29.2266,-0.840795
356.9,-0.181121,-29.2245,-0.840336
356.95,-0.187914,-29.2293,-0.840566
357,-0.186107,-29.2255,-0.839937
357.05,-0.189241,-29.2267,-0.839803
357.1,-0.192067,-29.2275,-0.839638
357.15,-0.202528,-29.236,-0.840238
357.2,-0.204196,-29.2357,-0.839959
357.25,-0.208339,-29.2378,-0.839928
357.3,-0.209141,-29.2366,-0.839563
357.35,-0.21057,-29.2361,-0.839262
357.4,-0.211871,-29.2354,-0.838948
357.45,-0.222589,-29.2441,-0.839577
357.5,-0.219506,-29.239,-0.838827
357.55,-0.22376,-29.2413,-0.838811
357.6,-0.227554,-29.2431,-0.838749
357.65,-0.233522,-29.2471,-0.838905
357.7,-0.230008,-29.2416,-0.838114
357.75,-0.23933,-29.2489,-0.838607
357.8,-0.244696,-29.2523,-0.838705
357.85,-0.239259,-29.2449,-0.837724
357.9,-0.246314,-29.2499,-0.837992
357.95,-0.251166,-29.2528,-0.83804
358,-0.253661,-29.2533,-0.837854
358.05,-0.25241,-29.2501,-0.837293
358.1,-0.260466,-29.2561,-0.837664
358.15,-0.257731,-29.2514,-0.836956
358.2,-0.264138,-29.2558,-0.837164
358.25,-0.272452,-29.2621,-0.837562
358.3,-0.274833,-29.2625,-0.837368
358.35,-0.27632,-29.262,-0.837085
358.4,-0.277908,-29.2616,-0.836813
358.45,-0.276906,-29.2586,-0.836282
358.5,-0.281914,-29.2616,-0.836353
358.55,-0.288431,-29.2661,-0.836576
358.6,-0.287307,-29.263,-0.836035
358.65,-0.291893,-29.2656,-0.836066
358.7,-0.295631,-29.2673,-0.836013
358.75,-0.302943,-29.2726,-0.836317
358.8,-0.298447,-29.2661,-0.835442
358.85,-0.299771,-29.2655,-0.835149
358.9,-0.305301,-29.269,-0.835277
358.95,-0.308903,-29.2706,-0.835213
359,-0.31775,-29.2774,-0.835675
359.05,-0.317011,-29.2747,-0.835178
359.1,-0.321688,-29.2774,-0.835223
359.15,-0.321155,-29.2748,-0.834749
359.2,-0.32322,-29.2749,-0.834534
359.25,-0.331225,-29.2809,-0.834914
359.3,-0.326865,-29.2745,-0.834059
359.35,-0.331152,-29.2768,-0.834068
359.4,-0.340585,-29.2842,-0.834593
359.45,-0.340151,-29.2818,-0.834132
359.5,-0.34617,-29.2858,-0.834316
359.55,-0.344984,-29.2826,-0.833781
359.6,-0.350193,-29.2858,-0.833886
359.65,-0.351168,-29.2847,-0.833568
359.7,-0.354155,-29.2857,-0.833452
359.75,-0.352686,-29.2822,-0.832891
359.8,-0.358896,-29.2864,-0.833098
359.85,-0.361193,-29.2867,-0.832915
359.9,-0.368146,-29.2916,-0.833198
359.95,-0.372886,-29.2944,-0.83326
360,-0.371131,-29.2906,-0.832673
360.05,-0.370048,-29.2875,-0.832154
360.1,-0.378267,-29.2937,-0.832566
360.15,-0.382356,-29.2957,-0.832566
360.2,-0.382835,-29.2942,-0.832205
360.25,-0.381775,-29.2911,-0.83169
360.3,-0.390165,-29.2975,-0.832122
360.35,-0.393142,-29.2984,-0.832012
360.4,-0.390408,-29.2937,-0.831332
360.45,-0.401337,-29.3026,-0.832019
360.5,-0.394931,-29.2941,-0.830973
360.55,-0.398065,-29.2952,-0.830881
360.6,-0.405283,-29.3004,-0.831199
360.65,-0.410588,-29.3037,-0.831326
360.7,-0.410231,-29.3013,-0.830887
360.75,-0.416561,-29.3056,-0.831117
360.8,-0.416925,-29.304,-0.830752
360.85,-0.419268,-29.3043,-0.830585
360.9,-0.416951,-29.2999,-0.829952
360.95,-0.42382,-29.3047,-0.830238
361,-0.422808,-29.3017,-0.829737
361.05,-0.433594,-29.3104,-0.830417
361.1,-0.436368,-29.3112,-0.830296
361.15,-0.437662,-29.3104,-0.830027
361.2,-0.436526,-29.3073,-0.829516
361.25,-0.439396,-29.3081,-0.829406
361.3,-0.446336,-29.313,-0.829703
361.35,-0.448532,-29.3131,-0.829527
361.4,-0.450826,-29.3134,-0.829361
361.45,-0.451852,-29.3124,-0.829068
361.5,-0.455927,-29.3144,-0.829081
361.55,-0.45361,-29.3101,-0.828456
361.6,-0.460704,-29.3151,-0.828772
361.65,-0.460155,-29.3125,-0.828324
361.7,-0.46909,-29.3194,-0.828826
361.75,-0.46383,-29.3121,-0.827908
361.8,-0.469396,-29.3156,-0.828073
361.85,-0.473901,-29.3181,-0.828133
361.9,-0.478805,-29.3209,-0.828233
361.95,-0.478828,-29.3189,-0.827846
362,-0.48146,-29.3195,-0.82772
362.05,-0.487161,-29.3231,-0.827902
362.1,-0.487528,-29.3214,-0.82755
362.15,-0.484592,-29.3164,-0.826869
362.2,-0.49282,-29.3226,-0.827305
362.25,-0.490055,-29.3178,-0.826642
362.3,-0.500681,-29.3264,-0.827318
362.35,-0.49651,-29.3201,-0.826515
362.4,-0.503332,-29.3249,-0.826813
362.45,-0.498889,-29.3184,-0.825984
362.5,-0.508841,-29.3263,-0.826595
362.55,-0.51191,-29.3273,-0.826518
362.6,-0.515518,-29.3288,-0.826496
362.65,-0.515514,-29.3268,-0.826113
362.7,-0.517153,-29.3263,-0.825895
362.75,-0.516907,-29.324,-0.825488
362.8,-0.517059,-29.3221,-0.825123
362.85,-0.522929,-29.3259,-0.825329
362.9,-0.522176,-29.3231,-0.824873
362.95,-0.531926,-29.3308,-0.825469
363,-0.53613,-29.3329,-0.82551
363.05,-0.536765,-29.3315,-0.825195
363.1,-0.541517,-29.3342,-0.825291
363.15,-0.540137,-29.3307,-0.824776
363.2,-0.537553,-29.3261,-0.82414
363.25,-0.548574,-29.335,-0.824865
363.3,-0.549274,-29.3337,-0.824559
363.35,-0.5496,-29.3319,-0.824216
363.4,-0.552477,-29.3327,-0.824128
363.45,-0.555435,-29.3336,-0.824049
363.5,-0.553144,-29.3292,-0.823445
363.55,-0.556017,-29.33,-0.823358
363.6,-0.562047,-29.334,-0.823588
363.65,-0.567498,-29.3374,-0.82376
363.7,-0.564816,-29.3326,-0.823119
363.75,-0.566458,-29.3322,-0.822911
363.8,-0.566536,-29.3302,-0.822547
363.85,-0.571875,-29.3334,-0.822709
363.9,-0.576746,-29.3362,-0.822825
363.95,-0.581052,-29.3384,-0.822885
364,-0.579356,-29.3347,-0.822346
364.05,-0.581589,-29.3348,-0.822199
364.1,-0.586377,-29.3375,-0.822309
364.15,-0.585711,-29.3348,-0.821874
364.2,-0.595364,-29.3423,-0.82247
364.25,-0.589217,-29.3341,-0.821488
364.3,-0.59574,-29.3385,-0.821773
364.35,-0.603025,-29.3437,-0.822136
364.4,-0.600267,-29.3389,-0.821494
364.45,-0.603558,-29.3401,-0.821456
364.5,-0.608116,-29.3426,-0.821548
364.55,-0.607097,-29.3394,-0.821083
364.6,-0.608574,-29.3388,-0.820865
364.65,-0.615408,-29.3436,-0.821184
364.7,-0.620499,-29.3465,-0.82133
364.75,-0.616873,-29.3408,-0.820604
364.8,-0.622213,-29.3441,-0.820774
364.85,-0.625493,-29.3452,-0.820738
364.9,-0.629686,-29.3473,-0.820794
364.95,-0.625402,-29.341,-0.820002
365,-0.629137,-29.3426,-0.820012
365.05,-0.628538,-29.3399,-0.819589
365.1,-0.634626,-29.3439,-0.819835
365.15,-0.641899,-29.3491,-0.820199
365.2,-0.644272,-29.3493,-0.820074
365.25,-0.645204,-29.3482,-0.819804
365.3,-0.64165,-29.3425,-0.819086
365.35,-0.651637,-29.3504,-0.819723
365.4,-0.645448,-29.3421,-0.818742
365.45,-0.654311,-29.3489,-0.819267
365.5,-0.656151,-29.3486,-0.819089
365.55,-0.655822,-29.3462,-0.818695
365.6,-0.664481,-29.3528,-0.8192
365.65,-0.658677,-29.3449,-0.818258
365.7,-0.665254,-29.3493,-0.818556
365.75,-0.671149,-29.3531,-0.818785
365.8,-0.666788,-29.3467,-0.817989
365.85,-0.66748,-29.3453,-0.817698
365.9,-0.678221,-29.3539,-0.818412
365.95,-0.678635,-29.3522,-0.818095
366,-0.680156,-29.3516,-0.817888
366.05,-0.682965,-29.3523,-0.81781
366.1,-0.679835,-29.3471,-0.817138
366.15,-0.690301,-29.3555,-0.817827
366.2,-0.687417,-29.3505,-0.817181
366.25,-0.686854,-29.3478,-0.816767
366.3,-0.691175,-29.35,-0.816842
366.35,-0.691119,-29.3479,-0.816479
366.4,-0.701327,-29.356,-0.817143
366.45,-0.69734,-29.3499,-0.816388
366.5,-0.700501,-29.3509,-0.816348
366.55,-0.701957,-29.3503,-0.816138
366.6,-0.704894,-29.3511,-0.816076
366.65,-0.711674,-29.3558,-0.816399
366.7,-0.707939,-29.35,-0.81567
366.75,-0.710788,-29.3507,-0.815601
366.8,-0.716045,-29.3538,-0.815772
366.85,-0.716307,-29.352,-0.815444
366.9,-0.716697,-29.3503,-0.81513
366.95,-0.723324,-29.3548,-0.815439
367,-0.730013,-29.3594,-0.815755
367.05,-0.729814,-29.3571,-0.815383
367.1,-0.733687,-29.3588,-0.815418
367.15,-0.736615,-29.3596,-0.815358
367.2,-0.738195,-29.3591,-0.815165
367.25,-0.736235,-29.355,-0.814617
367.3,-0.74265,-29.3593,-0.814908
367.35,-0.737466,-29.352,-0.814039
367.4,-0.743799,-29.3563,-0.814321
367.45,-0.748562,-29.3589,-0.814448
367.5,-0.751403,-29.3596,-0.814382
367.55,-0.746872,-29.353,-0.813579
367.6,-0.752063,-29.3561,-0.813749
367.65,-0.759398,-29.3613,-0.814134
367.7,-0.75296,-29.3527,-0.813142
367.75,-0.7629,-29.3606,-0.813787
367.8,-0.757309,-29.3528,-0.81288
367.85,-0.762833,-29.3563,-0.813085
367.9,-0.770362,-29.3617,-0.813491
367.95,-0.772629,-29.3618,-0.813371
368,-0.771819,-29.3589,-0.812943
368.05,-0.770167,-29.3551,-0.812432
368.1,-0.771552,-29.3544,-0.812224
368.15,-0.781346,-29.362,-0.812858
368.2,-0.784144,-29.3627,-0.812793
368.25,-0.779469,-29.3559,-0.81198
368.3,-0.77979,-29.3541,-0.811668
368.35,-0.785529,-29.3577,-0.811897
368.4,-0.788802,-29.3589,-0.811881
368.45,-0.787205,-29.3552,-0.811377
368.5,-0.797265,-29.3631,-0.81204
368.55,-0.79496,-29.3587,-0.811468
368.6,-0.800942,-29.3625,-0.811724
368.65,-0.80267,-29.3621,-0.811554
368.7,-0.801057,-29.3584,-0.811051
368.75,-0.806345,-29.3615,-0.811238
368.8,-0.80383,-29.3568,-0.810645
368.85,-0.806387,-29.3573,-0.81056
368.9,-0.814293,-29.363,-0.81101
368.95,-0.815928,-29.3625,-0.810832
369,-0.811037,-29.3554,-0.810002
369.05,-0.819533,-29.3618,-0.810511
369.1,-0.824376,-29.3645,-0.810654
369.15,-0.822418,-29.3604,-0.810117
369.2,-0.825995,-29.3618,-0.810133
369.25,-0.822149,-29.3558,-0.809407
369.3,-0.827884,-29.3594,-0.809639
369.35,-0.833626,-29.363,-0.809872
369.4,-0.833066,-29.3603,-0.809475
369.45,-0.834094,-29.3592,-0.809236
369.5,-0.839871,-29.3628,-0.809472
369.55,-0.836273,-29.357,-0.808771
369.6,-0.843426,-29.3621,-0.809145
369.65,-0.848367,-29.3649,-0.809298
369.7,-0.842347,-29.3567,-0.808354
369.75,-0.850085,-29.3623,-0.808787
369.8,-0.848142,-29.3582,-0.808251
369.85,-0.850239,-29.3581,-0.80812
369.9,-0.851514,-29.3573,-0.807906
369.95,-0.860646,-29.3643,-0.808479
370,-0.858952,-29.3604,-0.807968
370.05,-0.858098,-29.3574,-0.807542
370.1,-0.862705,-29.3599,-0.807662
370.15,-0.864733,-29.3598,-0.807524
370.2,-0.87334,-29.3663,-0.808045
370.25,-0.874069,-29.3648,-0.807777
370.3,-0.869125,-29.3578,-0.806943
370.35,-0.87296,-29.3594,-0.806986
370.4,-0.87396,-29.3583,-0.806747
370.45,-0.884596,-29.3668,-0.807471
370.5,-0.877732,-29.3578,-0.806445
370.55,-0.881511,-29.3594,-0.806483
370.6,-0.888316,-29.3641,-0.806825
370.65,-0.894009,-29.3676,-0.807056
370.7,-0.893591,-29.3651,-0.806676
370.75,-0.891749,-29.3611,-0.806153
370.8,-0.891345,-29.3585,-0.805774
370.85,-0.894371,-29.3593,-0.805739
370.9,-0.895974,-29.3588,-0.805561
370.95,-0.902714,-29.3634,-0.805896
371,-0.904477,-29.363,-0.805734
371.05,-0.909569,-29.3659,-0.805905
371.1,-0.910429,-29.3646,-0.805653
371.15,-0.907065,-29.3591,-0.804978
371.2,-0.914826,-29.3647,-0.805416
371.25,-0.917396,-29.3651,-0.805334
371.3,-0.919507,-29.3651,-0.805207
371.35,-0.923063,-29.3665,-0.805225
371.4,-0.925474,-29.3667,-0.805128
371.45,-0.926608,-29.3657,-0.804903
371.5,-0.927048,-29.364,-0.804609
371.55,-0.92552,-29.3603,-0.804119
371.6,-0.93356,-29.3662,-0.804585
371.65,-0.936372,-29.3668,-0.804529
371.7,-0.93464,-29.363,-0.804018
371.75,-0.939059,-29.3652,-0.804123
371.8,-0.940378,-29.3644,-0.803917
371.85,-0.941481,-29.3633,-0.80369
371.9,-0.94752,-29.3672,-0.803957
371.95,-0.947627,-29.3652,-0.803631
372,-0.947158,-29.3626,-0.803248
372.05,-0.95413,-29.3674,-0.803608
372.1,-0.95585,-29.3669,-0.803445
372.15,-0.960068,-29.369,-0.803531
372.2,-0.960595,-29.3673,-0.803248
372.25,-0.959721,-29.3643,-0.802826
372.3,-0.959941,-29.3623,-0.802513
372.35,-0.967941,-29.3681,-0.802977
372.4,-0.967981,-29.3659,-0.802646
372.45,-0.967695,-29.3634,-0.802282
372.5,-0.97033,-29.3638,-0.802209
372.55,-0.969996,-29.3612,-0.801839
372.6,-0.972601,-29.3615,-0.801762
372.65,-0.983853,-29.3706,-0.802549
372.7,-0.977944,-29.3624,-0.801619
372.75,-0.986143,-29.3683,-0.8021
372.8,-0.987814,-29.3677,-0.801926
372.85,-0.991833,-29.3695,-0.801986
372.9,-0.991366,-29.3668,-0.801598
372.95,-0.993254,-29.3664,-0.801444
373,-0.99626,-29.3671,-0.801401
373.05,-1.00414,-29.3727,-0.801845
373.1,-1.00241,-29.3687,-0.801327
373.15,-1.00134,-29.3653,-0.800873
373.2,-1.00987,-29.3715,-0.801379
373.25,-1.01421,-29.3736,-0.801466
373.3,-1.01536,-29.3725,-0.801231
373.35,-1.01304,-29.3679,-0.80065
373.4,-1.01637,-29.3689,-0.800632
373.45,-1.02145,-29.3717,-0.800788
373.5,-1.02714,-29.375,-0.801004
373.55,-1.02791,-29.3735,-0.800727
373.6,-1.02787,-29.3711,-0.800368
373.65,-1.03312,-29.3741,-0.800537
373.7,-1.03586,-29.3745,-0.800455
373.75,-1.04408,-29.3804,-0.800919
373.8,-1.04617,-29.3802,-0.800768
373.85,-1.04676,-29.3785,-0.800468
373.9,-1.05059,-29.3801,-0.800489
373.95,-1.0503,-29.3775,-0.8001
374,-1.05819,-29.3831,-0.800526
374.05,-1.05219,-29.3748,-0.799563
374.1,-1.05909,-29.3794,-0.799888
374.15,-1.05704,-29.3751,-0.799319
374.2,-1.05976,-29.3755,-0.799225
374.25,-1.06818,-29.3816,-0.7997
374.3,-1.07173,-29.3829,-0.799688
374.35,-1.07351,-29.3824,-0.799498
374.4,-1.07335,-29.38,-0.799112
374.45,-1.07383,-29.3782,-0.798791
374.5,-1.08488,-29.387,-0.799526
374.55,-1.08505,-29.3849,-0.799173
374.6,-1.09072,-29.3884,-0.799368
374.65,-1.0873,-29.3827,-0.798655
374.7,-1.09366,-29.3868,-0.798919
374.75,-1.09513,-29.3861,-0.798693
374.8,-1.09333,-29.382,-0.798141
374.85,-1.09812,-29.3846,-0.798247
374.9,-1.10452,-29.3888,-0.798514
374.95,-1.10327,-29.3853,-0.798015
375,-1.11036,-29.3901,-0.79835
375.05,-1.10963,-29.3872,-0.797904
375.1,-1.1163,-29.3916,-0.798196
375.15,-1.12049,-29.3936,-0.798241
375.2,-1.12218,-29.3931,-0.798035
375.25,-1.11875,-29.3875,-0.797317
375.3,-1.12834,-29.3948,-0.797902
375.35,-1.12933,-29.3936,-0.797627
375.4,-1.13377,-29.3958,-0.797696
375.45,-1.13447,-29.3943,-0.797391
375.5,-1.1324,-29.39,-0.796809
375.55,-1.14187,-29.3972,-0.797381
375.6,-1.14371,-29.3969,-0.79719
375.65,-1.14568,-29.3966,-0.797011
375.7,-1.15025,-29.399,-0.797092
375.75,-1.15197,-29.3985,-0.796888
375.8,-1.14954,-29.3938,-0.796271
375.85,-1.15494,-29.397,-0.796436
375.9,-1.15577,-29.3956,-0.796142
375.95,-1.16049,-29.398,-0.796237
376,-1.16363,-29.3989,-0.796175
376.05,-1.16272,-29.3958,-0.795707
376.1,-1.16482,-29.3956,-0.79554
376.15,-1.17084,-29.3994,-0.795764
376.2,-1.17373,-29.4001,-0.795675
376.25,-1.17946,-29.4036,-0.79587
376.3,-1.18426,-29.4061,-0.795972
376.35,-1.18269,-29.4023,-0.795435
376.4,-1.19052,-29.4079,-0.795839
376.45,-1.18903,-29.4041,-0.795311
376.5,-1.19354,-29.4064,-0.795382
376.55,-1.19583,-29.4064,-0.79523
376.6,-1.20095,-29.4092,-0.795361
376.65,-1.19943,-29.4054,-0.794827
376.7,-1.2032,-29.407,-0.794823
376.75,-1.2073,-29.4088,-0.79485
376.8,-1.20965,-29.4089,-0.794702
376.85,-1.21033,-29.4073,-0.794386
376.9,-1.2127,-29.4075,-0.794239
376.95,-1.21676,-29.4093,-0.794262
377,-1.22546,-29.4157,-0.794748
377.05,-1.22309,-29.4111,-0.794126
377.1,-1.22393,-29.4097,-0.793824
377.15,-1.23178,-29.4153,-0.794224
377.2,-1.22875,-29.41,-0.793536
377.25,-1.23158,-29.4105,-0.793433
377.3,-1.23855,-29.4152,-0.793742
377.35,-1.2404,-29.4148,-0.79354
377.4,-1.24583,-29.4179,-0.793695
377.45,-1.25078,-29.4206,-0.7938
377.5,-1.25449,-29.422,-0.793782
377.55,-1.25021,-29.4155,-0.792963
377.6,-1.26138,-29.4244,-0.79369
377.65,-1.26436,-29.4251,-0.793595
377.7,-1.26326,-29.4217,-0.793094
377.75,-1.2645,-29.4207,-0.792825
377.8,-1.27036,-29.4243,-0.793018
377.85,-1.2712,-29.4229,-0.79271
377.9,-1.27805,-29.4275,-0.793001
377.95,-1.27895,-29.4261,-0.792696
378,-1.28544,-29.4303,-0.792951
378.05,-1.28386,-29.4265,-0.792399
378.1,-1.28409,-29.4245,-0.792026
378.15,-1.29275,-29.4309,-0.792496
378.2,-1.29671,-29.4326,-0.792496
378.25,-1.29777,-29.4314,-0.792206
378.3,-1.29761,-29.429,-0.791792
378.35,-1.30099,-29.4301,-0.791733
378.4,-1.30982,-29.4367,-0.792219
378.45,-1.30912,-29.4338,-0.791752
378.5,-1.31364,-29.4361,-0.791805
378.55,-1.31824,-29.4384,-0.791868
378.6,-1.32228,-29.4402,-0.791875
378.65,-1.32477,-29.4404,-0.791724
378.7,-1.32431,-29.4377,-0.791281
378.75,-1.32237,-29.4335,-0.790688
378.8,-1.33468,-29.4435,-0.79152
378.85,-1.32815,-29.4347,-0.790467
378.9,-1.33498,-29.4393,-0.79075
378.95,-1.33963,-29.4417,-0.790815
379,-1.34497,-29.4448,-0.790948
379.05,-1.34244,-29.44,-0.790294
379.1,-1.34975,-29.4451,-0.790624
379.15,-1.35322,-29.4463,-0.790568
379.2,-1.35062,-29.4414,-0.789906
379.25,-1.3538,-29.4424,-0.789822
379.3,-1.36548,-29.4518,-0.790587
379.35,-1.36572,-29.4498,-0.790208
379.4,-1.3667,-29.4485,-0.789904
379.45,-1.37214,-29.4518,-0.790045
379.5,-1.3702,-29.4476,-0.789447
379.55,-1.3746,-29.4497,-0.789484
379.6,-1.3754,-29.4483,-0.789162
379.65,-1.38066,-29.4513,-0.789285
379.7,-1.38075,-29.4492,-0.788891
379.75,-1.39256,-29.4588,-0.789668
379.8,-1.3859,-29.4498,-0.788599
379.85,-1.39281,-29.4545,-0.788887
379.9,-1.39499,-29.4545,-0.788701
379.95,-1.40415,-29.4614,-0.789213
380,-1.40736,-29.4624,-0.78913
380.05,-1.40106,-29.4538,-0.788096
380.1,-1.41179,-29.4623,-0.788766
380.15,-1.41599,-29.4643,-0.788781
380.2,-1.41911,-29.4652,-0.788689
380.25,-1.4163,-29.4601,-0.788003
380.3,-1.42542,-29.467,-0.788512
380.35,-1.42775,-29.4671,-0.788342
380.4,-1.42537,-29.4625,-0.7877
380.45,-1.42829,-29.4632,-0.787588
380.5,-1.43223,-29.4649,-0.787577
380.55,-1.4321,-29.4625,-0.787161
380.6,-1.4394,-29.4676,-0.787487
380.65,-1.43757,-29.4635,-0.7869
380.7,-1.44783,-29.4716,-0.787521
380.75,-1.44946,-29.471,-0.787281
380.8,-1.44774,-29.467,-0.786705
380.85,-1.45662,-29.4737,-0.787188
380.9,-1.45544,-29.4703,-0.786666
380.95,-1.46166,-29.4743,-0.786884
381,-1.46296,-29.4734,-0.78661
381.05,-1.46681,-29.475,-0.786591
381.1,-1.46443,-29.4704,-0.785949
381.15,-1.47356,-29.4773,-0.78646
381.2,-1.46972,-29.4713,-0.785672
381.25,-1.47444,-29.4738,-0.785741
381.3,-1.48237,-29.4795,-0.78613
381.35,-1.47885,-29.4737,-0.785377
381.4,-1.4875,-29.4801,-0.78584
381.45,-1.48465,-29.475,-0.785151
381.5,-1.4973,-29.4854,-0.786013
381.55,-1.49615,-29.4821,-0.785495
381.6,-1.49397,-29.4776,-0.784874
381.65,-1.50434,-29.4858,-0.785507
381.7,-1.50437,-29.4836,-0.785107
381.75,-1.5123,-29.4893,-0.785496
381.8,-1.50686,-29.4816,-0.784549
381.85,-1.51303,-29.4856,-0.784762
381.9,-1.52027,-29.4906,-0.785083
381.95,-1.5194,-29.4875,-0.784592
382,-1.52543,-29.4913,-0.784792
382.05,-1.52358,-29.4872,-0.784203
382.1,-1.52957,-29.491,-0.7844
382.15,-1.52992,-29.4891,-0.78403
382.2,-1.53324,-29.4902,-0.783958
382.25,-1.53648,-29.4912,-0.783879
382.3,-1.54548,-29.498,-0.784378
382.35,-1.54416,-29.4944,-0.783842
382.4,-1.54339,-29.4914,-0.783361
382.45,-1.54829,-29.4941,-0.783448
382.5,-1.55024,-29.4938,-0.78324
382.55,-1.5578,-29.4991,-0.783592
382.6,-1.5636,-29.5027,-0.783769
382.65,-1.56021,-29.4971,-0.783026
382.7,-1.56393,-29.4986,-0.782994
382.75,-1.57288,-29.5053,-0.783485
382.8,-1.57119,-29.5014,-0.782913
382.85,-1.56983,-29.4978,-0.782372
382.9,-1.57222,-29.498,-0.782207
382.95,-1.57612,-29.4996,-0.782193
383,-1.57886,-29.5002,-0.782064
383.05,-1.5909,-29.51,-0.782866
383.1,-1.59067,-29.5075,-0.782438
383.15,-1.58823,-29.5028,-0.78179
383.2,-1.59761,-29.51,-0.782325
383.25,-1.59437,-29.5045,-0.781597
383.3,-1.59682,-29.5047,-0.781438
383.35,-1.60778,-29.5134,-0.782131
383.4,-1.60777,-29.5112,-0.781726
383.45,-1.61454,-29.5157,-0.781999
383.5,-1.61167,-29.5106,-0.781308
383.55,-1.61471,-29.5114,-0.781208
383.6,-1.61662,-29.511,-0.780994
383.65,-1.62672,-29.5189,-0.7816
383.7,-1.62708,-29.517,-0.781231
383.75,-1.62929,-29.517,-0.781047
383.8,-1.62962,-29.5151,-0.780675
383.85,-1.63595,-29.5192,-0.780904
383.9,-1.63376,-29.5147,-0.780279
383.95,-1.64024,-29.519,-0.780522
384,-1.6484,-29.5249,-0.780933
384.05,-1.64509,-29.5194,-0.780196
384.1,-1.64607,-29.5181,-0.779889
384.15,-1.65699,-29.5268,-0.780576
384.2,-1.65724,-29.5248,-0.780196
384.25,-1.6589,-29.5243,-0.779958
384.3,-1.66574,-29.5289,-0.780237
384.35,-1.66128,-29.5222,-0.779386
384.4,-1.66857,-29.5273,-0.779711
384.45,-1.67479,-29.5313,-0.779928
384.5,-1.67123,-29.5255,-0.779168
384.55,-1.67824,-29.5303,-0.779465
384.6,-1.68344,-29.5333,-0.779581
384.65,-1.68659,-29.5342,-0.779492
384.7,-1.68809,-29.5335,-0.779239
384.75,-1.68962,-29.5328,-0.778989
384.8,-1.68648,-29.5274,-0.778272
384.85,-1.69739,-29.5361,-0.77896
384.9,-1.69681,-29.5333,-0.778499
384.95,-1.70056,-29.5349,-0.778472
385,-1.70514,-29.5372,-0.778527
385.05,-1.70858,-29.5385,-0.77847
385.1,-1.71228,-29.5399,-0.778439
385.15,-1.71567,-29.5411,-0.778377
385.2,-1.71614,-29.5394,-0.778023
385.25,-1.71714,-29.5381,-0.777722
385.3,-1.71967,-29.5385,-0.777575
385.35,-1.72742,-29.544,-0.77795
385.4,-1.7217,-29.5361,-0.776979
385.45,-1.72901,-29.5412,-0.77731
385.5,-1.7302,-29.5401,-0.77703
385.55,-1.72962,-29.5373,-0.776574
385.6,-1.74059,-29.5461,-0.777273
385.65,-1.73975,-29.5431,-0.776792
385.7,-1.7371,-29.5382,-0.776128
385.75,-1.74532,-29.5442,-0.776554
385.8,-1.74316,-29.5398,-0.775941
385.85,-1.75436,-29.5488,-0.776665
385.9,-1.75515,-29.5474,-0.776349
385.95,-1.75731,-29.5473,-0.776169
386,-1.76178,-29.5496,-0.77622
386.05,-1.76606,-29.5516,-0.776254
386.1,-1.76227,-29.5456,-0.775481
386.15,-1.76901,-29.5502,-0.775761
386.2,-1.7735,-29.5524,-0.775817
386.25,-1.76829,-29.545,-0.774903
386.3,-1.77363,-29.5482,-0.775045
386.35,-1.78208,-29.5544,-0.775497
386.4,-1.78487,-29.555,-0.775385
386.45,-1.78674,-29.5546,-0.775179
386.5,-1.78604,-29.5517,-0.774719
386.55,-1.79052,-29.554,-0.774777
386.6,-1.79295,-29.5542,-0.77463
386.65,-1.79308,-29.5521,-0.774253
386.7,-1.79809,-29.5549,-0.774365
386.75,-1.79814,-29.5527,-0.77398
386.8,-1.80641,-29.5588,-0.774419
386.85,-1.80111,-29.5513,-0.773501
386.9,-1.80606,-29.554,-0.773609
386.95,-1.80578,-29.5515,-0.773193
387,-1.81496,-29.5585,-0.773725
387.05,-1.81827,-29.5596,-0.77367
387.1,-1.8146,-29.5537,-0.772917
387.15,-1.82195,-29.5588,-0.773267
387.2,-1.82162,-29.5563,-0.772849
387.25,-1.82249,-29.5549,-0.772552
387.3,-1.82527,-29.5555,-0.772445
387.35,-1.82998,-29.558,-0.772532
387.4,-1.82925,-29.555,-0.772077
387.45,-1.84003,-29.5636,-0.772772
387.5,-1.83412,-29.5554,-0.771799
387.55,-1.8451,-29.5642,-0.772515
387.6,-1.8474,-29.5643,-0.772364
387.65,-1.84496,-29.5596,-0.771739
387.7,-1.84992,-29.5624,-0.771855
387.75,-1.85398,-29.5642,-0.771881
387.8,-1.8536,-29.5616,-0.771464
387.85,-1.85118,-29.557,-0.770843
387.9,-1.86097,-29.5645,-0.771443
387.95,-1.86066,-29.562,-0.771034
388,-1.86739,-29.5665,-0.77133
388.05,-1.86377,-29.5607,-0.770591
388.1,-1.86523,-29.5599,-0.77036
388.15,-1.87168,-29.5641,-0.77063
388.2,-1.8755,-29.5657,-0.770636
388.25,-1.87929,-29.5673,-0.77064
388.3,-1.88311,-29.5689,-0.770647
388.35,-1.88252,-29.5661,-0.770215
388.4,-1.88835,-29.5697,-0.770424
388.45,-1.88446,-29.5636,-0.769662
388.5,-1.89093,-29.5678,-0.769937
388.55,-1.89329,-29.568,-0.769801
388.6,-1.89007,-29.5625,-0.769108
388.65,-1.90024,-29.5705,-0.769754
388.7,-1.89731,-29.5653,-0.76909
388.75,-1.90114,-29.5669,-0.769103
388.8,-1.89955,-29.5631,-0.768575
388.85,-1.90679,-29.5681,-0.76893
388.9,-1.90273,-29.5618,-0.768155
388.95,-1.90783,-29.5647,-0.768297
389,-1.91327,-29.5679,-0.768473
389.05,-1.91072,-29.5631,-0.767852
389.1,-1.91423,-29.5644,-0.767836
389.15,-1.91943,-29.5674,-0.767991
389.2,-1.92195,-29.5677,-0.767877
389.25,-1.92793,-29.5714,-0.76811
389.3,-1.92469,-29.566,-0.767421
389.35,-1.93429,-29.5733,-0.768018
389.4,-1.93532,-29.5721,-0.767757
389.45,-1.92933,-29.5639,-0.766794
389.5,-1.9361,-29.5685,-0.767108
389.55,-1.94134,-29.5715,-0.767269
389.6,-1.93922,-29.5671,-0.766694
389.65,-1.94495,-29.5706,-0.766905
389.7,-1.94415,-29.5676,-0.766463
389.75,-1.95336,-29.5746,-0.767022
389.8,-1.95042,-29.5694,-0.766368
389.85,-1.95102,-29.5678,-0.766067
389.9,-1.95723,-29.5717,-0.766327
389.95,-1.95769,-29.57,-0.766012
390,-1.96194,-29.572,-0.766078
390.05,-1.96217,-29.57,-0.765741
390.1,-1.96254,-29.5681,-0.765418
390.15,-1.97112,-29.5745,-0.765916
390.2,-1.96907,-29.5702,-0.765352
390.25,-1.97407,-29.5729,-0.765492
390.3,-1.97404,-29.5707,-0.76513
390.35,-1.97797,-29.5724,-0.765166
390.4,-1.97777,-29.5699,-0.764787
390.45,-1.98126,-29.5712,-0.764777
390.5,-1.98792,-29.5756,-0.765086
390.55,-1.99081,-29.5763,-0.765018
390.6,-1.98942,-29.5726,-0.764521
390.65,-1.99724,-29.5782,-0.764945
390.7,-1.99292,-29.5716,-0.764156
390.75,-2.0016,-29.578,-0.764666
390.8,-2.00294,-29.5771,-0.764443
390.85,-2.00293,-29.5749,-0.764084
390.9,-2.00875,-29.5785,-0.76431
390.95,-2.00868,-29.5761,-0.763946
391,-2.01023,-29.5754,-0.763744
391.05,-2.01039,-29.5734,-0.763403
391.1,-2.01312,-29.5738,-0.763319
391.15,-2.02013,-29.5786,-0.763664
391.2,-2.02359,-29.5798,-0.763653
391.25,-2.02311,-29.5771,-0.763248
391.3,-2.02691,-29.5787,-0.763272
391.35,-2.02499,-29.5745,-0.762725
391.4,-2.03265,-29.5799,-0.763135
391.45,-2.0302,-29.5752,-0.762534
391.5,-2.03628,-29.5791,-0.762787
391.55,-2.03573,-29.5763,-0.762377
391.6,-2.04107,-29.5794,-0.762555
391.65,-2.04506,-29.5811,-0.7626
391.7,-2.04066,-29.5745,-0.761804
391.75,-2.04151,-29.5731,-0.761535
391.8,-2.04806,-29.5774,-0.761837
391.85,-2.0512,-29.5783,-0.761796
391.9,-2.05357,-29.5784,-0.761679
391.95,-2.05751,-29.5801,-0.76172
392,-2.06172,-29.5821,-0.761787
392.05,-2.05831,-29.5764,-0.761093
392.1,-2.06266,-29.5786,-0.761176
392.15,-2.063,-29.5767,-0.760857
392.2,-2.06494,-29.5763,-0.760698
392.25,-2.07253,-29.5817,-0.761107
392.3,-2.06917,-29.5761,-0.760419
392.35,-2.07008,-29.5747,-0.760158
392.4,-2.07527,-29.5776,-0.760325
392.45,-2.0753,-29.5754,-0.759977
392.5,-2.08369,-29.5816,-0.760465
392.55,-2.08799,-29.5836,-0.760544
392.6,-2.08574,-29.5791,-0.759967
392.65,-2.08444,-29.5755,-0.759486
392.7,-2.09331,-29.5821,-0.760022
392.75,-2.09209,-29.5787,-0.759549
392.8,-2.09789,-29.5822,-0.759778
392.85,-2.09816,-29.5802,-0.759454
392.9,-2.10261,-29.5824,-0.759549
392.95,-2.1037,-29.5812,-0.759308
393,-2.1092,-29.5845,-0.759508
393.05,-2.10743,-29.5804,-0.75898
393.1,-2.10564,-29.5763,-0.75845
393.15,-2.1141,-29.5825,-0.758946
393.2,-2.11395,-29.5801,-0.75858
393.25,-2.11537,-29.5793,-0.758372
393.3,-2.12231,-29.5839,-0.758716
393.35,-2.12635,-29.5857,-0.758769
393.4,-2.12854,-29.5856,-0.758637
393.45,-2.1255,-29.5803,-0.757982
393.5,-2.13111,-29.5837,-0.758194
393.55,-2.13516,-29.5854,-0.758248
393.6,-2.13637,-29.5844,-0.758018
393.65,-2.134,-29.5797,-0.75743
393.7,-2.13605,-29.5795,-0.757285
393.75,-2.13685,-29.5781,-0.757015
393.8,-2.13972,-29.5787,-0.756951
393.85,-2.146,-29.5827,-0.75723
393.9,-2.1453,-29.5797,-0.756809
393.95,-2.15094,-29.5831,-0.757023
394,-2.15485,-29.5848,-0.757064
394.05,-2.15014,-29.5778,-0.756243
394.1,-2.15768,-29.5831,-0.756648
394.15,-2.15693,-29.5801,-0.756223
394.2,-2.15853,-29.5794,-0.756034
394.25,-2.16256,-29.5812,-0.756088
394.3,-2.16822,-29.5846,-0.756305
394.35,-2.17325,-29.5874,-0.756459
394.4,-2.17517,-29.587,-0.756302
394.45,-2.17291,-29.5825,-0.755728
394.5,-2.17663,-29.584,-0.755752
394.55,-2.18162,-29.5867,-0.755903
394.6,-2.17516,-29.578,-0.754908
394.65,-2.18464,-29.5852,-0.755509
394.7,-2.18566,-29.584,-0.755263
394.75,-2.18661,-29.5827,-0.755011
394.8,-2.18509,-29.5789,-0.754513
394.85,-2.19063,-29.5822,-0.75472
394.9,-2.1932,-29.5825,-0.75463
394.95,-2.19147,-29.5785,-0.754111
395,-2.20157,-29.5863,-0.754774
395.05,-2.19736,-29.5799,-0.754007
395.1,-2.20728,-29.5876,-0.754654
395.15,-2.20619,-29.5842,-0.754199
395.2,-2.20723,-29.583,-0.753958
395.25,-2.20683,-29.5803,-0.753574
395.3,-2.21417,-29.5854,-0.753963
395.35,-2.21571,-29.5847,-0.753772
395.4,-2.21923,-29.586,-0.753781
395.45,-2.21351,-29.578,-0.752865
395.5,-2.21833,-29.5806,-0.753003
395.55,-2.22344,-29.5834,-0.753172
395.6,-2.22075,-29.5784,-0.75256
395.65,-2.23086,-29.5863,-0.753227
395.7,-2.23294,-29.5861,-0.753093
395.75,-2.22953,-29.5804,-0.75241
395.8,-2.23134,-29.5799,-0.752248
395.85,-2.23676,-29.5831,-0.752447
395.9,-2.23606,-29.5801,-0.752035
395.95,-2.23748,-29.5792,-0.751834
396,-2.23833,-29.5778,-0.751577
396.05,-2.24904,-29.5863,-0.752305
396.1,-2.24314,-29.5781,-0.751374
396.15,-2.24523,-29.5779,-0.751241
396.2,-2.25313,-29.5835,-0.751689
396.25,-2.25597,-29.5841,-0.75163
396.3,-2.25672,-29.5826,-0.751364
396.35,-2.26083,-29.5844,-0.751434
396.4,-2.25692,-29.5782,-0.750702
396.45,-2.26798,-29.587,-0.751466
396.5,-2.26809,-29.5849,-0.751135
396.55,-2.27201,-29.5865,-0.751187
396.6,-2.2666,-29.5788,-0.750304
396.65,-2.27438,-29.5844,-0.750742
396.7,-2.27495,-29.5827,-0.750459
396.75,-2.27833,-29.5838,-0.750456
396.8,-2.28347,-29.5866,-0.75063
396.85,-2.27913,-29.58,-0.749857
396.9,-2.28181,-29.5805,-0.749785
396.95,-2.28824,-29.5846,-0.750088
397,-2.28595,-29.5801,-0.74952
397.05,-2.29122,-29.5831,-0.749708
397.1,-2.29051,-29.5801,-0.749298
397.15,-2.29323,-29.5806,-0.749231
397.2,-2.2963,-29.5814,-0.7492
397.25,-2.29537,-29.5782,-0.748769
397.3,-2.30238,-29.5829,-0.749131
397.35,-2.30497,-29.5832,-0.749053
397.4,-2.30716,-29.5832,-0.748935
397.45,-2.31118,-29.5849,-0.748999
397.5,-2.31291,-29.5844,-0.748835
397.55,-2.31368,-29.5829,-0.748575
397.6,-2.31613,-29.5831,-0.748484
397.65,-2.3197,-29.5844,-0.748505
397.7,-2.32029,-29.5827,-0.748228
397.75,-2.31838,-29.5786,-0.747701
397.8,-2.32252,-29.5804,-0.74778
397.85,-2.32162,-29.5773,-0.747354
397.9,-2.32157,-29.575,-0.747014
397.95,-2.32956,-29.5807,-0.747479
398,-2.32747,-29.5763,-0.746935
398.05,-2.3353,-29.5819,-0.747384
398.1,-2.33498,-29.5793,-0.747018
398.15,-2.33524,-29.5773,-0.746711
398.2,-2.33863,-29.5785,-0.746716
398.25,-2.33667,-29.5742,-0.746187
398.3,-2.3481,-29.5834,-0.746997
398.35,-2.34441,-29.5775,-0.746296
398.4,-2.34592,-29.5767,-0.746114
398.45,-2.34782,-29.5764,-0.745972
398.5,-2.34836,-29.5746,-0.745695
398.55,-2.35539,-29.5794,-0.746067
398.6,-2.36037,-29.5821,-0.746234
398.65,-2.35802,-29.5775,-0.745668
398.7,-2.35558,-29.5728,-0.745093
398.75,-2.36146,-29.5764,-0.745351
398.8,-2.36601,-29.5787,-0.745475
398.85,-2.36841,-29.5789,-0.745385
398.9,-2.36471,-29.5729,-0.744686
398.95,-2.36929,-29.5752,-0.744814
399,-2.37354,-29.5772,-0.744911
399.05,-2.36942,-29.5708,-0.74417
399.1,-2.37262,-29.5718,-0.744161
399.15,-2.37718,-29.5741,-0.744289
399.2,-2.38448,-29.5791,-0.744691
399.25,-2.38613,-29.5785,-0.744528
399.3,-2.38664,-29.5768,-0.744253
399.35,-2.38595,-29.5738,-0.743856
399.4,-2.38457,-29.5702,-0.743391
399.45,-2.39291,-29.5763,-0.743899
399.5,-2.38809,-29.5692,-0.743091
399.55,-2.39253,-29.5713,-0.743209
399.6,-2.39667,-29.5732,-0.743298
399.65,-2.39952,-29.5738,-0.743256
399.7,-2.40217,-29.5741,-0.743196
399.75,-2.40761,-29.5773,-0.743414
399.8,-2.40639,-29.5738,-0.742967
399.85,-2.40841,-29.5735,-0.742845
399.9,-2.40815,-29.5709,-0.742493
399.95,-2.40643,-29.5669,-0.741996
400,-2.41832,-29.5765,-0.742859
400.05,-2.41653,-29.5724,-0.742354
400.1,-2.41976,-29.5733,-0.742351
400.15,-2.42454,-29.5757,-0.742504
400.2,-2.41832,-29.5672,-0.741555
400.25,-2.42703,-29.5736,-0.7421
400.3,-2.42562,-29.5699,-0.741633
400.35,-2.43187,-29.5739,-0.741932
400.4,-2.43091,-29.5706,-0.741509
400.45,-2.43375,-29.5711,-0.741467
400.5,-2.43254,-29.5676,-0.741019
400.55,-2.43379,-29.5666,-0.740818
400.6,-2.44046,-29.5709,-0.741158
400.65,-2.4404,-29.5686,-0.740826
400.7,-2.44417,-29.57,-0.740875
400.75,-2.44609,-29.5697,-0.740741
400.8,-2.44564,-29.5669,-0.740369
400.85,-2.44789,-29.5669,-0.740267
400.9,-2.44708,-29.5638,-0.73986
400.95,-2.45322,-29.5676,-0.740146
401,-2.45178,-29.5639,-0.739676
401.05,-2.45414,-29.5639,-0.739585
401.1,-2.46266,-29.5702,-0.740111
401.15,-2.46328,-29.5685,-0.739846
401.2,-2.46637,-29.5693,-0.739829
401.25,-2.46545,-29.5661,-0.739409
401.3,-2.4694,-29.5677,-0.739478
401.35,-2.46918,-29.5652,-0.73913
401.4,-2.46815,-29.5619,-0.7387
401.45,-2.47967,-29.5711,-0.739526
401.5,-2.47559,-29.5647,-0.738793
401.55,-2.47436,-29.5612,-0.738343
401.6,-2.48201,-29.5665,-0.738782
401.65,-2.47906,-29.5612,-0.73816
401.7,-2.49047,-29.5703,-0.738975
401.75,-2.48979,-29.5672,-0.73858
401.8,-2.49347,-29.5685,-0.738622
401.85,-2.49142,-29.5641,-0.738088
401.9,-2.49489,-29.5652,-0.738108
401.95,-2.49548,-29.5634,-0.737838
402,-2.50411,-29.5697,-0.738373
402.05,-2.50422,-29.5674,-0.738055
402.1,-2.5039,-29.5647,-0.737694
402.15,-2.50705,-29.5655,-0.73768
402.2,-2.50495,-29.5611,-0.73714
402.25,-2.50625,-29.56,-0.73694
402.3,-2.50919,-29.5606,-0.736904
402.35,-2.5145,-29.5636,-0.737105
402.4,-2.51592,-29.5627,-0.736917
402.45,-2.51593,-29.5603,-0.736587
402.5,-2.52525,-29.5673,-0.737189
402.55,-2.52312,-29.5628,-0.736645
402.6,-2.52337,-29.5607,-0.736338
402.65,-2.5291,-29.5641,-0.736581
402.7,-2.52547,-29.5582,-0.735887
402.75,-2.5367,-29.5671,-0.736679
402.8,-2.5294,-29.5574,-0.735618
402.85,-2.53763,-29.5633,-0.73611
402.9,-2.53654,-29.5599,-0.73567
402.95,-2.53612,-29.5572,-0.735296
403,-2.54377,-29.5625,-0.73573
403.05,-2.54648,-29.5629,-0.73567
403.1,-2.54265,-29.5567,-0.734956
403.15,-2.54581,-29.5576,-0.734942
403.2,-2.55347,-29.5629,-0.735378
403.25,-2.54896,-29.556,-0.734595
403.3,-2.55928,-29.564,-0.735296
403.35,-2.55838,-29.5608,-0.734875
403.4,-2.55955,-29.5596,-0.734661
403.45,-2.56109,-29.5588,-0.734483
403.5,-2.56851,-29.5639,-0.734895
403.55,-2.56607,-29.5591,-0.734319
403.6,-2.56546,-29.5562,-0.733927
403.65,-2.57033,-29.5587,-0.734082
403.7,-2.5688,-29.5548,-0.733597
403.75,-2.57386,-29.5576,-0.733772
403.8,-2.57781,-29.5592,-0.733835
403.85,-2.57699,-29.5561,-0.733422
403.9,-2.58516,-29.5619,-0.733906
403.95,-2.58831,-29.5627,-0.73389
404,-2.5853,-29.5574,-0.733258
404.05,-2.59059,-29.5604,-0.733455
404.1,-2.58942,-29.5569,-0.733007
404.15,-2.59447,-29.5596,-0.73318
404.2,-2.59331,-29.5561,-0.732733
404.25,-2.59633,-29.5568,-0.732704
404.3,-2.60043,-29.5586,-0.732783
404.35,-2.5998,-29.5557,-0.732389
404.4,-2.59888,-29.5525,-0.731967
404.45,-2.60974,-29.561,-0.732722
404.5,-2.60653,-29.5555,-0.73207
404.55,-2.61111,-29.5578,-0.732198
404.6,-2.61254,-29.5569,-0.73201
404.65,-2.61335,-29.5554,-0.731761
404.7,-2.61892,-29.5587,-0.731988
404.75,-2.61578,-29.5532,-0.731345
404.8,-2.61986,-29.555,-0.731423
404.85,-2.62353,-29.5564,-0.73146
404.9,-2.62728,-29.5578,-0.731506
404.95,-2.63032,-29.5585,-0.731481
405,-2.63331,-29.5592,-0.731451
405.05,-2.63228,-29.5559,-0.731019
405.1,-2.63068,-29.552,-0.730531
405.15,-2.63087,-29.5499,-0.730222
405.2,-2.63252,-29.5492,-0.730058
405.25,-2.6372,-29.5516,-0.730199
405.3,-2.64032,-29.5524,-0.730184
405.35,-2.64382,-29.5536,-0.730206
405.4,-2.64561,-29.5531,-0.730058
405.45,-2.64479,-29.5499,-0.729647
405.5,-2.64929,-29.5521,-0.729771
405.55,-2.65592,-29.5564,-0.730106
405.6,-2.65823,-29.5564,-0.73001
405.65,-2.65941,-29.5553,-0.729801
405.7,-2.65894,-29.5525,-0.729427
405.75,-2.65795,-29.5492,-0.729
405.8,-2.66002,-29.5489,-0.72888
405.85,-2.66152,-29.5481,-0.728702
405.9,-2.66776,-29.552,-0.729
405.95,-2.66679,-29.5488,-0.728576
406,-2.66703,-29.5467,-0.728273
406.05,-2.66794,-29.5453,-0.728037
406.1,-2.67944,-29.5545,-0.72886
406.15,-2.67899,-29.5517,-0.728489
406.2,-2.67861,-29.549,-0.728124
406.25,-2.68357,-29.5517,-0.728294
406.3,-2.67789,-29.5437,-0.7274
406.35,-2.68949,-29.553,-0.728234
406.4,-2.68604,-29.5472,-0.727563
406.45,-2.69202,-29.5509,-0.727835
406.5,-2.69458,-29.5512,-0.727765
406.55,-2.69204,-29.5463,-0.727186
406.6,-2.69492,-29.5469,-0.727148
406.65,-2.6938,-29.5435,-0.726711
406.7,-2.69939,-29.5468,-0.726945
406.75,-2.70185,-29.5469,-0.726865
406.8,-2.70336,-29.5461,-0.726692
406.85,-2.70997,-29.5504,-0.727028
406.9,-2.70378,-29.542,-0.726085
406.95,-2.70495,-29.5408,-0.725877
407,-2.70859,-29.5422,-0.725917
407.05,-2.71477,-29.546,-0.726212
407.1,-2.72043,-29.5494,-0.726454
407.15,-2.71425,-29.5409,-0.725512
407.2,-2.71949,-29.5439,-0.725713
407.25,-2.72256,-29.5446,-0.725696
407.3,-2.72327,-29.5431,-0.725445
407.35,-2.72847,-29.546,-0.725642
407.4,-2.73092,-29.5461,-0.725565
407.45,-2.72578,-29.5387,-0.724728
407.5,-2.72795,-29.5385,-0.724624
407.55,-2.72863,-29.5369,-0.72437
407.6,-2.7324,-29.5383,-0.724425
407.65,-2.73408,-29.5376,-0.724271
407.7,-2.74233,-29.5435,-0.724774
407.75,-2.74378,-29.5426,-0.724597
407.8,-2.7485,-29.5449,-0.724746
407.85,-2.7491,-29.543,-0.724482
407.9,-2.75014,-29.5416,-0.724261
407.95,-2.74934,-29.5384,-0.723857
408,-2.75384,-29.5405,-0.723982
408.05,-2.75536,-29.5396,-0.723809
408.1,-2.75996,-29.5418,-0.723942
408.15,-2.75527,-29.5347,-0.723147
408.2,-2.76362,-29.5406,-0.723655
408.25,-2.76174,-29.5364,-0.723141
408.3,-2.76746,-29.5397,-0.723385
408.35,-2.76527,-29.5351,-0.722838
408.4,-2.76797,-29.5354,-0.722779
408.45,-2.77545,-29.5405,-0.7232
408.5,-2.77239,-29.535,-0.722565
408.55,-2.77669,-29.537,-0.722666
408.6,-2.77833,-29.5362,-0.722501
408.65,-2.77889,-29.5344,-0.722228
408.7,-2.785,-29.5381,-0.722509
408.75,-2.78985,-29.5406,-0.722665
408.8,-2.79147,-29.5399,-0.722497
408.85,-2.78627,-29.5323,-0.721647
408.9,-2.79431,-29.538,-0.722122
408.95,-2.79637,-29.5377,-0.721998
409,-2.79402,-29.533,-0.721433
409.05,-2.80219,-29.5388,-0.72192
409.1,-2.80289,-29.5371,-0.721661
409.15,-2.80231,-29.5341,-0.721273
409.2,-2.81014,-29.5395,-0.721724
409.25,-2.80698,-29.534,-0.721078
409.3,-2.81564,-29.5402,-0.721613
409.35,-2.81592,-29.5381,-0.72131
409.4,-2.81108,-29.5309,-0.720495
409.45,-2.81849,-29.5359,-0.720905
409.5,-2.8157,-29.5307,-0.720293
409.55,-2.8231,-29.5358,-0.720701
409.6,-2.81977,-29.53,-0.720037
409.65,-2.82931,-29.5372,-0.720659
409.7,-2.82978,-29.5353,-0.720373
409.75,-2.83255,-29.5357,-0.720318
409.8,-2.82798,-29.5287,-0.719529
409.85,-2.83192,-29.5303,-0.71959
409.9,-2.84028,-29.5363,-0.720093
409.95,-2.83617,-29.5298,-0.71935
410,-2.84538,-29.5367,-0.719938
410.05,-2.84845,-29.5374,-0.719913
410.1,-2.84644,-29.533,-0.719379
410.15,-2.84507,-29.5293,-0.71891
410.2,-2.84651,-29.5284,-0.718722
410.25,-2.8484,-29.5279,-0.718578
410.3,-2.8497,-29.5269,-0.718376
410.35,-2.86057,-29.5354,-0.719131
410.4,-2.85509,-29.5275,-0.71825
410.45,-2.86226,-29.5324,-0.718635
410.5,-2.86302,-29.5308,-0.718379
410.55,-2.86302,-29.5284,-0.718047
410.6,-2.8662,-29.5292,-0.718033
410.65,-2.86546,-29.5262,-0.717628
410.7,-2.87263,-29.531,-0.718014
410.75,-2.87138,-29.5274,-0.717557
410.8,-2.87523,-29.5289,-0.71761
410.85,-2.87881,-29.5301,-0.717638
410.9,-2.87559,-29.5246,-0.716984
410.95,-2.88235,-29.529,-0.71733
411,-2.88111,-29.5254,-0.716875
411.05,-2.88285,-29.5248,-0.71672
411.1,-2.88479,-29.5244,-0.716583
411.15,-2.888,-29.5253,-0.716574
411.2,-2.89707,-29.532,-0.717151
411.25,-2.89725,-29.5299,-0.71684
411.3,-2.90104,-29.5314,-0.716889
411.35,-2.90334,-29.5313,-0.716789
411.4,-2.90527,-29.5309,-0.716653
411.45,-2.90522,-29.5285,-0.71632
411.5,-2.90122,-29.5222,-0.715592
411.55,-2.91018,-29.5288,-0.716159
411.6,-2.91103,-29.5274,-0.715916
411.65,-2.91284,-29.5268,-0.715769
411.7,-2.90826,-29.5199,-0.714984
411.75,-2.9184,-29.5277,-0.715669
411.8,-2.91994,-29.5269,-0.715496
411.85,-2.91454,-29.5192,-0.71463
411.9,-2.92347,-29.5258,-0.715196
411.95,-2.92747,-29.5274,-0.715268
412,-2.92716,-29.5247,-0.71491
412.05,-2.92472,-29.5199,-0.71434
412.1,-2.92657,-29.5194,-0.714198
412.15,-2.92731,-29.5178,-0.713945
412.2,-2.932,-29.5201,-0.714088
412.25,-2.93891,-29.5247,-0.714451
412.3,-2.93627,-29.5197,-0.713861
412.35,-2.94269,-29.5238,-0.714176
412.4,-2.94106,-29.5198,-0.713686
412.45,-2.94309,-29.5195,-0.713562
412.5,-2.94416,-29.5182,-0.713343
412.55,-2.94919,-29.5209,-0.713519
412.6,-2.95086,-29.5202,-0.71336
412.65,-2.95177,-29.5188,-0.713125
412.7,-2.95793,-29.5226,-0.713414
412.75,-2.95658,-29.5189,-0.712953
412.8,-2.95559,-29.5155,-0.712528
412.85,-2.96345,-29.5211,-0.712988
412.9,-2.96232,-29.5176,-0.71255
412.95,-2.96118,-29.5141,-0.71211
413,-2.96693,-29.5175,-0.71236
413.05,-2.96973,-29.518,-0.712315
413.1,-2.97548,-29.5214,-0.712565
413.15,-2.97002,-29.5136,-0.711694
413.2,-2.97258,-29.5138,-0.711625
413.25,-2.9817,-29.5206,-0.712212
413.3,-2.98432,-29.5209,-0.71215
413.35,-2.98638,-29.5206,-0.712032
413.4,-2.98802,-29.5199,-0.711871
413.45,-2.98745,-29.517,-0.71149
413.5,-2.99137,-29.5186,-0.711559
413.55,-2.99057,-29.5155,-0.711155
413.6,-2.99544,-29.518,-0.711318
413.65,-2.98909,-29.5093,-0.710361
413.7,-2.9969,-29.5148,-0.710819
413.75,-2.99435,-29.5099,-0.71024
413.8,-3.00279,-29.516,-0.710762
413.85,-3.00586,-29.5168,-0.710747
413.9,-3.00762,-29.5162,-0.7106
413.95,-3.00233,-29.5086,-0.70975
414,-3.00533,-29.5093,-0.709728
414.05,-3.00607,-29.5077,-0.70948
414.1,-3.01372,-29.513,-0.709924
414.15,-3.01631,-29.5133,-0.709862
414.2,-3.01588,-29.5105,-0.709498
414.25,-3.01761,-29.5099,-0.709351
414.3,-3.01679,-29.5068,-0.708948
414.35,-3.02329,-29.511,-0.709278
414.4,-3.02082,-29.5062,-0.708711
414.45,-3.0268,-29.5098,-0.70899
414.5,-3.03011,-29.5108,-0.709001
414.55,-3.03133,-29.5097,-0.708804
414.6,-3.02807,-29.5041,-0.708159
414.65,-3.03507,-29.5088,-0.70854
414.7,-3.03879,-29.5102,-0.708594
414.75,-3.03605,-29.5052,-0.708001
414.8,-3.04013,-29.5069,-0.708091
414.85,-3.04443,-29.5089,-0.708204
414.9,-3.04171,-29.5039,-0.707614
414.95,-3.0454,-29.5052,-0.707665
415,-3.0471,-29.5046,-0.707519
415.05,-3.04628,-29.5015,-0.70712
415.1,-3.04714,-29.5,-0.706889
415.15,-3.05169,-29.5023,-0.707029
415.2,-3.05251,-29.5008,-0.706794
415.25,-3.05917,-29.5051,-0.707145
415.3,-3.05916,-29.5028,-0.706828
415.35,-3.05642,-29.4978,-0.706239
415.4,-3.06415,-29.5032,-0.706697
415.45,-3.0639,-29.5006,-0.706358
415.5,-3.06388,-29.4983,-0.706041
415.55,-3.06262,-29.4947,-0.705601
415.6,-3.07112,-29.5009,-0.706137
415.65,-3.06677,-29.4942,-0.705388
415.7,-3.07612,-29.5013,-0.70601
415.75,-3.0722,-29.4951,-0.705305
415.8,-3.07762,-29.4982,-0.705534
415.85,-3.07417,-29.4924,-0.704877
415.9,-3.08479,-29.5007,-0.705626
415.95,-3.08577,-29.4994,-0.705412
416,-3.08635,-29.4977,-0.705158
416.05,-3.08832,-29.4973,-0.705043
416.1,-3.08857,-29.4953,-0.704758
416.15,-3.09394,-29.4983,-0.704983
416.2,-3.09096,-29.493,-0.704375
416.25,-3.09299,-29.4928,-0.704267
416.3,-3.09368,-29.4911,-0.704026
416.35,-3.09284,-29.488,-0.703632
416.4,-3.09724,-29.4901,-0.703762
416.45,-3.10329,-29.4938,-0.704058
416.5,-3.10424,-29.4925,-0.703843
416.55,-3.10845,-29.4943,-0.703955
416.6,-3.10177,-29.4853,-0.702978
416.65,-3.11166,-29.4929,-0.703659
416.7,-3.10852,-29.4875,-0.703035
416.75,-3.11074,-29.4874,-0.70295
416.8,-3.11539,-29.4897,-0.703106
416.85,-3.12034,-29.4923,-0.703293
416.9,-3.11792,-29.4876,-0.702742
416.95,-3.1184,-29.4857,-0.702483
417,-3.12119,-29.4862,-0.702455
417.05,-3.12686,-29.4896,-0.702714
417.1,-3.12419,-29.4846,-0.70214
417.15,-3.12359,-29.4817,-0.701773
417.2,-3.13302,-29.4888,-0.70241
417.25,-3.12782,-29.4813,-0.701583
417.3,-3.13143,-29.4826,-0.701637
417.35,-3.1344,-29.4832,-0.701628
417.4,-3.13388,-29.4804,-0.70127
417.45,-3.13624,-29.4804,-0.7012
417.5,-3.13836,-29.4802,-0.701107
417.55,-3.13664,-29.4762,-0.700629
417.6,-3.1392,-29.4764,-0.700578
417.65,-3.14977,-29.4846,-0.70133
417.7,-3.15157,-29.484,-0.701205
417.75,-3.1493,-29.4794,-0.700671
417.8,-3.15006,-29.4778,-0.700441
417.85,-3.1507,-29.4761,-0.7002
417.9,-3.15578,-29.4788,-0.700401
417.95,-3.15914,-29.4798,-0.700431
418,-3.15403,-29.4723,-0.699613
418.05,-3.15822,-29.4741,-0.699726
418.1,-3.16394,-29.4774,-0.699992
418.15,-3.16029,-29.4714,-0.699319
418.2,-3.16251,-29.4713,-0.699234
418.25,-3.16323,-29.4696,-0.698999
418.3,-3.16994,-29.474,-0.699363
418.35,-3.17496,-29.4766,-0.699558
418.4,-3.16878,-29.4681,-0.698632
418.45,-3.17123,-29.4681,-0.69857
418.5,-3.17493,-29.4695,-0.698632
418.55,-3.17981,-29.4719,-0.698813
418.6,-3.18624,-29.4759,-0.699147
418.65,-3.18556,-29.4728,-0.69877
418.7,-3.18807,-29.4728,-0.698711
418.75,-3.19211,-29.4744,-0.698805
418.8,-3.1944,-29.4742,-0.698724
418.85,-3.18868,-29.4661,-0.697841
418.9,-3.19385,-29.4688,-0.698047
418.95,-3.19379,-29.4663,-0.697729
419,-3.19861,-29.4687,-0.697899
419.05,-3.20404,-29.4717,-0.698131
419.1,-3.20035,-29.4656,-0.697449
419.15,-3.20581,-29.4687,-0.697682
419.2,-3.20992,-29.4704,-0.69778
419.25,-3.20611,-29.4641,-0.697086
419.3,-3.2074,-29.463,-0.696901
419.35,-3.21036,-29.4636,-0.696884
419.4,-3.2153,-29.4661,-0.697063
419.45,-3.21973,-29.4681,-0.697193
419.5,-3.21411,-29.4601,-0.696317
419.55,-3.22198,-29.4656,-0.69679
419.6,-3.21865,-29.4599,-0.696142
419.65,-3.22681,-29.4656,-0.696644
419.7,-3.22908,-29.4655,-0.696556
419.75,-3.22603,-29.4601,-0.695937
419.8,-3.23297,-29.4646,-0.696317
419.85,-3.23002,-29.4593,-0.695707
419.9,-3.23007,-29.457,-0.695397
419.95,-3.23889,-29.4634,-0.695965
420,-3.23646,-29.4586,-0.695407
420.05,-3.23825,-29.458,-0.695271
420.1,-3.23992,-29.4573,-0.695123
420.15,-3.24184,-29.4569,-0.695001
420.2,-3.25085,-29.4635,-0.695588
420.25,-3.25295,-29.4632,-0.695483
420.3,-3.24682,-29.4547,-0.694556
420.35,-3.25605,-29.4616,-0.695165
420.4,-3.25036,-29.4535,-0.694281
420.45,-3.25735,-29.4582,-0.694666
420.5,-3.25449,-29.4529,-0.694067
420.55,-3.26165,-29.4577,-0.694468
420.6,-3.26215,-29.4558,-0.694205
420.65,-3.26371,-29.4549,-0.694045
420.7,-3.2644,-29.4531,-0.693799
420.75,-3.26704,-29.4533,-0.693748
420.8,-3.27278,-29.4566,-0.694007
420.85,-3.27273,-29.4541,-0.693686
420.9,-3.27631,-29.4553,-0.693727
420.95,-3.27495,-29.4515,-0.693275
421,-3.27731,-29.4514,-0.693194
421.05,-3.28326,-29.455,-0.693471
421.1,-3.27777,-29.447,-0.692605
421.15,-3.28479,-29.4517,-0.69299
421.2,-3.28689,-29.4513,-0.692882
421.25,-3.29168,-29.4537,-0.693043
421.3,-3.29367,-29.4533,-0.692923
421.35,-3.29072,-29.4479,-0.69231
421.4,-3.29057,-29.4454,-0.691977
421.45,-3.30066,-29.453,-0.692667
421.5,-3.29465,-29.4446,-0.691747
421.55,-3.30021,-29.4477,-0.691984
421.6,-3.3002,-29.4452,-0.691663
421.65,-3.30393,-29.4464,-0.691715
421.7,-3.30946,-29.4495,-0.691948
421.75,-3.30651,-29.4441,-0.691332
421.8,-3.31036,-29.4455,-0.691396
421.85,-3.31781,-29.4505,-0.691819
421.9,-3.31214,-29.4424,-0.69093
421.95,-3.31835,-29.4461,-0.691229
422,-3.32084,-29.4462,-0.691155
422.05,-3.32037,-29.4433,-0.690786
422.1,-3.3218,-29.4422,-0.690605
422.15,-3.32282,-29.4408,-0.690384
422.2,-3.33185,-29.4473,-0.690963
422.25,-3.33186,-29.4448,-0.690639
422.3,-3.3334,-29.4439,-0.690469
422.35,-3.33605,-29.4441,-0.690408
422.4,-3.33388,-29.4394,-0.689866
422.45,-3.33689,-29.44,-0.689841
422.5,-3.34611,-29.4467,-0.690437
422.55,-3.34428,-29.4424,-0.689928
422.6,-3.35124,-29.4469,-0.690296
422.65,-3.35297,-29.4461,-0.690141
422.7,-3.35612,-29.4467,-0.690128
422.75,-3.35312,-29.4412,-0.689499
422.8,-3.35756,-29.4431,-0.689614
422.85,-3.36062,-29.4437,-0.68959
422.9,-3.36259,-29.4431,-0.689457
422.95,-3.3648,-29.4429,-0.689348
423,-3.36584,-29.4414,-0.689121
423.05,-3.36964,-29.4427,-0.689169
423.1,-3.37523,-29.4458,-0.689397
423.15,-3.37411,-29.4422,-0.688953
423.2,-3.37954,-29.4451,-0.689163
423.25,-3.37859,-29.4416,-0.688736
423.3,-3.38247,-29.4429,-0.68879
423.35,-3.37969,-29.4376,-0.688177
423.4,-3.38416,-29.4394,-0.688289
423.45,-3.39034,-29.443,-0.688571
423.5,-3.39172,-29.4417,-0.688371
423.55,-3.39662,-29.444,-0.688522
423.6,-3.39023,-29.4349,-0.687545
423.65,-3.40091,-29.4429,-0.688272
423.7,-3.40468,-29.444,-0.688307
423.75,-3.40513,-29.4418,-0.68801
423.8,-3.40361,-29.4376,-0.687513
423.85,-3.40674,-29.4381,-0.687481
423.9,-3.40772,-29.4363,-0.687233
423.95,-3.41194,-29.4378,-0.687308
424,-3.41598,-29.4391,-0.687363
424.05,-3.41397,-29.4344,-0.686813
424.1,-3.42409,-29.4418,-0.687473
424.15,-3.42278,-29.4378,-0.68699
424.2,-3.43018,-29.4425,-0.687377
424.25,-3.43113,-29.4408,-0.687118
424.3,-3.43449,-29.4414,-0.687099
424.35,-3.43401,-29.4383,-0.686695
424.4,-3.4357,-29.4373,-0.686508
424.45,-3.43877,-29.4377,-0.686456
424.5,-3.43829,-29.4345,-0.68605
424.55,-3.44885,-29.4423,-0.686746
424.6,-3.4535,-29.4443,-0.686851
424.65,-3.44636,-29.4344,-0.685776
424.7,-3.45349,-29.4388,-0.686127
424.75,-3.4612,-29.4438,-0.686535
424.8,-3.46074,-29.4407,-0.686124
424.85,-3.45933,-29.4366,-0.685619
424.9,-3.46182,-29.4364,-0.685502
424.95,-3.46337,-29.4352,-0.685291
425,-3.4657,-29.4348,-0.685157
425.05,-3.47712,-29.4435,-0.685931
425.1,-3.47108,-29.4347,-0.684958
425.15,-3.47444,-29.4353,-0.684925
425.2,-3.48392,-29.442,-0.685502
425.25,-3.48902,-29.4444,-0.68564
425.3,-3.49024,-29.4428,-0.685389
425.35,-3.48563,-29.4354,-0.684555
425.4,-3.4913,-29.4383,-0.684748
425.45,-3.49091,-29.4351,-0.684334
425.5,-3.49793,-29.4392,-0.684658
425.55,-3.50505,-29.4434,-0.684991
425.6,-3.50005,-29.4354,-0.684112
425.65,-3.50454,-29.4369,-0.68418
425.7,-3.50768,-29.4371,-0.684111
425.75,-3.51746,-29.4439,-0.684704
425.8,-3.52029,-29.4437,-0.684602
425.85,-3.52418,-29.4446,-0.684604
425.9,-3.52082,-29.4382,-0.683878
425.95,-3.52266,-29.4371,-0.683672
426,-3.52689,-29.4383,-0.683704
426.05,-3.53031,-29.4388,-0.683652
426.1,-3.54,-29.4455,-0.684227
426.15,-3.53619,-29.4386,-0.68345
426.2,-3.53976,-29.4392,-0.683411
426.25,-3.54385,-29.4403,-0.683422
426.3,-3.54501,-29.4384,-0.683139
426.35,-3.55538,-29.4458,-0.683776
426.4,-3.55533,-29.4428,-0.68337
426.45,-3.55623,-29.4408,-0.683058
426.5,-3.55538,-29.437,-0.68257
426.55,-3.56485,-29.4435,-0.683112
426.6,-3.56434,-29.4401,-0.682657
426.65,-3.56465,-29.4375,-0.682282
426.7,-3.57468,-29.4446,-0.68288
426.75,-3.57086,-29.4378,-0.682091
426.8,-3.58346,-29.4475,-0.682944
426.85,-3.58188,-29.443,-0.682378
426.9,-3.5806,-29.4389,-0.681841
426.95,-3.58598,-29.4414,-0.681971
427,-3.59107,-29.4436,-0.682071
427.05,-3.59382,-29.4435,-0.681936
427.1,-3.59329,-29.4401,-0.681473
427.15,-3.60033,-29.4443,-0.681767
427.2,-3.60451,-29.4456,-0.681775
427.25,-3.60406,-29.4424,-0.68132
427.3,-3.60776,-29.4432,-0.681279
427.35,-3.61164,-29.4443,-0.681256
427.4,-3.61196,-29.4418,-0.680877
427.45,-3.61917,-29.4463,-0.681188
427.5,-3.6218,-29.4461,-0.68104
427.55,-3.62326,-29.4448,-0.680775
427.6,-3.63082,-29.4496,-0.68112
427.65,-3.63009,-29.446,-0.680635
427.7,-3.63469,-29.4478,-0.680685
427.75,-3.63276,-29.443,-0.68008
427.8,-3.643,-29.4504,-0.680693
427.85,-3.64564,-29.4503,-0.680545
427.9,-3.64096,-29.4428,-0.679664
427.95,-3.64807,-29.4471,-0.679964
428,-3.64859,-29.4447,-0.679603
428.05,-3.65005,-29.4433,-0.679336
428.1,-3.65363,-29.4441,-0.679282
428.15,-3.66066,-29.4482,-0.679571
428.2,-3.65943,-29.4441,-0.679034
428.25,-3.67003,-29.4518,-0.679679
428.3,-3.67018,-29.4491,-0.67928
428.35,-3.66849,-29.4445,-0.678696
428.4,-3.67446,-29.4477,-0.678877
428.45,-3.68028,-29.4506,-0.679044
428.5,-3.68095,-29.4484,-0.678695
428.55,-3.67898,-29.4436,-0.678082
428.6,-3.68452,-29.4464,-0.67822
428.65,-3.69165,-29.4507,-0.678516
428.7,-3.69371,-29.4499,-0.678306
428.75,-3.70044,-29.4538,-0.678563
428.8,-3.69414,-29.4447,-0.677515
428.85,-3.69692,-29.4447,-0.677377
428.9,-3.70456,-29.4496,-0.677725
428.95,-3.70561,-29.4478,-0.677413
429,-3.71265,-29.4521,-0.677701
429.05,-3.71001,-29.4467,-0.67702
429.1,-3.71965,-29.4535,-0.677568
429.15,-3.72139,-29.4525,-0.677325
429.2,-3.72507,-29.4533,-0.677277
429.25,-3.72632,-29.4518,-0.676985
429.3,-3.73311,-29.4558,-0.677248
429.35,-3.73403,-29.4539,-0.676922
429.4,-3.73492,-29.452,-0.676595
429.45,-3.73404,-29.4484,-0.67609
429.5,-3.73905,-29.4506,-0.676175
429.55,-3.74741,-29.4562,-0.676594
429.6,-3.74493,-29.451,-0.67593
429.65,-3.75045,-29.4538,-0.676066
429.7,-3.75272,-29.4534,-0.675878
429.75,-3.75591,-29.4538,-0.675781
429.8,-3.75891,-29.4541,-0.675667
429.85,-3.75823,-29.4507,-0.675184
429.9,-3.76664,-29.4564,-0.675609
429.95,-3.76252,-29.4496,-0.674783
430,-3.77458,-29.4589,-0.675575
430.05,-3.77056,-29.4522,-0.67476
430.1,-3.77141,-29.4504,-0.674431
430.15,-3.77594,-29.4522,-0.674472
430.2,-3.786,-29.4596,-0.675065
430.25,-3.78587,-29.4568,-0.67464
430.3,-3.78411,-29.4524,-0.674053
430.35,-3.79485,-29.4604,-0.674715
430.4,-3.7945,-29.4574,-0.674269
430.45,-3.79737,-29.4576,-0.674146
430.5,-3.79615,-29.4538,-0.673614
430.55,-3.79986,-29.4548,-0.673575
430.6,-3.80707,-29.4594,-0.673887
430.65,-3.80244,-29.4521,-0.673015
430.7,-3.81482,-29.4618,-0.673845
430.75,-3.81265,-29.457,-0.673221
430.8,-3.81622,-29.4579,-0.673171
430.85,-3.82236,-29.4614,-0.673378
430.9,-3.81808,-29.4545,-0.672543
430.95,-3.81952,-29.4534,-0.672282
431,-3.83176,-29.463,-0.673101
431.05,-3.82949,-29.4581,-0.672469
431.1,-3.83631,-29.4623,-0.672747
431.15,-3.83309,-29.4564,-0.672021
431.2,-3.8334,-29.4541,-0.67165
431.25,-3.83961,-29.4577,-0.671868
431.3,-3.84671,-29.4621,-0.672176
431.35,-3.84715,-29.4599,-0.671817
431.4,-3.84976,-29.4598,-0.671676
431.45,-3.85234,-29.4598,-0.671533
431.5,-3.85575,-29.4605,-0.671472
431.55,-3.85749,-29.4596,-0.671245
431.6,-3.86316,-29.4626,-0.67141
431.65,-3.8645,-29.4613,-0.671145
431.7,-3.86789,-29.4621,-0.671083
431.75,-3.87073,-29.4623,-0.670968
431.8,-3.86907,-29.458,-0.670402
431.85,-3.87781,-29.4641,-0.670877
431.9,-3.87855,-29.4622,-0.670552
431.95,-3.88374,-29.4647,-0.670673
432,-3.8826,-29.4609,-0.67016
432.05,-3.88932,-29.465,-0.670434
432.1,-3.88538,-29.4584,-0.669642
432.15,-3.88861,-29.4589,-0.669567
432.2,-3.89786,-29.4655,-0.670095
432.25,-3.89347,-29.4585,-0.669258
432.3,-3.90171,-29.4641,-0.669685
432.35,-3.90173,-29.4614,-0.66929
432.4,-3.90067,-29.4577,-0.668787
432.45,-3.91183,-29.4663,-0.669506
432.5,-3.9105,-29.4623,-0.668977
432.55,-3.90889,-29.4581,-0.668421
432.6,-3.91501,-29.4616,-0.668637
432.65,-3.91772,-29.4617,-0.668513
432.7,-3.92013,-29.4615,-0.668359
432.75,-3.92377,-29.4625,-0.668329
432.8,-3.92986,-29.466,-0.668543
432.85,-3.92654,-29.46,-0.667818
432.9,-3.92778,-29.4587,-0.667548
432.95,-3.93366,-29.4619,-0.667743
433,-3.94012,-29.4658,-0.667997
433.05,-3.94197,-29.465,-0.667789
433.1,-3.94679,-29.4672,-0.66788
433.15,-3.94612,-29.464,-0.667421
433.2,-3.94653,-29.4618,-0.66707
433.25,-3.95195,-29.4646,-0.667222
433.3,-3.95134,-29.4614,-0.66677
433.35,-3.95731,-29.4648,-0.666977
433.4,-3.95871,-29.4636,-0.666727
433.45,-3.96604,-29.4683,-0.667071
433.5,-3.96436,-29.464,-0.666515
433.55,-3.96178,-29.4589,-0.665868
433.6,-3.97299,-29.4675,-0.666601
433.65,-3.97456,-29.4665,-0.66637
433.7,-3.97238,-29.4618,-0.665765
433.75,-3.98004,-29.4668,-0.666144
433.8,-3.98441,-29.4686,-0.666195
433.85,-3.97767,-29.4593,-0.665135
433.9,-3.98255,-29.4617,-0.665239
433.95,-3.98309,-29.4596,-0.664907
434,-3.99475,-29.4687,-0.665689
434.05,-3.99556,-29.467,-0.665386
434.1,-3.99173,-29.4606,-0.66462
434.15,-3.99676,-29.463,-0.66474
434.2,-3.99754,-29.4613,-0.664434
434.25,-4.00338,-29.4645,-0.664637
434.3,-4.00936,-29.4679,-0.664853
434.35,-4.00358,-29.4596,-0.663894
434.4,-4.01349,-29.4669,-0.664502
434.45,-4.01805,-29.4688,-0.664577
434.5,-4.01548,-29.4637,-0.66394
434.55,-4.01922,-29.4648,-0.663933
434.6,-4.02301,-29.4659,-0.66393
434.65,-4.02262,-29.4629,-0.66351
434.7,-4.023,-29.4606,-0.663167
434.75,-4.03451,-29.4695,-0.663936
434.8,-4.03685,-29.4692,-0.663789
434.85,-4.03393,-29.4637,-0.663116
434.9,-4.03872,-29.4659,-0.663214
434.95,-4.03979,-29.4643,-0.66294
435,-4.04153,-29.4634,-0.662732
435.05,-4.04199,-29.4613,-0.662397
435.1,-4.04782,-29.4645,-0.662599
435.15,-4.04812,-29.4622,-0.662249
435.2,-4.0575,-29.469,-0.662806
435.25,-4.05851,-29.4674,-0.662527
435.3,-4.06384,-29.4702,-0.66268
435.35,-4.06497,-29.4687,-0.662412
435.4,-4.06663,-29.4678,-0.662199
435.45,-4.06423,-29.4628,-0.66158
435.5,-4.07328,-29.4692,-0.662105
435.55,-4.07399,-29.4674,-0.661797
435.6,-4.07979,-29.4706,-0.661998
435.65,-4.08241,-29.4707,-0.661882
435.7,-4.07555,-29.4612,-0.660818
435.75,-4.07954,-29.4626,-0.660838
435.8,-4.08542,-29.466,-0.661049
435.85,-4.09192,-29.4699,-0.661322
435.9,-4.08747,-29.4629,-0.6605
435.95,-4.09061,-29.4635,-0.660437
436,-4.09903,-29.4693,-0.660902
436.05,-4.09934,-29.467,-0.660557
436.1,-4.10349,-29.4686,-0.660596
436.15,-4.103,-29.4656,-0.660172
436.2,-4.11027,-29.4702,-0.660523
436.25,-4.11216,-29.4695,-0.660336
436.3,-4.11051,-29.4652,-0.659795
436.35,-4.11741,-29.4695,-0.660109
436.4,-4.11366,-29.4631,-0.659358
436.45,-4.12409,-29.471,-0.660025
436.5,-4.11935,-29.4636,-0.659176
436.55,-4.12463,-29.4663,-0.65933
436.6,-4.12283,-29.4619,-0.658774
436.65,-4.13123,-29.4677,-0.659239
436.7,-4.13414,-29.468,-0.659155
436.75,-4.13905,-29.4704,-0.659271
436.8,-4.1358,-29.4645,-0.658572
436.85,-4.14139,-29.4675,-0.658756
436.9,-4.14477,-29.4683,-0.658719
436.95,-4.14054,-29.4615,-0.657923
437,-4.15109,-29.4695,-0.658604
437.05,-4.15089,-29.4667,-0.65821
437.1,-4.15475,-29.468,-0.658223
437.15,-4.15848,-29.4692,-0.658223
437.2,-4.15828,-29.4664,-0.657831
437.25,-4.16272,-29.4683,-0.657903
437.3,-4.16793,-29.4709,-0.658051
437.35,-4.16115,-29.4615,-0.657
437.4,-4.16958,-29.4673,-0.657471
437.45,-4.16778,-29.4629,-0.656918
437.5,-4.17156,-29.464,-0.656923
437.55,-4.17582,-29.4657,-0.656976
437.6,-4.18173,-29.469,-0.657195
437.65,-4.17708,-29.4617,-0.656358
437.7,-4.18823,-29.4703,-0.6571
437.75,-4.18875,-29.4682,-0.65678
437.8,-4.19333,-29.4702,-0.656866
437.85,-4.19017,-29.4644,-0.656178
437.9,-4.19494,-29.4666,-0.656283
437.95,-4.19317,-29.4622,-0.655733
438,-4.19788,-29.4643,-0.655832
438.05,-4.20537,-29.4692,-0.656209
438.1,-4.20632,-29.4675,-0.655932
438.15,-4.20662,-29.4651,-0.655589
438.2,-4.2099,-29.4658,-0.655545
438.25,-4.21115,-29.4644,-0.655298
438.3,-4.21375,-29.4644,-0.655185
438.35,-4.22119,-29.4692,-0.655556
438.4,-4.22543,-29.4709,-0.655608
438.45,-4.21882,-29.4616,-0.654575
438.5,-4.22946,-29.4697,-0.655266
438.55,-4.23167,-29.4693,-0.655115
438.6,-4.23229,-29.4673,-0.654805
438.65,-4.23423,-29.4666,-0.654626
438.7,-4.23762,-29.4674,-0.654594
438.75,-4.2355,-29.4627,-0.65401
438.8,-4.23929,-29.4639,-0.654017
438.85,-4.24526,-29.4673,-0.654242
438.9,-4.24371,-29.4632,-0.653716
438.95,-4.25329,-29.4702,-0.654303
439,-4.25481,-29.4691,-0.654084
439.05,-4.2544,-29.4661,-0.653673
439.1,-4.25561,-29.4648,-0.653423
439.15,-4.26042,-29.467,-0.653535
439.2,-4.26275,-29.4668,-0.653397
439.25,-4.2625,-29.464,-0.653002
439.3,-4.26523,-29.4641,-0.652906
439.35,-4.26954,-29.4659,-0.652968
439.4,-4.27353,-29.4673,-0.652998
439.45,-4.27844,-29.4697,-0.653121
439.5,-4.27835,-29.467,-0.652744
439.55,-4.27439,-29.4605,-0.65198
439.6,-4.28414,-29.4677,-0.652587
439.65,-4.28233,-29.4633,-0.652039
439.7,-4.28601,-29.4645,-0.65204
439.75,-4.28639,-29.4623,-0.651711
439.8,-4.29319,-29.4666,-0.652025
439.85,-4.29682,-29.4677,-0.652023
439.9,-4.29201,-29.4603,-0.651176
439.95,-4.30043,-29.4662,-0.651653
440,-4.30484,-29.4681,-0.651729
440.05,-4.30809,-29.4688,-0.65169
440.1,-4.30621,-29.4643,-0.651137
440.15,-4.30875,-29.4643,-0.651026
440.2,-4.31141,-29.4643,-0.650928
440.25,-4.31035,-29.4607,-0.650457
440.3,-4.31818,-29.466,-0.650877
440.35,-4.32207,-29.4673,-0.650901
440.4,-4.3244,-29.467,-0.650771
440.45,-4.31813,-29.4582,-0.64978
440.5,-4.32903,-29.4665,-0.650507
440.55,-4.33034,-29.4653,-0.650274
440.6,-4.33111,-29.4635,-0.649989
440.65,-4.33069,-29.4605,-0.649584
440.7,-4.33427,-29.4615,-0.64958
440.75,-4.33485,-29.4596,-0.649275
440.8,-4.34165,-29.4638,-0.649593
440.85,-4.34546,-29.4651,-0.649612
440.9,-4.34784,-29.4649,-0.649488
440.95,-4.34613,-29.4606,-0.648956
441,-4.3524,-29.4643,-0.649222
441.05,-4.35228,-29.4617,-0.64885
441.1,-4.35422,-29.461,-0.648682
441.15,-4.35781,-29.462,-0.64868
441.2,-4.36344,-29.4651,-0.648881
441.25,-4.36659,-29.4656,-0.648836
441.3,-4.36809,-29.4646,-0.648625
441.35,-4.36806,-29.462,-0.648261
441.4,-4.3724,-29.4637,-0.648334
441.45,-4.37664,-29.4654,-0.648398
441.5,-4.37258,-29.4588,-0.647631
441.55,-4.37889,-29.4625,-0.647902
441.6,-4.38392,-29.465,-0.648045
441.65,-4.38546,-29.464,-0.647839
441.7,-4.38179,-29.4578,-0.647112
441.75,-4.38696,-29.4604,-0.64727
441.8,-4.38493,-29.4558,-0.646707
441.85,-4.39659,-29.4649,-0.647514
441.9,-4.39314,-29.4589,-0.64681
441.95,-4.40096,-29.4642,-0.647233
442,-4.40385,-29.4645,-0.647164
442.05,-4.39883,-29.457,-0.646303
442.1,-4.40547,-29.4611,-0.646609
442.15,-4.40667,-29.4597,-0.646372
442.2,-4.40876,-29.4593,-0.646223
442.25,-4.40653,-29.4545,-0.645643
442.3,-4.41586,-29.4613,-0.646219
442.35,-4.4123,-29.4552,-0.645506
442.4,-4.42145,-29.4619,-0.646065
442.45,-4.42074,-29.4586,-0.645638
442.5,-4.42306,-29.4584,-0.645514
442.55,-4.42603,-29.4588,-0.645455
442.6,-4.4227,-29.453,-0.644766
442.65,-4.43445,-29.4622,-0.645587
442.7,-4.4285,-29.4537,-0.644636
442.75,-4.43829,-29.461,-0.645261
442.8,-4.4407,-29.4609,-0.645148
442.85,-4.44375,-29.4614,-0.645099
442.9,-4.44102,-29.4561,-0.644472
442.95,-4.44529,-29.4579,-0.644546
443,-4.45016,-29.4602,-0.64468
443.05,-4.45098,-29.4585,-0.644409
443.1,-4.44921,-29.4542,-0.643878
443.15,-4.4567,-29.4591,-0.644274
443.2,-4.45663,-29.4565,-0.643915
443.25,-4.45874,-29.456,-0.643772
443.3,-4.45897,-29.4537,-0.643442
443.35,-4.46444,-29.4566,-0.643637
443.4,-4.46577,-29.4554,-0.643417
443.45,-4.47012,-29.4572,-0.643501
443.5,-4.47099,-29.4556,-0.643235
443.55,-4.4728,-29.4548,-0.643064
443.6,-4.46973,-29.4492,-0.642405
443.65,-4.47483,-29.4518,-0.642563
443.7,-4.47545,-29.4499,-0.642273
443.75,-4.48207,-29.454,-0.642584
443.8,-4.48256,-29.4519,-0.642282
443.85,-4.49013,-29.457,-0.642688
443.9,-4.49081,-29.4551,-0.642406
443.95,-4.48807,-29.4499,-0.641781
444,-4.49255,-29.4518,-0.641878
444.05,-4.49318,-29.4499,-0.641591
444.1,-4.50103,-29.4552,-0.642026
444.15,-4.4998,-29.4515,-0.641554
444.2,-4.49982,-29.449,-0.641206
444.25,-4.50935,-29.456,-0.641811
444.3,-4.50557,-29.4497,-0.641084
444.35,-4.50566,-29.4473,-0.640744
444.4,-4.51591,-29.455,-0.641421
444.45,-4.51705,-29.4537,-0.641187
444.5,-4.51908,-29.4532,-0.641042
444.55,-4.52183,-29.4534,-0.64097
444.6,-4.52138,-29.4504,-0.640578
444.65,-4.51921,-29.4458,-0.640014
444.7,-4.52705,-29.4511,-0.640451
444.75,-4.52412,-29.4457,-0.639812
444.8,-4.53165,-29.4507,-0.640219
444.85,-4.52732,-29.4439,-0.63944
444.9,-4.53747,-29.4515,-0.64011
444.95,-4.53394,-29.4455,-0.639412
445,-4.54158,-29.4506,-0.639831
445.05,-4.54022,-29.4468,-0.63935
445.1,-4.54613,-29.4502,-0.639597
445.15,-4.54833,-29.4499,-0.639474
445.2,-4.54972,-29.4488,-0.639268
445.25,-4.55389,-29.4504,-0.639342
445.3,-4.55036,-29.4444,-0.638647
445.35,-4.54989,-29.4415,-0.638257
445.4,-4.55928,-29.4484,-0.638854
445.45,-4.55415,-29.4407,-0.638
445.5,-4.5587,-29.4428,-0.638112
445.55,-4.56034,-29.4419,-0.637934
445.6,-4.56358,-29.4426,-0.637916
445.65,-4.56367,-29.4401,-0.637584
445.7,-4.57178,-29.4457,-0.638053
445.75,-4.57273,-29.4441,-0.637807
445.8,-4.57006,-29.4389,-0.637198
445.85,-4.57207,-29.4384,-0.637058
445.9,-4.58082,-29.4447,-0.637591
445.95,-4.57611,-29.4374,-0.63678
446,-4.587,-29.4458,-0.637528
446.05,-4.58551,-29.4418,-0.637038
446.1,-4.59129,-29.445,-0.637275
446.15,-4.58946,-29.4407,-0.636752
446.2,-4.59353,-29.4422,-0.636819
446.25,-4.59488,-29.4411,-0.636613
446.3,-4.59787,-29.4415,-0.636572
446.35,-4.59721,-29.4384,-0.636166
446.4,-4.60198,-29.4406,-0.636302
446.45,-4.60287,-29.439,-0.636052
446.5,-4.60645,-29.4401,-0.636071
446.55,-4.60663,-29.4377,-0.635749
446.6,-4.61394,-29.4425,-0.636141
446.65,-4.61122,-29.4373,-0.63553
446.7,-4.61138,-29.435,-0.635207
446.75,-4.6179,-29.4389,-0.635521
446.8,-4.61722,-29.4357,-0.635113
446.85,-4.62175,-29.4377,-0.635227
446.9,-4.62565,-29.439,-0.635277
446.95,-4.62217,-29.433,-0.634591
447,-4.62934,-29.4376,-0.634968
447.05,-4.6255,-29.4312,-0.634246
447.1,-4.63138,-29.4346,-0.634494
447.15,-4.6395,-29.4401,-0.634967
447.2,-4.63348,-29.4316,-0.634025
447.25,-4.63518,-29.4308,-0.633856
447.3,-4.64198,-29.435,-0.634197
447.35,-4.64102,-29.4315,-0.633762
447.4,-4.64248,-29.4304,-0.633569
447.45,-4.64577,-29.4312,-0.633558
447.5,-4.64783,-29.4307,-0.633426
447.55,-4.65791,-29.4383,-0.634095
447.6,-4.65744,-29.4353,-0.63371
447.65,-4.65303,-29.4284,-0.63293
447.7,-4.65902,-29.4318,-0.63319
447.75,-4.66037,-29.4307,-0.632987
447.8,-4.66507,-29.4328,-0.633119
447.85,-4.66182,-29.4271,-0.632456
447.9,-4.67031,-29.433,-0.632966
447.95,-4.66755,-29.4278,-0.632353
448,-4.67297,-29.4307,-0.632557
448.05,-4.6728,-29.428,-0.632203
448.1,-4.67799,-29.4306,-0.632384
448.15,-4.67849,-29.4286,-0.632097
448.2,-4.68337,-29.431,-0.632248
448.25,-4.6865,-29.4316,-0.632224
448.3,-4.68126,-29.4239,-0.631363
448.35,-4.69316,-29.4332,-0.632216
448.4,-4.68851,-29.4261,-0.631415
448.45,-4.69486,-29.4299,-0.631714
448.5,-4.69099,-29.4235,-0.63099
448.55,-4.7012,-29.4313,-0.631676
448.6,-4.70143,-29.429,-0.631363
448.65,-4.70115,-29.4262,-0.630999
448.7,-4.7072,-29.4298,-0.631269
448.75,-4.70913,-29.4292,-0.631127
448.8,-4.70828,-29.4258,-0.630707
448.85,-4.70887,-29.4239,-0.630432
448.9,-4.70757,-29.4201,-0.629968
448.95,-4.71592,-29.426,-0.630469
449,-4.71755,-29.4251,-0.630298
449.05,-4.71608,-29.4212,-0.629817
449.1,-4.72226,-29.4249,-0.630102
449.15,-4.72118,-29.4213,-0.629662
449.2,-4.72307,-29.4207,-0.629517
449.25,-4.72301,-29.4182,-0.62918
449.3,-4.73107,-29.4237,-0.629653
449.35,-4.73542,-29.4256,-0.629757
449.4,-4.72989,-29.4176,-0.628872
449.45,-4.73419,-29.4194,-0.628971
449.5,-4.73357,-29.4163,-0.628577
449.55,-4.74123,-29.4215,-0.629013
449.6,-4.74315,-29.4209,-0.628875
449.65,-4.7455,-29.4208,-0.628779
449.7,-4.74145,-29.4143,-0.628045
449.75,-4.74606,-29.4164,-0.628176
449.8,-4.74933,-29.4172,-0.628174
449.85,-4.74785,-29.4133,-0.627697
449.9,-4.75217,-29.4151,-0.6278
449.95,-4.75861,-29.4191,-0.628116
450,-4.76131,-29.4193,-0.628058
450.05,-4.75957,-29.4151,-0.627557
450.1,-4.76406,-29.4171,-0.627678
450.15,-4.76482,-29.4154,-0.627427
450.2,-4.77064,-29.4188,-0.627682
450.25,-4.76907,-29.4147,-0.627199
450.3,-4.76969,-29.4128,-0.626935
450.35,-4.77261,-29.4132,-0.626899
450.4,-4.76955,-29.4077,-0.626266
450.45,-4.77675,-29.4124,-0.62666
450.5,-4.77589,-29.409,-0.626247
450.55,-4.78232,-29.4129,-0.626564
450.6,-4.78592,-29.414,-0.626598
450.65,-4.78911,-29.4147,-0.626591
450.7,-4.78236,-29.4055,-0.625589
450.75,-4.78573,-29.4063,-0.6256
450.8,-4.78676,-29.4049,-0.625377
450.85,-4.79601,-29.4116,-0.625977
450.9,-4.79173,-29.4048,-0.625223
450.95,-4.79524,-29.4057,-0.625246
451,-4.79676,-29.4047,-0.625072
451.05,-4.79979,-29.4052,-0.625048
451.1,-4.80888,-29.4117,-0.62563
451.15,-4.81027,-29.4105,-0.625442
451.2,-4.80359,-29.4013,-0.624446
451.25,-4.80658,-29.4017,-0.624418
451.3,-4.81052,-29.4031,-0.624485
451.35,-4.81506,-29.4051,-0.624611
451.4,-4.81452,-29.402,-0.624229
451.45,-4.82072,-29.4056,-0.624521
451.5,-4.81964,-29.402,-0.624085
451.55,-4.81974,-29.3996,-0.623767
451.6,-4.82216,-29.3994,-0.62368
451.65,-4.82352,-29.3983,-0.623487
451.7,-4.83234,-29.4045,-0.624041
451.75,-4.82853,-29.3982,-0.623332
451.8,-4.83625,-29.4034,-0.623774
451.85,-4.83357,-29.3982,-0.623178
451.9,-4.84055,-29.4026,-0.623548
451.95,-4.8431,-29.4026,-0.623475
452,-4.84557,-29.4025,-0.623393
452.05,-4.84965,-29.404,-0.623471
452.1,-4.84658,-29.3984,-0.622835
452.15,-4.85056,-29.3998,-0.622904
452.2,-4.85572,-29.4024,-0.62309
452.25,-4.85379,-29.3979,-0.622568
452.3,-4.85904,-29.4006,-0.622763
452.35,-4.86312,-29.4022,-0.622842
452.4,-4.8583,-29.3948,-0.62203
452.45,-4.86708,-29.401,-0.622578
452.5,-4.86248,-29.3939,-0.621788
452.55,-4.86698,-29.3958,-0.621909
452.6,-4.86659,-29.3929,-0.62154
452.65,-4.86888,-29.3927,-0.621439
452.7,-4.87257,-29.3938,-0.621479
452.75,-4.87329,-29.392,-0.621221
452.8,-4.87637,-29.3925,-0.621199
452.85,-4.88179,-29.3954,-0.621412
452.9,-4.88485,-29.396,-0.621388
452.95,-4.88518,-29.3938,-0.621092
453,-4.88461,-29.3907,-0.620706
453.05,-4.8844,-29.3879,-0.620356
453.1,-4.89265,-29.3937,-0.620852
453.15,-4.89232,-29.3908,-0.62049
453.2,-4.89129,-29.3873,-0.620058
453.25,-4.89619,-29.3897,-0.62022
453.3,-4.89988,-29.3909,-0.620261
453.35,-4.90442,-29.3929,-0.620386
453.4,-4.90449,-29.3904,-0.620065
453.45,-4.90302,-29.3865,-0.61959
453.5,-4.90793,-29.3889,-0.619754
453.55,-4.90827,-29.3867,-0.61946
453.6,-4.90865,-29.3846,-0.619171
453.65,-4.91832,-29.3917,-0.619811
453.7,-4.92051,-29.3914,-0.619702
453.75,-4.91395,-29.3823,-0.618718
453.8,-4.91955,-29.3853,-0.61895
453.85,-4.9248,-29.388,-0.619148
453.9,-4.92014,-29.3808,-0.618355
453.95,-4.92873,-29.3869,-0.618886
454,-4.93058,-29.3862,-0.618743
454.05,-4.92914,-29.3822,-0.618272
454.1,-4.93006,-29.3806,-0.618036
454.15,-4.93936,-29.3874,-0.618638
454.2,-4.93804,-29.3835,-0.618179
454.25,-4.94049,-29.3834,-0.618096
454.3,-4.93835,-29.3788,-0.617555
454.35,-4.94797,-29.3859,-0.618189
454.4,-4.9437,-29.3791,-0.617435
454.45,-4.95248,-29.3853,-0.617986
454.5,-4.95029,-29.3806,-0.617441
454.55,-4.95332,-29.3811,-0.617417
454.6,-4.94976,-29.3751,-0.616734
454.65,-4.95371,-29.3765,-0.616802
454.7,-4.95429,-29.3746,-0.616534
454.75,-4.95759,-29.3754,-0.616538
454.8,-4.96433,-29.3796,-0.616886
454.85,-4.9665,-29.3793,-0.616777
454.9,-4.96223,-29.3725,-0.616024
454.95,-4.96695,-29.3747,-0.616171
455,-4.96556,-29.3708,-0.615706
455.05,-4.97411,-29.3769,-0.616236
455.1,-4.97707,-29.3773,-0.616207
455.15,-4.97398,-29.3717,-0.615574
455.2,-4.98008,-29.3753,-0.615859
455.25,-4.98308,-29.3759,-0.615834
455.3,-4.98126,-29.3715,-0.615329
455.35,-4.98079,-29.3686,-0.614958
455.4,-4.98688,-29.3722,-0.615243
455.45,-4.98825,-29.3711,-0.615056
455.5,-4.99421,-29.3745,-0.615329
455.55,-4.99001,-29.3678,-0.614586
455.6,-4.99779,-29.3731,-0.615041
455.65,-4.99253,-29.3654,-0.614193
455.7,-4.99548,-29.3659,-0.614166
455.75,-4.99982,-29.3677,-0.614278
455.8,-5.00489,-29.3703,-0.614463
455.85,-5.00359,-29.3665,-0.614012
455.9,-5.00542,-29.3659,-0.613874
455.95,-5.0041,-29.3621,-0.613421
456,-5.00948,-29.365,-0.613639
456.05,-5.01703,-29.3701,-0.614073
456.1,-5.01664,-29.3672,-0.613715
456.15,-5.01637,-29.3645,-0.613367
456.2,-5.01578,-29.3614,-0.612989
456.25,-5.02389,-29.367,-0.61348
456.3,-5.02484,-29.3655,-0.613256
456.35,-5.02891,-29.3671,-0.613345
456.4,-5.02712,-29.3629,-0.612848
456.45,-5.03174,-29.365,-0.612991
456.5,-5.02846,-29.3593,-0.612346
456.55,-5.03322,-29.3616,-0.612504
456.6,-5.03433,-29.3602,-0.612298
456.65,-5.03197,-29.3554,-0.611745
456.7,-5.04159,-29.3626,-0.612391
456.75,-5.03677,-29.3553,-0.611591
456.8,-5.04537,-29.3614,-0.612135
456.85,-5.04114,-29.3547,-0.611397
456.9,-5.04381,-29.355,-0.611348
456.95,-5.04647,-29.3552,-0.611299
457,-5.05159,-29.3578,-0.611496
457.05,-5.04821,-29.352,-0.610843
457.1,-5.05465,-29.356,-0.611173
457.15,-5.05553,-29.3544,-0.610948
457.2,-5.05489,-29.3513,-0.61057
457.25,-5.06229,-29.3563,-0.610996
457.3,-5.05551,-29.347,-0.610006
457.35,-5.05794,-29.347,-0.609935
457.4,-5.06205,-29.3487,-0.610034
457.45,-5.06513,-29.3493,-0.610029
457.5,-5.06426,-29.346,-0.60963
457.55,-5.07177,-29.3511,-0.61007
457.6,-5.07042,-29.3473,-0.609623
457.65,-5.07719,-29.3516,-0.609989
457.7,-5.07246,-29.3444,-0.609206
457.75,-5.07855,-29.3481,-0.609504
457.8,-5.08147,-29.3486,-0.609486
457.85,-5.07574,-29.3404,-0.608603
457.9,-5.08395,-29.3462,-0.609115
457.95,-5.08314,-29.3429,-0.608723
458,-5.09007,-29.3474,-0.609108
458.05,-5.08307,-29.338,-0.608099
458.1,-5.08507,-29.3375,-0.607991
458.15,-5.09118,-29.3412,-0.608294
458.2,-5.0899,-29.3375,-0.607857
458.25,-5.09959,-29.3447,-0.608519
458.3,-5.09895,-29.3417,-0.608148
458.35,-5.09434,-29.3346,-0.60738
458.4,-5.09789,-29.3357,-0.607428
458.45,-5.09801,-29.3334,-0.607134
458.5,-5.10416,-29.3371,-0.607442
458.55,-5.11092,-29.3415,-0.607812
458.6,-5.10576,-29.3339,-0.606991
458.65,-5.10644,-29.3321,-0.606754
458.7,-5.11219,-29.3355,-0.607024
458.75,-5.1145,-29.3353,-0.60695
458.8,-5.1107,-29.3291,-0.606265
458.85,-5.11779,-29.3338,-0.60667
458.9,-5.12064,-29.3342,-0.606652
458.95,-5.11907,-29.3302,-0.606191
459,-5.11736,-29.3261,-0.605717
459.05,-5.12747,-29.3338,-0.606424
459.1,-5.12154,-29.3254,-0.605529
459.15,-5.12661,-29.3281,-0.605734
459.2,-5.13163,-29.3307,-0.605934
459.25,-5.12911,-29.3257,-0.60538
459.3,-5.12842,-29.3226,-0.60501
459.35,-5.13451,-29.3263,-0.605317
459.4,-5.13441,-29.3238,-0.605006
459.45,-5.14009,-29.3271,-0.605273
459.5,-5.14351,-29.3281,-0.605315
459.55,-5.13852,-29.3207,-0.604516
459.6,-5.14539,-29.3251,-0.604903
459.65,-5.14901,-29.3263,-0.604965
459.7,-5.14832,-29.3232,-0.604597
459.75,-5.15209,-29.3245,-0.604674
459.8,-5.1536,-29.3236,-0.604525
459.85,-5.15046,-29.318,-0.603912
459.9,-5.15781,-29.3229,-0.604348
459.95,-5.15105,-29.3138,-0.603373
460,-5.15622,-29.3165,-0.603592
460.05,-5.15791,-29.3158,-0.603462
460.1,-5.1561,-29.3115,-0.602982
460.15,-5.16431,-29.3173,-0.603506
460.2,-5.16488,-29.3155,-0.603265
460.25,-5.16703,-29.3152,-0.603182
460.3,-5.16575,-29.3115,-0.602757
460.35,-5.17074,-29.3141,-0.602958
460.4,-5.16818,-29.3091,-0.602406
460.45,-5.16798,-29.3065,-0.602089
460.5,-5.16961,-29.3057,-0.601955
460.55,-5.17357,-29.3072,-0.602054
460.6,-5.1817,-29.313,-0.602571
460.65,-5.17564,-29.3045,-0.601669
460.7,-5.1829,-29.3093,-0.602099
460.75,-5.18429,-29.3083,-0.601942
460.8,-5.18395,-29.3055,-0.601613
460.85,-5.18876,-29.3079,-0.601799
460.9,-5.18447,-29.3013,-0.601075
460.95,-5.19228,-29.3067,-0.601561
461,-5.19102,-29.303,-0.601141
461.05,-5.18841,-29.298,-0.600586
461.1,-5.19948,-29.3066,-0.601398
461.15,-5.19332,-29.2981,-0.600488
461.2,-5.20256,-29.3049,-0.601119
461.25,-5.20117,-29.3011,-0.600686
461.3,-5.19701,-29.2945,-0.599977
461.35,-5.20602,-29.3011,-0.600586
461.4,-5.20982,-29.3025,-0.600671
461.45,-5.21133,-29.3016,-0.600529
461.5,-5.21189,-29.2997,-0.600291
461.55,-5.20911,-29.2944,-0.59972
461.6,-5.21055,-29.2934,-0.599571
461.65,-5.21754,-29.298,-0.599976
461.7,-5.21122,-29.2892,-0.599051
461.75,-5.22149,-29.297,-0.599784
461.8,-5.21887,-29.292,-0.599229
461.85,-5.21954,-29.2902,-0.599002
461.9,-5.22305,-29.2913,-0.59906
461.95,-5.22614,-29.2919,-0.599075
462,-5.22487,-29.2882,-0.598655
462.05,-5.22828,-29.2892,-0.598703
462.1,-5.2336,-29.2921,-0.598942
462.15,-5.22873,-29.2848,-0.598162
462.2,-5.23436,-29.288,-0.598432
462.25,-5.23521,-29.2864,-0.598225
462.3,-5.24002,-29.2888,-0.598412
462.35,-5.23359,-29.2799,-0.597477
462.4,-5.23755,-29.2815,-0.59758
462.45,-5.24636,-29.2879,-0.598169
462.5,-5.24603,-29.2851,-0.597844
462.55,-5.24703,-29.2837,-0.597651
462.6,-5.25154,-29.2858,-0.597809
462.65,-5.25058,-29.2824,-0.597421
462.7,-5.25372,-29.2831,-0.597444
462.75,-5.25578,-29.2828,-0.597358
462.8,-5.25174,-29.2763,-0.596663
462.85,-5.25904,-29.2812,-0.597101
462.9,-5.25839,-29.2781,-0.596745
462.95,-5.25637,-29.2737,-0.596252
463,-5.26341,-29.2783,-0.596665
463.05,-5.26153,-29.2741,-0.596186
463.1,-5.26496,-29.2751,-0.596239
463.15,-5.26168,-29.2694,-0.59562
463.2,-5.26502,-29.2703,-0.595664
463.25,-5.27037,-29.2733,-0.595908
463.3,-5.26559,-29.2661,-0.595141
463.35,-5.27455,-29.2727,-0.595747
463.4,-5.26881,-29.2645,-0.594884
463.45,-5.2758,-29.2691,-0.595293
463.5,-5.2761,-29.267,-0.595034
463.55,-5.27735,-29.2658,-0.594869
463.6,-5.276,-29.2621,-0.594446
463.65,-5.27989,-29.2636,-0.594546
463.7,-5.28453,-29.2658,-0.594722
463.75,-5.28708,-29.266,-0.594688
463.8,-5.29009,-29.2666,-0.594702
463.85,-5.28782,-29.2619,-0.594186
463.9,-5.29222,-29.2639,-0.594338
463.95,-5.28749,-29.2568,-0.593578
464,-5.29234,-29.2592,-0.593775
464.05,-5.29473,-29.2592,-0.593727
464.1,-5.29931,-29.2614,-0.593898
464.15,-5.29697,-29.2566,-0.593377
464.2,-5.29671,-29.254,-0.593063
464.25,-5.30274,-29.2576,-0.593379
464.3,-5.3008,-29.2532,-0.592898
464.35,-5.30489,-29.2549,-0.59302
464.4,-5.30663,-29.2541,-0.592906
464.45,-5.31241,-29.2574,-0.593196
464.5,-5.31282,-29.2554,-0.592948
464.55,-5.30991,-29.25,-0.59237
464.6,-5.31213,-29.2498,-0.592304
464.65,-5.31429,-29.2495,-0.592231
464.7,-5.31643,-29.2492,-0.592157
464.75,-5.32032,-29.2506,-0.592257
464.8,-5.3162,-29.244,-0.591557
464.85,-5.32198,-29.2473,-0.591845
464.9,-5.32327,-29.2461,-0.591684
464.95,-5.3218,-29.2421,-0.591247
465,-5.33291,-29.2507,-0.592068
465.05,-5.33286,-29.2482,-0.591772
465.1,-5.33098,-29.2438,-0.591294
465.15,-5.32909,-29.2394,-0.590814
465.2,-5.33126,-29.2391,-0.59074
465.25,-5.33239,-29.2377,-0.590561
465.3,-5.3414,-29.2443,-0.59117
465.35,-5.34494,-29.2453,-0.591233
465.4,-5.34215,-29.2401,-0.590662
465.45,-5.34392,-29.2393,-0.590547
465.5,-5.34109,-29.234,-0.589972
465.55,-5.35148,-29.242,-0.590719
465.6,-5.35398,-29.242,-0.590676
465.65,-5.35406,-29.2396,-0.590392
465.7,-5.35045,-29.2335,-0.589739
465.75,-5.35102,-29.2316,-0.589503
465.8,-5.35548,-29.2336,-0.589656
465.85,-5.35822,-29.2339,-0.589638
465.9,-5.36114,-29.2344,-0.589637
465.95,-5.36557,-29.2363,-0.589788
466,-5.36235,-29.2306,-0.589172
466.05,-5.36391,-29.2298,-0.589036
466.1,-5.3637,-29.2271,-0.588722
466.15,-5.37095,-29.2319,-0.589155
466.2,-5.37294,-29.2314,-0.589061
466.25,-5.37312,-29.2292,-0.588787
466.3,-5.37253,-29.2261,-0.588436
466.35,-5.37862,-29.2297,-0.588752
466.4,-5.37276,-29.2214,-0.587874
466.45,-5.38163,-29.2279,-0.588468
466.5,-5.38443,-29.2282,-0.588455
466.55,-5.37786,-29.2192,-0.587506
466.6,-5.38485,-29.2238,-0.587913
466.65,-5.38395,-29.2204,-0.587531
466.7,-5.38368,-29.2177,-0.587212
466.75,-5.39104,-29.2226,-0.587656
466.8,-5.38947,-29.2186,-0.587207
466.85,-5.39646,-29.2231,-0.587615
466.9,-5.39567,-29.2198,-0.587243
466.95,-5.39961,-29.2213,-0.587344
467,-5.39665,-29.2158,-0.586755
467.05,-5.40124,-29.2179,-0.586922
467.1,-5.4038,-29.218,-0.586884
467.15,-5.40155,-29.2133,-0.586367
467.2,-5.40445,-29.2137,-0.586363
467.25,-5.41162,-29.2184,-0.586787
467.3,-5.40817,-29.2124,-0.586148
467.35,-5.41376,-29.2155,-0.586413
467.4,-5.41191,-29.2112,-0.585934
467.45,-5.40965,-29.2064,-0.585415
467.5,-5.418,-29.2123,-0.585956
467.55,-5.42127,-29.213,-0.585988
467.6,-5.41889,-29.2081,-0.585455
467.65,-5.42529,-29.212,-0.5858
467.7,-5.42407,-29.2082,-0.585382
467.75,-5.42192,-29.2036,-0.584871
467.8,-5.42676,-29.2059,-0.585059
467.85,-5.4332,-29.2098,-0.585407
467.9,-5.43539,-29.2095,-0.58533
467.95,-5.43264,-29.2042,-0.584758
468,-5.43621,-29.2053,-0.584818
468.05,-5.43946,-29.206,-0.584847
468.1,-5.43845,-29.2025,-0.584449
468.15,-5.43737,-29.1989,-0.584044
468.2,-5.4381,-29.197,-0.583818
468.25,-5.44516,-29.2016,-0.584226
468.3,-5.44974,-29.2036,-0.584385
468.35,-5.44718,-29.1985,-0.58383
468.4,-5.44947,-29.1982,-0.58376
468.45,-5.45143,-29.1977,-0.583657
468.5,-5.45099,-29.1947,-0.583314
468.55,-5.4585,-29.1997,-0.583765
468.6,-5.45325,-29.1919,-0.58294
468.65,-5.46356,-29.1997,-0.58367
468.7,-5.45701,-29.1906,-0.582716
468.75,-5.46286,-29.1939,-0.582999
468.8,-5.46853,-29.1971,-0.583267
468.85,-5.46675,-29.1928,-0.582787
468.9,-5.46638,-29.1899,-0.58245
468.95,-5.46842,-29.1894,-0.582353
469,-5.47255,-29.191,-0.582465
469.05,-5.47866,-29.1946,-0.582775
469.1,-5.47209,-29.1856,-0.581818
469.15,-5.48196,-29.1929,-0.582504
469.2,-5.4826,-29.1911,-0.582267
469.25,-5.48294,-29.1889,-0.582
469.3,-5.4788,-29.1823,-0.581284
469.35,-5.48241,-29.1834,-0.581345
469.4,-5.48733,-29.1858,-0.581536
469.45,-5.49353,-29.1895,-0.581854
469.5,-5.49254,-29.186,-0.581455
469.55,-5.48918,-29.1802,-0.580818
469.6,-5.49683,-29.1853,-0.581283
469.65,-5.49303,-29.179,-0.580602
469.7,-5.49677,-29.1802,-0.580674
469.75,-5.50329,-29.1842,-0.581024
469.8,-5.50464,-29.183,-0.580857
469.85,-5.50103,-29.1769,-0.580194
469.9,-5.50306,-29.1764,-0.580095
469.95,-5.50478,-29.1756,-0.579965
470,-5.51124,-29.1795,-0.580309
470.05,-5.51099,-29.1767,-0.579982
470.1,-5.51843,-29.1815,-0.580422
470.15,-5.51785,-29.1784,-0.580059
470.2,-5.51607,-29.174,-0.579578
470.25,-5.51509,-29.1704,-0.579175
470.3,-5.51846,-29.1712,-0.579207
470.35,-5.52047,-29.1706,-0.579103
470.4,-5.52582,-29.1734,-0.579332
470.45,-5.52694,-29.172,-0.579139
470.5,-5.52911,-29.1716,-0.57905
470.55,-5.53671,-29.1766,-0.579504
470.6,-5.53208,-29.1694,-0.578734
470.65,-5.53583,-29.1706,-0.578803
470.7,-5.54145,-29.1736,-0.579058
470.75,-5.5356,-29.1652,-0.578166
470.8,-5.53783,-29.1649,-0.578083
470.85,-5.54746,-29.172,-0.578738
470.9,-5.54338,-29.1653,-0.578022
470.95,-5.54869,-29.1681,-0.578247
471,-5.55269,-29.1695,-0.578338
471.05,-5.55579,-29.1701,-0.578341
471.1,-5.55593,-29.1677,-0.578047
471.15,-5.5557,-29.1649,-0.577717
471.2,-5.5531,-29.1598,-0.577149
471.25,-5.55505,-29.1592,-0.577036
471.3,-5.55947,-29.161,-0.57717
471.35,-5.56639,-29.1654,-0.577553
471.4,-5.56292,-29.1593,-0.576897
471.45,-5.56752,-29.1613,-0.577048
471.5,-5.56427,-29.1555,-0.576414
471.55,-5.57534,-29.1639,-0.577211
471.6,-5.57777,-29.1638,-0.577144
471.65,-5.58004,-29.1634,-0.577061
471.7,-5.5786,-29.1593,-0.576605
471.75,-5.57729,-29.1554,-0.576163
471.8,-5.57659,-29.152,-0.57578
471.85,-5.58651,-29.1593,-0.57646
471.9,-5.5852,-29.1554,-0.576017
471.95,-5.58784,-29.1554,-0.575967
472,-5.58688,-29.1518,-0.575558
472.05,-5.59576,-29.1581,-0.576133
472.1,-5.59401,-29.1537,-0.575644
472.15,-5.59642,-29.1535,-0.575571
472.2,-5.59707,-29.1516,-0.575322
472.25,-5.59895,-29.1509,-0.575195
472.3,-5.60354,-29.1529,-0.57534
472.35,-5.60445,-29.1512,-0.575116
472.4,-5.60399,-29.1481,-0.574755
472.45,-5.61254,-29.1541,-0.575295
472.5,-5.60679,-29.1457,-0.574406
472.55,-5.60836,-29.1447,-0.574248
472.6,-5.61805,-29.1518,-0.574902
472.65,-5.62049,-29.1517,-0.57483
472.7,-5.61987,-29.1485,-0.574454
472.75,-5.62502,-29.1511,-0.574653
472.8,-5.61746,-29.1409,-0.573582
472.85,-5.62928,-29.1502,-0.574449
472.9,-5.62932,-29.1477,-0.574138
472.95,-5.62625,-29.142,-0.573516
473,-5.63064,-29.1439,-0.57364
473.05,-5.6354,-29.1461,-0.573801
473.1,-5.63138,-29.1395,-0.573084
473.15,-5.63613,-29.1417,-0.573245
473.2,-5.64106,-29.1441,-0.573423
473.25,-5.64349,-29.1439,-0.573352
473.3,-5.64483,-29.1427,-0.573171
473.35,-5.64695,-29.1423,-0.573068
473.4,-5.64719,-29.14,-0.572779
473.45,-5.64514,-29.1354,-0.572259
473.5,-5.64779,-29.1355,-0.572211
473.55,-5.655,-29.1402,-0.572618
473.6,-5.64974,-29.1324,-0.571778
473.65,-5.65857,-29.1387,-0.572348
473.7,-5.65612,-29.1337,-0.57179
473.75,-5.65944,-29.1345,-0.571809
473.8,-5.6581,-29.1306,-0.571362
473.85,-5.66819,-29.1382,-0.572058
473.9,-5.66037,-29.1278,-0.570963
473.95,-5.66651,-29.1314,-0.571266
474,-5.67311,-29.1355,-0.571614
474.05,-5.66751,-29.1274,-0.570742
474.1,-5.67319,-29.1306,-0.570998
474.15,-5.67746,-29.1323,-0.571113
474.2,-5.67227,-29.1246,-0.570284
474.25,-5.67532,-29.1251,-0.570278
474.3,-5.68272,-29.13,-0.570706
474.35,-5.67797,-29.1228,-0.569921
474.4,-5.68083,-29.1231,-0.569897
474.45,-5.68627,-29.126,-0.570131
474.5,-5.68646,-29.1237,-0.56984
474.55,-5.69172,-29.1265,-0.570056
474.6,-5.68993,-29.1222,-0.569568
474.65,-5.69412,-29.1239,-0.569678
474.7,-5.69216,-29.1194,-0.569173
474.75,-5.69332,-29.1181,-0.568981
474.8,-5.69797,-29.1202,-0.569138
474.85,-5.70538,-29.1251,-0.569571
474.9,-5.7067,-29.1239,-0.569395
474.95,-5.69964,-29.1144,-0.568382
475,-5.70304,-29.1153,-0.568414
475.05,-5.70507,-29.1148,-0.56831
475.1,-5.71327,-29.1205,-0.568824
475.15,-5.70947,-29.1142,-0.568137
475.2,-5.7184,-29.1207,-0.568724
475.25,-5.71222,-29.112,-0.5678
475.3,-5.71981,-29.1171,-0.568254
475.35,-5.71547,-29.1103,-0.567514
475.4,-5.71746,-29.1098,-0.567408
475.45,-5.72531,-29.1151,-0.567889
475.5,-5.72521,-29.1126,-0.567574
475.55,-5.72189,-29.1068,-0.566937
475.6,-5.73224,-29.1146,-0.567668
475.65,-5.72591,-29.1058,-0.566732
475.7,-5.73496,-29.1124,-0.567333
475.75,-5.72823,-29.1032,-0.566357
475.8,-5.73307,-29.1055,-0.566538
475.85,-5.73762,-29.1076,-0.566691
475.9,-5.73426,-29.1018,-0.566052
475.95,-5.74009,-29.1051,-0.566333
476,-5.7382,-29.1008,-0.565843
476.05,-5.74316,-29.1033,-0.566037
476.1,-5.74238,-29.1,-0.565658
476.15,-5.74684,-29.102,-0.565803
476.2,-5.74413,-29.0968,-0.565231
476.25,-5.74953,-29.0997,-0.565471
476.3,-5.7533,-29.1011,-0.565548
476.35,-5.75339,-29.0987,-0.565257
476.4,-5.75436,-29.0972,-0.565054
476.45,-5.75761,-29.098,-0.56508
476.5,-5.7588,-29.0967,-0.564901
476.55,-5.76133,-29.0968,-0.564855
476.6,-5.76478,-29.0978,-0.564901
476.65,-5.76235,-29.0929,-0.56436
476.7,-5.76925,-29.0973,-0.564752
476.75,-5.76981,-29.0954,-0.564511
476.8,-5.76938,-29.0925,-0.56417
476.85,-5.77206,-29.0927,-0.564141
476.9,-5.77647,-29.0947,-0.564286
476.95,-5.77622,-29.092,-0.563964
477,-5.77495,-29.0883,-0.563541
477.05,-5.77745,-29.0883,-0.563496
477.1,-5.78208,-29.0905,-0.563663
477.15,-5.77937,-29.0853,-0.563096
477.2,-5.78376,-29.0873,-0.56324
477.25,-5.78565,-29.0867,-0.563134
477.3,-5.78442,-29.0831,-0.562717
477.35,-5.79187,-29.0881,-0.563167
477.4,-5.78653,-29.0803,-0.56234
477.45,-5.79017,-29.0815,-0.56241
477.5,-5.79167,-29.0805,-0.562266
477.55,-5.79268,-29.0791,-0.562075
477.6,-5.79951,-29.0835,-0.562464
477.65,-5.79847,-29.08,-0.562068
477.7,-5.80218,-29.0813,-0.562147
477.75,-5.80454,-29.0812,-0.562091
477.8,-5.80715,-29.0814,-0.56206
477.85,-5.80289,-29.0747,-0.561343
477.9,-5.80359,-29.0729,-0.561122
477.95,-5.80542,-29.0723,-0.561014
478,-5.81268,-29.0772,-0.561448
478.05,-5.81284,-29.0749,-0.561174
478.1,-5.81546,-29.0751,-0.561146
478.15,-5.81444,-29.0716,-0.560754
478.2,-5.82044,-29.0752,-0.561064
478.25,-5.81824,-29.0706,-0.560555
478.3,-5.81605,-29.0659,-0.560047
478.35,-5.8199,-29.0674,-0.560143
478.4,-5.81867,-29.0637,-0.559732
478.45,-5.82918,-29.0718,-0.560494
478.5,-5.83108,-29.0713,-0.560396
478.55,-5.82687,-29.0646,-0.559687
478.6,-5.82818,-29.0635,-0.559531
478.65,-5.83301,-29.0659,-0.559726
478.7,-5.83439,-29.0649,-0.559577
478.75,-5.8384,-29.0665,-0.559691
478.8,-5.83342,-29.0591,-0.558908
478.85,-5.84188,-29.0651,-0.559467
478.9,-5.84166,-29.0625,-0.559159
478.95,-5.83967,-29.0581,-0.558674
479,-5.84008,-29.0561,-0.55843
479.05,-5.83968,-29.0533,-0.558105
479.1,-5.84704,-29.0582,-0.558555
479.15,-5.8426,-29.0514,-0.557827
479.2,-5.8495,-29.0558,-0.558233
479.25,-5.84891,-29.0528,-0.557889
479.3,-5.85517,-29.0567,-0.558231
479.35,-5.85302,-29.0521,-0.557732
479.4,-5.85651,-29.0532,-0.557798
479.45,-5.85182,-29.0461,-0.557046
479.5,-5.85985,-29.0517,-0.557566
479.55,-5.85895,-29.0484,-0.557193
479.6,-5.86277,-29.0498,-0.557293
479.65,-5.86178,-29.0464,-0.556912
479.7,-5.86822,-29.0505,-0.557274
479.75,-5.86643,-29.0463,-0.556813
479.8,-5.87161,-29.049,-0.55705
479.85,-5.86425,-29.0393,-0.556032
479.9,-5.87468,-29.0473,-0.556793
479.95,-5.86701,-29.0372,-0.555745
480,-5.86853,-29.0363,-0.555617
480.05,-5.87923,-29.0446,-0.556407
480.1,-5.87574,-29.0387,-0.555777
480.15,-5.87696,-29.0376,-0.555619
480.2,-5.88088,-29.0391,-0.555732
480.25,-5.87715,-29.0329,-0.555079
480.3,-5.8808,-29.0342,-0.555165
480.35,-5.88819,-29.0391,-0.555624
480.4,-5.88136,-29.0299,-0.554661
480.45,-5.88322,-29.0293,-0.554567
480.5,-5.88703,-29.0307,-0.554669
480.55,-5.88902,-29.0303,-0.55459
480.6,-5.88889,-29.0277,-0.554297
480.65,-5.89846,-29.0349,-0.554976
480.7,-5.89444,-29.0285,-0.554295
480.75,-5.89962,-29.0312,-0.554534
480.8,-5.89702,-29.0262,-0.553996
480.85,-5.89769,-29.0245,-0.553784
480.9,-5.89914,-29.0235,-0.55365
480.95,-5.89846,-29.0204,-0.553305
481,-5.90287,-29.0224,-0.553467
481.05,-5.91078,-29.0279,-0.55398
481.1,-5.90764,-29.0223,-0.553388
481.15,-5.90431,-29.0166,-0.552778
481.2,-5.90967,-29.0196,-0.553036
481.25,-5.91141,-29.0189,-0.552933
481.3,-5.91472,-29.0198,-0.552987
481.35,-5.9137,-29.0164,-0.552608
481.4,-5.91653,-29.0168,-0.552615
481.45,-5.91876,-29.0166,-0.552561
481.5,-5.91857,-29.014,-0.552264
481.55,-5.92141,-29.0144,-0.552271
481.6,-5.9228,-29.0134,-0.552133
481.65,-5.92756,-29.0157,-0.552333
481.7,-5.93008,-29.0158,-0.552308
481.75,-5.92385,-29.0071,-0.551407
481.8,-5.93334,-29.0142,-0.55208
481.85,-5.92795,-29.0064,-0.551264
481.9,-5.92753,-29.0036,-0.550945
481.95,-5.93862,-29.0122,-0.551777
482,-5.9335,-29.0047,-0.550989
482.05,-5.93531,-29.0041,-0.550894
482.1,-5.93682,-29.0032,-0.550769
482.15,-5.94,-29.004,-0.550811
482.2,-5.93982,-29.0014,-0.550516
482.25,-5.94574,-29.0049,-0.550832
482.3,-5.94254,-28.9993,-0.550236
482.35,-5.9482,-29.0025,-0.550526
482.4,-5.94323,-28.9951,-0.549754
482.45,-5.94992,-28.9994,-0.550147
482.5,-5.95335,-29.0004,-0.550215
482.55,-5.95124,-28.9959,-0.549728
482.6,-5.95429,-28.9966,-0.549759
482.65,-5.95303,-28.9929,-0.549358
482.7,-5.95605,-28.9935,-0.549385
482.75,-5.96293,-28.998,-0.549798
482.8,-5.96188,-28.9946,-0.549418
482.85,-5.95668,-28.987,-0.548624
482.9,-5.961,-28.9889,-0.548781
482.95,-5.96123,-28.9867,-0.548531
483,-5.96669,-28.9898,-0.548803
483.05,-5.96925,-28.9899,-0.548784
483.1,-5.97075,-28.9891,-0.548661
483.15,-5.96602,-28.9819,-0.547914
483.2,-5.97178,-28.9853,-0.548216
483.25,-5.97423,-28.9853,-0.548188
483.3,-5.9717,-28.9804,-0.547662
483.35,-5.97538,-28.9817,-0.547757
483.4,-5.98088,-28.9848,-0.548035
483.45,-5.97638,-28.9779,-0.547311
483.5,-5.9796,-28.9788,-0.547361
483.55,-5.97844,-28.9752,-0.546972
483.6,-5.9842,-28.9786,-0.547276
483.65,-5.98739,-28.9794,-0.547322
483.7,-5.98786,-28.9775,-0.547098
483.75,-5.99189,-28.9791,-0.547229
483.8,-5.98946,-28.9743,-0.546715
483.85,-5.9952,-28.9776,-0.547016
483.9,-5.99336,-28.9734,-0.546561
483.95,-5.99443,-28.9721,-0.546397
484,-5.99533,-28.9706,-0.546215
484.05,-5.99539,-28.9683,-0.545951
484.1,-6.00282,-28.9734,-0.546424
484.15,-5.99526,-28.9634,-0.545396
484.2,-6.00255,-28.9683,-0.545855
484.25,-6.00149,-28.9649,-0.545479
484.3,-5.99928,-28.9603,-0.544988
484.35,-6.00401,-28.9627,-0.545191
484.4,-6.00624,-28.9625,-0.545144
484.45,-6.00685,-28.9607,-0.544935
484.5,-6.01031,-28.9618,-0.545012
484.55,-6.00649,-28.9556,-0.544361
484.6,-6.00816,-28.9549,-0.544258
484.65,-6.01162,-28.956,-0.544335
484.7,-6.01157,-28.9536,-0.544062
484.75,-6.01749,-28.9571,-0.544385
484.8,-6.02191,-28.9592,-0.544559
484.85,-6.01785,-28.9528,-0.543884
484.9,-6.02596,-28.9585,-0.544427
484.95,-6.02439,-28.9546,-0.544002
485,-6.02434,-28.9521,-0.543729
485.05,-6.02418,-28.9496,-0.543446
485.1,-6.02996,-28.953,-0.543757
485.15,-6.02419,-28.9449,-0.542912
485.2,-6.02574,-28.9441,-0.5428
485.25,-6.03052,-28.9465,-0.543011
485.3,-6.0373,-28.9509,-0.543422
485.35,-6.03495,-28.9462,-0.542921
485.4,-6.03399,-28.9429,-0.542558
485.45,-6.03746,-28.944,-0.542639
485.5,-6.03472,-28.9389,-0.542099
485.55,-6.04319,-28.945,-0.54268
485.6,-6.04526,-28.9447,-0.542621
485.65,-6.03849,-28.9356,-0.541679
485.7,-6.04794,-28.9427,-0.542359
485.75,-6.04584,-28.9382,-0.541884
485.8,-6.04657,-28.9366,-0.541691
485.85,-6.05235,-28.94,-0.542005
485.9,-6.05354,-28.9389,-0.541859
485.95,-6.05504,-28.938,-0.541744
486,-6.04998,-28.9306,-0.540975
486.05,-6.05318,-28.9314,-0.541031
486.1,-6.05943,-28.9353,-0.541391
486.15,-6.05459,-28.9282,-0.540644
486.2,-6.05982,-28.931,-0.540903
486.25,-6.05458,-28.9234,-0.540116
486.3,-6.06423,-28.9307,-0.540817
486.35,-6.06244,-28.9266,-0.540375
486.4,-6.06171,-28.9235,-0.54004
486.45,-6.06804,-28.9275,-0.54041
486.5,-6.06326,-28.9204,-0.539669
486.55,-6.07105,-28.9258,-0.540186
486.6,-6.06581,-28.9183,-0.5394
486.65,-6.06539,-28.9155,-0.539096
486.7,-6.07599,-28.9237,-0.539894
486.75,-6.07089,-28.9163,-0.539122
486.8,-6.07382,-28.9169,-0.539154
486.85,-6.07979,-28.9205,-0.53949
486.9,-6.08094,-28.9193,-0.539343
486.95,-6.08151,-28.9176,-0.539139
487,-6.07954,-28.9133,-0.538682
487.05,-6.07654,-28.9079,-0.538122
487.1,-6.08418,-28.9132,-0.538625
487.15,-6.08289,-28.9096,-0.538235
487.2,-6.08173,-28.9061,-0.53786
487.25,-6.08742,-28.9094,-0.538168
487.3,-6.08264,-28.9023,-0.537431
487.35,-6.09081,-28.9082,-0.537989
487.4,-6.0909,-28.9059,-0.537738
487.45,-6.09592,-28.9086,-0.537981
487.5,-6.09422,-28.9046,-0.537551
487.55,-6.09787,-28.9059,-0.537658
487.6,-6.09472,-28.9004,-0.537084
487.65,-6.09789,-28.9012,-0.537142
487.7,-6.09534,-28.8963,-0.536628
487.75,-6.09603,-28.8947,-0.53644
487.8,-6.10259,-28.8989,-0.536837
487.85,-6.09832,-28.8923,-0.536152
487.9,-6.10586,-28.8975,-0.536648
487.95,-6.10032,-28.8897,-0.535837
488,-6.10102,-28.888,-0.535649
488.05,-6.10241,-28.8871,-0.535531
488.1,-6.10331,-28.8857,-0.535363
488.15,-6.10741,-28.8874,-0.535516
488.2,-6.10702,-28.8847,-0.53522
488.25,-6.10717,-28.8825,-0.534978
488.3,-6.11481,-28.8879,-0.535486
488.35,-6.11601,-28.8867,-0.535349
488.4,-6.12078,-28.8892,-0.53557
488.45,-6.11823,-28.8843,-0.535058
488.5,-6.11865,-28.8824,-0.534844
488.55,-6.12011,-28.8815,-0.534734
488.6,-6.12322,-28.8823,-0.53479
488.65,-6.11994,-28.8767,-0.534206
488.7,-6.11877,-28.8732,-0.533833
488.75,-6.12939,-28.8815,-0.53464
488.8,-6.13046,-28.8802,-0.534492
488.85,-6.12318,-28.8706,-0.533509
488.9,-6.13066,-28.8758,-0.534001
488.95,-6.13051,-28.8733,-0.533731
489,-6.12695,-28.8674,-0.53312
489.05,-6.13141,-28.8695,-0.533311
489.1,-6.13359,-28.8694,-0.533275
489.15,-6.13555,-28.869,-0.533216
489.2,-6.13185,-28.863,-0.532591
489.25,-6.14016,-28.8689,-0.533167
489.3,-6.14149,-28.8679,-0.533046
489.35,-6.14303,-28.8671,-0.532945
489.4,-6.14575,-28.8675,-0.532962
489.45,-6.1433,-28.8628,-0.532464
489.5,-6.14799,-28.8651,-0.532678
489.55,-6.15009,-28.8649,-0.532635
489.6,-6.14773,-28.8602,-0.532144
489.65,-6.15201,-28.8621,-0.532318
489.7,-6.1469,-28.8547,-0.531553
489.75,-6.15284,-28.8583,-0.531893
489.8,-6.15596,-28.8591,-0.531951
489.85,-6.15719,-28.858,-0.531821
489.9,-6.15303,-28.8515,-0.531151
489.95,-6.15963,-28.8557,-0.531557
490,-6.15704,-28.8508,-0.531044
490.05,-6.16201,-28.8534,-0.531288
490.1,-6.15877,-28.8479,-0.53071
490.15,-6.15799,-28.8447,-0.530378
490.2,-6.15838,-28.8428,-0.530164
490.25,-6.16268,-28.8447,-0.530341
490.3,-6.16122,-28.8409,-0.529941
490.35,-6.1714,-28.8488,-0.530705
490.4,-6.16712,-28.8422,-0.530024
490.45,-6.17184,-28.8445,-0.530243
490.5,-6.17055,-28.8409,-0.529861
490.55,-6.17141,-28.8394,-0.529693
490.6,-6.16927,-28.835,-0.529226
490.65,-6.17885,-28.8422,-0.529932
490.7,-6.18036,-28.8414,-0.52983
490.75,-6.17323,-28.8319,-0.528864
490.8,-6.17984,-28.8362,-0.529272
490.85,-6.18141,-28.8354,-0.529176
490.9,-6.18454,-28.8362,-0.529235
490.95,-6.18258,-28.8319,-0.528786
491,-6.18041,-28.8274,-0.528316
491.05,-6.18692,-28.8315,-0.528714
491.1,-6.18577,-28.828,-0.528346
491.15,-6.18994,-28.8299,-0.528509
491.2,-6.18942,-28.827,-0.528205
491.25,-6.19187,-28.8271,-0.528196
491.3,-6.19068,-28.8236,-0.527825
491.35,-6.19199,-28.8225,-0.527702
491.4,-6.19437,-28.8226,-0.527688
491.45,-6.19773,-28.8236,-0.52777
491.5,-6.19432,-28.8178,-0.527177
491.55,-6.1928,-28.814,-0.526772
491.6,-6.19982,-28.8187,-0.527221
491.65,-6.20187,-28.8184,-0.527173
491.7,-6.19827,-28.8124,-0.52656
491.75,-6.2044,-28.8162,-0.52692
491.8,-6.19946,-28.8089,-0.526173
491.85,-6.2031,-28.8102,-0.526285
491.9,-6.20811,-28.8129,-0.526532
491.95,-6.2076,-28.81,-0.526229
492,-6.20466,-28.8047,-0.525682
492.05,-6.20708,-28.8048,-0.525672
492.1,-6.21614,-28.8115,-0.526325
492.15,-6.20979,-28.8028,-0.525437
492.2,-6.21053,-28.8012,-0.525258
492.25,-6.21982,-28.8082,-0.525935
492.3,-6.21505,-28.801,-0.525204
492.35,-6.2211,-28.8047,-0.525557
492.4,-6.22065,-28.8019,-0.525259
492.45,-6.21769,-28.7966,-0.52471
492.5,-6.22046,-28.7971,-0.524735
492.55,-6.22653,-28.8008,-0.525089
492.6,-6.22877,-28.8007,-0.52506
492.65,-6.22908,-28.7986,-0.524838
492.7,-6.228,-28.7952,-0.524479
492.75,-6.22842,-28.7933,-0.524268
492.8,-6.22986,-28.7924,-0.524159
492.85,-6.2363,-28.7965,-0.52455
492.9,-6.23672,-28.7946,-0.52434
492.95,-6.22924,-28.7848,-0.52334
493,-6.23774,-28.7909,-0.523937
493.05,-6.23345,-28.7843,-0.523256
493.1,-6.23316,-28.7817,-0.522974
493.15,-6.23737,-28.7836,-0.523144
493.2,-6.24385,-28.7877,-0.523539
493.25,-6.23864,-28.7802,-0.522767
493.3,-6.24768,-28.7869,-0.523419
493.35,-6.24791,-28.7848,-0.52319
493.4,-6.24505,-28.7796,-0.522652
493.45,-6.24779,-28.78,-0.522674
493.5,-6.24621,-28.7761,-0.522264
493.55,-6.24911,-28.7767,-0.522303
493.6,-6.25298,-28.7782,-0.522438
493.65,-6.24916,-28.7721,-0.521805
493.7,-6.2544,-28.775,-0.522078
493.75,-6.2577,-28.776,-0.522157
493.8,-6.25187,-28.7678,-0.521323
493.85,-6.26103,-28.7746,-0.521988
493.9,-6.25908,-28.7704,-0.521542
493.95,-6.2615,-28.7705,-0.521533
494,-6.2564,-28.763,-0.520773
494.05,-6.26592,-28.7702,-0.521474
494.1,-6.2631,-28.7651,-0.520942
494.15,-6.26894,-28.7686,-0.521276
494.2,-6.26748,-28.7648,-0.520879
494.25,-6.26229,-28.7573,-0.52011
494.3,-6.26725,-28.76,-0.520356
494.35,-6.26593,-28.7563,-0.519974
494.4,-6.26589,-28.754,-0.519721
494.45,-6.26999,-28.7558,-0.51988
494.5,-6.2699,-28.7534,-0.519623
494.55,-6.27707,-28.7582,-0.52009
494.6,-6.27559,-28.7544,-0.519693
494.65,-6.27394,-28.7505,-0.519278
494.7,-6.27404,-28.7483,-0.519039
494.75,-6.27776,-28.7497,-0.519162
494.8,-6.27963,-28.7492,-0.5191
494.85,-6.2775,-28.7448,-0.518638
494.9,-6.28018,-28.7452,-0.518657
494.95,-6.28791,-28.7506,-0.519182
495,-6.28725,-28.7476,-0.518867
495.05,-6.28708,-28.7451,-0.518602
495.1,-6.28645,-28.7422,-0.518291
495.15,-6.2884,-28.7418,-0.518238
495.2,-6.29315,-28.7443,-0.518465
495.25,-6.28651,-28.7353,-0.517553
495.3,-6.2905,-28.737,-0.517704
495.35,-6.29816,-28.7424,-0.518222
495.4,-6.29943,-28.7414,-0.518101
495.45,-6.30021,-28.7398,-0.517932
495.5,-6.29903,-28.7363,-0.517567
495.55,-6.29394,-28.729,-0.516811
495.6,-6.30299,-28.7357,-0.517469
495.65,-6.29775,-28.7282,-0.516697
495.7,-6.29725,-28.7254,-0.516401
495.75,-6.30359,-28.7294,-0.516788
495.8,-6.30191,-28.7254,-0.516374
495.85,-6.30513,-28.7264,-0.51645
495.9,-6.30891,-28.7278,-0.51658
495.95,-6.30595,-28.7226,-0.516038
496,-6.31203,-28.7264,-0.5164
496.05,-6.31448,-28.7265,-0.516399
496.1,-6.30745,-28.7172,-0.515451
496.15,-6.31082,-28.7183,-0.515542
496.2,-6.31038,-28.7155,-0.515252
496.25,-6.31223,-28.7151,-0.515191
496.3,-6.31808,-28.7186,-0.515531
496.35,-6.31828,-28.7166,-0.515306
496.4,-6.31677,-28.7127,-0.514909
496.45,-6.32408,-28.7178,-0.515395
496.5,-6.32078,-28.7122,-0.514821
496.55,-6.31739,-28.7065,-0.514236
496.6,-6.3233,-28.7101,-0.514583
496.65,-6.32816,-28.7127,-0.514824
496.7,-6.32549,-28.7077,-0.514312
496.75,-6.32493,-28.7049,-0.514013
496.8,-6.33193,-28.7096,-0.514468
496.85,-6.33203,-28.7074,-0.514234
496.9,-6.32792,-28.701,-0.51358
496.95,-6.33497,-28.7058,-0.514041
497,-6.33465,-28.7032,-0.513765
497.05,-6.33817,-28.7044,-0.513873
497.1,-6.33894,-28.7029,-0.513706
497.15,-6.33647,-28.6981,-0.513215
497.2,-6.33354,-28.6929,-0.512679
497.25,-6.34261,-28.6996,-0.513343
497.3,-6.33526,-28.69,-0.512365
497.35,-6.33945,-28.6919,-0.51254
497.4,-6.34055,-28.6907,-0.512406
497.45,-6.34577,-28.6936,-0.512686
497.5,-6.3458,-28.6914,-0.512446
497.55,-6.34178,-28.6851,-0.5118
497.6,-6.34826,-28.6892,-0.512205
497.65,-6.35007,-28.6888,-0.512143
497.7,-6.34822,-28.6846,-0.511716
497.75,-6.35307,-28.6872,-0.511958
497.8,-6.35553,-28.6874,-0.511962
497.85,-6.34834,-28.6779,-0.511001
497.9,-6.35222,-28.6795,-0.511146
497.95,-6.35201,-28.677,-0.510883
498,-6.36102,-28.6836,-0.511541
498.05,-6.36052,-28.6808,-0.511247
498.1,-6.35582,-28.6737,-0.510534
498.15,-6.35961,-28.6751,-0.510669
498.2,-6.3628,-28.6759,-0.510744
498.25,-6.36425,-28.675,-0.510645
498.3,-6.36631,-28.6747,-0.510606
498.35,-6.36532,-28.6713,-0.510262
498.4,-6.3657,-28.6693,-0.510056
498.45,-6.37248,-28.6738,-0.510488
498.5,-6.36736,-28.6663,-0.509731
498.55,-6.36624,-28.6628,-0.509374
498.6,-6.37535,-28.6695,-0.510039
498.65,-6.36981,-28.6616,-0.50924
498.7,-6.37503,-28.6645,-0.509516
498.75,-6.38002,-28.6672,-0.50977
498.8,-6.37238,-28.6572,-0.508759
498.85,-6.37907,-28.6615,-0.509182
498.9,-6.37707,-28.6572,-0.508736
498.95,-6.37934,-28.6571,-0.508717
499,-6.38008,-28.6555,-0.508545
499.05,-6.38694,-28.66,-0.508984
499.1,-6.38401,-28.6547,-0.508445
499.15,-6.39005,-28.6584,-0.508803
499.2,-6.38754,-28.6536,-0.508306
499.25,-6.3916,-28.6553,-0.508465
499.3,-6.39133,-28.6527,-0.508191
499.35,-6.39011,-28.6491,-0.507823
499.4,-6.39581,-28.6525,-0.508147
499.45,-6.38824,-28.6426,-0.507143
499.5,-6.39562,-28.6476,-0.507635
499.55,-6.3991,-28.6488,-0.507737
499.6,-6.39976,-28.6471,-0.507556
499.65,-6.40117,-28.6462,-0.50745
499.7,-6.39716,-28.6398,-0.506803
499.75,-6.39972,-28.6401,-0.506813
499.8,-6.4013,-28.6393,-0.506724
499.85,-6.39808,-28.6338,-0.506155
499.9,-6.40837,-28.6417,-0.506938
499.95,-6.40905,-28.6401,-0.50676
500,-6.41133,-28.64,-0.506742
500.05,-6.40523,-28.6316,-0.505885
500.1,-6.41352,-28.6376,-0.506468
500.15,-6.41364,-28.6354,-0.506234
500.2,-6.41074,-28.6302,-0.505698
500.25,-6.41298,-28.6301,-0.505676
500.3,-6.41684,-28.6316,-0.505815
500.35,-6.41503,-28.6275,-0.505389
500.4,-6.41271,-28.6229,-0.50491
500.45,-6.41331,-28.6211,-0.504724
500.5,-6.42254,-28.6281,-0.505402
500.55,-6.41974,-28.6229,-0.504876
500.6,-6.42599,-28.6268,-0.505254
500.65,-6.42107,-28.6196,-0.504516
500.7,-6.42307,-28.6192,-0.50447
500.75,-6.42557,-28.6194,-0.504474
500.8,-6.42347,-28.6149,-0.504017
500.85,-6.42395,-28.6131,-0.50382
500.9,-6.424,-28.6108,-0.503578
500.95,-6.42636,-28.6108,-0.503567
501,-6.42803,-28.6102,-0.503489
501.05,-6.43422,-28.614,-0.503862
501.1,-6.42882,-28.6063,-0.503075
501.15,-6.42992,-28.6051,-0.502939
501.2,-6.43628,-28.6091,-0.503328
501.25,-6.43563,-28.6061,-0.503017
501.3,-6.43806,-28.6062,-0.503014
501.35,-6.43476,-28.6006,-0.502438
501.4,-6.43966,-28.6032,-0.502682
501.45,-6.44115,-28.6023,-0.502585
501.5,-6.44731,-28.6062,-0.502955
501.55,-6.44325,-28.5998,-0.502303
501.6,-6.44742,-28.6016,-0.502474
501.65,-6.45065,-28.6025,-0.502551
501.7,-6.44549,-28.5951,-0.50179
501.75,-6.44554,-28.5928,-0.501548
501.8,-6.44979,-28.5947,-0.501728
501.85,-6.44727,-28.5899,-0.501231
501.9,-6.4543,-28.5946,-0.501688
501.95,-6.45502,-28.593,-0.501514
502,-6.45189,-28.5876,-0.500956
502.05,-6.45692,-28.5903,-0.501214
502.1,-6.45359,-28.5847,-0.500636
502.15,-6.45546,-28.5842,-0.500578
502.2,-6.46433,-28.5908,-0.50122
502.25,-6.46176,-28.5859,-0.500718
502.3,-6.46489,-28.5867,-0.500786
502.35,-6.46041,-28.5799,-0.500094
502.4,-6.4671,-28.5843,-0.500517
502.45,-6.46905,-28.5839,-0.500468
502.5,-6.46571,-28.5783,-0.499889
502.55,-6.47284,-28.5831,-0.500357
502.6,-6.46974,-28.5777,-0.499803
502.65,-6.46977,-28.5754,-0.499561
502.7,-6.47676,-28.5801,-0.500016
502.75,-6.4688,-28.5698,-0.498976
502.8,-6.47696,-28.5756,-0.499547
502.85,-6.47515,-28.5715,-0.499122
502.9,-6.47268,-28.5667,-0.498631
502.95,-6.47451,-28.5663,-0.498569
503,-6.48297,-28.5724,-0.499172
503.05,-6.47544,-28.5626,-0.498175
503.1,-6.482,-28.5668,-0.498587
503.15,-6.48342,-28.5659,-0.498484
503.2,-6.48791,-28.5681,-0.498689
503.25,-6.4881,-28.566,-0.498465
503.3,-6.48835,-28.5639,-0.498246
503.35,-6.48588,-28.5591,-0.497755
503.4,-6.49236,-28.5633,-0.498159
503.45,-6.48843,-28.5571,-0.497523
503.5,-6.49547,-28.5618,-0.497983
503.55,-6.48762,-28.5517,-0.496955
503.6,-6.49752,-28.5593,-0.497702
503.65,-6.49003,-28.5495,-0.496709
503.7,-6.49285,-28.55,-0.496749
503.75,-6.50043,-28.5553,-0.497263
503.8,-6.49916,-28.5517,-0.496894
503.85,-6.50393,-28.5542,-0.497127
503.9,-6.49583,-28.5438,-0.496075
503.95,-6.50004,-28.5457,-0.496253
504,-6.50555,-28.5489,-0.496561
504.05,-6.50291,-28.544,-0.496055
504.1,-6.50304,-28.5418,-0.495826
504.15,-6.50426,-28.5407,-0.495705
504.2,-6.51044,-28.5446,-0.496081
504.25,-6.50637,-28.5382,-0.495432
504.3,-6.50843,-28.538,-0.495395
504.35,-6.51156,-28.5388,-0.495467
504.4,-6.51449,-28.5395,-0.495518
504.45,-6.51287,-28.5356,-0.495115
504.5,-6.51664,-28.5371,-0.49525
504.55,-6.51684,-28.535,-0.495028
504.6,-6.5165,-28.5323,-0.494753
504.65,-6.51563,-28.5292,-0.494425
504.7,-6.51606,-28.5273,-0.494226
504.75,-6.51901,-28.528,-0.49428
504.8,-6.51715,-28.5238,-0.493853
504.85,-6.52664,-28.531,-0.494561
504.9,-6.52594,-28.528,-0.494251
504.95,-6.52938,-28.5292,-0.494354
505,-6.52375,-28.5213,-0.493551
505.05,-6.52891,-28.5242,-0.493826
505.1,-6.52331,-28.5163,-0.493026
505.15,-6.52642,-28.5171,-0.493096
505.2,-6.5329,-28.5213,-0.493504
505.25,-6.52895,-28.5151,-0.492869
505.3,-6.52845,-28.5123,-0.492579
505.35,-6.5325,-28.514,-0.492743
505.4,-6.53213,-28.5114,-0.492467
505.45,-6.53238,-28.5093,-0.492252
505.5,-6.53946,-28.5142,-0.492721
505.55,-6.53344,-28.5058,-0.491879
505.6,-6.53988,-28.51,-0.492284
505.65,-6.53593,-28.5038,-0.49165
505.7,-6.53996,-28.5055,-0.491813
505.75,-6.54142,-28.5047,-0.49172
505.8,-6.54224,-28.5032,-0.491563
505.85,-6.54717,-28.5059,-0.491817
505.9,-6.55062,-28.5071,-0.491923
505.95,-6.54322,-28.4974,-0.490944
506,-6.54539,-28.4973,-0.490922
506.05,-6.55146,-28.501,-0.491291
506.1,-6.55315,-28.5004,-0.491221
506.15,-6.5539,-28.4988,-0.491057
506.2,-6.54805,-28.4906,-0.490231
506.25,-6.55906,-28.4993,-0.491093
506.3,-6.55163,-28.4895,-0.49011
506.35,-6.55278,-28.4883,-0.489984
506.4,-6.56213,-28.4953,-0.490679
506.45,-6.56285,-28.4937,-0.490511
506.5,-6.55628,-28.4848,-0.489613
506.55,-6.55886,-28.4851,-0.489631
506.6,-6.56359,-28.4875,-0.489863
506.65,-6.56027,-28.4818,-0.489291
506.7,-6.56481,-28.484,-0.489503
506.75,-6.56488,-28.4817,-0.489269
506.8,-6.56647,-28.481,-0.489188
506.85,-6.56937,-28.4816,-0.489237
506.9,-6.57234,-28.4822,-0.489293
506.95,-6.57248,-28.48,-0.489066
507,-6.57458,-28.4797,-0.489033
507.05,-6.57361,-28.4763,-0.488693
507.1,-6.57665,-28.477,-0.488755
507.15,-6.57407,-28.472,-0.488253
507.2,-6.57802,-28.4736,-0.488405
507.25,-6.57396,-28.4671,-0.487755
507.3,-6.5817,-28.4725,-0.488286
507.35,-6.58534,-28.4737,-0.488406
507.4,-6.58508,-28.4711,-0.488135
507.45,-6.58514,-28.4687,-0.487896
507.5,-6.59024,-28.4715,-0.488162
507.55,-6.591,-28.4699,-0.487993
507.6,-6.58599,-28.4625,-0.487248
507.65,-6.59162,-28.4657,-0.487564
507.7,-6.59191,-28.4636,-0.487349
507.75,-6.58983,-28.4592,-0.486895
507.8,-6.59524,-28.4622,-0.48719
507.85,-6.59689,-28.4615,-0.487109
507.9,-6.59472,-28.457,-0.486647
507.95,-6.59827,-28.4582,-0.486756
508,-6.59942,-28.4569,-0.486625
508.05,-6.59947,-28.4546,-0.486384
508.1,-6.60439,-28.4572,-0.486629
508.15,-6.59905,-28.4495,-0.48585
508.2,-6.60459,-28.4527,-0.486157
508.25,-6.60283,-28.4486,-0.485735
508.3,-6.60636,-28.4497,-0.485842
508.35,-6.60232,-28.4433,-0.485191
508.4,-6.61233,-28.4509,-0.485946
508.45,-6.60772,-28.4439,-0.485237
508.5,-6.61262,-28.4464,-0.485479
508.55,-6.61345,-28.4449,-0.485315
508.6,-6.61656,-28.4456,-0.485378
508.65,-6.61321,-28.4398,-0.484795
508.7,-6.62016,-28.4444,-0.485241
508.75,-6.61592,-28.4377,-0.48457
508.8,-6.61721,-28.4366,-0.48445
508.85,-6.62061,-28.4377,-0.484541
508.9,-6.61873,-28.4334,-0.484104
508.95,-6.61846,-28.4307,-0.483829
509,-6.62063,-28.4305,-0.483797
509.05,-6.62257,-28.4301,-0.483742
509.1,-6.62178,-28.4269,-0.483414
509.15,-6.62767,-28.4304,-0.483753
509.2,-6.62395,-28.4243,-0.483133
509.25,-6.63219,-28.4302,-0.483707
509.3,-6.63472,-28.4303,-0.483711
509.35,-6.63515,-28.4284,-0.483504
509.4,-6.63376,-28.4246,-0.483116
509.45,-6.63286,-28.4214,-0.482777
509.5,-6.63561,-28.4217,-0.482802
509.55,-6.6342,-28.4179,-0.482411
509.6,-6.64221,-28.4234,-0.48296
509.65,-6.63869,-28.4175,-0.482357
509.7,-6.64071,-28.4171,-0.482308
509.75,-6.643,-28.4169,-0.482285
509.8,-6.64647,-28.418,-0.48238
509.85,-6.65078,-28.4198,-0.482559
509.9,-6.64773,-28.4144,-0.482003
509.95,-6.6499,-28.4141,-0.481967
510,-6.64827,-28.41,-0.481551
510.05,-6.6488,-28.4082,-0.481351
510.1,-6.65048,-28.4074,-0.481266
510.15,-6.65064,-28.4052,-0.481029
510.2,-6.6565,-28.4086,-0.481362
510.25,-6.65382,-28.4035,-0.48084
510.3,-6.65843,-28.4057,-0.481048
510.35,-6.66427,-28.4091,-0.481378
510.4,-6.66367,-28.4061,-0.481065
510.45,-6.66509,-28.4051,-0.480954
510.5,-6.65938,-28.397,-0.480129
510.55,-6.66972,-28.4049,-0.480908
510.6,-6.66184,-28.3946,-0.479865
510.65,-6.66408,-28.3944,-0.479834
510.7,-6.66901,-28.3969,-0.480073
510.75,-6.66612,-28.3915,-0.479529
510.8,-6.67532,-28.3983,-0.480193
510.85,-6.6715,-28.392,-0.479556
510.9,-6.67777,-28.3959,-0.479927
510.95,-6.6743,-28.3899,-0.479323
511,-6.6783,-28.3915,-0.479468
511.05,-6.676,-28.3868,-0.478981
511.1,-6.67974,-28.3881,-0.479099
511.15,-6.68036,-28.3863,-0.478905
511.2,-6.68314,-28.3866,-0.478926
511.25,-6.68753,-28.3886,-0.479107
511.3,-6.68904,-28.3876,-0.479002
511.35,-6.68391,-28.3801,-0.478232
511.4,-6.69122,-28.385,-0.478706
511.45,-6.68831,-28.3796,-0.478158
511.5,-6.69397,-28.3829,-0.478467
511.55,-6.68831,-28.3748,-0.477644
511.6,-6.69466,-28.3786,-0.478021
511.65,-6.70073,-28.3822,-0.478369
511.7,-6.69393,-28.373,-0.477431
511.75,-6.6948,-28.3713,-0.477258
511.8,-6.69683,-28.3709,-0.477202
511.85,-6.70328,-28.3749,-0.477588
511.9,-6.69862,-28.3677,-0.476862
511.95,-6.7087,-28.3753,-0.47761
512,-6.70523,-28.3694,-0.477003
512.05,-6.70349,-28.3652,-0.476569
512.1,-6.7125,-28.3717,-0.477209
512.15,-6.70974,-28.3665,-0.476673
512.2,-6.70887,-28.3631,-0.476325
512.25,-6.7115,-28.3632,-0.476326
512.3,-6.71457,-28.3638,-0.47637
512.35,-6.72156,-28.3682,-0.476807
512.4,-6.71898,-28.3631,-0.476286
512.45,-6.71691,-28.3585,-0.475816
512.5,-6.71902,-28.3581,-0.475763
512.55,-6.71904,-28.3556,-0.475501
512.6,-6.72326,-28.3573,-0.475658
512.65,-6.72771,-28.3592,-0.475839
512.7,-6.72695,-28.356,-0.475498
512.75,-6.73255,-28.3591,-0.475793
512.8,-6.72999,-28.354,-0.475272
512.85,-6.72935,-28.3509,-0.474942
512.9,-6.73843,-28.3574,-0.475585
512.95,-6.73179,-28.3483,-0.474655
513,-6.73686,-28.3509,-0.474896
513.05,-6.74021,-28.3517,-0.474965
513.1,-6.73649,-28.3455,-0.474327
513.15,-6.73644,-28.343,-0.474055
513.2,-6.74439,-28.3484,-0.474584
513.25,-6.74241,-28.3439,-0.474119
513.3,-6.7418,-28.3408,-0.473792
513.35,-6.75041,-28.3469,-0.474385
513.4,-6.75352,-28.3474,-0.474427
513.45,-6.74685,-28.3382,-0.473492
513.5,-6.75409,-28.3428,-0.473947
513.55,-6.75227,-28.3385,-0.473495
513.6,-6.75244,-28.336,-0.473243
513.65,-6.75732,-28.3383,-0.47346
513.7,-6.76139,-28.3397,-0.473594
513.75,-6.75927,-28.335,-0.47311
513.8,-6.76525,-28.3383,-0.473436
513.85,-6.76083,-28.3313,-0.47272
513.9,-6.76414,-28.332,-0.472778
513.95,-6.76599,-28.3312,-0.472689
514,-6.76794,-28.3306,-0.472609
514.05,-6.77181,-28.3318,-0.472722
514.1,-6.77212,-28.3296,-0.472478
514.15,-6.77674,-28.3316,-0.472664
514.2,-6.77352,-28.3258,-0.472067
514.25,-6.78153,-28.3312,-0.472592
514.3,-6.78022,-28.3273,-0.472184
514.35,-6.78291,-28.3274,-0.472177
514.4,-6.77875,-28.3207,-0.471484
514.45,-6.78499,-28.3243,-0.471831
514.5,-6.78951,-28.3263,-0.472007
514.55,-6.78891,-28.3231,-0.471669
514.6,-6.78698,-28.3186,-0.471199
514.65,-6.78627,-28.3153,-0.470851
514.7,-6.79411,-28.3206,-0.471356
514.75,-6.79861,-28.3226,-0.471529
514.8,-6.79441,-28.3158,-0.470831
514.85,-6.80007,-28.3189,-0.47112
514.9,-6.80158,-28.3179,-0.470992
514.95,-6.79886,-28.3126,-0.470443
515,-6.80624,-28.3174,-0.470903
515.05,-6.80337,-28.312,-0.470337
515.1,-6.80721,-28.3133,-0.470443
515.15,-6.80311,-28.3067,-0.469756
515.2,-6.80341,-28.3044,-0.469508
515.25,-6.80961,-28.3081,-0.46985
515.3,-6.81168,-28.3076,-0.469779
515.35,-6.81626,-28.3097,-0.469959
515.4,-6.81633,-28.3072,-0.469688
515.45,-6.82002,-28.3084,-0.469779
515.5,-6.81474,-28.3006,-0.468974
515.55,-6.81507,-28.2984,-0.468729
515.6,-6.82095,-28.3018,-0.469039
515.65,-6.8243,-28.3026,-0.469097
515.7,-6.82758,-28.3034,-0.469147
515.75,-6.82856,-28.3018,-0.468969
515.8,-6.82825,-28.299,-0.468661
515.85,-6.82855,-28.2968,-0.468413
515.9,-6.83057,-28.2963,-0.468338
515.95,-6.83444,-28.2977,-0.468449
516,-6.82932,-28.2901,-0.46766
516.05,-6.83421,-28.2924,-0.467873
516.1,-6.83583,-28.2916,-0.467758
516.15,-6.83714,-28.2904,-0.467613
516.2,-6.83969,-28.2904,-0.467592
516.25,-6.83751,-28.2858,-0.467097
516.3,-6.84169,-28.2874,-0.46724
516.35,-6.84841,-28.2917,-0.467636
516.4,-6.85026,-28.291,-0.467546
516.45,-6.84434,-28.2826,-0.466678
516.5,-6.84671,-28.2825,-0.466641
516.55,-6.85434,-28.2877,-0.467129
516.6,-6.85393,-28.2848,-0.466813
516.65,-6.84854,-28.2769,-0.465999
516.7,-6.85046,-28.2763,-0.465918
516.75,-6.85875,-28.2821,-0.466472
516.8,-6.85797,-28.2789,-0.466119
516.85,-6.86037,-28.2788,-0.466086
516.9,-6.86165,-28.2776,-0.46594
516.95,-6.85934,-28.2728,-0.465436
517,-6.86386,-28.2749,-0.465614
517.05,-6.86827,-28.2768,-0.465783
517.1,-6.86473,-28.2708,-0.465156
517.15,-6.86354,-28.2672,-0.464764
517.2,-6.86974,-28.2709,-0.465112
517.25,-6.8679,-28.2666,-0.464656
517.3,-6.87614,-28.2724,-0.465207
517.35,-6.87047,-28.2642,-0.464369
517.4,-6.87737,-28.2687,-0.464787
517.45,-6.87607,-28.2649,-0.464385
517.5,-6.88272,-28.2691,-0.464779
517.55,-6.88296,-28.2669,-0.464532
517.6,-6.885,-28.2665,-0.464466
517.65,-6.88173,-28.2608,-0.463868
517.7,-6.88173,-28.2583,-0.463599
517.75,-6.88479,-28.2589,-0.463634
517.8,-6.8878,-28.2595,-0.463665
517.85,-6.89047,-28.2597,-0.463662
517.9,-6.88871,-28.2555,-0.463217
517.95,-6.89206,-28.2564,-0.463282
518,-6.89727,-28.2592,-0.463535
518.05,-6.89637,-28.2558,-0.463176
518.1,-6.89583,-28.2528,-0.462854
518.15,-6.89912,-28.2537,-0.462914
518.2,-6.90132,-28.2534,-0.462866
518.25,-6.90121,-28.2509,-0.462587
518.3,-6.90128,-28.2485,-0.462327
518.35,-6.9012,-28.246,-0.46205
518.4,-6.90199,-28.2444,-0.461862
518.45,-6.90184,-28.2418,-0.461581
518.5,-6.90796,-28.2455,-0.461925
518.55,-6.91178,-28.2469,-0.462041
518.6,-6.90456,-28.2372,-0.461053
518.65,-6.91565,-28.2459,-0.461895
518.7,-6.9168,-28.2446,-0.461744
518.75,-6.9143,-28.2397,-0.461229
518.8,-6.91208,-28.235,-0.460741
518.85,-6.91999,-28.2405,-0.461267
518.9,-6.92036,-28.2385,-0.461039
518.95,-6.92357,-28.2393,-0.461095
519,-6.91872,-28.232,-0.460345
519.05,-6.92427,-28.2351,-0.460636
519.1,-6.92626,-28.2347,-0.460571
519.15,-6.92199,-28.228,-0.45988
519.2,-6.92283,-28.2264,-0.4597
519.25,-6.92337,-28.2245,-0.459491
519.3,-6.93071,-28.2295,-0.459961
519.35,-6.93311,-28.2295,-0.459938
519.4,-6.93488,-28.2288,-0.459852
519.45,-6.92901,-28.2205,-0.459003
519.5,-6.93333,-28.2224,-0.459172
519.55,-6.93888,-28.2256,-0.459465
519.6,-6.94068,-28.225,-0.459383
519.65,-6.94303,-28.2249,-0.459356
519.7,-6.94044,-28.2199,-0.458836
519.75,-6.94302,-28.2201,-0.458832
519.8,-6.94382,-28.2185,-0.458652
519.85,-6.9399,-28.2122,-0.457998
519.9,-6.94096,-28.2108,-0.457844
519.95,-6.94119,-28.2086,-0.457607
520,-6.94579,-28.2108,-0.457805
520.05,-6.95167,-28.2142,-0.45813
520.1,-6.95436,-28.2144,-0.458139
520.15,-6.95036,-28.208,-0.457477
520.2,-6.95592,-28.2111,-0.457772
520.25,-6.95837,-28.2111,-0.457755
520.3,-6.96047,-28.2107,-0.457704
520.35,-6.96241,-28.2102,-0.457636
520.4,-6.96138,-28.2067,-0.457271
520.45,-6.96246,-28.2054,-0.457118
520.5,-6.96622,-28.2067,-0.457233
520.55,-6.95895,-28.197,-0.456244
520.6,-6.96419,-28.1998,-0.456507
520.65,-6.96857,-28.2017,-0.456684
520.7,-6.96565,-28.1964,-0.45613
520.75,-6.97035,-28.1986,-0.456339
520.8,-6.9739,-28.1997,-0.456434
520.85,-6.96694,-28.1903,-0.455476
520.9,-6.97267,-28.1936,-0.455789
520.95,-6.97663,-28.1952,-0.455924
521,-6.97243,-28.1885,-0.455244
521.05,-6.98112,-28.1948,-0.455852
521.1,-6.97927,-28.1905,-0.455406
521.15,-6.97551,-28.1843,-0.45477
521.2,-6.98519,-28.1916,-0.455478
521.25,-6.9794,-28.1834,-0.454638
521.3,-6.98687,-28.1884,-0.455125
521.35,-6.98601,-28.1851,-0.454779
521.4,-6.98494,-28.1817,-0.454413
521.45,-6.99214,-28.1864,-0.454873
521.5,-6.99012,-28.182,-0.454412
521.55,-6.99223,-28.1817,-0.454363
521.6,-6.99387,-28.1809,-0.454267
521.65,-6.99311,-28.1778,-0.453932
521.7,-6.98979,-28.172,-0.453341
521.75,-6.99555,-28.1754,-0.453658
521.8,-6.99582,-28.1732,-0.453426
521.85,-7.00316,-28.1782,-0.453902
521.9,-6.99945,-28.172,-0.453272
521.95,-6.99726,-28.1674,-0.452795
522,-7.00427,-28.1721,-0.453238
522.05,-7.00291,-28.1683,-0.452843
522.1,-7.00203,-28.165,-0.452498
522.15,-7.00288,-28.1635,-0.452325
522.2,-7.00448,-28.1627,-0.452228
522.25,-7.00928,-28.1651,-0.45245
522.3,-7.01343,-28.1668,-0.452608
522.35,-7.00719,-28.1582,-0.451727
522.4,-7.01362,-28.1622,-0.452113
522.45,-7.01211,-28.1583,-0.451705
522.5,-7.01844,-28.1622,-0.452081
522.55,-7.01929,-28.1607,-0.45191
522.6,-7.01508,-28.1541,-0.451233
522.65,-7.01817,-28.1548,-0.451286
522.7,-7.02389,-28.1581,-0.451602
522.75,-7.01798,-28.1498,-0.450755
522.8,-7.0239,-28.1534,-0.451092
522.85,-7.02572,-28.1528,-0.451018
522.9,-7.02758,-28.1523,-0.450948
522.95,-7.03107,-28.1534,-0.451042
523,-7.02871,-28.1486,-0.450552
523.05,-7.02719,-28.1447,-0.450145
523.1,-7.03143,-28.1466,-0.450314
523.15,-7.02935,-28.1421,-0.449852
523.2,-7.03572,-28.1461,-0.450234
523.25,-7.03527,-28.1433,-0.449936
523.3,-7.0376,-28.1433,-0.449915
523.35,-7.04289,-28.1462,-0.45019
523.4,-7.03844,-28.1394,-0.449492
523.45,-7.03571,-28.1342,-0.448966
523.5,-7.03747,-28.1336,-0.448888
523.55,-7.0387,-28.1325,-0.448758
523.6,-7.04327,-28.1347,-0.448962
523.65,-7.04281,-28.1319,-0.448664
523.7,-7.04355,-28.1302,-0.448485
523.75,-7.0484,-28.1327,-0.448718
523.8,-7.05141,-28.1334,-0.448767
523.85,-7.05497,-28.1346,-0.448871
523.9,-7.05225,-28.1295,-0.448347
523.95,-7.05038,-28.1252,-0.447909
524,-7.05111,-28.1236,-0.44773
524.05,-7.0534,-28.1235,-0.447708
524.1,-7.06107,-28.1288,-0.448224
524.15,-7.05628,-28.1217,-0.447494
524.2,-7.06035,-28.1234,-0.44765
524.25,-7.06243,-28.1231,-0.447608
524.3,-7.06042,-28.1188,-0.447156
524.35,-7.05911,-28.1151,-0.446775
524.4,-7.06171,-28.1153,-0.446785
524.45,-7.07025,-28.1215,-0.44739
524.5,-7.07113,-28.12,-0.447228
524.55,-7.07012,-28.1167,-0.446878
524.6,-7.06595,-28.1101,-0.44621
524.65,-7.06988,-28.1116,-0.446352
524.7,-7.07557,-28.1148,-0.44667
524.75,-7.0765,-28.1134,-0.446512
524.8,-7.0787,-28.1131,-0.446481
524.85,-7.07544,-28.1075,-0.445904
524.9,-7.08037,-28.11,-0.446146
524.95,-7.07685,-28.104,-0.445543
525,-7.07958,-28.1044,-0.445565
525.05,-7.085,-28.1074,-0.445855
525.1,-7.08143,-28.1014,-0.445247
525.15,-7.08745,-28.105,-0.445598
525.2,-7.08115,-28.0963,-0.444717
525.25,-7.08705,-28.0998,-0.445056
525.3,-7.08665,-28.097,-0.444765
525.35,-7.0921,-28.1,-0.445058
525.4,-7.0903,-28.0958,-0.444627
525.45,-7.09593,-28.0991,-0.444939
525.5,-7.08825,-28.089,-0.44392
525.55,-7.09597,-28.0943,-0.444441
525.6,-7.09272,-28.0886,-0.443864
525.65,-7.10157,-28.095,-0.444496
525.7,-7.10331,-28.0943,-0.444417
525.75,-7.10291,-28.0914,-0.444124
525.8,-7.1026,-28.0886,-0.44384
525.85,-7.10108,-28.0846,-0.443435
525.9,-7.10812,-28.0892,-0.443885
525.95,-7.10917,-28.0878,-0.443736
526,-7.10497,-28.0812,-0.443063
526.05,-7.11165,-28.0854,-0.443477
526.1,-7.11043,-28.0817,-0.4431
526.15,-7.11073,-28.0796,-0.442877
526.2,-7.11001,-28.0764,-0.44255
526.25,-7.11313,-28.0771,-0.442608
526.3,-7.11303,-28.0745,-0.442343
526.35,-7.11317,-28.0722,-0.442103
526.4,-7.1217,-28.0783,-0.442701
526.45,-7.1152,-28.0694,-0.441796
526.5,-7.12049,-28.0722,-0.442071
526.55,-7.12042,-28.0697,-0.441809
526.6,-7.12801,-28.0749,-0.442313
526.65,-7.12842,-28.0728,-0.442099
526.7,-7.12305,-28.0651,-0.441308
526.75,-7.12302,-28.0626,-0.44105
526.8,-7.12802,-28.0652,-0.441295
526.85,-7.13095,-28.0657,-0.441333
526.9,-7.13506,-28.0673,-0.441489
526.95,-7.13695,-28.0668,-0.441423
527,-7.13419,-28.0616,-0.440893
527.05,-7.13932,-28.0643,-0.441151
527.1,-7.13759,-28.0602,-0.440723
527.15,-7.1402,-28.0604,-0.440729
527.2,-7.14278,-28.0605,-0.440732
527.25,-7.14138,-28.0567,-0.440339
527.3,-7.14222,-28.0551,-0.440168
527.35,-7.14318,-28.0536,-0.440008
527.4,-7.14898,-28.0569,-0.440332
527.45,-7.14552,-28.051,-0.43973
527.5,-7.14615,-28.0492,-0.439537
527.55,-7.14636,-28.0469,-0.439302
527.6,-7.14819,-28.0463,-0.439229
527.65,-7.1562,-28.0518,-0.439773
527.7,-7.15532,-28.0485,-0.439428
527.75,-7.15504,-28.0457,-0.439144
527.8,-7.15478,-28.043,-0.438861
527.85,-7.16242,-28.0482,-0.439368
527.9,-7.16091,-28.0442,-0.43896
527.95,-7.1578,-28.0386,-0.438392
528,-7.15755,-28.0359,-0.438111
528.05,-7.15997,-28.0359,-0.438095
528.1,-7.16541,-28.0389,-0.438382
528.15,-7.16139,-28.0324,-0.437723
528.2,-7.16285,-28.0314,-0.437612
528.25,-7.17156,-28.0377,-0.438227
528.3,-7.16616,-28.0299,-0.437429
528.35,-7.17125,-28.0325,-0.437681
528.4,-7.17154,-28.0304,-0.437453
528.45,-7.17889,-28.0353,-0.437931
528.5,-7.17452,-28.0285,-0.437238
528.55,-7.18071,-28.0322,-0.4376
528.6,-7.18184,-28.0309,-0.437456
528.65,-7.18441,-28.0311,-0.437455
528.7,-7.18186,-28.0261,-0.436944
528.75,-7.18425,-28.026,-0.436926
528.8,-7.1841,-28.0234,-0.436655
528.85,-7.18106,-28.018,-0.436093
528.9,-7.18299,-28.0175,-0.43603
528.95,-7.18723,-28.0192,-0.436197
529,-7.1893,-28.0189,-0.436147
529.05,-7.19044,-28.0176,-0.436004
529.1,-7.19351,-28.0182,-0.436054
529.15,-7.19612,-28.0183,-0.436058
529.2,-7.19403,-28.0136,-0.435589
529.25,-7.19496,-28.012,-0.435421
529.3,-7.19595,-28.0104,-0.435261
529.35,-7.2022,-28.0141,-0.435626
529.4,-7.19936,-28.0087,-0.435081
529.45,-7.20744,-28.0142,-0.435628
529.5,-7.19918,-28.0034,-0.43454
529.55,-7.2047,-28.0064,-0.43483
529.6,-7.2038,-28.0029,-0.434478
529.65,-7.20959,-28.0062,-0.434795
529.7,-7.20969,-28.0038,-0.434543
529.75,-7.20886,-28.0004,-0.434197
529.8,-7.21202,-28.001,-0.434251
529.85,-7.21543,-28.0018,-0.434328
529.9,-7.21846,-28.0022,-0.434365
529.95,-7.22069,-28.0018,-0.434322
530,-7.2202,-27.9986,-0.434005
530.05,-7.21756,-27.9933,-0.433473
530.1,-7.22462,-27.9977,-0.433911
530.15,-7.22389,-27.9943,-0.433569
530.2,-7.22244,-27.9902,-0.433155
530.25,-7.2256,-27.9907,-0.433201
530.3,-7.22589,-27.9883,-0.432959
530.35,-7.23292,-27.9927,-0.433391
530.4,-7.23166,-27.9887,-0.432993
530.45,-7.2325,-27.9869,-0.432805
530.5,-7.23239,-27.9842,-0.432522
530.55,-7.24182,-27.991,-0.433193
530.6,-7.24243,-27.9889,-0.43298
530.65,-7.24397,-27.9879,-0.432861
530.7,-7.24452,-27.9858,-0.432642
530.75,-7.24149,-27.9801,-0.432065
530.8,-7.2424,-27.9784,-0.431882
530.85,-7.25244,-27.9858,-0.432611
530.9,-7.25423,-27.9849,-0.432514
530.95,-7.25094,-27.9789,-0.431907
531,-7.25766,-27.9828,-0.432301
531.05,-7.25974,-27.9821,-0.43223
531.1,-7.2605,-27.9801,-0.432027
531.15,-7.25486,-27.9717,-0.431181
531.2,-7.26124,-27.9753,-0.431537
531.25,-7.26059,-27.9718,-0.431191
531.3,-7.26259,-27.9711,-0.431107
531.35,-7.27056,-27.9763,-0.431621
531.4,-7.27171,-27.9746,-0.431452
531.45,-7.27507,-27.9752,-0.431503
531.5,-7.27356,-27.971,-0.431067
531.55,-7.27249,-27.9672,-0.430674
531.6,-7.27148,-27.9634,-0.430287
531.65,-7.27533,-27.9645,-0.430385
531.7,-7.28181,-27.9682,-0.430746
531.75,-7.27764,-27.9613,-0.430042
531.8,-7.28294,-27.9639,-0.430284
531.85,-7.288,-27.9662,-0.430501
531.9,-7.28917,-27.9647,-0.43033
531.95,-7.2915,-27.9643,-0.430275
532,-7.2957,-27.9658,-0.430406
532.05,-7.29507,-27.9625,-0.430054
532.1,-7.29515,-27.9598,-0.429773
532.15,-7.29827,-27.9602,-0.429795
532.2,-7.29751,-27.9568,-0.42943
532.25,-7.29647,-27.953,-0.429035
532.3,-7.30488,-27.9588,-0.429587
532.35,-7.30337,-27.9546,-0.429146
532.4,-7.30065,-27.9492,-0.428584
532.45,-7.30907,-27.9549,-0.429136
532.5,-7.31245,-27.9556,-0.429183
532.55,-7.3146,-27.9551,-0.429108
532.6,-7.31324,-27.951,-0.428681
532.65,-7.31548,-27.9506,-0.428615
532.7,-7.32009,-27.9526,-0.428786
532.75,-7.31321,-27.943,-0.427807
532.8,-7.32291,-27.95,-0.428487
532.85,-7.31763,-27.9421,-0.427669
532.9,-7.32684,-27.9487,-0.428299
532.95,-7.32581,-27.945,-0.427907
533,-7.32201,-27.9385,-0.427236
533.05,-7.32785,-27.9417,-0.42753
533.1,-7.33389,-27.9451,-0.427844
533.15,-7.32722,-27.9358,-0.426887
533.2,-7.33505,-27.941,-0.42738
533.25,-7.33572,-27.939,-0.427158
533.3,-7.33305,-27.9337,-0.426601
533.35,-7.33434,-27.9324,-0.42644
533.4,-7.33823,-27.9336,-0.42654
533.45,-7.3449,-27.9377,-0.426918
533.5,-7.3467,-27.9368,-0.426808
533.55,-7.34297,-27.9305,-0.426147
533.6,-7.3472,-27.9321,-0.426281
533.65,-7.34726,-27.9295,-0.425998
533.7,-7.35485,-27.9345,-0.426469
533.75,-7.35652,-27.9336,-0.426348
533.8,-7.35374,-27.9282,-0.425781
533.85,-7.35795,-27.9298,-0.425914
533.9,-7.35633,-27.9255,-0.425464
533.95,-7.35904,-27.9256,-0.425448
534,-7.35989,-27.9239,-0.425245
534.05,-7.35986,-27.9213,-0.424956
534.1,-7.36296,-27.9218,-0.424979
534.15,-7.36068,-27.9169,-0.424463
534.2,-7.37113,-27.9247,-0.425222
534.25,-7.36708,-27.9181,-0.42453
534.3,-7.36615,-27.9146,-0.424151
534.35,-7.37455,-27.9204,-0.424706
534.4,-7.37347,-27.9167,-0.424312
534.45,-7.37,-27.9106,-0.42368
534.5,-7.37565,-27.9137,-0.423959
534.55,-7.37902,-27.9145,-0.424011
534.6,-7.37966,-27.9126,-0.423791
534.65,-7.37962,-27.9099,-0.423502
534.7,-7.3846,-27.9123,-0.423716
534.75,-7.38135,-27.9065,-0.423107
534.8,-7.39027,-27.9129,-0.423714
534.85,-7.39086,-27.9109,-0.42349
534.9,-7.38719,-27.9046,-0.42284
534.95,-7.38829,-27.9032,-0.422667
535,-7.39385,-27.9062,-0.422941
535.05,-7.39028,-27.9,-0.422301
535.1,-7.39597,-27.9032,-0.422588
535.15,-7.39407,-27.8987,-0.422115
535.2,-7.39887,-27.9009,-0.422314
535.25,-7.40047,-27.9,-0.422192
535.3,-7.39856,-27.8955,-0.42172
535.35,-7.3989,-27.8933,-0.421473
535.4,-7.40305,-27.8949,-0.421607
535.45,-7.40784,-27.8972,-0.421806
535.5,-7.40924,-27.896,-0.421665
535.55,-7.41257,-27.8968,-0.421718
535.6,-7.41568,-27.8974,-0.42175
535.65,-7.40852,-27.8876,-0.420755
535.7,-7.41792,-27.8945,-0.421415
535.75,-7.41984,-27.8939,-0.421328
535.8,-7.41699,-27.8885,-0.420764
535.85,-7.41381,-27.8828,-0.420168
535.9,-7.42251,-27.8889,-0.42076
535.95,-7.41694,-27.8808,-0.419925
536,-7.41867,-27.88,-0.419821
536.05,-7.42139,-27.8802,-0.419815
536.1,-7.42757,-27.8839,-0.420156
536.15,-7.42833,-27.8821,-0.419955
536.2,-7.42938,-27.8806,-0.419784
536.25,-7.42894,-27.8777,-0.419463
536.3,-7.43484,-27.8811,-0.419778
536.35,-7.43321,-27.8769,-0.419339
536.4,-7.43175,-27.8729,-0.418918
536.45,-7.43238,-27.871,-0.418706
536.5,-7.44027,-27.8764,-0.419219
536.55,-7.44278,-27.8764,-0.419196
536.6,-7.43825,-27.8694,-0.418469
536.65,-7.44025,-27.8688,-0.418394
536.7,-7.43928,-27.8654,-0.418023
536.75,-7.44798,-27.8716,-0.41862
536.8,-7.45,-27.8711,-0.418548
536.85,-7.44554,-27.8641,-0.41783
536.9,-7.45302,-27.8691,-0.418305
536.95,-7.44762,-27.8612,-0.417492
537,-7.4564,-27.8675,-0.418098
537.05,-7.45372,-27.8623,-0.417558
537.1,-7.46009,-27.8662,-0.417923
537.15,-7.46043,-27.864,-0.417687
537.2,-7.45905,-27.8601,-0.417276
537.25,-7.46327,-27.8618,-0.417428
537.3,-7.46399,-27.8601,-0.41723
537.35,-7.45821,-27.8518,-0.416381
537.4,-7.46773,-27.8588,-0.417062
537.45,-7.46562,-27.8542,-0.416582
537.5,-7.46273,-27.8489,-0.416024
537.55,-7.47246,-27.8561,-0.416727
537.6,-7.47154,-27.8527,-0.416366
537.65,-7.47332,-27.852,-0.416275
537.7,-7.47229,-27.8485,-0.415903
537.75,-7.47091,-27.8446,-0.415498
537.8,-7.48073,-27.852,-0.416212
537.85,-7.4741,-27.8429,-0.41528
537.9,-7.47959,-27.8459,-0.415562
537.95,-7.47645,-27.8403,-0.414981
538,-7.47895,-27.8403,-0.414964
538.05,-7.48083,-27.8397,-0.414885
538.1,-7.48872,-27.8451,-0.415407
538.15,-7.4852,-27.8391,-0.414789
538.2,-7.48758,-27.8391,-0.414761
538.25,-7.49302,-27.842,-0.415039
538.3,-7.48672,-27.8333,-0.414144
538.35,-7.48965,-27.8337,-0.414171
538.4,-7.48915,-27.8308,-0.413857
538.45,-7.49886,-27.838,-0.414563
538.5,-7.49491,-27.8316,-0.413904
538.55,-7.50174,-27.836,-0.414322
538.6,-7.4973,-27.8291,-0.413614
538.65,-7.49827,-27.8276,-0.413447
538.7,-7.50398,-27.8309,-0.413755
538.75,-7.5067,-27.8311,-0.413763
538.8,-7.50043,-27.8224,-0.412874
538.85,-7.50543,-27.825,-0.413111
538.9,-7.51092,-27.828,-0.413397
538.95,-7.50273,-27.8174,-0.412316
539,-7.50417,-27.8164,-0.412199
539.05,-7.51534,-27.8251,-0.413054
539.1,-7.51544,-27.8227,-0.412802
539.15,-7.51454,-27.8194,-0.412451
539.2,-7.51606,-27.8185,-0.412342
539.25,-7.5137,-27.8137,-0.411844
539.3,-7.52,-27.8175,-0.412214
539.35,-7.51992,-27.815,-0.411946
539.4,-7.5195,-27.8122,-0.411644
539.45,-7.51988,-27.8101,-0.411422
539.5,-7.52525,-27.813,-0.4117
539.55,-7.52592,-27.8113,-0.411507
539.6,-7.52678,-27.8097,-0.411334
539.65,-7.52863,-27.8091,-0.41126
539.7,-7.52438,-27.8025,-0.410576
539.75,-7.52623,-27.8019,-0.410502
539.8,-7.53212,-27.8053,-0.410833
539.85,-7.53017,-27.801,-0.410381
539.9,-7.53355,-27.8019,-0.410461
539.95,-7.53756,-27.8035,-0.410605
540,-7.53394,-27.7975,-0.409985
540.05,-7.53199,-27.7931,-0.409533
540.1,-7.54145,-27.8001,-0.410222
540.15,-7.542,-27.7983,-0.410021
540.2,-7.53965,-27.7935,-0.409529
540.25,-7.54345,-27.7949,-0.409653
540.3,-7.54535,-27.7944,-0.409587
540.35,-7.54537,-27.792,-0.409333
540.4,-7.5428,-27.787,-0.408821
540.45,-7.54886,-27.7906,-0.409173
540.5,-7.54943,-27.7887,-0.408972
540.55,-7.54706,-27.7839,-0.408479
540.6,-7.55301,-27.7873,-0.408816
540.65,-7.55233,-27.7842,-0.408492
540.7,-7.55772,-27.7871,-0.408774
540.75,-7.55383,-27.7807,-0.408129
540.8,-7.55944,-27.7839,-0.408434
540.85,-7.55979,-27.7818,-0.408212
540.9,-7.56449,-27.784,-0.408425
540.95,-7.55834,-27.7754,-0.407554
541,-7.55774,-27.7723,-0.407237
541.05,-7.56646,-27.7786,-0.407853
541.1,-7.56966,-27.7793,-0.407916
541.15,-7.56858,-27.7757,-0.407552
541.2,-7.56783,-27.7725,-0.407221
541.25,-7.56545,-27.7677,-0.406726
541.3,-7.5749,-27.7747,-0.407415
541.35,-7.56872,-27.7661,-0.406541
541.4,-7.57308,-27.768,-0.406721
541.45,-7.5746,-27.767,-0.406617
541.5,-7.57112,-27.7611,-0.406013
541.55,-7.58054,-27.7681,-0.406699
541.6,-7.5788,-27.7639,-0.40627
541.65,-7.58348,-27.7661,-0.406482
541.7,-7.58214,-27.7624,-0.406093
541.75,-7.58676,-27.7645,-0.406299
541.8,-7.58394,-27.7593,-0.405762
541.85,-7.58321,-27.7561,-0.405433
541.9,-7.58655,-27.757,-0.405513
541.95,-7.58987,-27.7579,-0.40559
542,-7.59387,-27.7595,-0.405735
542.05,-7.5864,-27.7495,-0.404733
542.1,-7.59596,-27.7567,-0.405435
542.15,-7.59451,-27.7528,-0.405035
542.2,-7.59497,-27.7508,-0.404827
542.25,-7.59853,-27.752,-0.404929
542.3,-7.60182,-27.7528,-0.405003
542.35,-7.5965,-27.7451,-0.404218
542.4,-7.59904,-27.7452,-0.404218
542.45,-7.60563,-27.7494,-0.404624
542.5,-7.6028,-27.7441,-0.404087
542.55,-7.60336,-27.7423,-0.40389
542.6,-7.60732,-27.7438,-0.404033
542.65,-7.60631,-27.7404,-0.403679
542.7,-7.60443,-27.7361,-0.403238
542.75,-7.60628,-27.7355,-0.403171
542.8,-7.61154,-27.7384,-0.403444
542.85,-7.60775,-27.7322,-0.402813
542.9,-7.61208,-27.7341,-0.402993
542.95,-7.61033,-27.7299,-0.402567
543,-7.61672,-27.7339,-0.402954
543.05,-7.61622,-27.731,-0.402652
543.1,-7.61255,-27.7249,-0.402033
543.15,-7.61586,-27.7259,-0.402114
543.2,-7.6187,-27.7263,-0.402146
543.25,-7.62237,-27.7276,-0.402262
543.3,-7.61896,-27.7218,-0.401671
543.35,-7.62765,-27.728,-0.402289
543.4,-7.62925,-27.7272,-0.402199
543.45,-7.62787,-27.7235,-0.40181
543.5,-7.62856,-27.7218,-0.401629
543.55,-7.63284,-27.7237,-0.401807
543.6,-7.63267,-27.7211,-0.40154
543.65,-7.63161,-27.7176,-0.401184
543.7,-7.63313,-27.7168,-0.401087
543.75,-7.6321,-27.7134,-0.400735
543.8,-7.6333,-27.7122,-0.400606
543.85,-7.63679,-27.7133,-0.400707
543.9,-7.63915,-27.7132,-0.400693
543.95,-7.64158,-27.7133,-0.400688
544,-7.64038,-27.7097,-0.40032
544.05,-7.6386,-27.7056,-0.399894
544.1,-7.64031,-27.7049,-0.399817
544.15,-7.64178,-27.704,-0.399715
544.2,-7.6477,-27.7075,-0.400061
544.25,-7.64625,-27.7037,-0.399668
544.3,-7.64828,-27.7033,-0.399624
544.35,-7.64818,-27.7009,-0.399367
544.4,-7.65166,-27.702,-0.399468
544.45,-7.64674,-27.6947,-0.398729
544.5,-7.65363,-27.6992,-0.399171
544.55,-7.65222,-27.6954,-0.398785
544.6,-7.65553,-27.6964,-0.39887
544.65,-7.65748,-27.696,-0.398819
544.7,-7.65813,-27.6942,-0.398638
544.75,-7.65301,-27.6868,-0.397881
544.8,-7.65737,-27.6887,-0.39807
544.85,-7.66336,-27.6924,-0.398424
544.9,-7.66568,-27.6923,-0.398411
544.95,-7.66037,-27.6847,-0.397636
545,-7.66373,-27.6857,-0.397727
545.05,-7.66549,-27.6851,-0.397659
545.1,-7.66322,-27.6804,-0.397188
545.15,-7.66516,-27.68,-0.397137
545.2,-7.66463,-27.6771,-0.39684
545.25,-7.67263,-27.6828,-0.397397
545.3,-7.6723,-27.6801,-0.39712
545.35,-7.67173,-27.6772,-0.39682
545.4,-7.67201,-27.6751,-0.396604
545.45,-7.6728,-27.6735,-0.39644
545.5,-7.67344,-27.6718,-0.396261
545.55,-7.68128,-27.6773,-0.396803
545.6,-7.67907,-27.6728,-0.396339
545.65,-7.68019,-27.6715,-0.39621
545.7,-7.67828,-27.6673,-0.395776
545.75,-7.68078,-27.6674,-0.395784
545.8,-7.67924,-27.6636,-0.395388
545.85,-7.68814,-27.6701,-0.396037
545.9,-7.68933,-27.669,-0.395915
545.95,-7.69006,-27.6674,-0.395746
546,-7.68283,-27.6578,-0.394782
546.05,-7.6897,-27.6623,-0.395229
546.1,-7.68783,-27.6581,-0.3948
546.15,-7.6927,-27.6606,-0.395047
546.2,-7.69033,-27.6559,-0.394569
546.25,-7.6879,-27.6512,-0.394086
546.3,-7.69647,-27.6574,-0.394703
546.35,-7.69725,-27.6559,-0.394542
546.4,-7.69962,-27.6559,-0.394539
546.45,-7.69932,-27.6533,-0.39427
546.5,-7.69362,-27.6452,-0.39346
546.55,-7.69816,-27.6475,-0.393675
546.6,-7.69844,-27.6454,-0.393464
546.65,-7.69929,-27.6439,-0.39331
546.7,-7.70459,-27.6469,-0.393601
546.75,-7.70316,-27.6431,-0.39322
546.8,-7.70084,-27.6385,-0.39275
546.85,-7.70463,-27.64,-0.392891
546.9,-7.71146,-27.6445,-0.393336
546.95,-7.70825,-27.6389,-0.392777
547,-7.71167,-27.64,-0.392881
547.05,-7.70797,-27.634,-0.392275
547.1,-7.71143,-27.6352,-0.392383
547.15,-7.71149,-27.6329,-0.392152
547.2,-7.71776,-27.6369,-0.392542
547.25,-7.71814,-27.6349,-0.392344
547.3,-7.71955,-27.634,-0.392248
547.35,-7.71312,-27.6253,-0.391368
547.4,-7.72126,-27.6311,-0.391946
547.45,-7.7227,-27.6303,-0.391854
547.5,-7.71585,-27.6211,-0.390933
547.55,-7.72562,-27.6285,-0.391674
547.6,-7.7228,-27.6234,-0.391156
547.65,-7.72292,-27.6212,-0.390934
547.7,-7.72643,-27.6224,-0.391049
547.75,-7.73009,-27.6238,-0.39118
547.8,-7.72665,-27.6181,-0.390602
547.85,-7.72759,-27.6167,-0.390461
547.9,-7.73091,-27.6177,-0.390558
547.95,-7.72871,-27.6132,-0.390104
548,-7.72822,-27.6104,-0.389821
548.05,-7.73471,-27.6146,-0.390235
548.1,-7.73593,-27.6135,-0.390123
548.15,-7.7346,-27.6099,-0.389756
548.2,-7.73081,-27.6038,-0.389143
548.25,-7.73621,-27.6069,-0.38945
548.3,-7.73233,-27.6007,-0.388829
548.35,-7.7351,-27.6012,-0.388873
548.4,-7.74318,-27.607,-0.389448
548.45,-7.74503,-27.6065,-0.389399
548.5,-7.74346,-27.6027,-0.389011
548.55,-7.74386,-27.6008,-0.388818
548.6,-7.7409,-27.5955,-0.38829
548.65,-7.7417,-27.5941,-0.388137
548.7,-7.74104,-27.5911,-0.38784
548.75,-7.74325,-27.591,-0.387829
548.8,-7.74334,-27.5888,-0.387605
548.85,-7.75299,-27.5962,-0.388339
548.9,-7.74767,-27.5886,-0.387576
548.95,-7.7548,-27.5934,-0.388057
549,-7.7548,-27.5912,-0.387827
549.05,-7.75154,-27.5856,-0.387269
549.1,-7.75735,-27.5891,-0.387619
549.15,-7.75344,-27.5829,-0.386998
549.2,-7.75922,-27.5864,-0.387345
549.25,-7.75745,-27.5824,-0.386937
549.3,-7.75613,-27.5788,-0.386575
549.35,-7.75739,-27.5778,-0.386471
549.4,-7.75547,-27.5736,-0.38605
549.45,-7.75639,-27.5722,-0.385912
549.5,-7.76438,-27.5779,-0.386481
549.55,-7.7609,-27.5722,-0.385904
549.6,-7.76723,-27.5762,-0.386307
549.65,-7.76536,-27.5721,-0.385892
549.7,-7.76949,-27.574,-0.386075
549.75,-7.77096,-27.5732,-0.385993
549.8,-7.76343,-27.5634,-0.385011
549.85,-7.77262,-27.5703,-0.385701
549.9,-7.76579,-27.5612,-0.384791
549.95,-7.77528,-27.5684,-0.385511
550,-7.77525,-27.5661,-0.38528
550.05,-7.77581,-27.5644,-0.385108
550.1,-7.77464,-27.561,-0.384763
550.15,-7.7706,-27.5547,-0.384131
550.2,-7.7809,-27.5627,-0.384934
550.25,-7.77803,-27.5575,-0.384419
550.3,-7.77515,-27.5524,-0.383903
550.35,-7.77448,-27.5495,-0.38361
550.4,-7.78021,-27.5529,-0.383955
550.45,-7.78097,-27.5514,-0.383804
550.5,-7.78638,-27.5546,-0.384119
550.55,-7.78108,-27.547,-0.383362
550.6,-7.78754,-27.5512,-0.383781
550.65,-7.78772,-27.5492,-0.383573
550.7,-7.78747,-27.5467,-0.383322
550.75,-7.78867,-27.5456,-0.383216
550.8,-7.78604,-27.5407,-0.382727
550.85,-7.79345,-27.5459,-0.383242
550.9,-7.79488,-27.545,-0.383159
550.95,-7.7893,-27.5372,-0.382376
551,-7.79659,-27.5423,-0.38288
551.05,-7.79498,-27.5384,-0.382494
551.1,-7.79491,-27.5361,-0.382261
551.15,-7.79751,-27.5364,-0.382296
551.2,-7.79301,-27.5297,-0.381621
551.25,-7.79604,-27.5304,-0.381699
551.3,-7.79909,-27.5313,-0.38178
551.35,-7.79604,-27.526,-0.381251
551.4,-7.79724,-27.5249,-0.381146
551.45,-7.80246,-27.5279,-0.381444
551.5,-7.79788,-27.5211,-0.380762
551.55,-7.79804,-27.519,-0.380554
551.6,-7.80281,-27.5215,-0.380807
551.65,-7.80605,-27.5225,-0.380907
551.7,-7.80116,-27.5154,-0.380194
551.75,-7.80522,-27.5172,-0.380377
551.8,-7.80458,-27.5143,-0.38009
551.85,-7.8058,-27.5133,-0.379989
551.9,-7.8082,-27.5134,-0.380006
551.95,-7.81229,-27.5153,-0.380192
552,-7.81327,-27.514,-0.380068
552.05,-7.81009,-27.5086,-0.379526
552.1,-7.81788,-27.5142,-0.380083
552.15,-7.81432,-27.5084,-0.379505
552.2,-7.82033,-27.5122,-0.379883
552.25,-7.81688,-27.5065,-0.379316
552.3,-7.81354,-27.5009,-0.37876
552.35,-7.81592,-27.501,-0.378776
552.4,-7.81888,-27.5018,-0.378851
552.45,-7.81599,-27.4966,-0.378339
552.5,-7.82181,-27.5002,-0.3787
552.55,-7.82108,-27.4973,-0.378406
552.6,-7.82559,-27.4996,-0.378636
552.65,-7.82035,-27.4921,-0.377891
552.7,-7.82125,-27.4908,-0.377759
552.75,-7.83029,-27.4976,-0.378442
552.8,-7.8271,-27.4922,-0.377902
552.85,-7.83007,-27.4929,-0.377979
552.9,-7.82508,-27.4857,-0.37726
552.95,-7.83212,-27.4905,-0.377743
553,-7.82934,-27.4855,-0.377245
553.05,-7.82881,-27.4827,-0.376971
553.1,-7.83503,-27.4867,-0.377373
553.15,-7.83606,-27.4855,-0.377255
553.2,-7.8378,-27.4851,-0.37721
553.25,-7.83817,-27.4832,-0.377027
553.3,-7.83229,-27.4751,-0.376219
553.35,-7.83243,-27.473,-0.376014
553.4,-7.83306,-27.4714,-0.375858
553.45,-7.83862,-27.4748,-0.376194
553.5,-7.8419,-27.4758,-0.376303
553.55,-7.84256,-27.4743,-0.37615
553.6,-7.84397,-27.4735,-0.376072
553.65,-7.84408,-27.4714,-0.375864
553.7,-7.84023,-27.4653,-0.375261
553.75,-7.8467,-27.4696,-0.375689
553.8,-7.84241,-27.4631,-0.375041
553.85,-7.84427,-27.4627,-0.375009
553.9,-7.84217,-27.4584,-0.37458
553.95,-7.84989,-27.4639,-0.375135
554,-7.84791,-27.4597,-0.374719
554.05,-7.85068,-27.4603,-0.374778
554.1,-7.84674,-27.4541,-0.374166
554.15,-7.84833,-27.4535,-0.374107
554.2,-7.85492,-27.4579,-0.374548
554.25,-7.85094,-27.4517,-0.373933
554.3,-7.85063,-27.4492,-0.373684
554.35,-7.85309,-27.4494,-0.373713
554.4,-7.85116,-27.4453,-0.373302
554.45,-7.85493,-27.4468,-0.373463
554.5,-7.85352,-27.4432,-0.373104
554.55,-7.85789,-27.4453,-0.373324
554.6,-7.86021,-27.4454,-0.373338
554.65,-7.86409,-27.4471,-0.373509
554.7,-7.85855,-27.4393,-0.372738
554.75,-7.86168,-27.4403,-0.372834
554.8,-7.865,-27.4414,-0.37295
554.85,-7.86266,-27.4368,-0.372499
554.9,-7.86505,-27.4369,-0.372521
554.95,-7.86818,-27.4378,-0.372616
555,-7.87058,-27.4379,-0.372637
555.05,-7.86539,-27.4304,-0.371899
555.1,-7.86832,-27.431,-0.371974
555.15,-7.87131,-27.4316,-0.372053
555.2,-7.87542,-27.4333,-0.372242
555.25,-7.87366,-27.4291,-0.371845
555.3,-7.87225,-27.4253,-0.371482
555.35,-7.87121,-27.4218,-0.371156
555.4,-7.88046,-27.4286,-0.371857
555.45,-7.87606,-27.4218,-0.371193
555.5,-7.88184,-27.4251,-0.371546
555.55,-7.87819,-27.4191,-0.370956
555.6,-7.88569,-27.4241,-0.371481
555.65,-7.88671,-27.4226,-0.371356
555.7,-7.88385,-27.4172,-0.370841
555.75,-7.88713,-27.418,-0.370941
555.8,-7.88337,-27.4116,-0.370334
555.85,-7.88939,-27.4151,-0.370704
555.9,-7.8843,-27.4074,-0.369963
555.95,-7.8877,-27.4082,-0.37007
556,-7.88658,-27.4045,-0.369724
556.05,-7.88916,-27.4045,-0.369747
556.1,-7.896,-27.4088,-0.370195
556.15,-7.89628,-27.4065,-0.369986
556.2,-7.90182,-27.4094,-0.370303
556.25,-7.90224,-27.4073,-0.370108
556.3,-7.89482,-27.3972,-0.369126
556.35,-7.90287,-27.4026,-0.369691
556.4,-7.9001,-27.3972,-0.369172
556.45,-7.90413,-27.3986,-0.369333
556.5,-7.9043,-27.3961,-0.369107
556.55,-7.9029,-27.3921,-0.368723
556.6,-7.91071,-27.3973,-0.36926
556.65,-7.91274,-27.3967,-0.369218
556.7,-7.91321,-27.3946,-0.36902
556.75,-7.91401,-27.3928,-0.368853
556.8,-7.91319,-27.3893,-0.368524
556.85,-7.91119,-27.3846,-0.368075
556.9,-7.91986,-27.3906,-0.368693
556.95,-7.91717,-27.3852,-0.368173
557,-7.91959,-27.3849,-0.368165
557.05,-7.92287,-27.3855,-0.368241
557.1,-7.92535,-27.3853,-0.368237
557.15,-7.92406,-27.3814,-0.367855
557.2,-7.9271,-27.3817,-0.367905
557.25,-7.92544,-27.3774,-0.367484
557.3,-7.92612,-27.3754,-0.367297
557.35,-7.93406,-27.3807,-0.367835
557.4,-7.93713,-27.381,-0.367885
557.45,-7.93145,-27.3726,-0.367059
557.5,-7.93148,-27.3699,-0.366803
557.55,-7.94212,-27.3777,-0.367607
557.6,-7.93774,-27.3705,-0.366908
557.65,-7.94335,-27.3733,-0.367207
557.7,-7.94296,-27.3701,-0.366905
557.75,-7.94277,-27.3671,-0.366622
557.8,-7.9474,-27.369,-0.36682
557.85,-7.94814,-27.3669,-0.366628
557.9,-7.94454,-27.3605,-0.366002
557.95,-7.95493,-27.3681,-0.366774
558,-7.94823,-27.3587,-0.365837
558.05,-7.95335,-27.361,-0.36608
558.1,-7.9509,-27.3558,-0.365566
558.15,-7.96056,-27.3627,-0.366263
558.2,-7.95627,-27.3557,-0.365564
558.25,-7.96285,-27.3595,-0.365952
558.3,-7.96191,-27.3558,-0.365587
558.35,-7.96541,-27.3565,-0.365665
558.4,-7.96857,-27.3568,-0.365708
558.45,-7.96484,-27.3503,-0.365061
558.5,-7.97413,-27.3567,-0.365715
558.55,-7.96818,-27.348,-0.364846
558.6,-7.9762,-27.3532,-0.365372
558.65,-7.97643,-27.3507,-0.365119
558.7,-7.97767,-27.3491,-0.364966
558.75,-7.97719,-27.3459,-0.364642
558.8,-7.98424,-27.3501,-0.365069
558.85,-7.98463,-27.3477,-0.364831
558.9,-7.98053,-27.3409,-0.364144
558.95,-7.98904,-27.3466,-0.364717
559,-7.98214,-27.337,-0.363748
559.05,-7.98646,-27.3386,-0.363901
559.1,-7.99396,-27.3433,-0.364372
559.15,-7.99097,-27.3376,-0.363794
559.2,-7.9892,-27.3331,-0.363338
559.25,-7.99459,-27.3357,-0.363598
559.3,-7.99972,-27.3381,-0.363831
559.35,-8.00088,-27.3366,-0.363668
559.4,-7.99532,-27.3283,-0.362832
559.45,-8.00516,-27.3354,-0.363536
559.5,-8.00504,-27.3326,-0.363244
559.55,-8.00111,-27.3259,-0.362571
559.6,-8.00439,-27.3265,-0.362619
559.65,-8.01015,-27.3296,-0.362915
559.7,-8.01422,-27.331,-0.363042
559.75,-8.01156,-27.3256,-0.362496
559.8,-8.01225,-27.3236,-0.362285
559.85,-8.01368,-27.3224,-0.362148
559.9,-8.01278,-27.3188,-0.361779
559.95,-8.01489,-27.3182,-0.361709
560,-8.02085,-27.3215,-0.362026
560.05,-8.01749,-27.3155,-0.36141
560.1,-8.02192,-27.3172,-0.361573
560.15,-8.02417,-27.3168,-0.361518
560.2,-8.02932,-27.3193,-0.361754
560.25,-8.02325,-27.3106,-0.360868
560.3,-8.03331,-27.318,-0.361595
560.35,-8.0338,-27.3158,-0.361365
560.4,-8.03641,-27.3158,-0.361348
560.45,-8.03067,-27.3074,-0.360495
560.5,-8.03798,-27.3121,-0.360947
560.55,-8.032,-27.3034,-0.36007
560.6,-8.03889,-27.3077,-0.360482
560.65,-8.04201,-27.3082,-0.360515
560.7,-8.04136,-27.3049,-0.360173
560.75,-8.04481,-27.3057,-0.36024
560.8,-8.04165,-27.2999,-0.359647
560.85,-8.04447,-27.3001,-0.359651
560.9,-8.04742,-27.3005,-0.359669
560.95,-8.04705,-27.2975,-0.359356
561,-8.04805,-27.2959,-0.359179
561.05,-8.04923,-27.2944,-0.359021
561.1,-8.05328,-27.2959,-0.35915
561.15,-8.05593,-27.2959,-0.359138
561.2,-8.05124,-27.2886,-0.358394
561.25,-8.05773,-27.2925,-0.358767
561.3,-8.05608,-27.2882,-0.358327
561.35,-8.06046,-27.29,-0.35849
561.4,-8.06677,-27.2937,-0.358846
561.45,-8.0626,-27.287,-0.358155
561.5,-8.06748,-27.2893,-0.358369
561.55,-8.06814,-27.2873,-0.358161
561.6,-8.06902,-27.2856,-0.357975
561.65,-8.06672,-27.2808,-0.357471
561.7,-8.06803,-27.2795,-0.35733
561.75,-8.07247,-27.2813,-0.357501
561.8,-8.07252,-27.2788,-0.357233
561.85,-8.07231,-27.276,-0.356939
561.9,-8.07566,-27.2768,-0.357002
561.95,-8.07675,-27.2753,-0.356839
562,-8.07923,-27.2752,-0.356816
562.05,-8.07831,-27.2718,-0.356453
562.1,-8.08186,-27.2727,-0.356536
562.15,-8.07967,-27.268,-0.356047
562.2,-8.09032,-27.2761,-0.35684
562.25,-8.09166,-27.2749,-0.356704
562.3,-8.09138,-27.272,-0.356406
562.35,-8.08732,-27.2654,-0.355731
562.4,-8.08993,-27.2655,-0.355722
562.45,-8.09106,-27.2641,-0.355567
562.5,-8.0951,-27.2655,-0.355701
562.55,-8.09718,-27.2651,-0.355641
562.6,-8.09797,-27.2633,-0.355451
562.65,-8.09454,-27.2573,-0.35484
562.7,-8.09774,-27.258,-0.354892
562.75,-8.10233,-27.2601,-0.355083
562.8,-8.10387,-27.2591,-0.35497
562.85,-8.10391,-27.2566,-0.354707
562.9,-8.10137,-27.2515,-0.354187
562.95,-8.10771,-27.2553,-0.354555
563,-8.1121,-27.2572,-0.354727
563.05,-8.11294,-27.2555,-0.354545
563.1,-8.10845,-27.2485,-0.353831
563.15,-8.11222,-27.2497,-0.353943
563.2,-8.10927,-27.2442,-0.353383
563.25,-8.11462,-27.2471,-0.353653
563.3,-8.12136,-27.2513,-0.354062
563.35,-8.11698,-27.2444,-0.35336
563.4,-8.12064,-27.2456,-0.353462
563.45,-8.11926,-27.2417,-0.35306
563.5,-8.1245,-27.2444,-0.353321
563.55,-8.11918,-27.2366,-0.352526
563.6,-8.12543,-27.2403,-0.352888
563.65,-8.12276,-27.2351,-0.352358
563.7,-8.1238,-27.2337,-0.3522
563.75,-8.12924,-27.2366,-0.352482
563.8,-8.12647,-27.2313,-0.351943
563.85,-8.13579,-27.2382,-0.352614
563.9,-8.13572,-27.2356,-0.352346
563.95,-8.13413,-27.2315,-0.351926
564,-8.13315,-27.228,-0.351567
564.05,-8.13569,-27.2281,-0.351561
564.1,-8.13475,-27.2247,-0.351206
564.15,-8.14314,-27.2306,-0.351785
564.2,-8.14082,-27.2258,-0.351295
564.25,-8.14166,-27.2241,-0.351119
564.3,-8.14322,-27.2232,-0.351016
564.35,-8.14104,-27.2185,-0.350539
564.4,-8.15051,-27.2255,-0.351228
564.45,-8.14813,-27.2207,-0.350731
564.5,-8.15088,-27.2209,-0.350749
564.55,-8.15334,-27.2209,-0.350737
564.6,-8.1504,-27.2155,-0.350186
564.65,-8.15728,-27.2199,-0.350616
564.7,-8.15211,-27.2123,-0.349843
564.75,-8.15484,-27.2125,-0.349858
564.8,-8.15568,-27.2109,-0.349686
564.85,-8.15587,-27.2086,-0.349449
564.9,-8.16283,-27.2131,-0.34989
564.95,-8.15596,-27.2038,-0.348947
565,-8.16339,-27.2088,-0.349435
565.05,-8.16424,-27.2072,-0.349264
565.1,-8.16068,-27.2012,-0.348654
565.15,-8.16299,-27.201,-0.34863
565.2,-8.1698,-27.2054,-0.349057
565.25,-8.16593,-27.199,-0.348416
565.3,-8.17232,-27.203,-0.348801
565.35,-8.17501,-27.2032,-0.348816
565.4,-8.16911,-27.1949,-0.347973
565.45,-8.17409,-27.1974,-0.348218
565.5,-8.17384,-27.1947,-0.34794
565.55,-8.17562,-27.1941,-0.347866
565.6,-8.1718,-27.1878,-0.347232
565.65,-8.17927,-27.1928,-0.347726
565.7,-8.17811,-27.1892,-0.347359
565.75,-8.18065,-27.1893,-0.347361
565.8,-8.17763,-27.1839,-0.346808
565.85,-8.18671,-27.1905,-0.347464
565.9,-8.18574,-27.1871,-0.347116
565.95,-8.18087,-27.1798,-0.346379
566,-8.18625,-27.1828,-0.346667
566.05,-8.18672,-27.1808,-0.346464
566.1,-8.193,-27.1847,-0.346842
566.15,-8.19413,-27.1834,-0.346706
566.2,-8.19018,-27.177,-0.346061
566.25,-8.18999,-27.1744,-0.345793
566.3,-8.19255,-27.1745,-0.3458
566.35,-8.19813,-27.1777,-0.346109
566.4,-8.19684,-27.174,-0.345732
566.45,-8.19507,-27.1698,-0.345307
566.5,-8.2025,-27.1748,-0.345801
566.55,-8.19735,-27.1672,-0.345039
566.6,-8.20514,-27.1726,-0.34557
566.65,-8.19773,-27.1628,-0.344582
566.7,-8.20361,-27.1663,-0.344923
566.75,-8.20693,-27.1672,-0.345009
566.8,-8.20438,-27.1622,-0.344507
566.85,-8.20538,-27.1608,-0.344361
566.9,-8.21012,-27.1632,-0.344589
566.95,-8.21041,-27.1611,-0.344372
567,-8.21512,-27.1634,-0.344597
567.05,-8.20835,-27.1542,-0.343675
567.1,-8.20916,-27.1526,-0.343511
567.15,-8.2188,-27.1598,-0.34423
567.2,-8.21825,-27.1569,-0.34393
567.25,-8.21665,-27.1529,-0.343526
567.3,-8.21757,-27.1514,-0.343374
567.35,-8.22275,-27.1542,-0.343648
567.4,-8.21899,-27.1481,-0.343028
567.45,-8.21771,-27.1444,-0.342656
567.5,-8.22678,-27.1511,-0.34332
567.55,-8.22716,-27.1491,-0.343115
567.6,-8.22512,-27.1447,-0.342668
567.65,-8.22924,-27.1464,-0.342837
567.7,-8.22952,-27.1443,-0.342623
567.75,-8.2323,-27.1447,-0.342658
567.8,-8.22501,-27.135,-0.341688
567.85,-8.22663,-27.1343,-0.341607
567.9,-8.23377,-27.139,-0.34208
567.95,-8.23397,-27.1369,-0.341859
568,-8.23261,-27.1331,-0.341481
568.05,-8.23596,-27.1341,-0.341576
568.1,-8.23981,-27.1356,-0.341719
568.15,-8.23502,-27.1284,-0.341001
568.2,-8.23976,-27.1308,-0.341234
568.25,-8.23829,-27.127,-0.340846
568.3,-8.23563,-27.1219,-0.340341
568.35,-8.24662,-27.1306,-0.3412
568.4,-8.24495,-27.1265,-0.340793
568.45,-8.24584,-27.125,-0.340643
568.5,-8.24593,-27.1228,-0.340413
568.55,-8.24778,-27.1223,-0.340359
568.6,-8.25071,-27.1228,-0.340414
568.65,-8.25044,-27.1202,-0.340148
568.7,-8.25074,-27.1182,-0.33994
568.75,-8.25194,-27.117,-0.339822
568.8,-8.24889,-27.1116,-0.339279
568.85,-8.24894,-27.1093,-0.339047
568.9,-8.25415,-27.1122,-0.33933
568.95,-8.25617,-27.1118,-0.339295
569,-8.25377,-27.1071,-0.338818
569.05,-8.25689,-27.1079,-0.338893
569.1,-8.25812,-27.1067,-0.33878
569.15,-8.26252,-27.1088,-0.338983
569.2,-8.25861,-27.1025,-0.338356
569.25,-8.25896,-27.1005,-0.338155
569.3,-8.26498,-27.1042,-0.338521
569.35,-8.26263,-27.0995,-0.338051
569.4,-8.26345,-27.098,-0.337897
569.45,-8.26546,-27.0977,-0.337863
569.5,-8.26217,-27.0921,-0.337299
569.55,-8.27048,-27.098,-0.337895
569.6,-8.26471,-27.0899,-0.337083
569.65,-8.27412,-27.097,-0.33779
569.7,-8.26651,-27.0871,-0.336795
569.75,-8.27434,-27.0926,-0.337344
569.8,-8.27115,-27.087,-0.33679
569.85,-8.26975,-27.0833,-0.336417
569.9,-8.27745,-27.0887,-0.336953
569.95,-8.28145,-27.0904,-0.33712
570,-8.27982,-27.0864,-0.336724
570.05,-8.27648,-27.0807,-0.336157
570.1,-8.28121,-27.0832,-0.336397
570.15,-8.2814,-27.081,-0.336184
570.2,-8.28668,-27.084,-0.336479
570.25,-8.28059,-27.0756,-0.335638
570.3,-8.28087,-27.0735,-0.335434
570.35,-8.28198,-27.0723,-0.335313
570.4,-8.28484,-27.0729,-0.335368
570.45,-8.28923,-27.0749,-0.335575
570.5,-8.29125,-27.0747,-0.335546
570.55,-8.29061,-27.0717,-0.335251
570.6,-8.28703,-27.0658,-0.334661
570.65,-8.28918,-27.0656,-0.334646
570.7,-8.29184,-27.066,-0.334682
570.75,-8.29325,-27.0651,-0.334592
570.8,-8.29467,-27.0642,-0.334503
570.85,-8.29226,-27.0595,-0.334033
570.9,-8.30023,-27.0652,-0.3346
570.95,-8.30138,-27.064,-0.334485
571,-8.2999,-27.0602,-0.334108
571.05,-8.3035,-27.0615,-0.334238
571.1,-8.30188,-27.0576,-0.333847
571.15,-8.30354,-27.057,-0.333785
571.2,-8.30549,-27.0566,-0.33375
571.25,-8.30518,-27.054,-0.333491
571.3,-8.30361,-27.0501,-0.333105
571.35,-8.30129,-27.0455,-0.332645
571.4,-8.30851,-27.0505,-0.33314
571.45,-8.30357,-27.0432,-0.332417
571.5,-8.30419,-27.0415,-0.332251
571.55,-8.30872,-27.0438,-0.332477
571.6,-8.30938,-27.0422,-0.332316
571.65,-8.31367,-27.0442,-0.332518
571.7,-8.31734,-27.0455,-0.332657
571.75,-8.31221,-27.0381,-0.331918
571.8,-8.31937,-27.043,-0.332407
571.85,-8.31227,-27.0336,-0.33147
571.9,-8.31721,-27.0363,-0.331737
571.95,-8.31617,-27.033,-0.331408
572,-8.32241,-27.0369,-0.331806
572.05,-8.31833,-27.0305,-0.331172
572.1,-8.31562,-27.0256,-0.330675
572.15,-8.31723,-27.0249,-0.33061
572.2,-8.32426,-27.0296,-0.331088
572.25,-8.32318,-27.0263,-0.330754
572.3,-8.32516,-27.026,-0.330728
572.35,-8.32258,-27.0211,-0.330245
572.4,-8.32806,-27.0243,-0.330568
572.45,-8.32698,-27.021,-0.330236
572.5,-8.32452,-27.0163,-0.329766
572.55,-8.32749,-27.017,-0.329838
572.6,-8.329,-27.0162,-0.329764
572.65,-8.3339,-27.0188,-0.33003
572.7,-8.32751,-27.0102,-0.329168
572.75,-8.32994,-27.0103,-0.329187
572.8,-8.33352,-27.0116,-0.329322
572.85,-8.33454,-27.0104,-0.329201
572.9,-8.33364,-27.0072,-0.328887
572.95,-8.33343,-27.0048,-0.328643
573,-8.3385,-27.0076,-0.328928
573.05,-8.33721,-27.004,-0.328576
573.1,-8.34053,-27.0051,-0.328685
573.15,-8.34526,-27.0076,-0.328936
573.2,-8.33726,-26.9973,-0.327914
573.25,-8.34324,-27.001,-0.32829
573.3,-8.34184,-26.9974,-0.327928
573.35,-8.34001,-26.9933,-0.327523
573.4,-8.34789,-26.9989,-0.32809
573.45,-8.35044,-26.9992,-0.328123
573.5,-8.34657,-26.9931,-0.327515
573.55,-8.34971,-26.994,-0.327608
573.6,-8.34718,-26.9892,-0.327134
573.65,-8.34962,-26.9894,-0.327157
573.7,-8.35338,-26.9909,-0.327312
573.75,-8.34691,-26.9822,-0.326444
573.8,-8.35727,-26.9903,-0.327261
573.85,-8.35204,-26.9828,-0.326517
573.9,-8.35201,-26.9805,-0.326293
573.95,-8.35687,-26.9832,-0.32656
574,-8.35959,-26.9836,-0.326612
574.05,-8.35612,-26.9779,-0.326046
574.1,-8.36298,-26.9825,-0.326512
574.15,-8.35624,-26.9736,-0.325618
574.2,-8.3567,-26.9718,-0.325445
574.25,-8.35621,-26.9691,-0.325177
574.3,-8.36092,-26.9715,-0.32543
574.35,-8.364,-26.9724,-0.325518
574.4,-8.36357,-26.9697,-0.325257
574.45,-8.36642,-26.9703,-0.325324
574.5,-8.36833,-26.97,-0.325296
574.55,-8.36201,-26.9614,-0.324446
574.6,-8.36262,-26.9598,-0.324289
574.65,-8.36689,-26.9619,-0.324498
574.7,-8.36435,-26.9571,-0.324026
574.75,-8.36601,-26.9565,-0.323974
574.8,-8.37531,-26.9636,-0.324686
574.85,-8.37042,-26.9565,-0.32398
574.9,-8.36929,-26.9531,-0.32365
574.95,-8.37553,-26.9571,-0.324057
575,-8.37225,-26.9516,-0.323512
575.05,-8.37632,-26.9535,-0.323702
575.1,-8.37475,-26.9497,-0.323329
575.15,-8.378,-26.9507,-0.323437
575.2,-8.37357,-26.9441,-0.322777
575.25,-8.37483,-26.9431,-0.322687
575.3,-8.38067,-26.9467,-0.323055
575.35,-8.38567,-26.9495,-0.323339
575.4,-8.38077,-26.9424,-0.322633
575.45,-8.38564,-26.945,-0.322905
575.5,-8.38458,-26.9418,-0.322583
575.55,-8.38147,-26.9364,-0.322057
575.6,-8.38195,-26.9347,-0.321889
575.65,-8.38682,-26.9374,-0.322161
575.7,-8.38605,-26.9344,-0.321869
575.75,-8.38607,-26.9322,-0.321656
575.8,-8.38953,-26.9334,-0.321787
575.85,-8.39256,-26.9342,-0.321875
575.9,-8.39473,-26.9342,-0.321878
575.95,-8.38685,-26.9241,-0.320875
576,-8.39181,-26.9269,-0.321158
576.05,-8.39498,-26.9278,-0.32126
576.1,-8.38987,-26.9205,-0.320535
576.15,-8.39454,-26.923,-0.320788
576.2,-8.39106,-26.9173,-0.320226
576.25,-8.39251,-26.9165,-0.320157
576.3,-8.39792,-26.9197,-0.320486
576.35,-8.40284,-26.9225,-0.320764
576.4,-8.3985,-26.9159,-0.320116
576.45,-8.40189,-26.9171,-0.320242
576.5,-8.40215,-26.9152,-0.320056
576.55,-8.40362,-26.9144,-0.31999
576.6,-8.40019,-26.9088,-0.319433
576.65,-8.40799,-26.9144,-0.320001
576.7,-8.40181,-26.906,-0.319171
576.75,-8.40305,-26.9051,-0.319082
576.8,-8.40123,-26.9011,-0.318688
576.85,-8.41,-26.9076,-0.319353
576.9,-8.40535,-26.9008,-0.318676
576.95,-8.40774,-26.901,-0.318703
577,-8.41049,-26.9015,-0.318767
577.05,-8.4139,-26.9028,-0.318896
577.1,-8.4123,-26.899,-0.318524
577.15,-8.41465,-26.8991,-0.318548
577.2,-8.41205,-26.8943,-0.318076
577.25,-8.4088,-26.8889,-0.31754
577.3,-8.41028,-26.8882,-0.317478
577.35,-8.41027,-26.886,-0.317266
577.4,-8.41917,-26.8927,-0.317945
577.45,-8.41196,-26.8833,-0.317013
577.5,-8.41319,-26.8824,-0.316925
577.55,-8.41618,-26.8832,-0.317014
577.6,-8.42126,-26.8861,-0.317312
577.65,-8.41652,-26.8791,-0.316628
577.7,-8.42331,-26.8838,-0.317097
577.75,-8.42405,-26.8823,-0.316961
577.8,-8.41989,-26.876,-0.316335
577.85,-8.42124,-26.8751,-0.31626
577.9,-8.42603,-26.8778,-0.31653
577.95,-8.42667,-26.8762,-0.316384
578,-8.43055,-26.8779,-0.316562
578.05,-8.42475,-26.8699,-0.315773
578.1,-8.426,-26.869,-0.315689
578.15,-8.42558,-26.8664,-0.315438
578.2,-8.42673,-26.8654,-0.315344
578.25,-8.43095,-26.8674,-0.315558
578.3,-8.43092,-26.8652,-0.315346
578.35,-8.4294,-26.8615,-0.314985
578.4,-8.43154,-26.8615,-0.314991
578.45,-8.43602,-26.8638,-0.31523
578.5,-8.43603,-26.8617,-0.315023
578.55,-8.43009,-26.8535,-0.31422
578.6,-8.43712,-26.8584,-0.314716
578.65,-8.43469,-26.8538,-0.314265
578.7,-8.44026,-26.8572,-0.314614
578.75,-8.43385,-26.8486,-0.313766
578.8,-8.43733,-26.85,-0.313906
578.85,-8.44355,-26.854,-0.31432
578.9,-8.43629,-26.8446,-0.313387
578.95,-8.43783,-26.844,-0.313334
579,-8.446,-26.85,-0.313944
579.05,-8.43915,-26.841,-0.313051
579.1,-8.44285,-26.8425,-0.313214
579.15,-8.44527,-26.8427,-0.31325
579.2,-8.44285,-26.8382,-0.312801
579.25,-8.4425,-26.8357,-0.31256
579.3,-8.44484,-26.8358,-0.312587
579.35,-8.44743,-26.8363,-0.31264
579.4,-8.44761,-26.8343,-0.312451
579.45,-8.45391,-26.8384,-0.312876
579.5,-8.44632,-26.8287,-0.311911
579.55,-8.44955,-26.8298,-0.312028
579.6,-8.44924,-26.8273,-0.31179
579.65,-8.45208,-26.828,-0.311869
579.7,-8.45408,-26.8278,-0.311863
579.75,-8.4541,-26.8257,-0.311659
579.8,-8.45035,-26.8198,-0.311079
579.85,-8.4515,-26.8188,-0.310988
579.9,-8.45918,-26.8243,-0.311551
579.95,-8.45676,-26.8198,-0.311104
580,-8.46157,-26.8224,-0.311381
580.05,-8.45846,-26.8172,-0.310864
580.1,-8.45929,-26.8158,-0.310742
580.15,-8.46033,-26.8147,-0.310642
580.2,-8.46398,-26.8162,-0.310802
580.25,-8.45957,-26.8097,-0.310157
580.3,-8.4634,-26.8114,-0.310336
580.35,-8.45973,-26.8055,-0.309764
580.4,-8.46073,-26.8044,-0.30966
580.45,-8.46651,-26.808,-0.310034
580.5,-8.46358,-26.803,-0.309536
580.55,-8.46195,-26.7992,-0.30917
580.6,-8.47007,-26.8052,-0.309779
580.65,-8.47004,-26.803,-0.309572
580.7,-8.47004,-26.8009,-0.309368
580.75,-8.46495,-26.7936,-0.308656
580.8,-8.47379,-26.8003,-0.309336
580.85,-8.47532,-26.7997,-0.309286
580.9,-8.47204,-26.7943,-0.308755
580.95,-8.47026,-26.7904,-0.308374
581,-8.47731,-26.7953,-0.308876
581.05,-8.47566,-26.7915,-0.308507
581.1,-8.47632,-26.79,-0.308371
581.15,-8.47227,-26.7839,-0.307763
581.2,-8.47268,-26.7821,-0.307601
581.25,-8.47455,-26.7819,-0.307586
581.3,-8.47974,-26.7849,-0.307902
581.35,-8.47561,-26.7787,-0.307287
581.4,-8.47786,-26.7788,-0.307309
581.45,-8.47994,-26.7787,-0.307316
581.5,-8.48262,-26.7793,-0.307382
581.55,-8.4789,-26.7734,-0.306808
581.6,-8.4771,-26.7695,-0.306426
581.65,-8.47983,-26.7701,-0.306497
581.7,-8.48638,-26.7745,-0.30695
581.75,-8.48746,-26.7735,-0.306856
581.8,-8.48501,-26.7689,-0.30641
581.85,-8.48461,-26.7664,-0.306169
581.9,-8.49125,-26.7709,-0.306631
581.95,-8.48903,-26.7665,-0.306208
582,-8.48365,-26.759,-0.305469
582.05,-8.48658,-26.7598,-0.305561
582.1,-8.49197,-26.7631,-0.305899
582.15,-8.49395,-26.763,-0.305897
582.2,-8.48609,-26.753,-0.30491
582.25,-8.49072,-26.7555,-0.305172
582.3,-8.49685,-26.7595,-0.305584
582.35,-8.49707,-26.7576,-0.305405
582.4,-8.49246,-26.7509,-0.304745
582.45,-8.49455,-26.7508,-0.304753
582.5,-8.49224,-26.7464,-0.304321
582.55,-8.49392,-26.746,-0.30429
582.6,-8.4936,-26.7435,-0.304058
582.65,-8.5012,-26.749,-0.304617
582.7,-8.49812,-26.7438,-0.304111
582.75,-8.49755,-26.741,-0.303852
582.8,-8.49638,-26.7377,-0.303532
582.85,-8.49782,-26.7369,-0.303474
582.9,-8.50239,-26.7393,-0.303729
582.95,-8.50271,-26.7374,-0.303559
583,-8.50548,-26.738,-0.303634
583.05,-8.50199,-26.7323,-0.303082
583.1,-8.50784,-26.7359,-0.303465
583.15,-8.50807,-26.7339,-0.303284
583.2,-8.50656,-26.7302,-0.302931
583.25,-8.50821,-26.7297,-0.302893
583.3,-8.50877,-26.7281,-0.302746
583.35,-8.50407,-26.7212,-0.302073
583.4,-8.51459,-26.7295,-0.302922
583.45,-8.51104,-26.7238,-0.302364
583.5,-8.51338,-26.7239,-0.302394
583.55,-8.50779,-26.7161,-0.301631
583.6,-8.51643,-26.7226,-0.302292
583.65,-8.51343,-26.7174,-0.301788
583.7,-8.51907,-26.7209,-0.302149
583.75,-8.51913,-26.7187,-0.301951
583.8,-8.52001,-26.7174,-0.301836
583.85,-8.52105,-26.7163,-0.301736
583.9,-8.52059,-26.7137,-0.301486
583.95,-8.51614,-26.707,-0.300837
584,-8.51854,-26.7073,-0.300874
584.05,-8.52503,-26.7116,-0.301319
584.1,-8.52154,-26.7059,-0.300766
584.15,-8.5229,-26.7051,-0.300698
584.2,-8.52625,-26.7063,-0.30083
584.25,-8.51892,-26.6968,-0.299893
584.3,-8.52888,-26.7046,-0.300686
584.35,-8.52023,-26.6937,-0.299617
584.4,-8.52349,-26.6948,-0.299739
584.45,-8.52719,-26.6964,-0.299905
584.5,-8.52803,-26.695,-0.299785
584.55,-8.52323,-26.6881,-0.299102
584.6,-8.5326,-26.6953,-0.299835
584.65,-8.52846,-26.689,-0.299218
584.7,-8.53306,-26.6914,-0.299473
584.75,-8.53008,-26.6863,-0.298972
584.8,-8.53678,-26.6908,-0.299439
584.85,-8.53111,-26.683,-0.298668
584.9,-8.5326,-26.6823,-0.298614
584.95,-8.539,-26.6865,-0.299051
585,-8.53896,-26.6843,-0.298843
585.05,-8.53197,-26.6752,-0.297941
585.1,-8.53196,-26.673,-0.297736
585.15,-8.53974,-26.6787,-0.298311
585.2,-8.53894,-26.6757,-0.298028
585.25,-8.54375,-26.6784,-0.298306
585.3,-8.54077,-26.6732,-0.297805
585.35,-8.54004,-26.6703,-0.297529
585.4,-8.54509,-26.6732,-0.297831
585.45,-8.54084,-26.6668,-0.297203
585.5,-8.54484,-26.6687,-0.2974
585.55,-8.54149,-26.6632,-0.296862
585.6,-8.54292,-26.6625,-0.296803
585.65,-8.54263,-26.66,-0.296571
585.7,-8.54983,-26.6651,-0.297088
585.75,-8.54382,-26.6569,-0.296284
585.8,-8.54539,-26.6563,-0.296239
585.85,-8.55175,-26.6606,-0.296673
585.9,-8.54629,-26.6529,-0.295924
585.95,-8.55033,-26.6548,-0.296126
586,-8.54959,-26.652,-0.29585
586.05,-8.55417,-26.6544,-0.296106
586.1,-8.55261,-26.6507,-0.295748
586.15,-8.55045,-26.6464,-0.29533
586.2,-8.55011,-26.6439,-0.295094
586.25,-8.55235,-26.644,-0.295117
586.3,-8.55643,-26.646,-0.295322
586.35,-8.55199,-26.6394,-0.294677
586.4,-8.55778,-26.643,-0.295054
586.45,-8.55256,-26.6357,-0.294331
586.5,-8.55374,-26.6347,-0.294247
586.55,-8.5587,-26.6375,-0.294542
586.6,-8.55572,-26.6324,-0.294042
586.65,-8.5561,-26.6307,-0.293879
586.7,-8.55806,-26.6305,-0.293875
586.75,-8.5635,-26.6338,-0.294217
586.8,-8.55792,-26.6261,-0.293458
586.85,-8.56613,-26.6322,-0.294078
586.9,-8.56005,-26.624,-0.29327
586.95,-8.56874,-26.6305,-0.293938
587,-8.56193,-26.6216,-0.293056
587.05,-8.56909,-26.6266,-0.293571
587.1,-8.56366,-26.619,-0.292827
587.15,-8.5675,-26.6208,-0.293012
587.2,-8.5636,-26.6147,-0.292421
587.25,-8.5646,-26.6136,-0.292321
587.3,-8.57167,-26.6186,-0.292828
587.35,-8.56857,-26.6133,-0.292318
587.4,-8.57518,-26.6178,-0.292778
587.45,-8.57602,-26.6165,-0.292662
587.5,-8.57619,-26.6146,-0.29248
587.55,-8.5713,-26.6076,-0.291791
587.6,-8.57596,-26.6101,-0.292057
587.65,-8.57382,-26.6058,-0.291644
587.7,-8.57601,-26.6059,-0.291663
587.75,-8.57956,-26.6073,-0.291819
587.8,-8.57892,-26.6046,-0.291556
587.85,-8.57442,-26.598,-0.290907
587.9,-8.58279,-26.6042,-0.291544
587.95,-8.57718,-26.5965,-0.290784
588,-8.57672,-26.5939,-0.290539
588.05,-8.58551,-26.6006,-0.291219
588.1,-8.58412,-26.5971,-0.290881
588.15,-8.57992,-26.5908,-0.290262
588.2,-8.57835,-26.5871,-0.289907
588.25,-8.58817,-26.5948,-0.29069
588.3,-8.58866,-26.5932,-0.290541
588.35,-8.58077,-26.5832,-0.289553
588.4,-8.58805,-26.5883,-0.290083
588.45,-8.58173,-26.5799,-0.289252
588.5,-8.59178,-26.5878,-0.29006
588.55,-8.59151,-26.5855,-0.289834
588.6,-8.59161,-26.5834,-0.289646
588.65,-8.58549,-26.5752,-0.288837
588.7,-8.58833,-26.576,-0.288923
588.75,-8.59379,-26.5793,-0.28927
588.8,-8.58794,-26.5713,-0.288488
588.85,-8.59711,-26.5784,-0.289208
588.9,-8.58874,-26.5679,-0.288173
588.95,-8.58876,-26.5659,-0.287978
589,-8.59804,-26.573,-0.288708
589.05,-8.59912,-26.572,-0.288619
589.1,-8.59352,-26.5643,-0.287862
589.15,-8.59673,-26.5654,-0.287985
589.2,-8.59494,-26.5615,-0.28761
589.25,-8.6008,-26.5653,-0.287999
589.3,-8.59684,-26.5592,-0.287406
589.35,-8.60369,-26.564,-0.287894
589.4,-8.60433,-26.5625,-0.287761
589.45,-8.59801,-26.5541,-0.286933
589.5,-8.59853,-26.5525,-0.286788
589.55,-8.59798,-26.5498,-0.286536
589.6,-8.59974,-26.5495,-0.286516
589.65,-8.60814,-26.5558,-0.28716
589.7,-8.60267,-26.5482,-0.286417
589.75,-8.60215,-26.5456,-0.286169
589.8,-8.60965,-26.551,-0.286723
589.85,-8.60396,-26.5433,-0.285958
589.9,-8.60483,-26.542,-0.285849
589.95,-8.60891,-26.544,-0.28606
590,-8.60618,-26.5392,-0.285592
590.05,-8.6064,-26.5373,-0.285418
590.1,-8.60949,-26.5383,-0.285532
590.15,-8.60615,-26.5329,-0.285002
590.2,-8.60954,-26.5342,-0.285146
590.25,-8.61476,-26.5373,-0.285473
590.3,-8.61617,-26.5366,-0.285418
590.35,-8.61302,-26.5314,-0.284908
590.4,-8.6167,-26.533,-0.285082
590.45,-8.61903,-26.5332,-0.285119
590.5,-8.6152,-26.5273,-0.284541
590.55,-8.61747,-26.5275,-0.284573
590.6,-8.62016,-26.5281,-0.284648
590.65,-8.62003,-26.5259,-0.28444
590.7,-8.61481,-26.5186,-0.283724
590.75,-8.61502,-26.5167,-0.28355
590.8,-8.62006,-26.5196,-0.283859
590.85,-8.62018,-26.5177,-0.283677
590.9,-8.61654,-26.512,-0.283119
590.95,-8.62151,-26.5148,-0.283422
591,-8.62463,-26.5159,-0.283539
591.05,-8.62081,-26.51,-0.282963
591.1,-8.62454,-26.5116,-0.283142
591.15,-8.61873,-26.5037,-0.282367
591.2,-8.62262,-26.5055,-0.282562
591.25,-8.62019,-26.501,-0.282126
591.3,-8.62317,-26.5019,-0.28223
591.35,-8.62387,-26.5006,-0.282107
591.4,-8.62507,-26.4997,-0.282033
591.45,-8.62823,-26.5008,-0.282156
591.5,-8.63232,-26.5028,-0.282371
591.55,-8.63011,-26.4985,-0.281957
591.6,-8.6328,-26.4991,-0.282033
591.65,-8.6293,-26.4935,-0.281489
591.7,-8.63307,-26.4952,-0.281674
591.75,-8.62847,-26.4886,-0.281021
591.8,-8.62951,-26.4875,-0.280932
591.85,-8.63401,-26.4899,-0.281189
591.9,-8.63558,-26.4894,-0.281153
591.95,-8.62963,-26.4814,-0.280365
592,-8.63578,-26.4855,-0.280787
592.05,-8.63284,-26.4805,-0.280301
592.1,-8.63848,-26.484,-0.280672
592.15,-8.63665,-26.4801,-0.280297
592.2,-8.63291,-26.4743,-0.279731
592.25,-8.64265,-26.482,-0.280513
592.3,-8.64036,-26.4777,-0.280092
592.35,-8.64098,-26.4762,-0.279962
592.4,-8.64018,-26.4733,-0.279689
592.45,-8.64358,-26.4747,-0.279837
592.5,-8.63851,-26.4675,-0.279138
592.55,-8.64014,-26.4671,-0.27911
592.6,-8.63906,-26.464,-0.27881
592.65,-8.64706,-26.4699,-0.279418
592.7,-8.64221,-26.463,-0.278742
592.75,-8.64436,-26.463,-0.278765
592.8,-8.64927,-26.4659,-0.279064
592.85,-8.64673,-26.4613,-0.278619
592.9,-8.64892,-26.4614,-0.278647
592.95,-8.64437,-26.4548,-0.278
593,-8.64433,-26.4527,-0.277805
593.05,-8.64995,-26.4563,-0.278176
593.1,-8.65253,-26.4568,-0.278243
593.15,-8.64452,-26.4467,-0.277251
593.2,-8.64598,-26.4461,-0.277206
593.25,-8.65167,-26.4497,-0.277585
593.3,-8.64841,-26.4444,-0.277068
593.35,-8.65025,-26.4442,-0.277061
593.4,-8.64979,-26.4417,-0.276825
593.45,-8.65744,-26.4473,-0.277399
593.5,-8.65268,-26.4405,-0.276733
593.55,-8.65771,-26.4434,-0.277046
593.6,-8.65178,-26.4354,-0.276262
593.65,-8.652,-26.4336,-0.276094
593.7,-8.65456,-26.4341,-0.276159
593.75,-8.65423,-26.4317,-0.275937
593.8,-8.65355,-26.429,-0.275678
593.85,-8.66317,-26.4366,-0.276451
593.9,-8.66282,-26.4342,-0.276225
593.95,-8.66068,-26.43,-0.275822
594,-8.66307,-26.4303,-0.27587
594.05,-8.65699,-26.4222,-0.275073
594.1,-8.66585,-26.429,-0.27577
594.15,-8.66651,-26.4276,-0.275646
594.2,-8.65779,-26.4168,-0.274584
594.25,-8.66116,-26.4181,-0.274732
594.3,-8.66332,-26.4182,-0.274759
594.35,-8.66887,-26.4217,-0.275124
594.4,-8.66906,-26.4199,-0.274954
594.45,-8.66278,-26.4116,-0.274137
594.5,-8.66313,-26.4099,-0.273983
594.55,-8.66265,-26.4073,-0.273746
594.6,-8.67135,-26.414,-0.274427
594.65,-8.66365,-26.4042,-0.273467
594.7,-8.66452,-26.4031,-0.273366
594.75,-8.67405,-26.4105,-0.27413
594.8,-8.67141,-26.4059,-0.273677
594.85,-8.66838,-26.4008,-0.273186
594.9,-8.66912,-26.3995,-0.273071
594.95,-8.67538,-26.4037,-0.273509
595,-8.66938,-26.3957,-0.27272
595.05,-8.67472,-26.3989,-0.273066
595.1,-8.67539,-26.3976,-0.272944
595.15,-8.67283,-26.393,-0.2725
595.2,-8.67776,-26.3959,-0.272805
595.25,-8.68036,-26.3964,-0.272877
595.3,-8.67685,-26.3909,-0.272338
595.35,-8.68047,-26.3924,-0.272512
595.4,-8.68207,-26.392,-0.272484
595.45,-8.67758,-26.3855,-0.271847
595.5,-8.67844,-26.3843,-0.271745
595.55,-8.6818,-26.3856,-0.271893
595.6,-8.68061,-26.3824,-0.271587
595.65,-8.67972,-26.3795,-0.271309
595.7,-8.68311,-26.3808,-0.271461
595.75,-8.68258,-26.3782,-0.271221
595.8,-8.68443,-26.3781,-0.271219
595.85,-8.67937,-26.371,-0.270525
595.9,-8.68377,-26.3733,-0.270777
595.95,-8.6852,-26.3727,-0.270733
596,-8.68324,-26.3687,-0.27035
596.05,-8.68737,-26.3708,-0.270576
596.1,-8.68771,-26.3691,-0.270423
596.15,-8.68383,-26.3632,-0.269847
596.2,-8.68964,-26.367,-0.270242
596.25,-8.69024,-26.3656,-0.270115
596.3,-8.68527,-26.3586,-0.269431
596.35,-8.68783,-26.3591,-0.2695
596.4,-8.6848,-26.354,-0.269011
596.45,-8.68995,-26.3571,-0.269339
596.5,-8.68816,-26.3533,-0.268974
596.55,-8.68853,-26.3517,-0.268824
596.6,-8.6884,-26.3495,-0.268625
596.65,-8.69668,-26.3558,-0.269266
596.7,-8.69387,-26.3509,-0.268799
596.75,-8.69808,-26.3531,-0.269033
596.8,-8.69835,-26.3513,-0.268874
596.85,-8.69142,-26.3424,-0.267995
596.9,-8.69864,-26.3476,-0.268531
596.95,-8.69991,-26.3468,-0.268472
597,-8.69789,-26.3428,-0.268083
597.05,-8.69537,-26.3382,-0.267646
597.1,-8.69939,-26.3402,-0.267862
597.15,-8.69558,-26.3344,-0.267295
597.2,-8.70156,-26.3383,-0.267707
597.25,-8.69837,-26.3331,-0.267203
597.3,-8.70343,-26.3362,-0.267523
597.35,-8.70067,-26.3314,-0.267061
597.4,-8.70182,-26.3305,-0.266991
597.45,-8.70068,-26.3273,-0.266691
597.5,-8.69875,-26.3234,-0.266313
597.55,-8.70734,-26.3299,-0.266987
597.6,-8.69973,-26.3203,-0.266041
597.65,-8.70755,-26.3261,-0.266637
597.7,-8.70167,-26.3182,-0.265864
597.75,-8.70927,-26.3238,-0.266439
597.8,-8.7071,-26.3196,-0.266037
597.85,-8.70565,-26.3161,-0.265707
597.9,-8.70523,-26.3137,-0.26548
597.95,-8.70943,-26.3159,-0.265715
598,-8.71254,-26.317,-0.265841
598.05,-8.70975,-26.3121,-0.265377
598.1,-8.71372,-26.3141,-0.265589
598.15,-8.70612,-26.3045,-0.264644
598.2,-8.71101,-26.3074,-0.264949
598.25,-8.71159,-26.3059,-0.264822
598.3,-8.7076,-26.2999,-0.264239
598.35,-8.71218,-26.3025,-0.264513
598.4,-8.71524,-26.3035,-0.264635
598.45,-8.70789,-26.2942,-0.263715
598.5,-8.71315,-26.2974,-0.264057
598.55,-8.71361,-26.2958,-0.263918
598.6,-8.71315,-26.2934,-0.263688
598.65,-8.71185,-26.2901,-0.263374
598.7,-8.71791,-26.2941,-0.263796
598.75,-8.71285,-26.287,-0.263106
598.8,-8.71779,-26.29,-0.263416
598.85,-8.71832,-26.2885,-0.263286
598.9,-8.71992,-26.2881,-0.263262
598.95,-8.71543,-26.2816,-0.262628
599,-8.71424,-26.2784,-0.262326
599.05,-8.72334,-26.2855,-0.263052
599.1,-8.71686,-26.277,-0.26222
599.15,-8.71748,-26.2756,-0.262099
599.2,-8.72382,-26.2799,-0.262549
599.25,-8.72088,-26.275,-0.262072
599.3,-8.71854,-26.2706,-0.261654
599.35,-8.72212,-26.2722,-0.261829
599.4,-8.72716,-26.2752,-0.26215
599.45,-8.72382,-26.2699,-0.261633
599.5,-8.72104,-26.2651,-0.261171
599.55,-8.72861,-26.2706,-0.261745
599.6,-8.7219,-26.2619,-0.260891
599.65,-8.72252,-26.2605,-0.26077
599.7,-8.72192,-26.2579,-0.260527
599.75,-8.72954,-26.2635,-0.261106
599.8,-8.73016,-26.2622,-0.260985
599.85,-8.725,-26.255,-0.260286
599.9,-8.72663,-26.2546,-0.260266
599.95,-8.72975,-26.2557,-0.260396
600,-8.72667,-26.2506,-0.259905
600.05,-8.73299,-26.255,-0.260355
600.1,-8.736,-26.256,-0.260473
600.15,-8.73189,-26.2499,-0.25988
600.2,-8.73636,-26.2523,-0.260143
600.25,-8.73486,-26.2488,-0.259811
600.3,-8.73513,-26.2471,-0.259656
600.35,-8.73396,-26.2439,-0.259357
600.4,-8.73244,-26.2404,-0.259022
600.45,-8.73375,-26.2397,-0.258971
600.5,-8.73752,-26.2415,-0.259166
600.55,-8.73425,-26.2362,-0.258657
600.6,-8.73409,-26.234,-0.258459
600.65,-8.74082,-26.2388,-0.25895
600.7,-8.73762,-26.2336,-0.258447
600.75,-8.74324,-26.2372,-0.258827
600.8,-8.73647,-26.2284,-0.257969
600.85,-8.74036,-26.2303,-0.258176
600.9,-8.73901,-26.227,-0.257859
600.95,-8.73672,-26.2227,-0.257449
601,-8.73672,-26.2207,-0.257267
601.05,-8.74203,-26.224,-0.257616
601.1,-8.74676,-26.2267,-0.257907
601.15,-8.73949,-26.2175,-0.256999
601.2,-8.74486,-26.2208,-0.257355
601.25,-8.74844,-26.2224,-0.257531
601.3,-8.74823,-26.2202,-0.257329
601.35,-8.74367,-26.2137,-0.256692
601.4,-8.74154,-26.2095,-0.256297
601.45,-8.74241,-26.2084,-0.256203
601.5,-8.75042,-26.2144,-0.256822
601.55,-8.74465,-26.2067,-0.256064
601.6,-8.7513,-26.2113,-0.256548
601.65,-8.75176,-26.2098,-0.256414
601.7,-8.75134,-26.2074,-0.25619
601.75,-8.7519,-26.206,-0.256065
601.8,-8.75032,-26.2024,-0.255726
601.85,-8.74962,-26.1997,-0.255475
601.9,-8.74846,-26.1965,-0.255179
601.95,-8.75481,-26.2009,-0.255633
602,-8.75487,-26.199,-0.255458
602.05,-8.75695,-26.1991,-0.255485
602.1,-8.74948,-26.1896,-0.254558
602.15,-8.74883,-26.187,-0.254313
602.2,-8.7571,-26.1932,-0.254959
602.25,-8.75588,-26.19,-0.254657
602.3,-8.75031,-26.1825,-0.253919
602.35,-8.75127,-26.1814,-0.253834
602.4,-8.75341,-26.1816,-0.253868
602.45,-8.75594,-26.1821,-0.253941
602.5,-8.75407,-26.1783,-0.253573
602.55,-8.75566,-26.1779,-0.253552
602.6,-8.76296,-26.1832,-0.254102
602.65,-8.75528,-26.1735,-0.253154
602.7,-8.75907,-26.1753,-0.253353
602.75,-8.7612,-26.1755,-0.253386
602.8,-8.75656,-26.1688,-0.252741
602.85,-8.7596,-26.1699,-0.252866
602.9,-8.75664,-26.165,-0.252389
602.95,-8.75932,-26.1656,-0.252477
603,-8.76271,-26.167,-0.252636
603.05,-8.76721,-26.1696,-0.252907
603.1,-8.76359,-26.164,-0.252365
603.15,-8.76309,-26.1615,-0.252135
603.2,-8.76752,-26.1639,-0.252399
603.25,-8.76294,-26.1574,-0.251761
603.3,-8.76247,-26.1549,-0.251534
603.35,-8.76479,-26.1552,-0.251587
603.4,-8.76897,-26.1574,-0.251825
603.45,-8.76681,-26.1533,-0.25143
603.5,-8.76495,-26.1495,-0.251064
603.55,-8.76867,-26.1512,-0.251256
603.6,-8.76805,-26.1486,-0.251015
603.65,-8.76819,-26.1468,-0.25085
603.7,-8.77073,-26.1473,-0.250925
603.75,-8.76784,-26.1424,-0.250457
603.8,-8.76624,-26.1389,-0.250118
603.85,-8.77268,-26.1433,-0.250582
603.9,-8.77022,-26.1389,-0.250157
603.95,-8.77023,-26.1369,-0.249979
604,-8.76868,-26.1334,-0.249644
604.05,-8.77381,-26.1365,-0.249979
604.1,-8.77488,-26.1356,-0.249907
604.15,-8.7701,-26.1289,-0.24925
604.2,-8.77703,-26.1338,-0.249764
604.25,-8.77137,-26.1262,-0.249019
604.3,-8.77819,-26.131,-0.249523
604.35,-8.77994,-26.1308,-0.249519
604.4,-8.7768,-26.1257,-0.249026
604.45,-8.78014,-26.127,-0.249181
604.5,-8.77405,-26.119,-0.248393
604.55,-8.77377,-26.1167,-0.248187
604.6,-8.78109,-26.1221,-0.24874
604.65,-8.78085,-26.1199,-0.248538
604.7,-8.77955,-26.1166,-0.24823
604.75,-8.78078,-26.1158,-0.248174
604.8,-8.78544,-26.1185,-0.248462
604.85,-8.78315,-26.1143,-0.248054
604.9,-8.78618,-26.1153,-0.248179
604.95,-8.7845,-26.1117,-0.247833
605,-8.77953,-26.1047,-0.247157
605.05,-8.78018,-26.1034,-0.247045
605.1,-8.7817,-26.1029,-0.247018
605.15,-8.78558,-26.1049,-0.247229
605.2,-8.78587,-26.1032,-0.247079
605.25,-8.7894,-26.1047,-0.247255
605.3,-8.78989,-26.1033,-0.247125
605.35,-8.78805,-26.0994,-0.246764
605.4,-8.78751,-26.0969,-0.246532
605.45,-8.78502,-26.0925,-0.246105
605.5,-8.79268,-26.0982,-0.246693
605.55,-8.79007,-26.0936,-0.246254
605.6,-8.79219,-26.0937,-0.246289
605.65,-8.79041,-26.09,-0.245933
605.7,-8.79251,-26.0901,-0.245965
605.75,-8.79104,-26.0867,-0.245641
605.8,-8.79309,-26.0868,-0.245668
605.85,-8.7915,-26.0832,-0.245332
605.9,-8.79127,-26.081,-0.245132
605.95,-8.78967,-26.0774,-0.244794
606,-8.79091,-26.0767,-0.24474
606.05,-8.79408,-26.0779,-0.24488
606.1,-8.79169,-26.0736,-0.244464
606.15,-8.78973,-26.0696,-0.244091
606.2,-8.79216,-26.0701,-0.244156
606.25,-8.79796,-26.0739,-0.24456
606.3,-8.79672,-26.0707,-0.244259
606.35,-8.7933,-26.0653,-0.243739
606.4,-8.7963,-26.0664,-0.243863
606.45,-8.79759,-26.0657,-0.243814
606.5,-8.80199,-26.0681,-0.244077
606.55,-8.79951,-26.0637,-0.243652
606.6,-8.80094,-26.0632,-0.243619
606.65,-8.79635,-26.0566,-0.242983
606.7,-8.79725,-26.0556,-0.242896
606.75,-8.79847,-26.0548,-0.242841
606.8,-8.79691,-26.0513,-0.242508
606.85,-8.79779,-26.0502,-0.24242
606.9,-8.80667,-26.0571,-0.243131
606.95,-8.80406,-26.0526,-0.242694
607,-8.80195,-26.0485,-0.242306
607.05,-8.80798,-26.0526,-0.242733
607.1,-8.80227,-26.0449,-0.241985
607.15,-8.80178,-26.0424,-0.241759
607.2,-8.80554,-26.0442,-0.241958
607.25,-8.80142,-26.0381,-0.24137
607.3,-8.80897,-26.0437,-0.241949
607.35,-8.80427,-26.0371,-0.241302
607.4,-8.80806,-26.0389,-0.241506
607.45,-8.80488,-26.0338,-0.241011
607.5,-8.80809,-26.035,-0.241156
607.55,-8.81262,-26.0376,-0.241433
607.6,-8.81211,-26.0351,-0.241206
607.65,-8.81243,-26.0335,-0.241062
607.7,-8.80451,-26.0236,-0.240094
607.75,-8.80593,-26.0231,-0.24006
607.8,-8.81156,-26.0268,-0.240447
607.85,-8.81191,-26.0251,-0.240305
607.9,-8.80941,-26.0207,-0.23988
607.95,-8.80759,-26.0169,-0.239522
608,-8.80883,-26.0161,-0.239469
608.05,-8.81034,-26.0155,-0.239441
608.1,-8.81563,-26.0188,-0.239791
608.15,-8.81783,-26.0189,-0.239833
608.2,-8.81426,-26.0133,-0.239298
608.25,-8.81995,-26.0169,-0.239688
608.3,-8.81287,-26.0078,-0.238801
608.35,-8.81725,-26.0101,-0.23906
608.4,-8.81334,-26.0042,-0.238489
608.45,-8.81464,-26.0034,-0.23844
608.5,-8.81593,-26.0027,-0.238389
608.55,-8.81941,-26.0041,-0.238558
608.6,-8.81626,-25.9989,-0.238062
608.65,-8.82134,-26.002,-0.238391
608.7,-8.82384,-26.0024,-0.238461
608.75,-8.82395,-26.0005,-0.238292
608.8,-8.82443,-25.9989,-0.238159
608.85,-8.82399,-25.9965,-0.237935
608.9,-8.81892,-25.9893,-0.237246
608.95,-8.8227,-25.9911,-0.237444
609,-8.8286,-25.995,-0.237853
609.05,-8.82624,-25.9906,-0.237436
609.1,-8.82407,-25.9864,-0.237038
609.15,-8.82897,-25.9892,-0.237348
609.2,-8.82644,-25.9847,-0.236914
609.25,-8.82587,-25.9821,-0.236675
609.3,-8.83171,-25.9859,-0.237078
609.35,-8.82433,-25.9765,-0.236159
609.4,-8.83361,-25.9837,-0.236906
609.45,-8.82647,-25.9745,-0.23601
609.5,-8.82674,-25.9728,-0.235856
609.55,-8.82669,-25.9707,-0.235669
609.6,-8.83046,-25.9725,-0.235865
609.65,-8.83542,-25.9754,-0.23618
609.7,-8.83697,-25.9749,-0.236153
609.75,-8.83658,-25.9725,-0.235932
609.8,-8.83664,-25.9705,-0.235757
609.85,-8.83051,-25.9624,-0.234962
609.9,-8.8339,-25.9637,-0.23512
609.95,-8.83946,-25.9673,-0.235494
610,-8.83404,-25.9598,-0.234771
610.05,-8.83813,-25.9619,-0.234997
610.1,-8.83658,-25.9583,-0.234661
610.15,-8.83742,-25.9572,-0.234563
610.2,-8.83599,-25.9537,-0.234239
610.25,-8.83636,-25.9521,-0.234094
610.3,-8.83672,-25.9504,-0.233949
610.35,-8.83519,-25.9469,-0.233614
610.4,-8.84454,-25.9542,-0.234367
610.45,-8.83924,-25.9469,-0.233655
610.5,-8.84091,-25.9465,-0.23364
610.55,-8.84556,-25.9492,-0.233925
610.6,-8.84732,-25.9489,-0.233919
610.65,-8.84624,-25.9458,-0.233629
610.7,-8.84522,-25.9428,-0.233345
610.75,-8.84387,-25.9394,-0.233029
610.8,-8.84164,-25.9352,-0.232624
610.85,-8.84587,-25.9374,-0.232866
610.9,-8.84657,-25.9361,-0.232754
610.95,-8.84305,-25.9305,-0.232221
611,-8.84956,-25.935,-0.23269
611.05,-8.84996,-25.9334,-0.232549
611.1,-8.8458,-25.9273,-0.231952
611.15,-8.84552,-25.925,-0.231742
611.2,-8.8503,-25.9278,-0.232039
611.25,-8.84712,-25.9226,-0.23154
611.3,-8.84587,-25.9193,-0.231234
611.35,-8.85015,-25.9216,-0.23148
611.4,-8.85027,-25.9197,-0.231311
611.45,-8.85184,-25.9193,-0.231287
611.5,-8.85111,-25.9165,-0.231033
611.55,-8.85525,-25.9187,-0.231266
611.6,-8.85034,-25.9117,-0.230593
611.65,-8.85748,-25.9169,-0.231127
611.7,-8.8519,-25.9093,-0.230387
611.75,-8.855,-25.9104,-0.230516
611.8,-8.85195,-25.9053,-0.230031
611.85,-8.85616,-25.9075,-0.230271
611.9,-8.85717,-25.9066,-0.230191
611.95,-8.8529,-25.9003,-0.229583
612,-8.86125,-25.9066,-0.230238
612.05,-8.85337,-25.8967,-0.229268
612.1,-8.8632,-25.9046,-0.230071
612.15,-8.86275,-25.9021,-0.229846
612.2,-8.86322,-25.9006,-0.229712
612.25,-8.86148,-25.8969,-0.229357
612.3,-8.85912,-25.8925,-0.228941
612.35,-8.85681,-25.8882,-0.228529
612.4,-8.85874,-25.8881,-0.228542
612.45,-8.86653,-25.8939,-0.22914
612.5,-8.86013,-25.8855,-0.228321
612.55,-8.86803,-25.8914,-0.22893
612.6,-8.86566,-25.8871,-0.228513
612.65,-8.86456,-25.884,-0.228223
612.7,-8.86161,-25.879,-0.227748
612.75,-8.86348,-25.8789,-0.227754
612.8,-8.86865,-25.8821,-0.228092
612.85,-8.8639,-25.8753,-0.227437
612.9,-8.8695,-25.879,-0.227816
612.95,-8.86425,-25.8717,-0.227112
613,-8.87052,-25.876,-0.227559
613.05,-8.86484,-25.8683,-0.226811
613.1,-8.87318,-25.8747,-0.227465
613.15,-8.87399,-25.8735,-0.227367
613.2,-8.87491,-25.8724,-0.227279
613.25,-8.86712,-25.8626,-0.226321
613.3,-8.8705,-25.864,-0.226478
613.35,-8.86782,-25.8594,-0.226032
613.4,-8.8737,-25.8633,-0.22644
613.45,-8.87754,-25.8651,-0.226644
613.5,-8.87006,-25.8556,-0.225717
613.55,-8.87375,-25.8573,-0.225907
613.6,-8.87916,-25.8608,-0.226269
613.65,-8.87097,-25.8506,-0.225271
613.7,-8.87368,-25.8513,-0.225362
613.75,-8.87903,-25.8547,-0.225718
613.8,-8.87855,-25.8522,-0.225492
613.85,-8.87837,-25.8501,-0.225294
613.9,-8.88086,-25.8506,-0.225365
613.95,-8.88179,-25.8495,-0.225278
614,-8.87886,-25.8446,-0.224806
614.05,-8.87443,-25.8382,-0.224184
614.1,-8.88271,-25.8445,-0.224834
614.15,-8.87688,-25.8367,-0.224072
614.2,-8.88081,-25.8386,-0.224287
614.25,-8.88562,-25.8414,-0.224589
614.3,-8.88112,-25.835,-0.223961
614.35,-8.8797,-25.8316,-0.22364
614.4,-8.87923,-25.8291,-0.223415
614.45,-8.8798,-25.8277,-0.223293
614.5,-8.8826,-25.8285,-0.223395
614.55,-8.88787,-25.8318,-0.223744
614.6,-8.88223,-25.8242,-0.223001
614.65,-8.88285,-25.8228,-0.222885
614.7,-8.88841,-25.8264,-0.223263
614.75,-8.88316,-25.8192,-0.22256
614.8,-8.88547,-25.8195,-0.222612
614.85,-8.88387,-25.816,-0.222275
614.9,-8.88543,-25.8155,-0.222253
614.95,-8.89309,-25.8212,-0.222841
615,-8.88481,-25.811,-0.221835
615.05,-8.88836,-25.8126,-0.222013
615.1,-8.8892,-25.8114,-0.221919
615.15,-8.88581,-25.8061,-0.221402
615.2,-8.89065,-25.8089,-0.221709
615.25,-8.89368,-25.81,-0.221834
615.3,-8.89511,-25.8094,-0.2218
615.35,-8.88897,-25.8013,-0.221008
615.4,-8.8913,-25.8017,-0.221063
615.45,-8.8947,-25.8031,-0.221226
615.5,-8.88897,-25.7954,-0.220476
615.55,-8.89785,-25.8023,-0.221186
615.6,-8.89631,-25.7988,-0.220855
615.65,-8.89834,-25.7989,-0.220881
615.7,-8.90088,-25.7994,-0.220958
615.75,-8.89276,-25.7893,-0.219969
615.8,-8.89909,-25.7937,-0.220425
615.85,-8.89661,-25.7893,-0.22
615.9,-8.89656,-25.7872,-0.219818
615.95,-8.9019,-25.7906,-0.220176
616,-8.89949,-25.7862,-0.219757
616.05,-8.90173,-25.7865,-0.219805
616.1,-8.90184,-25.7847,-0.219638
616.15,-8.90327,-25.7841,-0.219605
616.2,-8.90562,-25.7845,-0.219664
616.25,-8.90078,-25.7777,-0.219003
616.3,-8.90645,-25.7814,-0.219394
616.35,-8.9006,-25.7736,-0.218632
616.4,-8.90366,-25.7747,-0.218762
616.45,-8.90039,-25.7695,-0.218258
616.5,-8.9017,-25.7688,-0.218213
616.55,-8.90597,-25.7711,-0.218464
616.6,-8.90574,-25.7689,-0.218265
616.65,-8.90739,-25.7686,-0.218254
616.7,-8.90777,-25.767,-0.218115
616.75,-8.90189,-25.7592,-0.217351
616.8,-8.90606,-25.7614,-0.217592
616.85,-8.90737,-25.7607,-0.217547
616.9,-8.90484,-25.7563,-0.217118
616.95,-8.91084,-25.7603,-0.217542
617,-8.90506,-25.7526,-0.216788
617.05,-8.90629,-25.7518,-0.216736
617.1,-8.91068,-25.7543,-0.216998
617.15,-8.91285,-25.7545,-0.217041
617.2,-8.90563,-25.7453,-0.216142
617.25,-8.91205,-25.7498,-0.216609
617.3,-8.91561,-25.7514,-0.216789
617.35,-8.91421,-25.748,-0.216474
617.4,-8.90767,-25.7395,-0.215644
617.45,-8.91068,-25.7406,-0.215771
617.5,-8.91414,-25.7421,-0.215941
617.55,-8.91468,-25.7407,-0.21582
617.6,-8.90945,-25.7335,-0.215121
617.65,-8.91251,-25.7346,-0.215252
617.7,-8.91404,-25.7341,-0.21523
617.75,-8.92077,-25.7388,-0.215726
617.8,-8.91861,-25.7346,-0.215333
617.85,-8.9154,-25.7293,-0.214833
617.9,-8.9158,-25.7277,-0.214696
617.95,-8.91622,-25.726,-0.21456
618,-8.91924,-25.727,-0.214684
618.05,-8.92047,-25.7262,-0.214628
618.1,-8.92467,-25.7283,-0.214871
618.15,-8.91697,-25.7186,-0.213922
618.2,-8.91936,-25.7189,-0.213982
618.25,-8.92346,-25.721,-0.214213
618.3,-8.91938,-25.7149,-0.213626
618.35,-8.92546,-25.7189,-0.214054
618.4,-8.92038,-25.7118,-0.213367
618.45,-8.92329,-25.7126,-0.213479
618.5,-8.92488,-25.7122,-0.213458
618.55,-8.92353,-25.7088,-0.213144
618.6,-8.92719,-25.7104,-0.213331
618.65,-8.92268,-25.7039,-0.2127
618.7,-8.92303,-25.7022,-0.212555
618.75,-8.92898,-25.7061,-0.21297
618.8,-8.93041,-25.7055,-0.212933
618.85,-8.92384,-25.6969,-0.212096
618.9,-8.92792,-25.6989,-0.212323
618.95,-8.93232,-25.7013,-0.212584
619,-8.92828,-25.6952,-0.212
619.05,-8.93534,-25.7003,-0.212524
619.1,-8.92981,-25.6927,-0.211791
619.15,-8.93005,-25.6909,-0.211636
619.2,-8.9297,-25.6885,-0.211419
619.25,-8.93517,-25.692,-0.211787
619.3,-8.93157,-25.6864,-0.211246
619.35,-8.93847,-25.6912,-0.211755
619.4,-8.93014,-25.6809,-0.210742
619.45,-8.93635,-25.6851,-0.211182
619.5,-8.93308,-25.6798,-0.210674
619.55,-8.93719,-25.6818,-0.210905
619.6,-8.93403,-25.6767,-0.210408
619.65,-8.93439,-25.675,-0.210263
619.7,-8.94021,-25.6788,-0.210665
619.75,-8.93886,-25.6754,-0.210349
619.8,-8.94273,-25.6773,-0.210555
619.85,-8.9439,-25.6764,-0.210491
619.9,-8.93803,-25.6685,-0.209723
619.95,-8.93624,-25.6647,-0.209363
620,-8.93974,-25.6662,-0.209532
620.05,-8.94488,-25.6693,-0.209865
620.1,-8.94116,-25.6636,-0.209313
620.15,-8.94774,-25.6681,-0.20979
620.2,-8.9478,-25.6662,-0.209615
620.25,-8.94385,-25.6602,-0.209039
620.3,-8.94581,-25.6601,-0.209055
620.35,-8.94672,-25.659,-0.208965
620.4,-8.94563,-25.6559,-0.208675
620.45,-8.95109,-25.6594,-0.20904
620.5,-8.94583,-25.6521,-0.208334
620.55,-8.95013,-25.6544,-0.208583
620.6,-8.95208,-25.6543,-0.208597
620.65,-8.95072,-25.6509,-0.20828
620.7,-8.9447,-25.6429,-0.207498
620.75,-8.94572,-25.6419,-0.207419
620.8,-8.94927,-25.6434,-0.207594
620.85,-8.94908,-25.6412,-0.207394
620.9,-8.95643,-25.6466,-0.207949
620.95,-8.9511,-25.6392,-0.207235
621,-8.95655,-25.6427,-0.207599
621.05,-8.95007,-25.6342,-0.206771
621.1,-8.95827,-25.6404,-0.207411
621.15,-8.95,-25.6301,-0.206403
621.2,-8.95331,-25.6314,-0.206554
621.25,-8.95677,-25.6329,-0.20672
621.3,-8.95658,-25.6307,-0.206521
621.35,-8.95319,-25.6253,-0.206002
621.4,-8.95726,-25.6274,-0.206228
621.45,-8.96064,-25.6287,-0.206386
621.5,-8.9549,-25.621,-0.205632
621.55,-8.9619,-25.626,-0.206153
621.6,-8.95986,-25.6219,-0.205769
621.65,-8.95985,-25.6199,-0.205587
621.7,-8.96288,-25.621,-0.20571
621.75,-8.96033,-25.6164,-0.205276
621.8,-8.96581,-25.6199,-0.205644
621.85,-8.96025,-25.6123,-0.204908
621.9,-8.95806,-25.6081,-0.204509
621.95,-8.96189,-25.61,-0.204713
622,-8.96123,-25.6073,-0.204467
622.05,-8.96324,-25.6073,-0.204488
622.1,-8.96082,-25.6029,-0.204067
622.15,-8.96155,-25.6017,-0.203961
622.2,-8.96165,-25.5998,-0.203791
622.25,-8.96266,-25.5988,-0.203713
622.3,-8.96386,-25.598,-0.203654
622.35,-8.96696,-25.5991,-0.203784
622.4,-8.96724,-25.5974,-0.203633
622.45,-8.96525,-25.5934,-0.203254
622.5,-8.97246,-25.5986,-0.203797
622.55,-8.96765,-25.5918,-0.203136
622.6,-8.96863,-25.5908,-0.203056
622.65,-8.97351,-25.5937,-0.203364
622.7,-8.96988,-25.5881,-0.202823
622.75,-8.97363,-25.5898,-0.203019
622.8,-8.97142,-25.5856,-0.20262
622.85,-8.97707,-25.5893,-0.203006
622.9,-8.97689,-25.5871,-0.202809
622.95,-8.97822,-25.5865,-0.202763
623,-8.9767,-25.583,-0.202433
623.05,-8.97025,-25.5745,-0.201609
623.1,-8.97804,-25.5803,-0.20221
623.15,-8.97395,-25.5743,-0.201623
623.2,-8.97694,-25.5753,-0.201744
623.25,-8.97724,-25.5736,-0.201595
623.3,-8.98007,-25.5744,-0.2017
623.35,-8.97801,-25.5704,-0.201316
623.4,-8.9822,-25.5726,-0.201557
623.45,-8.98231,-25.5707,-0.20139
623.5,-8.98356,-25.57,-0.201337
623.55,-8.97656,-25.561,-0.20046
623.6,-8.97815,-25.5606,-0.20044
623.65,-8.97645,-25.5569,-0.200092
623.7,-8.97966,-25.5582,-0.200236
623.75,-8.98081,-25.5573,-0.200173
623.8,-8.9796,-25.5541,-0.199874
623.85,-8.98349,-25.5561,-0.200086
623.9,-8.98721,-25.5578,-0.200281
623.95,-8.98575,-25.5544,-0.199958
624,-8.98713,-25.5538,-0.199918
624.05,-8.98755,-25.5522,-0.199783
624.1,-8.98075,-25.5434,-0.198926
624.15,-8.98259,-25.5433,-0.198932
624.2,-8.98737,-25.5461,-0.199233
624.25,-8.98642,-25.5432,-0.198961
624.3,-8.99149,-25.5463,-0.199291
624.35,-8.98355,-25.5364,-0.19832
624.4,-8.98773,-25.5386,-0.198561
624.45,-8.99211,-25.541,-0.198822
624.5,-8.98497,-25.5319,-0.197932
624.55,-8.98712,-25.5321,-0.19797
624.6,-8.99453,-25.5375,-0.198534
624.65,-8.99468,-25.5357,-0.198372
624.7,-8.99222,-25.5313,-0.19795
624.75,-8.99211,-25.5292,-0.197763
624.8,-8.99204,-25.5271,-0.197579
624.85,-8.9919,-25.525,-0.197389
624.9,-8.98923,-25.5204,-0.196945
624.95,-8.99284,-25.522,-0.19713
625,-8.9923,-25.5195,-0.1969
625.05,-8.99036,-25.5156,-0.19653
625.1,-8.99648,-25.5198,-0.196966
625.15,-8.99701,-25.5183,-0.196843
625.2,-8.99287,-25.5122,-0.196253
625.25,-8.99169,-25.5091,-0.195959
625.3,-8.99287,-25.5083,-0.195902
625.35,-8.99701,-25.5105,-0.19614
625.4,-8.99922,-25.5107,-0.196185
625.45,-8.99363,-25.5032,-0.19545
625.5,-8.9958,-25.5034,-0.195492
625.55,-8.99889,-25.5045,-0.195625
625.6,-9.00321,-25.5069,-0.195882
625.65,-8.99809,-25.4998,-0.195194
625.7,-9.00252,-25.5023,-0.195462
625.75,-9.00112,-25.4989,-0.195146
625.8,-9.00456,-25.5004,-0.195315
625.85,-9.00355,-25.4974,-0.195039
625.9,-9.00371,-25.4956,-0.19488
625.95,-9.00083,-25.4908,-0.194417
626,-9.00371,-25.4917,-0.19453
626.05,-9.00624,-25.4923,-0.194608
626.1,-9.00502,-25.4891,-0.194311
626.15,-9.00481,-25.4869,-0.194115
626.2,-9.007,-25.4872,-0.194159
626.25,-9.00282,-25.481,-0.193567
626.3,-9.00202,-25.4783,-0.193312
626.35,-9.00364,-25.478,-0.193299
626.4,-9.00884,-25.4812,-0.193644
626.45,-9.00487,-25.4753,-0.193073
626.5,-9.00961,-25.4781,-0.193373
626.55,-9.00379,-25.4703,-0.192616
626.6,-9.00739,-25.4719,-0.192802
626.65,-9.00776,-25.4704,-0.192665
626.7,-9.01199,-25.4726,-0.192913
626.75,-9.01096,-25.4697,-0.192636
626.8,-9.00967,-25.4664,-0.192333
626.85,-9.01459,-25.4694,-0.192651
626.9,-9.00722,-25.4601,-0.19174
626.95,-9.00765,-25.4586,-0.191609
627,-9.0165,-25.4654,-0.19232
627.05,-9.01082,-25.4578,-0.191578
627.1,-9.01386,-25.4589,-0.191708
627.15,-9.01654,-25.4597,-0.191803
627.2,-9.01527,-25.4564,-0.191502
627.25,-9.01225,-25.4515,-0.191027
627.3,-9.01306,-25.4503,-0.190934
627.35,-9.01474,-25.4501,-0.190928
627.4,-9.02024,-25.4536,-0.191305
627.45,-9.02073,-25.4522,-0.191181
627.5,-9.01906,-25.4486,-0.19084
627.55,-9.01697,-25.4445,-0.190458
627.6,-9.01951,-25.4451,-0.190538
627.65,-9.01614,-25.4398,-0.190028
627.7,-9.02336,-25.4451,-0.190578
627.75,-9.01762,-25.4374,-0.18983
627.8,-9.0196,-25.4374,-0.189855
627.85,-9.01555,-25.4314,-0.189277
627.9,-9.02095,-25.4349,-0.189645
627.95,-9.01766,-25.4297,-0.189143
628,-9.01917,-25.4292,-0.189121
628.05,-9.01885,-25.427,-0.188916
628.1,-9.01926,-25.4255,-0.188785
628.15,-9.02391,-25.4282,-0.189076
628.2,-9.02349,-25.4258,-0.188862
628.25,-9.02766,-25.428,-0.189106
628.3,-9.02081,-25.4193,-0.188249
628.35,-9.02863,-25.4251,-0.188859
628.4,-9.02726,-25.4218,-0.188549
628.45,-9.02257,-25.4152,-0.187908
628.5,-9.03037,-25.4211,-0.188515
628.55,-9.02737,-25.4161,-0.188043
628.6,-9.02654,-25.4134,-0.187789
628.65,-9.02692,-25.4118,-0.187654
628.7,-9.02614,-25.4091,-0.187404
628.75,-9.02358,-25.4046,-0.186976
628.8,-9.03047,-25.4096,-0.187493
628.85,-9.03004,-25.4072,-0.187278
628.9,-9.0287,-25.4039,-0.186972
628.95,-9.03064,-25.4039,-0.186995
629,-9.03024,-25.4016,-0.186783
629.05,-9.02677,-25.3962,-0.186264
629.1,-9.03615,-25.4037,-0.187031
629.15,-9.02784,-25.3934,-0.186027
629.2,-9.03054,-25.3942,-0.186126
629.25,-9.0367,-25.3984,-0.18657
629.3,-9.03218,-25.392,-0.185947
629.35,-9.0364,-25.3943,-0.186198
629.4,-9.03806,-25.394,-0.186192
629.45,-9.03849,-25.3925,-0.186064
629.5,-9.03897,-25.3911,-0.185941
629.55,-9.03168,-25.3818,-0.185041
629.6,-9.03134,-25.3796,-0.184836
629.65,-9.03178,-25.3781,-0.184709
629.7,-9.03868,-25.3831,-0.185228
629.75,-9.03748,-25.3799,-0.184936
629.8,-9.04164,-25.3822,-0.185182
629.85,-9.04124,-25.3798,-0.18497
629.9,-9.03741,-25.3741,-0.184417
629.95,-9.03975,-25.3745,-0.18448
630,-9.04421,-25.377,-0.184755
630.05,-9.03773,-25.3686,-0.183937
630.1,-9.03663,-25.3656,-0.183655
630.15,-9.03982,-25.3669,-0.183804
630.2,-9.04326,-25.3684,-0.183978
630.25,-9.04094,-25.3642,-0.183575
630.3,-9.04112,-25.3624,-0.183423
630.35,-9.04102,-25.3604,-0.183242
630.4,-9.04782,-25.3653,-0.183752
630.45,-9.04621,-25.3618,-0.183421
630.5,-9.04761,-25.3612,-0.18339
630.55,-9.04356,-25.3553,-0.182816
630.6,-9.04805,-25.3578,-0.183094
630.65,-9.04839,-25.3563,-0.182958
630.7,-9.04559,-25.3515,-0.182508
630.75,-9.04233,-25.3464,-0.182012
630.8,-9.04839,-25.3505,-0.182448
630.85,-9.05063,-25.3508,-0.182502
630.9,-9.05117,-25.3494,-0.182386
630.95,-9.04844,-25.3448,-0.181944
631,-9.05067,-25.3451,-0.181997
631.05,-9.05126,-25.3438,-0.181886
631.1,-9.0508,-25.3414,-0.181671
631.15,-9.05226,-25.341,-0.181647
631.2,-9.05285,-25.3396,-0.181536
631.25,-9.04886,-25.3337,-0.180968
631.3,-9.04868,-25.3316,-0.18078
631.35,-9.053,-25.334,-0.181042
631.4,-9.04817,-25.3273,-0.180391
631.45,-9.05373,-25.3309,-0.180777
631.5,-9.04995,-25.3253,-0.18023
631.55,-9.04916,-25.3226,-0.179982
631.6,-9.0578,-25.3293,-0.180677
631.65,-9.0525,-25.3221,-0.179976
631.7,-9.05446,-25.3221,-0.180004
631.75,-9.05612,-25.3219,-0.180001
631.8,-9.05806,-25.3219,-0.180026
631.85,-9.05978,-25.3217,-0.180029
631.9,-9.05091,-25.3109,-0.178973
631.95,-9.05922,-25.3173,-0.179635
632,-9.05891,-25.3151,-0.179435
632.05,-9.061,-25.3153,-0.179476
632.1,-9.05484,-25.3072,-0.178691
632.15,-9.05859,-25.3091,-0.178897
632.2,-9.0606,-25.3092,-0.178929
632.25,-9.06122,-25.3079,-0.178822
632.3,-9.06128,-25.306,-0.17866
632.35,-9.05893,-25.3018,-0.178257
632.4,-9.06136,-25.3023,-0.178331
632.45,-9.06154,-25.3006,-0.178181
632.5,-9.05605,-25.2932,-0.177463
632.55,-9.06028,-25.2955,-0.177718
632.6,-9.06062,-25.294,-0.177584
632.65,-9.06425,-25.2957,-0.177779
632.7,-9.05953,-25.289,-0.177138
632.75,-9.06004,-25.2877,-0.177021
632.8,-9.05926,-25.285,-0.176775
632.85,-9.06393,-25.2877,-0.177074
632.9,-9.06835,-25.2903,-0.177347
632.95,-9.06233,-25.2823,-0.176577
633,-9.06213,-25.2802,-0.17639
633.05,-9.06236,-25.2786,-0.176245
633.1,-9.06513,-25.2794,-0.176354
633.15,-9.06316,-25.2756,-0.175989
633.2,-9.06766,-25.2782,-0.176271
633.25,-9.06199,-25.2706,-0.175536
633.3,-9.07126,-25.278,-0.176296
633.35,-9.06728,-25.2721,-0.175731
633.4,-9.06291,-25.2658,-0.175126
633.45,-9.0729,-25.2739,-0.175957
633.5,-9.06682,-25.2659,-0.175182
633.55,-9.07173,-25.2689,-0.175506
633.6,-9.0734,-25.2687,-0.175505
633.65,-9.07075,-25.2642,-0.175073
633.7,-9.069,-25.2605,-0.17473
633.75,-9.07227,-25.2619,-0.17489
633.8,-9.06983,-25.2576,-0.174478
633.85,-9.06773,-25.2536,-0.174101
633.9,-9.06824,-25.2522,-0.173986
633.95,-9.06782,-25.2499,-0.173776
634,-9.07549,-25.2556,-0.174376
634.05,-9.0701,-25.2484,-0.17367
634.1,-9.07351,-25.2499,-0.173844
634.15,-9.07112,-25.2456,-0.173438
634.2,-9.06895,-25.2415,-0.173054
634.25,-9.07722,-25.2479,-0.173714
634.3,-9.07494,-25.2437,-0.173319
634.35,-9.07158,-25.2385,-0.172817
634.4,-9.07412,-25.2391,-0.172904
634.45,-9.07585,-25.239,-0.17291
634.5,-9.07607,-25.2373,-0.172766
634.55,-9.07801,-25.2373,-0.172793
634.6,-9.07957,-25.237,-0.172782
634.65,-9.08216,-25.2377,-0.172875
634.7,-9.08173,-25.2354,-0.172665
634.75,-9.07738,-25.2291,-0.172064
634.8,-9.07389,-25.2238,-0.171549
634.85,-9.08233,-25.2303,-0.172227
634.9,-9.08361,-25.2297,-0.172188
634.95,-9.07536,-25.2196,-0.171196
635,-9.08339,-25.2257,-0.171833
635.05,-9.07818,-25.2186,-0.171146
635.1,-9.08444,-25.223,-0.171606
635.15,-9.08375,-25.2204,-0.171371
635.2,-9.08549,-25.2203,-0.171379
635.25,-9.0796,-25.2125,-0.170624
635.3,-9.08178,-25.2128,-0.170676
635.35,-9.08068,-25.2098,-0.1704
635.4,-9.08231,-25.2095,-0.170396
635.45,-9.0846,-25.2099,-0.17046
635.5,-9.08268,-25.2061,-0.170102
635.55,-9.08158,-25.2032,-0.169827
635.6,-9.0881,-25.2078,-0.170312
635.65,-9.08919,-25.207,-0.170255
635.7,-9.08531,-25.2012,-0.169702
635.75,-9.08926,-25.2033,-0.169931
635.8,-9.08823,-25.2004,-0.169663
635.85,-9.08167,-25.1919,-0.168841
635.9,-9.09188,-25.2003,-0.169697
635.95,-9.083,-25.1895,-0.168643
636,-9.08778,-25.1924,-0.168956
636.05,-9.08782,-25.1906,-0.168794
636.1,-9.09049,-25.1914,-0.168896
636.15,-9.08643,-25.1854,-0.168325
636.2,-9.08867,-25.1858,-0.168384
636.25,-9.09052,-25.1857,-0.168403
636.3,-9.09172,-25.1851,-0.168359
636.35,-9.0901,-25.1816,-0.168031
636.4,-9.09,-25.1796,-0.167856
636.45,-9.09209,-25.1798,-0.1679
636.5,-9.09182,-25.1777,-0.167708
636.55,-9.08937,-25.1733,-0.167298
636.6,-9.09587,-25.1779,-0.167783
636.65,-9.09148,-25.1717,-0.167179
636.7,-9.09795,-25.1763,-0.167661
636.75,-9.09581,-25.1722,-0.167282
636.8,-9.09515,-25.1697,-0.167051
636.85,-9.09341,-25.1661,-0.166713
636.9,-9.08978,-25.1606,-0.166185
636.95,-9.09037,-25.1593,-0.166079
637,-9.09054,-25.1576,-0.165932
637.05,-9.09461,-25.1598,-0.166174
637.1,-9.09372,-25.157,-0.16592
637.15,-9.10003,-25.1615,-0.166386
637.2,-9.0948,-25.1544,-0.165699
637.25,-9.09965,-25.1573,-0.166019
637.3,-9.09953,-25.1553,-0.165843
637.35,-9.09289,-25.1468,-0.165015
637.4,-9.1008,-25.1529,-0.165642
637.45,-9.10051,-25.1507,-0.165448
637.5,-9.09461,-25.1429,-0.164694
637.55,-9.09693,-25.1434,-0.164762
637.6,-9.0963,-25.1409,-0.164534
637.65,-9.1027,-25.1454,-0.16501
637.7,-9.10058,-25.1414,-0.164634
637.75,-9.10181,-25.1408,-0.164593
637.8,-9.09968,-25.1368,-0.164216
637.85,-9.09839,-25.1336,-0.163923
637.9,-9.09762,-25.131,-0.163682
637.95,-9.10503,-25.1365,-0.164259
638,-9.10545,-25.1351,-0.164137
638.05,-9.10404,-25.1318,-0.163832
638.1,-9.09862,-25.1245,-0.163126
638.15,-9.10516,-25.1292,-0.163617
638.2,-9.099,-25.1211,-0.162836
638.25,-9.09967,-25.1199,-0.16274
638.3,-9.1037,-25.1221,-0.162979
638.35,-9.1065,-25.123,-0.163096
638.4,-9.10507,-25.1197,-0.162789
638.45,-9.10509,-25.1179,-0.162628
638.5,-9.10811,-25.119,-0.162766
638.55,-9.10649,-25.1156,-0.16244
638.6,-9.11021,-25.1174,-0.162649
638.65,-9.11196,-25.1173,-0.162661
638.7,-9.10628,-25.1097,-0.161929
638.75,-9.10441,-25.106,-0.161578
638.8,-9.11064,-25.1104,-0.162038
638.85,-9.10447,-25.1023,-0.161258
638.9,-9.10559,-25.1016,-0.161207
638.95,-9.10936,-25.1035,-0.161421
639,-9.11254,-25.1048,-0.161575
639.05,-9.1074,-25.0978,-0.160898
639.1,-9.11312,-25.1017,-0.161307
639.15,-9.1153,-25.102,-0.161362
639.2,-9.10619,-25.091,-0.160288
639.25,-9.10943,-25.0924,-0.160449
639.3,-9.11248,-25.0936,-0.160591
639.35,-9.11088,-25.0901,-0.160268
639.4,-9.11246,-25.0898,-0.160264
639.45,-9.11438,-25.0899,-0.160293
639.5,-9.10982,-25.0835,-0.159673
639.55,-9.11146,-25.0833,-0.159675
639.6,-9.11161,-25.0816,-0.159527
639.65,-9.11127,-25.0793,-0.15933
639.7,-9.11909,-25.0853,-0.15995
639.75,-9.11271,-25.0771,-0.159149
639.8,-9.11268,-25.0752,-0.158983
639.85,-9.11418,-25.0748,-0.15897
639.9,-9.12024,-25.079,-0.159414
639.95,-9.11842,-25.0753,-0.159069
640,-9.11958,-25.0746,-0.159023
640.05,-9.1183,-25.0715,-0.158732
640.1,-9.11449,-25.0658,-0.158189
640.15,-9.11901,-25.0685,-0.158479
640.2,-9.11913,-25.0668,-0.158329
640.25,-9.11929,-25.0651,-0.158182
640.3,-9.12158,-25.0655,-0.158249
640.35,-9.11757,-25.0596,-0.157686
640.4,-9.1212,-25.0614,-0.157886
640.45,-9.12426,-25.0626,-0.15803
640.5,-9.12367,-25.0602,-0.157809
640.55,-9.12011,-25.0548,-0.157291
640.6,-9.11768,-25.0505,-0.156886
640.65,-9.12246,-25.0534,-0.157202
640.7,-9.12072,-25.0498,-0.156867
640.75,-9.11883,-25.0461,-0.156515
640.8,-9.1265,-25.0519,-0.15712
640.85,-9.12746,-25.051,-0.157054
640.9,-9.12361,-25.0453,-0.156507
640.95,-9.12251,-25.0423,-0.156235
641,-9.12504,-25.043,-0.156326
641.05,-9.12627,-25.0424,-0.156288
641.1,-9.12647,-25.0407,-0.156146
641.15,-9.12879,-25.0412,-0.156217
641.2,-9.12933,-25.0399,-0.156109
641.25,-9.127,-25.0357,-0.155714
641.3,-9.1226,-25.0295,-0.155113
641.35,-9.12276,-25.0278,-0.154967
641.4,-9.12157,-25.0247,-0.154687
641.45,-9.12289,-25.0242,-0.154657
641.5,-9.13087,-25.0303,-0.155294
641.55,-9.1305,-25.0281,-0.155095
641.6,-9.13018,-25.0259,-0.154902
641.65,-9.12401,-25.0179,-0.154124
641.7,-9.12782,-25.0199,-0.154343
641.75,-9.12727,-25.0175,-0.154127
641.8,-9.13091,-25.0193,-0.15433
641.85,-9.12666,-25.0132,-0.153743
641.9,-9.13176,-25.0164,-0.154092
641.95,-9.12869,-25.0115,-0.153624
642,-9.12715,-25.0081,-0.153308
642.05,-9.13132,-25.0104,-0.153564
642.1,-9.13434,-25.0116,-0.153706
642.15,-9.13002,-25.0054,-0.153113
642.2,-9.12863,-25.0022,-0.152812
642.25,-9.12958,-25.0013,-0.152746
642.3,-9.13302,-25.0029,-0.15293
642.35,-9.12895,-24.997,-0.152362
642.4,-9.13052,-24.9967,-0.152358
642.45,-9.12977,-24.9941,-0.152122
642.5,-9.13426,-24.9968,-0.15241
642.55,-9.13802,-24.9987,-0.152625
642.6,-9.13816,-24.997,-0.152479
642.65,-9.1325,-24.9895,-0.151752
642.7,-9.13825,-24.9934,-0.152166
642.75,-9.13859,-24.9919,-0.15204
642.8,-9.14026,-24.9917,-0.152046
642.85,-9.13126,-24.9809,-0.150986
642.9,-9.13143,-24.9792,-0.150842
642.95,-9.13158,-24.9775,-0.150696
643,-9.13355,-24.9776,-0.150733
643.05,-9.14136,-24.9836,-0.151354
643.1,-9.1408,-24.9812,-0.151137
643.15,-9.14213,-24.9807,-0.151109
643.2,-9.13343,-24.9701,-0.150079
643.25,-9.13633,-24.9712,-0.150209
643.3,-9.13678,-24.9698,-0.150093
643.35,-9.14139,-24.9726,-0.150394
643.4,-9.1397,-24.969,-0.150065
643.45,-9.13492,-24.9624,-0.149427
643.5,-9.13612,-24.9618,-0.149386
643.55,-9.14255,-24.9664,-0.149869
643.6,-9.14161,-24.9636,-0.149615
643.65,-9.1455,-24.9656,-0.149844
643.7,-9.13727,-24.9556,-0.148862
643.75,-9.1446,-24.9611,-0.149435
643.8,-9.13911,-24.9537,-0.148725
643.85,-9.144,-24.9568,-0.149054
643.9,-9.14693,-24.9579,-0.149187
643.95,-9.14267,-24.9518,-0.148601
644,-9.14648,-24.9538,-0.148822
644.05,-9.14356,-24.949,-0.148371
644.1,-9.14273,-24.9463,-0.148128
644.15,-9.14635,-24.9481,-0.14833
644.2,-9.14745,-24.9474,-0.148281
644.25,-9.14203,-24.9401,-0.147579
644.3,-9.14567,-24.9419,-0.147783
644.35,-9.14811,-24.9425,-0.147867
644.4,-9.14336,-24.936,-0.147233
644.45,-9.14684,-24.9376,-0.147421
644.5,-9.1491,-24.938,-0.147487
644.55,-9.14599,-24.9331,-0.147017
644.6,-9.14695,-24.9322,-0.146954
644.65,-9.14832,-24.9317,-0.146931
644.7,-9.14622,-24.9278,-0.146561
644.75,-9.14816,-24.9279,-0.146596
644.8,-9.1521,-24.93,-0.14683
644.85,-9.15012,-24.9262,-0.146473
644.9,-9.14634,-24.9206,-0.145936
644.95,-9.14826,-24.9207,-0.145969
645,-9.15118,-24.9218,-0.146102
645.05,-9.14828,-24.917,-0.145652
645.1,-9.14631,-24.9132,-0.145296
645.15,-9.14795,-24.9131,-0.145301
645.2,-9.14862,-24.9119,-0.145209
645.25,-9.1481,-24.9095,-0.144998
645.3,-9.14676,-24.9064,-0.144704
645.35,-9.1516,-24.9094,-0.14503
645.4,-9.15565,-24.9116,-0.145276
645.45,-9.15691,-24.911,-0.145243
645.5,-9.15718,-24.9095,-0.145111
645.55,-9.15471,-24.9052,-0.144705
645.6,-9.15274,-24.9014,-0.144349
645.65,-9.15185,-24.8987,-0.144101
645.7,-9.15269,-24.8977,-0.144026
645.75,-9.1515,-24.8946,-0.143748
645.8,-9.15487,-24.8962,-0.143926
645.85,-9.15902,-24.8985,-0.144183
645.9,-9.15995,-24.8976,-0.144117
645.95,-9.15825,-24.8941,-0.143788
646,-9.15556,-24.8896,-0.143361
646.05,-9.15843,-24.8906,-0.143489
646.1,-9.15331,-24.8837,-0.142819
646.15,-9.16127,-24.8898,-0.143456
646.2,-9.15518,-24.8819,-0.142689
646.25,-9.15764,-24.8825,-0.142776
646.3,-9.15722,-24.8803,-0.142576
646.35,-9.15476,-24.876,-0.142171
646.4,-9.15493,-24.8743,-0.142029
646.45,-9.16041,-24.878,-0.142419
646.5,-9.15955,-24.8753,-0.142175
646.55,-9.16232,-24.8763,-0.142294
646.6,-9.16459,-24.8767,-0.142362
646.65,-9.16144,-24.8717,-0.141889
646.7,-9.15555,-24.864,-0.141141
646.75,-9.15816,-24.8648,-0.141245
646.8,-9.16419,-24.869,-0.141689
646.85,-9.15663,-24.8596,-0.140775
646.9,-9.16378,-24.8649,-0.141332
646.95,-9.16354,-24.8629,-0.14115
647,-9.16693,-24.8645,-0.141331
647.05,-9.16404,-24.8597,-0.140884
647.1,-9.16101,-24.8549,-0.140423
647.15,-9.16213,-24.8542,-0.140377
647.2,-9.16803,-24.8583,-0.140809
647.25,-9.16553,-24.8539,-0.140401
647.3,-9.16514,-24.8517,-0.140204
647.35,-9.16411,-24.8489,-0.139943
647.4,-9.16545,-24.8484,-0.139919
647.45,-9.16568,-24.8468,-0.139784
647.5,-9.16263,-24.8419,-0.139322
647.55,-9.16098,-24.8385,-0.138999
647.6,-9.16377,-24.8394,-0.13912
647.65,-9.16529,-24.8391,-0.139115
647.7,-9.16129,-24.8333,-0.138557
647.75,-9.16768,-24.8379,-0.139038
647.8,-9.17136,-24.8398,-0.139248
647.85,-9.16662,-24.8332,-0.138617
647.9,-9.17024,-24.835,-0.138822
647.95,-9.16379,-24.8267,-0.138018
648,-9.16423,-24.8254,-0.137905
648.05,-9.16668,-24.826,-0.137993
648.1,-9.17269,-24.8302,-0.138436
648.15,-9.16509,-24.8208,-0.137519
648.2,-9.17409,-24.8279,-0.138262
648.25,-9.1739,-24.8259,-0.138085
648.3,-9.16862,-24.8188,-0.137399
648.35,-9.17333,-24.8217,-0.137714
648.4,-9.17527,-24.8219,-0.137751
648.45,-9.16684,-24.8116,-0.13675
648.5,-9.17101,-24.814,-0.13701
648.55,-9.17604,-24.8172,-0.137356
648.6,-9.17441,-24.8137,-0.137036
648.65,-9.17525,-24.8128,-0.136963
648.7,-9.1711,-24.8068,-0.13639
648.75,-9.17507,-24.809,-0.13663
648.8,-9.17311,-24.8052,-0.136277
648.85,-9.16826,-24.7985,-0.135635
648.9,-9.1709,-24.7993,-0.135742
648.95,-9.16998,-24.7966,-0.135493
649,-9.17506,-24.7999,-0.135844
649.05,-9.17434,-24.7973,-0.135615
649.1,-9.17147,-24.7927,-0.135172
649.15,-9.17904,-24.7984,-0.135771
649.2,-9.17955,-24.7971,-0.135665
649.25,-9.17237,-24.7881,-0.134791
649.3,-9.17603,-24.79,-0.135
649.35,-9.17992,-24.7921,-0.135233
649.4,-9.17772,-24.788,-0.134855
649.45,-9.1747,-24.7832,-0.134396
649.5,-9.18183,-24.7885,-0.134953
649.55,-9.17977,-24.7847,-0.13459
649.6,-9.1789,-24.782,-0.134347
649.65,-9.18174,-24.783,-0.134474
649.7,-9.18179,-24.7812,-0.134323
649.75,-9.17963,-24.7773,-0.13395
649.8,-9.18197,-24.7778,-0.134028
649.85,-9.17645,-24.7705,-0.133319
649.9,-9.1787,-24.7709,-0.133388
649.95,-9.1827,-24.7731,-0.133631
650,-9.17844,-24.767,-0.133049
650.05,-9.18457,-24.7714,-0.133506
650.1,-9.1833,-24.7683,-0.133222
650.15,-9.17712,-24.7603,-0.132448
650.2,-9.1838,-24.7652,-0.132959
650.25,-9.17808,-24.7576,-0.132231
650.3,-9.18558,-24.7633,-0.132825
650.35,-9.18,-24.7559,-0.132111
650.4,-9.17914,-24.7533,-0.131869
650.45,-9.17898,-24.7513,-0.131696
650.5,-9.18219,-24.7527,-0.131861
650.55,-9.18612,-24.7548,-0.132098
650.6,-9.18495,-24.7519,-0.131825
650.65,-9.185,-24.7501,-0.131674
650.7,-9.1862,-24.7495,-0.131638
650.75,-9.18525,-24.7468,-0.131387
650.8,-9.18784,-24.7475,-0.13149
650.85,-9.1824,-24.7403,-0.130791
650.9,-9.18506,-24.7411,-0.1309
650.95,-9.18514,-24.7394,-0.130753
651,-9.1864,-24.7389,-0.130723
651.05,-9.1859,-24.7366,-0.130516
651.1,-9.18363,-24.7325,-0.130134
651.15,-9.18374,-24.7308,-0.129989
651.2,-9.18578,-24.731,-0.130038
651.25,-9.18328,-24.7267,-0.129631
651.3,-9.19093,-24.7326,-0.130241
651.35,-9.18504,-24.7249,-0.129496
651.4,-9.18672,-24.7248,-0.129508
651.45,-9.18634,-24.7226,-0.129315
651.5,-9.18415,-24.7186,-0.12894
651.55,-9.19129,-24.7239,-0.129498
651.6,-9.18675,-24.7176,-0.128889
651.65,-9.19301,-24.7221,-0.129359
651.7,-9.19368,-24.7209,-0.129271
651.75,-9.18553,-24.711,-0.128301
651.8,-9.18579,-24.7094,-0.128171
651.85,-9.19367,-24.7155,-0.128804
651.9,-9.18966,-24.7097,-0.128248
651.95,-9.18877,-24.707,-0.128003
652,-9.18621,-24.7026,-0.127591
652.05,-9.19513,-24.7098,-0.128328
652.1,-9.18788,-24.7007,-0.127448
652.15,-9.19386,-24.7049,-0.127891
652.2,-9.19255,-24.7018,-0.127605
652.25,-9.19622,-24.7037,-0.127817
652.3,-9.19097,-24.6966,-0.127137
652.35,-9.19197,-24.6958,-0.127081
652.4,-9.18992,-24.692,-0.126721
652.45,-9.19704,-24.6973,-0.127278
652.5,-9.19784,-24.6963,-0.127203
652.55,-9.19677,-24.6934,-0.126941
652.6,-9.19311,-24.688,-0.126419
652.65,-9.19136,-24.6844,-0.12609
652.7,-9.19011,-24.6814,-0.12581
652.75,-9.19821,-24.6877,-0.126465
652.8,-9.19368,-24.6814,-0.125857
652.85,-9.19981,-24.6857,-0.126315
652.9,-9.19173,-24.6758,-0.125352
652.95,-9.19861,-24.6809,-0.125885
653,-9.19407,-24.6746,-0.125277
653.05,-9.19353,-24.6722,-0.125068
653.1,-9.19726,-24.6742,-0.125286
653.15,-9.19792,-24.673,-0.125197
653.2,-9.19335,-24.6667,-0.124585
653.25,-9.19747,-24.669,-0.124843
653.3,-9.19971,-24.6694,-0.124912
653.35,-9.19511,-24.663,-0.124298
653.4,-9.19684,-24.663,-0.124316
653.45,-9.1948,-24.6591,-0.123957
653.5,-9.19904,-24.6616,-0.124226
653.55,-9.19792,-24.6587,-0.12396
653.6,-9.20452,-24.6635,-0.124466
653.65,-9.20124,-24.6584,-0.123983
653.7,-9.19583,-24.6512,-0.123288
653.75,-9.20085,-24.6544,-0.123635
653.8,-9.20096,-24.6528,-0.123492
653.85,-9.20003,-24.65,-0.123244
653.9,-9.20576,-24.654,-0.123663
653.95,-9.20355,-24.65,-0.123288
654,-9.19947,-24.6441,-0.122725
654.05,-9.20573,-24.6486,-0.123197
654.1,-9.20218,-24.6432,-0.122688
654.15,-9.20415,-24.6434,-0.122731
654.2,-9.1984,-24.6359,-0.122001
654.25,-9.20332,-24.639,-0.12234
654.3,-9.20312,-24.637,-0.122165
654.35,-9.20257,-24.6347,-0.121956
654.4,-9.20335,-24.6337,-0.12188
654.45,-9.2048,-24.6333,-0.121871
654.5,-9.20085,-24.6276,-0.121322
654.55,-9.20682,-24.6318,-0.121765
654.6,-9.20747,-24.6306,-0.121675
654.65,-9.20697,-24.6283,-0.121472
654.7,-9.20333,-24.6229,-0.120954
654.75,-9.20913,-24.6269,-0.12138
654.8,-9.2025,-24.6185,-0.120562
654.85,-9.21082,-24.625,-0.121241
654.9,-9.20176,-24.6142,-0.120181
654.95,-9.20658,-24.6172,-0.12051
655,-9.20259,-24.6114,-0.119957
655.05,-9.2075,-24.6146,-0.120294
655.1,-9.21094,-24.6162,-0.120484
655.15,-9.20329,-24.6068,-0.119565
655.2,-9.20465,-24.6064,-0.119547
655.25,-9.21241,-24.6123,-0.12017
655.3,-9.2095,-24.6076,-0.119725
655.35,-9.2107,-24.6071,-0.119692
655.4,-9.20727,-24.6018,-0.119195
655.45,-9.20983,-24.6026,-0.119297
655.5,-9.20856,-24.5996,-0.119017
655.55,-9.21077,-24.6,-0.119084
655.6,-9.20933,-24.5968,-0.118787
655.65,-9.21424,-24.5999,-0.119124
655.7,-9.20816,-24.592,-0.118363
655.75,-9.2107,-24.5928,-0.118463
655.8,-9.21028,-24.5906,-0.118267
655.85,-9.21373,-24.5922,-0.11846
655.9,-9.21545,-24.5922,-0.118478
655.95,-9.21554,-24.5905,-0.118334
656,-9.21019,-24.5833,-0.117645
656.05,-9.20769,-24.5791,-0.117242
656.1,-9.21349,-24.5831,-0.117669
656.15,-9.20852,-24.5763,-0.117018
656.2,-9.21526,-24.5813,-0.11754
656.25,-9.21716,-24.5814,-0.117577
656.3,-9.21773,-24.5802,-0.11748
656.35,-9.21757,-24.5783,-0.117311
656.4,-9.21754,-24.5764,-0.117154
656.45,-9.21878,-24.5759,-0.117126
656.5,-9.21319,-24.5685,-0.116413
656.55,-9.2189,-24.5725,-0.116831
656.6,-9.2148,-24.5666,-0.116268
656.65,-9.21238,-24.5624,-0.115874
656.7,-9.22017,-24.5684,-0.1165
656.75,-9.21717,-24.5636,-0.116047
656.8,-9.21226,-24.5569,-0.115403
656.85,-9.21688,-24.5598,-0.115712
656.9,-9.21483,-24.5559,-0.115353
656.95,-9.21622,-24.5556,-0.11534
657,-9.21315,-24.5507,-0.11488
657.05,-9.21956,-24.5553,-0.115368
657.1,-9.21291,-24.5469,-0.114551
657.15,-9.21814,-24.5503,-0.11492
657.2,-9.21921,-24.5496,-0.114875
657.25,-9.21622,-24.5449,-0.114423
657.3,-9.21372,-24.5406,-0.114021
657.35,-9.21411,-24.5392,-0.113907
657.4,-9.21432,-24.5376,-0.113776
657.45,-9.22329,-24.5448,-0.11452
657.5,-9.22351,-24.5433,-0.114389
657.55,-9.21812,-24.5361,-0.113697
657.6,-9.22433,-24.5405,-0.114166
657.65,-9.2201,-24.5345,-0.11359
657.7,-9.21947,-24.5321,-0.113375
657.75,-9.22217,-24.5331,-0.113493
657.8,-9.21959,-24.5287,-0.113082
657.85,-9.21928,-24.5266,-0.112898
657.9,-9.22157,-24.5271,-0.112975
657.95,-9.21869,-24.5225,-0.112535
658,-9.21937,-24.5214,-0.112451
658.05,-9.22581,-24.5261,-0.112942
658.1,-9.2184,-24.5169,-0.112049
658.15,-9.22472,-24.5214,-0.112529
658.2,-9.21849,-24.5134,-0.111754
658.25,-9.21862,-24.5118,-0.111614
658.3,-9.22169,-24.5131,-0.111768
658.35,-9.2203,-24.5099,-0.111478
658.4,-9.22479,-24.5126,-0.111775
658.45,-9.22555,-24.5116,-0.111698
658.5,-9.22531,-24.5096,-0.111522
658.55,-9.22648,-24.509,-0.111487
658.6,-9.2234,-24.5041,-0.111027
658.65,-9.22626,-24.5052,-0.111161
658.7,-9.2224,-24.4996,-0.110623
658.75,-9.23014,-24.5056,-0.111245
658.8,-9.22976,-24.5034,-0.111055
658.85,-9.22315,-24.495,-0.110243
658.9,-9.23103,-24.5011,-0.110878
658.95,-9.23062,-24.499,-0.110685
659,-9.22273,-24.4893,-0.109745
659.05,-9.23058,-24.4954,-0.110378
659.1,-9.22453,-24.4876,-0.10962
659.15,-9.2326,-24.4939,-0.110276
659.2,-9.22598,-24.4855,-0.109462
659.25,-9.22904,-24.4868,-0.109617
659.3,-9.22957,-24.4855,-0.109518
659.35,-9.23012,-24.4843,-0.109421
659.4,-9.23263,-24.485,-0.10952
659.45,-9.2252,-24.4758,-0.108625
659.5,-9.23262,-24.4815,-0.109216
659.55,-9.22556,-24.4727,-0.108359
659.6,-9.23433,-24.4797,-0.109084
659.65,-9.2341,-24.4777,-0.108909
659.7,-9.23313,-24.4749,-0.108661
659.75,-9.23544,-24.4754,-0.10874
659.8,-9.2351,-24.4733,-0.108554
659.85,-9.22696,-24.4634,-0.107587
659.9,-9.22763,-24.4623,-0.107503
659.95,-9.23154,-24.4644,-0.107743
660,-9.23391,-24.465,-0.107828
660.05,-9.23411,-24.4634,-0.107695
660.1,-9.22894,-24.4565,-0.107026
660.15,-9.22799,-24.4537,-0.106779
660.2,-9.2308,-24.4548,-0.106908
660.25,-9.23153,-24.4537,-0.106829
660.3,-9.23807,-24.4585,-0.107332
660.35,-9.23026,-24.4489,-0.106399
660.4,-9.23414,-24.451,-0.106635
660.45,-9.23832,-24.4534,-0.106901
660.5,-9.22986,-24.4431,-0.105903
660.55,-9.23561,-24.4471,-0.106326
660.6,-9.2374,-24.4471,-0.106353
660.65,-9.23264,-24.4406,-0.105725
660.7,-9.23622,-24.4424,-0.105932
660.75,-9.23114,-24.4355,-0.105272
660.8,-9.23921,-24.4418,-0.105927
660.85,-9.23309,-24.4339,-0.105163
660.9,-9.23831,-24.4374,-0.105533
660.95,-9.23865,-24.4359,-0.105415
661,-9.23485,-24.4304,-0.104884
661.05,-9.23727,-24.431,-0.104973
661.1,-9.24031,-24.4323,-0.105125
661.15,-9.23504,-24.4252,-0.104447
661.2,-9.23698,-24.4254,-0.104489
661.25,-9.2388,-24.4254,-0.104519
661.3,-9.23559,-24.4204,-0.104046
661.35,-9.23694,-24.42,-0.104029
661.4,-9.24035,-24.4217,-0.104219
661.45,-9.23757,-24.4171,-0.103789
661.5,-9.24257,-24.4203,-0.104138
661.55,-9.23811,-24.4141,-0.103539
661.6,-9.23526,-24.4095,-0.103103
661.65,-9.24485,-24.4173,-0.10391
661.7,-9.23918,-24.4098,-0.103191
661.75,-9.23889,-24.4078,-0.103011
661.8,-9.23896,-24.4061,-0.102866
661.85,-9.23958,-24.4049,-0.102777
661.9,-9.24123,-24.4048,-0.10279
661.95,-9.24493,-24.4067,-0.103009
662,-9.23948,-24.3995,-0.102312
662.05,-9.24242,-24.4007,-0.102454
662.1,-9.24162,-24.3981,-0.102223
662.15,-9.23771,-24.3924,-0.10168
662.2,-9.24564,-24.3986,-0.102322
662.25,-9.23818,-24.3894,-0.101424
662.3,-9.23894,-24.3883,-0.101348
662.35,-9.24469,-24.3923,-0.101772
662.4,-9.24085,-24.3867,-0.101237
662.45,-9.24659,-24.3907,-0.10166
662.5,-9.24244,-24.3848,-0.101093
662.55,-9.24456,-24.3851,-0.101153
662.6,-9.24246,-24.3812,-0.100793
662.65,-9.2411,-24.3781,-0.100505
662.7,-9.2477,-24.383,-0.101014
662.75,-9.2473,-24.3808,-0.100823
662.8,-9.24751,-24.3792,-0.100692
662.85,-9.25066,-24.3806,-0.100856
662.9,-9.24136,-24.3695,-0.0997751
662.95,-9.24474,-24.3712,-0.0999615
663,-9.24485,-24.3695,-0.0998218
663.05,-9.25033,-24.3732,-0.100218
663.1,-9.24899,-24.3701,-0.099933
663.15,-9.24601,-24.3654,-0.0994841
663.2,-9.25083,-24.3684,-0.0998148
663.25,-9.24358,-24.3594,-0.0989385
663.3,-9.25007,-24.3641,-0.0994364
663.35,-9.24471,-24.357,-0.0987498
663.4,-9.24784,-24.3584,-0.0989113
663.45,-9.24573,-24.3545,-0.0985501
663.5,-9.25384,-24.3608,-0.0992094
663.55,-9.25127,-24.3565,-0.0988015
663.6,-9.25186,-24.3553,-0.0987103
663.65,-9.24893,-24.3506,-0.0982657
663.7,-9.2522,-24.3521,-0.0984424
663.75,-9.25049,-24.3487,-0.0981203
663.8,-9.24985,-24.3463,-0.0979055
663.85,-9.25365,-24.3483,-0.0981342
663.9,-9.24745,-24.3403,-0.0973635
663.95,-9.25273,-24.3439,-0.0977412
664,-9.25202,-24.3414,-0.0975198
664.05,-9.25143,-24.339,-0.0973097
664.1,-9.24859,-24.3344,-0.0968755
664.15,-9.25555,-24.3396,-0.0974208
664.2,-9.25336,-24.3357,-0.0970506
664.25,-9.25689,-24.3374,-0.0972531
664.3,-9.25321,-24.332,-0.096735
664.35,-9.25099,-24.328,-0.0963615
664.4,-9.25743,-24.3327,-0.0968551
664.45,-9.25422,-24.3277,-0.096384
664.5,-9.25513,-24.3269,-0.0963246
664.55,-9.25145,-24.3214,-0.095806
664.6,-9.25348,-24.3217,-0.0958585
664.65,-9.25282,-24.3193,-0.095642
664.7,-9.25592,-24.3206,-0.095802
664.75,-9.25253,-24.3155,-0.0953128
664.8,-9.25439,-24.3156,-0.0953477
664.85,-9.25374,-24.3132,-0.0951332
664.9,-9.25477,-24.3124,-0.0950851
664.95,-9.25951,-24.3154,-0.0954091
665,-9.25653,-24.3107,-0.0949611
665.05,-9.25542,-24.3078,-0.0946998
665.1,-9.25736,-24.308,-0.0947436
665.15,-9.25475,-24.3036,-0.094332
665.2,-9.26046,-24.3076,-0.0947539
665.25,-9.25545,-24.3008,-0.094102
665.3,-9.26089,-24.3045,-0.094496
665.35,-9.25574,-24.2976,-0.0938307
665.4,-9.25428,-24.2944,-0.0935353
665.45,-9.25329,-24.2917,-0.0932863
665.5,-9.25319,-24.2898,-0.0931263
665.55,-9.2608,-24.2956,-0.0937371
665.6,-9.25898,-24.2921,-0.0934057
665.65,-9.25582,-24.2872,-0.0929392
665.7,-9.26016,-24.2897,-0.0932231
665.75,-9.25592,-24.2837,-0.0926491
665.8,-9.25605,-24.2821,-0.0925129
665.85,-9.25648,-24.2808,-0.0924063
665.9,-9.25978,-24.2824,-0.0925866
665.95,-9.25613,-24.277,-0.0920716
666,-9.26313,-24.2822,-0.0926216
666.05,-9.25711,-24.2744,-0.0918702
666.1,-9.25955,-24.2751,-0.0919644
666.15,-9.25835,-24.2722,-0.0916946
666.2,-9.26144,-24.2735,-0.0918543
666.25,-9.25676,-24.2671,-0.0912363
666.3,-9.26194,-24.2705,-0.091605
666.35,-9.26666,-24.2735,-0.0919274
666.4,-9.26111,-24.2662,-0.0912226
666.45,-9.26709,-24.2704,-0.091671
666.5,-9.26632,-24.2679,-0.091445
666.55,-9.26757,-24.2674,-0.09142
666.6,-9.26221,-24.2603,-0.0907348
666.65,-9.26316,-24.2595,-0.0906804
666.7,-9.26157,-24.2561,-0.0903716
666.75,-9.2617,-24.2545,-0.0902359
666.8,-9.26741,-24.2585,-0.0906574
666.85,-9.26103,-24.2503,-0.0898703
666.9,-9.2658,-24.2533,-0.0901971
666.95,-9.25983,-24.2456,-0.0894509
667,-9.26224,-24.2463,-0.0895425
667.05,-9.26667,-24.249,-0.0898371
667.1,-9.26809,-24.2486,-0.0898295
667.15,-9.26846,-24.2473,-0.0897174
667.2,-9.26951,-24.2466,-0.0896733
667.25,-9.26504,-24.2403,-0.0890773
667.3,-9.26095,-24.2345,-0.088519
667.35,-9.26192,-24.2337,-0.0884663
667.4,-9.26766,-24.2377,-0.0888915
667.45,-9.26665,-24.235,-0.0886412
667.5,-9.26374,-24.2303,-0.0882014
667.55,-9.26626,-24.2311,-0.0883043
667.6,-9.26901,-24.2321,-0.0884303
667.65,-9.26832,-24.2296,-0.0882124
667.7,-9.26942,-24.229,-0.0881733
667.75,-9.26504,-24.2229,-0.0875869
667.8,-9.26945,-24.2255,-0.0878786
667.85,-9.26551,-24.2199,-0.087336
667.9,-9.26563,-24.2182,-0.0871997
667.95,-9.26427,-24.2151,-0.0869144
668,-9.26609,-24.2152,-0.0869479
668.05,-9.26523,-24.2126,-0.0867133
668.1,-9.2649,-24.2105,-0.0865308
668.15,-9.27114,-24.215,-0.0870068
668.2,-9.27102,-24.2131,-0.0868456
668.25,-9.26887,-24.2093,-0.0864819
668.3,-9.26503,-24.2037,-0.08595
668.35,-9.2704,-24.2073,-0.0863381
668.4,-9.27166,-24.2068,-0.086315
668.45,-9.27237,-24.2058,-0.0862376
668.5,-9.27155,-24.2032,-0.0860072
668.55,-9.275,-24.2049,-0.0862035
668.6,-9.26993,-24.1981,-0.0855484
668.65,-9.27031,-24.1968,-0.0854381
668.7,-9.27392,-24.1986,-0.08565
668.75,-9.26969,-24.1927,-0.0850786
668.8,-9.27538,-24.1966,-0.0855
668.85,-9.27468,-24.1942,-0.0852813
668.9,-9.2712,-24.1889,-0.0847849
668.95,-9.27243,-24.1884,-0.0847593
669,-9.2705,-24.1848,-0.084418
669.05,-9.2739,-24.1864,-0.0846095
669.1,-9.27743,-24.1882,-0.0848146
669.15,-9.27804,-24.1871,-0.0847271
669.2,-9.27053,-24.1778,-0.0838284
669.25,-9.27495,-24.1805,-0.0841221
669.3,-9.27097,-24.1748,-0.0835759
669.35,-9.27766,-24.1797,-0.0840968
669.4,-9.27793,-24.1783,-0.0839756
669.45,-9.27386,-24.1725,-0.0834208
669.5,-9.27898,-24.1758,-0.0837842
669.55,-9.27086,-24.166,-0.0828242
669.6,-9.27572,-24.1691,-0.0831626
669.65,-9.28029,-24.1719,-0.0834712
669.7,-9.2782,-24.1681,-0.083115
669.75,-9.27273,-24.1609,-0.0824199
669.8,-9.27494,-24.1614,-0.0824926
669.85,-9.27881,-24.1635,-0.0827322
669.9,-9.2785,-24.1615,-0.082553
669.95,-9.28175,-24.163,-0.0827304
670,-9.27613,-24.1556,-0.0820204
670.05,-9.27479,-24.1526,-0.0817385
670.1,-9.28128,-24.1573,-0.0822399
670.15,-9.28039,-24.1547,-0.0820026
670.2,-9.27922,-24.1518,-0.0817382
670.25,-9.27911,-24.1499,-0.0815793
670.3,-9.27377,-24.1429,-0.0808983
670.35,-9.2781,-24.1455,-0.0811831
670.4,-9.27707,-24.1427,-0.0809332
670.45,-9.27805,-24.1419,-0.0808836
670.5,-9.2834,-24.1456,-0.0812706
670.55,-9.28024,-24.1407,-0.0808072
670.6,-9.27441,-24.1331,-0.0800769
670.65,-9.28309,-24.14,-0.0807967
670.7,-9.28033,-24.1355,-0.0803735
670.75,-9.27679,-24.1303,-0.0798723
670.8,-9.27968,-24.1314,-0.0800137
670.85,-9.28274,-24.1328,-0.080172
670.9,-9.27569,-24.124,-0.0793195
670.95,-9.27864,-24.1252,-0.0794675
671,-9.27743,-24.1223,-0.0791988
671.05,-9.28528,-24.1284,-0.0798373
671.1,-9.27991,-24.1213,-0.0791531
671.15,-9.28336,-24.123,-0.0793506
671.2,-9.28558,-24.1235,-0.0794255
671.25,-9.27793,-24.1141,-0.0785129
671.3,-9.2857,-24.1201,-0.0791431
671.35,-9.27993,-24.1126,-0.0784185
671.4,-9.28595,-24.1169,-0.0788733
671.45,-9.28321,-24.1125,-0.078452
671.5,-9.28048,-24.108,-0.0780325
671.55,-9.28068,-24.1065,-0.0779051
671.6,-9.2864,-24.1105,-0.0783298
671.65,-9.27996,-24.1023,-0.0775395
671.7,-9.27906,-24.0997,-0.0773026
671.75,-9.28341,-24.1023,-0.0775906
671.8,-9.28667,-24.1038,-0.0777691
671.85,-9.28024,-24.0957,-0.076979
671.9,-9.28871,-24.1024,-0.0776797
671.95,-9.28075,-24.0927,-0.0767361
672,-9.28509,-24.0953,-0.0770241
672.05,-9.28872,-24.0972,-0.0772396
672.1,-9.28739,-24.0942,-0.0769604
672.15,-9.28572,-24.0908,-0.0766459
672.2,-9.28781,-24.0911,-0.076709
672.25,-9.28354,-24.0851,-0.0761343
672.3,-9.28812,-24.088,-0.0764464
672.35,-9.28291,-24.0811,-0.0757787
672.4,-9.28149,-24.0779,-0.0754902
672.45,-9.28883,-24.0835,-0.0760775
672.5,-9.28638,-24.0794,-0.0756855
672.55,-9.28355,-24.0748,-0.0752561
672.6,-9.28855,-24.0781,-0.0756097
672.65,-9.29053,-24.0783,-0.0756613
672.7,-9.29096,-24.077,-0.0755572
672.75,-9.28799,-24.0723,-0.0751135
672.8,-9.29212,-24.0747,-0.0753803
672.85,-9.29012,-24.071,-0.0750342
672.9,-9.29118,-24.0704,-0.0749936
672.95,-9.29114,-24.0686,-0.074843
673,-9.28621,-24.0619,-0.0742035
673.05,-9.28435,-24.0584,-0.0738712
673.1,-9.28431,-24.0566,-0.0737209
673.15,-9.2849,-24.0555,-0.0736339
673.2,-9.28642,-24.0553,-0.0736391
673.25,-9.28528,-24.0524,-0.0733797
673.3,-9.29003,-24.0554,-0.0737084
673.35,-9.29461,-24.0583,-0.07402
673.4,-9.28686,-24.0488,-0.0730982
673.45,-9.28989,-24.0501,-0.0732555
673.5,-9.28631,-24.0448,-0.0727512
673.55,-9.29271,-24.0495,-0.0732453
673.6,-9.28918,-24.0442,-0.0727458
673.65,-9.29408,-24.0474,-0.07309
673.7,-9.28862,-24.0402,-0.0723974
673.75,-9.28699,-24.0369,-0.0720889
673.8,-9.28742,-24.0356,-0.0719862
673.85,-9.29636,-24.0428,-0.0727335
673.9,-9.28933,-24.0341,-0.071885
673.95,-9.28816,-24.0312,-0.0716216
674,-9.29424,-24.0356,-0.072084
674.05,-9.29457,-24.0342,-0.0719713
674.1,-9.29038,-24.0283,-0.0714063
674.15,-9.29128,-24.0274,-0.0713501
674.2,-9.2934,-24.0278,-0.0714168
674.25,-9.28945,-24.0222,-0.0708755
674.3,-9.29718,-24.0282,-0.0715034
674.35,-9.29325,-24.0225,-0.0709647
674.4,-9.29711,-24.0247,-0.0712051
674.45,-9.29572,-24.0216,-0.0709202
674.5,-9.29156,-24.0157,-0.0703587
674.55,-9.29031,-24.0127,-0.0700873
674.6,-9.29687,-24.0176,-0.0705979
674.65,-9.29249,-24.0115,-0.070014
674.7,-9.29163,-24.0089,-0.0697833
674.75,-9.29953,-24.0151,-0.0704269
674.8,-9.29383,-24.0077,-0.0697114
674.85,-9.29754,-24.0097,-0.0699373
674.9,-9.29982,-24.0102,-0.0700201
674.95,-9.29618,-24.0049,-0.0695107
675,-9.29275,-23.9997,-0.0690216
675.05,-9.29127,-23.9965,-0.068728
675.1,-9.29384,-23.9974,-0.0688404
675.15,-9.29669,-23.9985,-0.0689797
675.2,-9.29993,-24,-0.0691581
675.25,-9.29686,-23.9953,-0.0687057
675.3,-9.2979,-23.9946,-0.0686642
675.35,-9.30138,-23.9964,-0.0688678
675.4,-9.29706,-23.9903,-0.0682904
675.45,-9.30089,-23.9924,-0.0685282
675.5,-9.29303,-23.9829,-0.0675963
675.55,-9.29461,-23.9827,-0.0676091
675.6,-9.29859,-23.985,-0.067862
675.65,-9.29635,-23.981,-0.0674928
675.7,-9.29864,-23.9816,-0.0675772
675.75,-9.29457,-23.9758,-0.0670246
675.8,-9.29819,-23.9778,-0.0672419
675.85,-9.29804,-23.9759,-0.067082
675.9,-9.29986,-23.976,-0.0671186
675.95,-9.29716,-23.9716,-0.066704
676,-9.29544,-23.9682,-0.0663869
676.05,-9.30292,-23.9739,-0.0669899
676.1,-9.29879,-23.9681,-0.0664318
676.15,-9.30345,-23.971,-0.066753
676.2,-9.29637,-23.9622,-0.0658998
676.25,-9.30121,-23.9654,-0.0662388
676.3,-9.30358,-23.966,-0.0663314
676.35,-9.30062,-23.9614,-0.0658905
676.4,-9.29899,-23.958,-0.0655833
676.45,-9.30347,-23.9608,-0.0658865
676.5,-9.2967,-23.9523,-0.065064
676.55,-9.30146,-23.9554,-0.0653955
676.6,-9.30428,-23.9565,-0.0655329
676.65,-9.2999,-23.9504,-0.0649505
676.7,-9.29734,-23.9461,-0.0645491
676.75,-9.30322,-23.9503,-0.0649927
676.8,-9.3056,-23.951,-0.0650858
676.85,-9.30389,-23.9476,-0.0647706
676.9,-9.30309,-23.945,-0.0645456
676.95,-9.30097,-23.9412,-0.0641891
677,-9.30292,-23.9415,-0.0642396
677.05,-9.30407,-23.9409,-0.0642104
677.1,-9.30335,-23.9385,-0.0639945
677.15,-9.29911,-23.9325,-0.0634257
677.2,-9.30785,-23.9396,-0.0641551
677.25,-9.29926,-23.9293,-0.0631514
677.3,-9.30076,-23.9291,-0.0631578
677.35,-9.30295,-23.9296,-0.0632324
677.4,-9.30404,-23.9289,-0.0631964
677.45,-9.30719,-23.9304,-0.0633673
677.5,-9.30651,-23.928,-0.0631551
677.55,-9.3057,-23.9255,-0.0629299
677.6,-9.30616,-23.9242,-0.0628314
677.65,-9.30118,-23.9176,-0.062189
677.7,-9.30486,-23.9195,-0.0624127
677.75,-9.30806,-23.921,-0.0625889
677.8,-9.30775,-23.919,-0.0624133
677.85,-9.30363,-23.9132,-0.0618574
677.9,-9.3037,-23.9116,-0.0617205
677.95,-9.30159,-23.9078,-0.0613654
678,-9.30178,-23.9062,-0.0612406
678.05,-9.30491,-23.9077,-0.0614089
678.1,-9.30739,-23.9084,-0.0615131
678.15,-9.31023,-23.9096,-0.0616535
678.2,-9.30881,-23.9065,-0.0613673
678.25,-9.30856,-23.9045,-0.0611979
678.3,-9.30711,-23.9014,-0.0609097
678.35,-9.3079,-23.9004,-0.0608443
678.4,-9.30577,-23.8966,-0.0604875
678.45,-9.30336,-23.8925,-0.0601022
678.5,-9.31185,-23.8993,-0.0608081
678.55,-9.31151,-23.8972,-0.0606295
678.6,-9.31008,-23.8941,-0.0603428
678.65,-9.30769,-23.89,-0.0599606
678.7,-9.31294,-23.8936,-0.060341
678.75,-9.31008,-23.889,-0.0599116
678.8,-9.30893,-23.8862,-0.0596534
678.85,-9.30552,-23.8811,-0.0591681
678.9,-9.30468,-23.8785,-0.058941
678.95,-9.30446,-23.8766,-0.0587747
679,-9.31403,-23.8845,-0.059588
679.05,-9.31235,-23.8811,-0.0592766
679.1,-9.31115,-23.8782,-0.0590128
679.15,-9.31101,-23.8764,-0.0588554
679.2,-9.31418,-23.8778,-0.0590294
679.25,-9.3065,-23.8685,-0.0581171
679.3,-9.3094,-23.8697,-0.0582637
679.35,-9.31209,-23.8707,-0.0583899
679.4,-9.31012,-23.867,-0.0580496
679.45,-9.31293,-23.8681,-0.058187
679.5,-9.31336,-23.8668,-0.0580859
679.55,-9.31142,-23.8632,-0.0577486
679.6,-9.30719,-23.8573,-0.0571821
679.65,-9.30993,-23.8583,-0.0573131
679.7,-9.31067,-23.8574,-0.0572439
679.75,-9.31485,-23.8598,-0.057519
679.8,-9.30718,-23.8505,-0.0566083
679.85,-9.31632,-23.8579,-0.0573788
679.9,-9.31112,-23.851,-0.0567163
679.95,-9.31116,-23.8494,-0.0565767
680,-9.30772,-23.8442,-0.0560896
680.05,-9.31086,-23.8457,-0.0562608
680.1,-9.31039,-23.8435,-0.0560705
680.15,-9.31537,-23.8468,-0.0564246
680.2,-9.31596,-23.8457,-0.0563414
680.25,-9.31057,-23.8386,-0.0556594
680.3,-9.31253,-23.8389,-0.0557118
680.35,-9.31183,-23.8365,-0.0554983
680.4,-9.31286,-23.8358,-0.0554586
680.45,-9.31382,-23.8351,-0.0554118
680.5,-9.31273,-23.8323,-0.0551598
680.55,-9.31317,-23.8311,-0.0550612
680.6,-9.3123,-23.8285,-0.0548307
680.65,-9.30985,-23.8243,-0.0544427
680.7,-9.31,-23.8228,-0.0543145
680.75,-9.31214,-23.8232,-0.0543858
680.8,-9.31184,-23.8213,-0.0542134
680.85,-9.31473,-23.8225,-0.0543596
680.9,-9.31941,-23.8254,-0.0546848
680.95,-9.31699,-23.8213,-0.0542999
681,-9.31253,-23.8152,-0.0537113
681.05,-9.31748,-23.8184,-0.0540632
681.1,-9.31296,-23.8122,-0.0534688
681.15,-9.31412,-23.8117,-0.0534415
681.2,-9.31165,-23.8075,-0.0530522
681.25,-9.31772,-23.8119,-0.0535164
681.3,-9.3129,-23.8054,-0.052892
681.35,-9.31261,-23.8034,-0.0527198
681.4,-9.31766,-23.8068,-0.0530823
681.45,-9.31749,-23.8049,-0.0529232
681.5,-9.31708,-23.8028,-0.0527391
681.55,-9.31854,-23.8026,-0.0527424
681.6,-9.32136,-23.8037,-0.0528823
681.65,-9.32032,-23.801,-0.0526356
681.7,-9.3166,-23.7956,-0.0521207
681.75,-9.31986,-23.7972,-0.0523052
681.8,-9.31328,-23.7889,-0.0515041
681.85,-9.32136,-23.7953,-0.0521694
681.9,-9.31377,-23.786,-0.0512681
681.95,-9.31806,-23.7886,-0.0515551
682,-9.31695,-23.7858,-0.0513013
682.05,-9.31811,-23.7853,-0.0512757
682.1,-9.3227,-23.7882,-0.0515919
682.15,-9.32056,-23.7844,-0.0512353
682.2,-9.31912,-23.7812,-0.0509494
682.25,-9.3237,-23.7841,-0.0512652
682.3,-9.32355,-23.7823,-0.0511078
682.35,-9.32166,-23.7787,-0.0507772
682.4,-9.31898,-23.7744,-0.0503669
682.45,-9.32336,-23.7771,-0.0506624
682.5,-9.3189,-23.7709,-0.0500746
682.55,-9.32161,-23.7719,-0.0502036
682.6,-9.32079,-23.7694,-0.0499788
682.65,-9.32166,-23.7686,-0.0499243
682.7,-9.31538,-23.7606,-0.0491538
682.75,-9.32194,-23.7655,-0.0496673
682.8,-9.31873,-23.7606,-0.0492048
682.85,-9.31748,-23.7577,-0.0489377
682.9,-9.32359,-23.7621,-0.0494068
682.95,-9.32529,-23.7621,-0.0494346
683,-9.32372,-23.7589,-0.0491362
683.05,-9.31927,-23.7527,-0.048549
683.1,-9.32228,-23.7541,-0.0487077
683.15,-9.32339,-23.7535,-0.048677
683.2,-9.31774,-23.7462,-0.0479709
683.25,-9.31688,-23.7436,-0.0477424
683.3,-9.32111,-23.7462,-0.0480241
683.35,-9.31874,-23.7421,-0.0476447
683.4,-9.3258,-23.7475,-0.0482092
683.45,-9.3223,-23.7423,-0.0477173
683.5,-9.32407,-23.7424,-0.0477528
683.55,-9.31987,-23.7365,-0.0471912
683.6,-9.32739,-23.7424,-0.0478015
683.65,-9.3236,-23.7369,-0.047281
683.7,-9.32711,-23.7387,-0.0474907
683.75,-9.32305,-23.733,-0.0469428
683.8,-9.3237,-23.732,-0.0468659
683.85,-9.32691,-23.7335,-0.0470459
683.9,-9.32082,-23.7257,-0.0462952
683.95,-9.32864,-23.7319,-0.0469358
684,-9.32609,-23.7276,-0.0465391
684.05,-9.3254,-23.7253,-0.0463284
684.1,-9.32579,-23.724,-0.0462257
684.15,-9.32226,-23.7188,-0.045732
684.2,-9.3223,-23.7171,-0.0455946
684.25,-9.32626,-23.7194,-0.0458492
684.3,-9.32915,-23.7206,-0.0459968
684.35,-9.32585,-23.7156,-0.0455247
684.4,-9.32841,-23.7165,-0.04564
684.45,-9.32727,-23.7137,-0.0453845
684.5,-9.32552,-23.7103,-0.0450679
684.55,-9.32638,-23.7095,-0.0450127
684.6,-9.32064,-23.702,-0.0442977
684.65,-9.32175,-23.7015,-0.0442676
684.7,-9.32358,-23.7016,-0.0443095
684.75,-9.32206,-23.6984,-0.0440162
684.8,-9.32217,-23.6969,-0.0438854
684.85,-9.32809,-23.7011,-0.0443367
684.9,-9.32405,-23.6954,-0.0437918
684.95,-9.33108,-23.7007,-0.0443534
685,-9.32336,-23.6914,-0.0434406
685.05,-9.33096,-23.6973,-0.044059
685.1,-9.32364,-23.6883,-0.0431867
685.15,-9.32331,-23.6863,-0.043012
685.2,-9.32697,-23.6883,-0.0432376
685.25,-9.32303,-23.6827,-0.0427029
685.3,-9.3285,-23.6864,-0.0431081
685.35,-9.32267,-23.6789,-0.0423846
685.4,-9.33181,-23.6864,-0.0431576
685.45,-9.33104,-23.684,-0.04294
685.5,-9.3329,-23.6842,-0.0429849
685.55,-9.32935,-23.6789,-0.042489
685.6,-9.32775,-23.6757,-0.0421885
685.65,-9.32986,-23.6761,-0.0422584
685.7,-9.33265,-23.6772,-0.0423966
685.75,-9.33095,-23.6738,-0.0420865
685.8,-9.32689,-23.6681,-0.0415389
685.85,-9.33243,-23.672,-0.0419524
685.9,-9.32729,-23.6652,-0.041298
685.95,-9.32565,-23.6619,-0.0409936
686,-9.32992,-23.6644,-0.0412794
686.05,-9.33289,-23.6657,-0.0414361
686.1,-9.33198,-23.6632,-0.0412042
686.15,-9.33037,-23.6599,-0.0409029
686.2,-9.33432,-23.6622,-0.0411573
686.25,-9.3251,-23.6513,-0.0400952
686.3,-9.33184,-23.6563,-0.0406283
686.35,-9.32576,-23.6486,-0.0398796
686.4,-9.33233,-23.6535,-0.0403967
686.45,-9.3349,-23.6544,-0.0405128
686.5,-9.32571,-23.6435,-0.0394534
686.55,-9.33443,-23.6506,-0.0401855
686.6,-9.33446,-23.6489,-0.0400477
686.65,-9.32783,-23.6406,-0.0392439
686.7,-9.32608,-23.6372,-0.0389291
686.75,-9.32964,-23.6391,-0.0391448
686.8,-9.32894,-23.6368,-0.038934
686.85,-9.33252,-23.6387,-0.0391522
686.9,-9.33012,-23.6346,-0.0387722
686.95,-9.32843,-23.6312,-0.0384622
687,-9.33111,-23.6323,-0.0385906
687.05,-9.33044,-23.6299,-0.0383832
687.1,-9.33506,-23.6329,-0.0387052
687.15,-9.33602,-23.6322,-0.0386609
687.2,-9.32732,-23.6218,-0.0376512
687.25,-9.3346,-23.6274,-0.0382392
687.3,-9.33374,-23.6249,-0.0380125
687.35,-9.33084,-23.6203,-0.0375831
687.4,-9.33354,-23.6214,-0.0377124
687.45,-9.33741,-23.6236,-0.0379591
687.5,-9.33274,-23.6172,-0.037353
687.55,-9.32957,-23.6124,-0.0368959
687.6,-9.33629,-23.6174,-0.0374271
687.65,-9.33058,-23.6101,-0.036717
687.7,-9.33568,-23.6135,-0.0370864
687.75,-9.33621,-23.6124,-0.0369998
687.8,-9.33116,-23.6057,-0.0363553
687.85,-9.33287,-23.6057,-0.0363857
687.9,-9.33719,-23.6084,-0.0366782
687.95,-9.33859,-23.6081,-0.0366786
688,-9.33273,-23.6006,-0.0359529
688.05,-9.33774,-23.6039,-0.0363138
688.1,-9.33774,-23.6022,-0.0361741
688.15,-9.33178,-23.5946,-0.0354384
688.2,-9.33002,-23.5912,-0.0351233
688.25,-9.33815,-23.5977,-0.0357966
688.3,-9.33563,-23.5935,-0.0354044
688.35,-9.33304,-23.5892,-0.0350062
688.4,-9.33463,-23.5892,-0.0350256
688.45,-9.33958,-23.5925,-0.0353811
688.5,-9.33518,-23.5864,-0.0348008
688.55,-9.33933,-23.5889,-0.0350764
688.6,-9.33348,-23.5814,-0.0343522
688.65,-9.33357,-23.5798,-0.0342218
688.7,-9.33856,-23.5831,-0.0345808
688.75,-9.33389,-23.5768,-0.0339748
688.8,-9.33114,-23.5724,-0.0335601
688.85,-9.33514,-23.5747,-0.0338203
688.9,-9.33745,-23.5754,-0.0339127
688.95,-9.33727,-23.5735,-0.0337551
689,-9.33501,-23.5696,-0.0333898
689.05,-9.33255,-23.5655,-0.0330039
689.1,-9.33907,-23.5704,-0.033517
689.15,-9.3334,-23.563,-0.0328108
689.2,-9.33511,-23.5631,-0.0328425
689.25,-9.33661,-23.5629,-0.0328528
689.3,-9.34135,-23.566,-0.0331877
689.35,-9.33789,-23.5609,-0.0327028
689.4,-9.34097,-23.5623,-0.0328714
689.45,-9.33991,-23.5596,-0.0326265
689.5,-9.33774,-23.5558,-0.0322698
689.55,-9.33483,-23.5512,-0.0318404
689.6,-9.33866,-23.5534,-0.0320842
689.65,-9.33637,-23.5494,-0.0317157
689.7,-9.33739,-23.5488,-0.0316784
689.75,-9.33934,-23.5491,-0.0317349
689.8,-9.33506,-23.5431,-0.0311674
689.85,-9.34343,-23.5499,-0.0318658
689.9,-9.34268,-23.5475,-0.0316519
689.95,-9.33987,-23.543,-0.0312316
690,-9.34307,-23.5445,-0.0314133
690.05,-9.3378,-23.5376,-0.0307469
690.1,-9.33902,-23.5372,-0.03073
690.15,-9.33626,-23.5328,-0.0303153
690.2,-9.34096,-23.5358,-0.0306463
690.25,-9.33705,-23.5302,-0.0301162
690.3,-9.33951,-23.531,-0.0302234
690.35,-9.34133,-23.5312,-0.0302675
690.4,-9.3413,-23.5295,-0.0301254
690.45,-9.33596,-23.5225,-0.0294527
690.5,-9.33749,-23.5224,-0.029467
690.55,-9.33508,-23.5183,-0.0290874
690.6,-9.33716,-23.5188,-0.0291566
690.65,-9.3451,-23.5251,-0.0298119
690.7,-9.33691,-23.5152,-0.0288538
690.75,-9.34058,-23.5172,-0.0290825
690.8,-9.3399,-23.5149,-0.0288759
690.85,-9.33633,-23.5097,-0.0283805
690.9,-9.33643,-23.5081,-0.0282521
690.95,-9.33872,-23.5088,-0.0283419
691,-9.34398,-23.5124,-0.0287295
691.05,-9.34179,-23.5085,-0.0283722
691.1,-9.34106,-23.5061,-0.0281604
691.15,-9.34003,-23.5035,-0.0279195
691.2,-9.34544,-23.5072,-0.0283215
691.25,-9.34561,-23.5057,-0.0282003
691.3,-9.34643,-23.5049,-0.0281437
691.35,-9.33743,-23.4943,-0.027106
691.4,-9.34587,-23.5011,-0.027811
691.45,-9.34582,-23.4994,-0.0276682
691.5,-9.3439,-23.4958,-0.027338
691.55,-9.34543,-23.4957,-0.0273525
691.6,-9.34,-23.4886,-0.0266712
691.65,-9.33919,-23.4861,-0.0264519
691.7,-9.33785,-23.4831,-0.0261795
691.75,-9.34701,-23.4906,-0.0269571
691.8,-9.34217,-23.4842,-0.0263354
691.85,-9.34318,-23.4835,-0.026298
691.9,-9.34405,-23.4827,-0.0262474
691.95,-9.33907,-23.4761,-0.0256114
692,-9.34463,-23.48,-0.0260291
692.05,-9.34693,-23.4807,-0.0261207
692.1,-9.33943,-23.4715,-0.0252329
692.15,-9.34696,-23.4774,-0.0258476
692.2,-9.34709,-23.4759,-0.0257223
692.25,-9.34129,-23.4684,-0.0250042
692.3,-9.34238,-23.4679,-0.0249754
692.35,-9.34172,-23.4656,-0.0247713
692.4,-9.34224,-23.4645,-0.0246857
692.45,-9.34332,-23.4639,-0.0246562
692.5,-9.34484,-23.4638,-0.0246697
692.55,-9.34051,-23.4578,-0.0240994
692.6,-9.3493,-23.4649,-0.0248405
692.65,-9.33997,-23.454,-0.02377
692.7,-9.34452,-23.4569,-0.0240867
692.75,-9.3486,-23.4593,-0.0243575
692.8,-9.34934,-23.4584,-0.0242936
692.85,-9.3446,-23.452,-0.0236814
692.9,-9.34959,-23.4554,-0.0240423
692.95,-9.34865,-23.4528,-0.0238113
693,-9.34376,-23.4462,-0.0231842
693.05,-9.34672,-23.4476,-0.0233427
693.1,-9.34721,-23.4464,-0.023254
693.15,-9.34678,-23.4443,-0.0230734
693.2,-9.34882,-23.4447,-0.0231403
693.25,-9.34787,-23.4421,-0.022907
693.3,-9.34649,-23.4391,-0.0226318
693.35,-9.3436,-23.4346,-0.0222048
693.4,-9.34354,-23.4329,-0.0220619
693.45,-9.34294,-23.4306,-0.021864
693.5,-9.34496,-23.431,-0.0219288
693.55,-9.35036,-23.4348,-0.0223314
693.6,-9.34195,-23.4247,-0.0213529
693.65,-9.34637,-23.4275,-0.0216577
693.7,-9.3492,-23.4287,-0.0218028
693.75,-9.35081,-23.4287,-0.0218267
693.8,-9.34933,-23.4255,-0.0215413
693.85,-9.34314,-23.4177,-0.0207854
693.9,-9.34399,-23.4169,-0.020733
693.95,-9.34293,-23.4142,-0.0204897
694,-9.34773,-23.4174,-0.0208322
694.05,-9.34999,-23.418,-0.0209211
694.1,-9.34451,-23.4109,-0.0202354
694.15,-9.34799,-23.4127,-0.0204466
694.2,-9.35082,-23.4139,-0.0205929
694.25,-9.34978,-23.4112,-0.0203516
694.3,-9.34725,-23.4071,-0.0199615
694.35,-9.35073,-23.4089,-0.0201717
694.4,-9.34484,-23.4014,-0.0194461
694.45,-9.3472,-23.4021,-0.0195446
694.5,-9.34964,-23.4029,-0.0196517
694.55,-9.34876,-23.4004,-0.0194267
694.6,-9.34398,-23.394,-0.0188116
694.65,-9.34681,-23.3952,-0.0189577
694.7,-9.3454,-23.3921,-0.0186799
694.75,-9.35257,-23.3976,-0.0192595
694.8,-9.34434,-23.3878,-0.0183001
694.85,-9.35146,-23.3933,-0.018875
694.9,-9.34563,-23.3858,-0.0181554
694.95,-9.34726,-23.3858,-0.0181809
695,-9.35367,-23.3906,-0.0186856
695.05,-9.34977,-23.385,-0.0181586
695.1,-9.3467,-23.3803,-0.0177146
695.15,-9.3446,-23.3766,-0.0173685
695.2,-9.34503,-23.3754,-0.0172741
695.25,-9.34469,-23.3734,-0.0171031
695.3,-9.35411,-23.3812,-0.0179087
695.35,-9.35296,-23.3784,-0.0176567
695.4,-9.34633,-23.3701,-0.0168576
695.45,-9.34651,-23.3687,-0.0167385
695.5,-9.3542,-23.3747,-0.0173711
695.55,-9.35228,-23.3712,-0.0170422
695.6,-9.35462,-23.3719,-0.0171399
695.65,-9.34673,-23.3624,-0.0162146
695.7,-9.3482,-23.3622,-0.0162247
695.75,-9.35328,-23.3657,-0.0165965
695.8,-9.35426,-23.365,-0.0165577
695.85,-9.3531,-23.3622,-0.0163055
695.9,-9.35157,-23.359,-0.0160153
695.95,-9.34656,-23.3524,-0.0153787
696,-9.34767,-23.3519,-0.0153529
696.05,-9.34848,-23.3511,-0.0152975
696.1,-9.35251,-23.3535,-0.0155638
696.15,-9.34874,-23.3481,-0.0150506
696.2,-9.35229,-23.35,-0.0152691
696.25,-9.35481,-23.3509,-0.0153854
696.3,-9.34812,-23.3425,-0.0145796
696.35,-9.35335,-23.3461,-0.0149665
696.4,-9.3529,-23.3441,-0.0147855
696.45,-9.35029,-23.3398,-0.0143879
696.5,-9.34706,-23.335,-0.0139282
696.55,-9.35293,-23.3392,-0.0143797
696.6,-9.35633,-23.341,-0.0145829
696.65,-9.34993,-23.3329,-0.013807
696.7,-9.35362,-23.335,-0.0140401
696.75,-9.34735,-23.3271,-0.0132768
696.8,-9.35052,-23.3286,-0.0134577
696.85,-9.35354,-23.33,-0.0136242
696.9,-9.35603,-23.3309,-0.0137367
696.95,-9.35249,-23.3257,-0.0132463
697,-9.3556,-23.3272,-0.0134215
697.05,-9.35569,-23.3257,-0.0132944
697.1,-9.35013,-23.3185,-0.0126029
697.15,-9.3555,-23.3222,-0.0130035
697.2,-9.35761,-23.3227,-0.013079
697.25,-9.35344,-23.3169,-0.0125254
697.3,-9.3538,-23.3156,-0.0124256
697.35,-9.3568,-23.317,-0.0125901
697.4,-9.35138,-23.31,-0.0119122
697.45,-9.35012,-23.3071,-0.0116499
697.5,-9.35803,-23.3134,-0.0123057
697.55,-9.35363,-23.3073,-0.0117297
697.6,-9.35309,-23.3052,-0.0115399
697.65,-9.35494,-23.3054,-0.0115897
697.7,-9.35669,-23.3055,-0.0116283
697.75,-9.34961,-23.2968,-0.0107848
697.8,-9.35391,-23.2995,-0.0110788
697.85,-9.34887,-23.2928,-0.0104393
697.9,-9.35694,-23.2993,-0.0111106
697.95,-9.3507,-23.2914,-0.0103514
698,-9.35297,-23.2921,-0.0104421
698.05,-9.35772,-23.2952,-0.0107815
698.1,-9.35727,-23.2931,-0.0106015
698.15,-9.35284,-23.2871,-0.0100232
698.2,-9.35111,-23.2837,-0.00971456
698.25,-9.35428,-23.2853,-0.00989556
698.3,-9.35349,-23.2828,-0.0096817
698.35,-9.35485,-23.2826,-0.00968175
698.4,-9.35096,-23.2771,-0.00915702
698.45,-9.35257,-23.2771,-0.00918348
698.5,-9.3503,-23.2732,-0.00882091
698.55,-9.35944,-23.2807,-0.00959919
698.6,-9.35107,-23.2707,-0.00862639
698.65,-9.35316,-23.2711,-0.0087001
698.7,-9.35758,-23.2739,-0.00900684
698.75,-9.35123,-23.266,-0.00823731
698.8,-9.35907,-23.2722,-0.00888524
698.85,-9.35377,-23.2653,-0.00821997
698.9,-9.35035,-23.2602,-0.00774277
698.95,-9.35268,-23.2609,-0.00784053
699,-9.35603,-23.2627,-0.00804083
699.05,-9.36045,-23.2655,-0.00834719
699.1,-9.35829,-23.2617,-0.00799675
699.15,-9.35103,-23.2528,-0.00713503
699.2,-9.35722,-23.2574,-0.00761905
699.25,-9.35673,-23.2553,-0.00743499
699.3,-9.35231,-23.2492,-0.00685757
699.35,-9.35271,-23.248,-0.0067634
699.4,-9.35711,-23.2508,-0.00706768
699.45,-9.36067,-23.2527,-0.00728933
699.5,-9.35477,-23.2452,-0.00656378
699.55,-9.35135,-23.2402,-0.00608656
699.6,-9.35958,-23.2468,-0.00677539
699.65,-9.35316,-23.2388,-0.00599771
699.7,-9.35523,-23.2392,-0.00606999
699.75,-9.35166,-23.234,-0.00557795
699.8,-9.35832,-23.2391,-0.00610907
699.85,-9.35953,-23.2387,-0.0060953
699.9,-9.35723,-23.2347,-0.00573112
699.95,-9.35992,-23.2358,-0.00586531
700,-9.35268,-23.227,-0.0050058
700.05,-9.35804,-23.2307,-0.00540685
700.1,-9.35979,-23.2308,-0.00544712
700.15,-9.35409,-23.2235,-0.00474262
700.2,-9.36146,-23.2293,-0.00534518
700.25,-9.35756,-23.2238,-0.00482
700.3,-9.35544,-23.22,-0.00447377
700.35,-9.36057,-23.2235,-0.00485207
700.4,-9.36129,-23.2226,-0.00478941
700.45,-9.35568,-23.2154,-0.0040938
700.5,-9.35306,-23.2112,-0.00369766
700.55,-9.35706,-23.2136,-0.00396311
700.6,-9.35579,-23.2107,-0.00370166
700.65,-9.36095,-23.2142,-0.00408288
700.7,-9.35761,-23.2093,-0.00361441
700.75,-9.36246,-23.2125,-0.00396478
700.8,-9.35706,-23.2055,-0.00328975
700.85,-9.35922,-23.206,-0.00337168
700.9,-9.3544,-23.1996,-0.00275568
700.95,-9.35332,-23.1969,-0.00251273
701,-9.35897,-23.201,-0.00294411
701.05,-9.35818,-23.1986,-0.00273036
701.1,-9.3536,-23.1924,-0.002138
701.15,-9.35742,-23.1946,-0.00238602
701.2,-9.36013,-23.1957,-0.00252239
701.25,-9.35755,-23.1915,-0.00213012
701.3,-9.35773,-23.1901,-0.00201389
701.35,-9.35703,-23.1877,-0.0018092
701.4,-9.35559,-23.1847,-0.00153095
701.45,-9.3634,-23.1909,-0.00217835
701.5,-9.35532,-23.1812,-0.00123565
701.55,-9.35656,-23.1808,-0.0012257
701.6,-9.35966,-23.1823,-0.00140195
701.65,-9.36326,-23.1843,-0.00162733
701.7,-9.35873,-23.1782,-0.00104068
701.75,-9.35914,-23.177,-0.000947293
701.8,-9.35876,-23.175,-0.000775289
701.85,-9.36205,-23.1767,-0.000970225
701.9,-9.35752,-23.1705,-0.000382935
701.95,-9.35779,-23.1692,-0.000276082
702,-9.3554,-23.1652,9.67945e-05
702.05,-9.35818,-23.1664,-4.7584e-05
702.1,-9.36239,-23.169,-0.000333982
702.15,-9.35866,-23.1636,0.000172539
702.2,-9.35653,-23.1599,0.000519131
702.25,-9.35733,-23.1591,0.000573397
702.3,-9.35838,-23.1585,0.000601745
702.35,-9.36078,-23.1593,0.000495563
702.4,-9.36368,-23.1606,0.000340101
702.45,-9.35985,-23.1552,0.000856643
702.5,-9.3611,-23.1548,0.000865603
702.55,-9.35958,-23.1517,0.00115096
702.6,-9.36489,-23.1554,0.000753444
702.65,-9.3615,-23.1504,0.00122696
702.7,-9.36374,-23.151,0.0011365
702.75,-9.36169,-23.1474,0.0014748
702.8,-9.35565,-23.1397,0.00221279
702.85,-9.358,-23.1405,0.00211074
702.9,-9.36519,-23.146,0.00152594
702.95,-9.35764,-23.1369,0.00241437
703,-9.35775,-23.1354,0.00253712
703.05,-9.35678,-23.1328,0.00276722
703.1,-9.36041,-23.1349,0.00253779
703.15,-9.36356,-23.1364,0.00235649
703.2,-9.35613,-23.1274,0.0032334
703.25,-9.36517,-23.1348,0.00246282
703.3,-9.35866,-23.1267,0.0032471
703.35,-9.36078,-23.1272,0.00316821
703.4,-9.36305,-23.1279,0.00307489
703.45,-9.36194,-23.1252,0.00331865
703.5,-9.36428,-23.1259,0.00321881
703.55,-9.36409,-23.1241,0.00337056
703.6,-9.36571,-23.1241,0.00334213
703.65,-9.36218,-23.119,0.00382808
703.7,-9.35821,-23.1134,0.00435854
703.75,-9.35764,-23.1112,0.0045489
703.8,-9.36485,-23.1169,0.00396131
703.85,-9.36187,-23.1123,0.00439231
703.9,-9.36364,-23.1124,0.00434868
703.95,-9.36368,-23.1109,0.00447783
704,-9.36681,-23.1124,0.00429757
704.05,-9.35977,-23.1038,0.0051351
704.1,-9.35823,-23.1006,0.00542179
704.15,-9.36662,-23.1074,0.00471622
704.2,-9.36612,-23.1053,0.00489945
704.25,-9.36677,-23.1044,0.00496789
704.3,-9.36305,-23.099,0.00547281
704.35,-9.36644,-23.1008,0.00526623
704.4,-9.35939,-23.0922,0.00610482
704.45,-9.36279,-23.094,0.00589713
704.5,-9.35858,-23.0882,0.00645118
704.55,-9.36158,-23.0896,0.00628471
704.6,-9.36396,-23.0904,0.00617932
704.65,-9.36332,-23.0881,0.00637614
704.7,-9.35941,-23.0826,0.00690056
704.75,-9.3643,-23.0859,0.00654427
704.8,-9.36264,-23.0826,0.00684272
704.85,-9.36216,-23.0806,0.00702361
704.9,-9.35912,-23.0759,0.00746063
704.95,-9.35967,-23.0749,0.00753795
705,-9.35803,-23.0717,0.0078348
705.05,-9.36727,-23.0793,0.00704418
705.1,-9.36758,-23.078,0.00714544
705.15,-9.36755,-23.0763,0.00728144
705.2,-9.3633,-23.0704,0.00784082
705.25,-9.3597,-23.0651,0.00833649
705.3,-9.35911,-23.0627,0.00853075
705.35,-9.36203,-23.0639,0.00837377
705.4,-9.3654,-23.0656,0.00817221
705.45,-9.36653,-23.065,0.0081957
705.5,-9.35943,-23.0562,0.00904118
705.55,-9.36588,-23.0609,0.00853245
705.6,-9.35991,-23.0532,0.00926639
705.65,-9.36122,-23.0528,0.00927151
705.7,-9.366,-23.0559,0.00893017
705.75,-9.36947,-23.0576,0.00872028
705.8,-9.36138,-23.0478,0.00966672
705.85,-9.36239,-23.0471,0.00970318
705.9,-9.3692,-23.0522,0.00915956
705.95,-9.364,-23.0453,0.00981741
706,-9.36836,-23.048,0.00951898
706.05,-9.37091,-23.0488,0.0094022
706.1,-9.36864,-23.0448,0.00976634
706.15,-9.36534,-23.0398,0.0102353
706.2,-9.36719,-23.0399,0.010188
706.25,-9.37096,-23.042,0.00994928
706.3,-9.36249,-23.0318,0.0109346
706.35,-9.36264,-23.0303,0.0110585
706.4,-9.36588,-23.0318,0.0108733
706.45,-9.36431,-23.0285,0.0111683
706.5,-9.36496,-23.0275,0.0112421
706.55,-9.36651,-23.0273,0.0112263
706.6,-9.36413,-23.0233,0.0116033
706.65,-9.36504,-23.0225,0.011651
706.7,-9.36646,-23.0222,0.0116484
706.75,-9.36968,-23.0237,0.0114655
706.8,-9.36683,-23.0192,0.0118896
706.85,-9.36749,-23.0181,0.0119628
706.9,-9.37346,-23.0224,0.0115045
706.95,-9.36382,-23.0111,0.0126083
707,-9.36544,-23.011,0.0125856
707.05,-9.36415,-23.008,0.0128532
707.1,-9.3708,-23.0129,0.0123285
707.15,-9.36628,-23.0067,0.0129197
707.2,-9.36615,-23.0049,0.0130722
707.25,-9.36741,-23.0045,0.0130856
707.3,-9.3662,-23.0016,0.0133462
707.35,-9.36782,-23.0015,0.0133241
707.4,-9.36992,-23.0019,0.0132528
707.45,-9.36536,-22.9957,0.0138484
707.5,-9.37162,-23.0002,0.0133626
707.55,-9.36793,-22.9948,0.013871
707.6,-9.36576,-22.991,0.0142279
707.65,-9.36959,-22.9931,0.013984
707.7,-9.37244,-22.9943,0.013839
707.75,-9.37197,-22.9921,0.014026
707.8,-9.36942,-22.9879,0.0144207
707.85,-9.37364,-22.9904,0.0141381
707.9,-9.37316,-22.9883,0.014326
707.95,-9.37369,-22.9871,0.0144123
708,-9.3762,-22.9879,0.0143014
708.05,-9.37621,-22.9863,0.0144396
708.1,-9.36814,-22.9765,0.0153866
708.15,-9.36811,-22.9748,0.0155289
708.2,-9.36889,-22.9739,0.0155909
708.25,-9.37208,-22.9754,0.0154113
708.3,-9.37512,-22.9767,0.0152465
708.35,-9.3729,-22.9728,0.0156085
708.4,-9.3766,-22.9749,0.0153777
708.45,-9.37547,-22.9721,0.0156302
708.5,-9.3735,-22.9684,0.0159668
708.55,-9.36877,-22.9618,0.0165807
708.6,-9.37633,-22.9676,0.0159678
708.65,-9.37092,-22.9604,0.0166506
708.7,-9.37155,-22.9592,0.0167299
708.75,-9.37883,-22.9647,0.0161442
708.8,-9.37454,-22.9586,0.016716
708.85,-9.37381,-22.956,0.016932
708.9,-9.37256,-22.953,0.0172
708.95,-9.37023,-22.9489,0.017576
709,-9.37479,-22.9516,0.0172631
709.05,-9.37966,-22.9547,0.0169206
709.1,-9.3735,-22.9467,0.0176803
709.15,-9.37574,-22.9472,0.0175994
709.2,-9.3743,-22.944,0.0178882
709.25,-9.38084,-22.9487,0.0173779
709.3,-9.37248,-22.9386,0.0183589
709.35,-9.37834,-22.9426,0.0179169
709.4,-9.37898,-22.9415,0.0179983
709.45,-9.37999,-22.9407,0.0180414
709.5,-9.37626,-22.9352,0.01856
709.55,-9.37926,-22.9364,0.0184049
709.6,-9.38015,-22.9355,0.0184607
709.65,-9.37821,-22.9317,0.0188007
709.7,-9.38105,-22.9328,0.0186623
709.75,-9.38258,-22.9325,0.0186544
709.8,-9.38369,-22.9318,0.018689
709.85,-9.37944,-22.9258,0.01926
709.9,-9.37861,-22.9232,0.0194881
709.95,-9.38329,-22.9261,0.0191659
710,-9.37778,-22.9188,0.0198633
710.05,-9.3848,-22.924,0.0193066
710.1,-9.38453,-22.922,0.0194803
710.15,-9.37632,-22.912,0.0204471
710.2,-9.37769,-22.9116,0.0204558
710.25,-9.3778,-22.9099,0.0205918
710.3,-9.37662,-22.907,0.0208553
710.35,-9.38346,-22.912,0.0203179
710.4,-9.38259,-22.9094,0.0205515
710.45,-9.37992,-22.9049,0.0209645
710.5,-9.38419,-22.9074,0.0206841
710.55,-9.37763,-22.8991,0.0214857
710.6,-9.37959,-22.8993,0.0214367
710.65,-9.38745,-22.9054,0.0207964
710.7,-9.38291,-22.899,0.021397
710.75,-9.38318,-22.8975,0.0215166
710.8,-9.38736,-22.9,0.0212455
710.85,-9.38421,-22.895,0.0217065
710.9,-9.38011,-22.8892,0.0222633
710.95,-9.38467,-22.892,0.0219529
711,-9.38235,-22.8878,0.0223316
711.05,-9.38437,-22.888,0.0222777
711.1,-9.38181,-22.8835,0.0226825
711.15,-9.39024,-22.89,0.0219881
711.2,-9.39015,-22.888,0.0221464
711.25,-9.39031,-22.8861,0.0222809
711.3,-9.39018,-22.8839,0.0224462
711.35,-9.39109,-22.8827,0.0225085
711.4,-9.38684,-22.8763,0.0230873
711.45,-9.38568,-22.873,0.0233584
711.5,-9.39104,-22.8763,0.0229773
711.55,-9.39103,-22.8742,0.0231331
711.6,-9.3867,-22.8677,0.0237226
711.65,-9.39165,-22.8704,0.0233859
711.7,-9.39332,-22.8699,0.0233782
711.75,-9.3902,-22.8645,0.02385
711.8,-9.39504,-22.8672,0.0235269
711.85,-9.39531,-22.8652,0.023661
711.9,-9.3888,-22.8565,0.0244744
711.95,-9.39253,-22.858,0.024264
712,-9.38991,-22.8532,0.0246899
712.05,-9.39743,-22.8585,0.0241015
712.1,-9.39439,-22.8532,0.024571
712.15,-9.39349,-22.8501,0.0248256
712.2,-9.39867,-22.8531,0.024474
712.25,-9.40087,-22.8531,0.0244211
712.3,-9.40007,-22.8501,0.024668
712.35,-9.3993,-22.847,0.0249135
712.4,-9.39825,-22.8436,0.0251888
712.45,-9.40321,-22.8462,0.0248636
712.5,-9.39681,-22.8375,0.0256743
712.55,-9.40322,-22.8415,0.0252057
712.6,-9.39997,-22.8358,0.0257043
712.65,-9.40083,-22.8341,0.0257935
712.7,-9.40548,-22.8362,0.0255045
712.75,-9.40193,-22.8299,0.0260382
712.8,-9.40264,-22.828,0.0261465
712.85,-9.40673,-22.8294,0.0259183
712.9,-9.40359,-22.8236,0.0264146
712.95,-9.40955,-22.8269,0.0260026
713,-9.41197,-22.8266,0.0259458
713.05,-9.41372,-22.8257,0.0259564
713.1,-9.40928,-22.8184,0.0265883
713.15,-9.41698,-22.8232,0.026008
713.2,-9.41323,-22.8166,0.0265745
713.25,-9.41993,-22.8203,0.0260975
713.3,-9.41395,-22.8114,0.0268895
713.35,-9.4145,-22.809,0.0270307
713.4,-9.42094,-22.8124,0.0265845
713.45,-9.41792,-22.8063,0.027087
713.5,-9.42167,-22.8069,0.0269132
713.55,-9.42499,-22.8071,0.0267839
713.6,-9.429,-22.8079,0.0265885
713.65,-9.42918,-22.8049,0.0267771
713.7,-9.43109,-22.8035,0.0267945
713.75,-9.42979,-22.7988,0.0271352
713.8,-9.43171,-22.7973,0.0271548
713.85,-9.43231,-22.7944,0.0273084
713.9,-9.42962,-22.7882,0.027793
713.95,-9.43982,-22.7949,0.0269922
714,-9.43469,-22.7863,0.0277262
714.05,-9.43494,-22.783,0.0279237
714.1,-9.44084,-22.7853,0.0275589
714.15,-9.44169,-22.7826,0.0277017
714.2,-9.44194,-22.7793,0.0279063
714.25,-9.44156,-22.7754,0.0281776
714.3,-9.44789,-22.7781,0.0277792
714.35,-9.44793,-22.7746,0.0280121
714.4,-9.4507,-22.7737,0.0279722
714.45,-9.45295,-22.7724,0.0279881
714.5,-9.45795,-22.7738,0.0277306
714.55,-9.45215,-22.7644,0.0285561
714.6,-9.45511,-22.7638,0.0285068
714.65,-9.45456,-22.7597,0.02881
714.7,-9.46529,-22.7669,0.0279874
714.75,-9.46332,-22.7614,0.0284368
714.8,-9.46829,-22.7629,0.0281935
714.85,-9.46183,-22.7529,0.0290948
714.9,-9.46915,-22.7567,0.0286198
714.95,-9.46929,-22.7534,0.0288639
715,-9.46851,-22.7491,0.0292013
715.05,-9.46825,-22.7454,0.029489
715.1,-9.47033,-22.744,0.0295425
715.15,-9.47216,-22.7424,0.0296226
715.2,-9.48066,-22.7475,0.0290369
715.25,-9.48319,-22.7466,0.0290484
715.3,-9.4822,-22.7422,0.0294131
715.35,-9.48106,-22.7377,0.029794
715.4,-9.4826,-22.7359,0.0299071
715.45,-9.48733,-22.7372,0.0297028
715.5,-9.48478,-22.7313,0.0302267
715.55,-9.48957,-22.7328,0.0300169
715.6,-9.49289,-22.7328,0.0299542
715.65,-9.49458,-22.7311,0.0300556
715.7,-9.48857,-22.7218,0.030928
715.75,-9.4905,-22.7204,0.0310059
715.8,-9.50016,-22.7268,0.0303117
715.85,-9.49881,-22.7222,0.0307185
715.9,-9.49908,-22.7192,0.0309636
715.95,-9.49981,-22.7166,0.0311628
716,-9.49901,-22.7126,0.0315159
716.05,-9.50259,-22.7129,0.0314309
716.1,-9.50582,-22.7129,0.0313803
716.15,-9.50629,-22.7101,0.0316064
716.2,-9.50764,-22.7083,0.0317445
716.25,-9.50993,-22.7074,0.0317888
716.3,-9.50675,-22.701,0.0323798
716.35,-9.5114,-22.7024,0.0321883
716.4,-9.51555,-22.7034,0.0320455
716.45,-9.51803,-22.7027,0.0320709
716.5,-9.52116,-22.7027,0.032031
716.55,-9.52289,-22.7012,0.0321312
716.6,-9.52345,-22.6986,0.0323479
716.65,-9.51701,-22.6891,0.0332635
716.7,-9.51893,-22.6878,0.033344
716.75,-9.52636,-22.6921,0.0328737
716.8,-9.53083,-22.6935,0.032698
716.85,-9.53014,-22.6897,0.033039
716.9,-9.52481,-22.6813,0.0338439
716.95,-9.52921,-22.6826,0.0336744
717,-9.53164,-22.6819,0.0337028
717.05,-9.53215,-22.6793,0.0339222
717.1,-9.52975,-22.6738,0.0344323
717.15,-9.53391,-22.6749,0.0342863
717.2,-9.53453,-22.6725,0.0344942
717.25,-9.53454,-22.6694,0.0347629
717.3,-9.53906,-22.6709,0.0345801
717.35,-9.53777,-22.6666,0.034978
717.4,-9.54486,-22.6706,0.0345367
717.45,-9.54809,-22.6708,0.0344815
717.5,-9.54598,-22.6657,0.0349603
717.55,-9.55073,-22.6674,0.034753
717.6,-9.546,-22.6597,0.0354929
717.65,-9.54558,-22.6563,0.0358005
717.7,-9.54927,-22.657,0.0356981
717.75,-9.55437,-22.6591,0.0354538
717.8,-9.55473,-22.6564,0.0356827
717.85,-9.55373,-22.6525,0.0360475
717.9,-9.55197,-22.6477,0.0364878
717.95,-9.555,-22.6478,0.0364499
718,-9.55498,-22.6448,0.0367155
718.05,-9.56485,-22.6517,0.035991
718.1,-9.55811,-22.642,0.0369278
718.15,-9.56717,-22.6481,0.0362844
718.2,-9.56914,-22.6471,0.0363492
718.25,-9.56285,-22.6379,0.0372401
718.3,-9.56787,-22.64,0.0369994
718.35,-9.57285,-22.642,0.0367613
718.4,-9.57441,-22.6406,0.0368657
718.45,-9.57265,-22.636,0.0373022
718.5,-9.5706,-22.631,0.0377664
718.55,-9.57314,-22.6306,0.0377709
718.6,-9.57045,-22.625,0.0382981
718.65,-9.57458,-22.6263,0.0381437
718.7,-9.57986,-22.6287,0.0378731
718.75,-9.57637,-22.6223,0.038479
718.8,-9.57908,-22.6221,0.0384638
718.85,-9.57747,-22.6176,0.0388809
718.9,-9.58129,-22.6186,0.0387549
718.95,-9.5797,-22.6141,0.0391686
719,-9.58993,-22.6215,0.0384004
719.05,-9.59025,-22.619,0.038623
719.1,-9.59207,-22.6179,0.0386946
719.15,-9.58629,-22.6091,0.0395276
719.2,-9.59496,-22.6148,0.0389159
719.25,-9.58923,-22.606,0.0397444
719.3,-9.59732,-22.611,0.0391918
719.35,-9.59513,-22.6057,0.0396675
719.4,-9.5972,-22.6045,0.0397185
719.45,-9.60233,-22.6064,0.0394647
719.5,-9.60195,-22.6027,0.0397615
719.55,-9.60279,-22.6002,0.0399389
719.6,-9.60655,-22.6005,0.0398241
719.65,-9.60817,-22.5988,0.0399239
719.7,-9.60681,-22.594,0.0403231
719.75,-9.61132,-22.595,0.0401362
719.8,-9.60543,-22.5856,0.0409909
719.85,-9.60783,-22.5845,0.0410176
719.9,-9.61603,-22.5892,0.0404648
719.95,-9.61039,-22.5801,0.041297
720,-9.61971,-22.5859,0.0406335
720.05,-9.61456,-22.5773,0.0414185
720.1,-9.6202,-22.5794,0.0411243
720.15,-9.62563,-22.5813,0.0408528
720.2,-9.62344,-22.5755,0.0413438
720.25,-9.62323,-22.5716,0.0416393
720.3,-9.62403,-22.5687,0.0418338
720.35,-9.63346,-22.5743,0.0411674
720.4,-9.63054,-22.5675,0.0417383
720.45,-9.63406,-22.5671,0.0416657
720.5,-9.6408,-22.5698,0.0412726
720.55,-9.63702,-22.5619,0.041933
720.6,-9.63978,-22.5605,0.0419412
720.65,-9.6472,-22.5638,0.0414854
720.7,-9.64642,-22.5587,0.0418511
720.75,-9.64656,-22.5546,0.0421272
720.8,-9.64688,-22.5507,0.0423875
720.85,-9.65273,-22.5523,0.0420969
720.9,-9.65917,-22.5546,0.0417496
720.95,-9.65999,-22.5512,0.0419655
721,-9.65936,-22.5464,0.0423292
721.05,-9.66377,-22.5467,0.0421895
721.1,-9.66375,-22.5425,0.0424957
721.15,-9.66517,-22.5398,0.042658
721.2,-9.66952,-22.54,0.0425295
721.25,-9.66643,-22.5327,0.0431464
721.3,-9.67064,-22.5328,0.0430355
721.35,-9.67737,-22.5353,0.0426731
721.4,-9.67496,-22.5287,0.0432255
721.45,-9.67566,-22.5251,0.043469
721.5,-9.68502,-22.5302,0.0428479
721.55,-9.68017,-22.5212,0.043649
721.6,-9.68395,-22.5207,0.0435893
721.65,-9.68718,-22.5197,0.043585
721.7,-9.69599,-22.5242,0.0430243
721.75,-9.69578,-22.5197,0.0433672
721.8,-9.69692,-22.5166,0.0435767
721.85,-9.69457,-22.51,0.0441362
721.9,-9.70174,-22.5129,0.0437446
721.95,-9.70786,-22.5148,0.0434594
722,-9.70689,-22.5096,0.0438832
722.05,-9.70861,-22.5071,0.0440397
722.1,-9.70871,-22.5031,0.0443635
722.15,-9.71824,-22.5084,0.0437477
722.2,-9.71509,-22.5011,0.0444017
722.25,-9.72208,-22.504,0.044042
722.3,-9.71943,-22.4972,0.0446527
722.35,-9.72427,-22.4979,0.0445159
722.4,-9.72481,-22.4944,0.0448134
722.45,-9.72629,-22.4918,0.0450185
722.5,-9.72965,-22.4911,0.0450362
722.55,-9.73724,-22.4947,0.0446341
722.6,-9.73081,-22.4844,0.045634
722.65,-9.74182,-22.4915,0.0448893
722.7,-9.73854,-22.4844,0.0455798
722.75,-9.74421,-22.4862,0.0453812
722.8,-9.73987,-22.4781,0.0461827
722.85,-9.74851,-22.4829,0.0456876
722.9,-9.74858,-22.4792,0.0460577
722.95,-9.74952,-22.4763,0.0463462
723,-9.75655,-22.4796,0.046025
723.05,-9.75365,-22.473,0.0466989
723.1,-9.75737,-22.473,0.0467114
723.15,-9.7658,-22.4777,0.0462509
723.2,-9.76371,-22.472,0.0468402
723.25,-9.76378,-22.4685,0.0472128
723.3,-9.76955,-22.4707,0.0470155
723.35,-9.76615,-22.4638,0.0477327
723.4,-9.77144,-22.4656,0.0475808
723.45,-9.77195,-22.4627,0.0479058
723.5,-9.78226,-22.4696,0.0472496
723.55,-9.78418,-22.4681,0.0474311
723.6,-9.78401,-22.4646,0.0478205
723.65,-9.78201,-22.4592,0.0483905
723.7,-9.79106,-22.465,0.0478553
723.75,-9.78533,-22.456,0.0487966
723.8,-9.78792,-22.4553,0.0489034
723.85,-9.7919,-22.4561,0.0488704
723.9,-9.7986,-22.4596,0.0485639
723.95,-9.79931,-22.4571,0.0488541
724,-9.80235,-22.457,0.0489106
724.05,-9.79999,-22.4516,0.049504
724.1,-9.80589,-22.4544,0.0492705
724.15,-9.8101,-22.4555,0.0492035
724.2,-9.80639,-22.4488,0.0499275
724.25,-9.81663,-22.456,0.0492548
724.3,-9.81408,-22.4504,0.0498578
724.35,-9.81361,-22.447,0.0502512
724.4,-9.82006,-22.4505,0.049948
724.45,-9.82514,-22.4527,0.0497801
724.5,-9.8231,-22.4478,0.0503193
724.55,-9.82408,-22.4459,0.0505508
724.6,-9.82373,-22.4428,0.0509092
724.65,-9.83289,-22.4492,0.0503131
724.7,-9.82982,-22.4433,0.050939
724.75,-9.83493,-22.4457,0.0507423
724.8,-9.83173,-22.4398,0.0513739
724.85,-9.84197,-22.4474,0.0506569
724.9,-9.84124,-22.4441,0.0510322
724.95,-9.84088,-22.4411,0.0513661
725,-9.84917,-22.4468,0.050827
725.05,-9.84628,-22.4415,0.0513971
725.1,-9.84534,-22.4381,0.0517615
725.15,-9.85095,-22.4413,0.0514599
725.2,-9.85356,-22.4416,0.0514483
725.25,-9.84916,-22.4349,0.0521264
725.3,-9.85655,-22.44,0.0516162
725.35,-9.85928,-22.4406,0.0515629
725.4,-9.85639,-22.4355,0.0520612
725.45,-9.85803,-22.4351,0.052099
725.5,-9.85902,-22.434,0.0521923
725.55,-9.86674,-22.4397,0.051605
725.6,-9.8636,-22.4345,0.052096
725.65,-9.86809,-22.4371,0.0518172
725.7,-9.86763,-22.4347,0.0520261
725.75,-9.8684,-22.4336,0.0521062
725.8,-9.87075,-22.434,0.0520213
725.85,-9.8754,-22.4368,0.0517019
725.9,-9.87335,-22.433,0.0520464
725.95,-9.86984,-22.4277,0.0525318
726,-9.87726,-22.4333,0.0519196
726.05,-9.87089,-22.4252,0.0526814
726.1,-9.87612,-22.4287,0.0522803
726.15,-9.88097,-22.4319,0.0519117
726.2,-9.88158,-22.4308,0.0519643
726.25,-9.88155,-22.4291,0.052078
726.3,-9.87935,-22.4252,0.0524042
726.35,-9.88461,-22.4288,0.051982
726.4,-9.8827,-22.4253,0.0522749
726.45,-9.87768,-22.4187,0.0528752
726.5,-9.88051,-22.4199,0.0526885
726.55,-9.88486,-22.4227,0.052348
726.6,-9.88497,-22.4212,0.052429
726.65,-9.88493,-22.4196,0.0525226
726.7,-9.88303,-22.4161,0.0528017
726.75,-9.88394,-22.4155,0.0527977
726.8,-9.88776,-22.4178,0.0525013
726.85,-9.89154,-22.42,0.0522069
726.9,-9.89353,-22.4205,0.0520911
726.95,-9.89287,-22.4184,0.0522389
727,-9.88675,-22.4107,0.0529325
727.05,-9.88823,-22.4107,0.052864
727.1,-9.89384,-22.4148,0.0523823
727.15,-9.89317,-22.4127,0.0525281
727.2,-9.89778,-22.4158,0.0521454
727.25,-9.89161,-22.4082,0.0528401
727.3,-9.89042,-22.4055,0.0530363
727.35,-9.89613,-22.4098,0.0525416
727.4,-9.89339,-22.4056,0.0528922
727.45,-9.89897,-22.4097,0.0524103
727.5,-9.90003,-22.4094,0.0523803
727.55,-9.89359,-22.4015,0.0530999
727.6,-9.90172,-22.4082,0.0523626
727.65,-9.89695,-22.402,0.0529159
727.7,-9.90434,-22.4079,0.0522524
727.75,-9.90207,-22.4043,0.0525545
727.8,-9.89628,-22.3971,0.0532092
727.85,-9.90053,-22.3999,0.0528606
727.9,-9.90259,-22.4005,0.0527299
727.95,-9.90398,-22.4005,0.0526676
728,-9.90232,-22.3975,0.0529098
728.05,-9.90635,-22.4001,0.0525835
728.1,-9.90123,-22.3936,0.053172
728.15,-9.90885,-22.3998,0.0524867
728.2,-9.90203,-22.3916,0.0532457
728.25,-9.90421,-22.3924,0.0531051
728.3,-9.90197,-22.3887,0.0534075
728.35,-9.9082,-22.3936,0.0528617
728.4,-9.90342,-22.3874,0.0534183
728.45,-9.90243,-22.385,0.0535961
728.5,-9.90729,-22.3885,0.053189
728.55,-9.90568,-22.3855,0.0534298
728.6,-9.90548,-22.384,0.0535294
728.65,-9.90527,-22.3824,0.0536305
728.7,-9.91231,-22.3881,0.0530064
728.75,-9.90606,-22.3804,0.0537121
728.8,-9.90903,-22.382,0.0534962
728.85,-9.91425,-22.3859,0.0530561
728.9,-9.91309,-22.3834,0.0532541
728.95,-9.9127,-22.3816,0.0533751
729,-9.91289,-22.3804,0.0534389
729.05,-9.91219,-22.3784,0.0535921
729.1,-9.91477,-22.3796,0.053417
729.15,-9.9125,-22.376,0.0537271
729.2,-9.91645,-22.3786,0.0534164
729.25,-9.91586,-22.3766,0.05356
729.3,-9.91077,-22.3702,0.0541535
729.35,-9.91838,-22.3764,0.0534781
729.4,-9.91149,-22.3682,0.0542527
729.45,-9.91793,-22.3733,0.0536945
729.5,-9.91638,-22.3704,0.053935
729.55,-9.91731,-22.37,0.0539291
729.6,-9.91725,-22.3686,0.0540211
729.65,-9.92008,-22.3701,0.0538257
729.7,-9.91812,-22.3668,0.0541093
729.75,-9.92074,-22.3681,0.0539343
729.8,-9.91525,-22.3612,0.0545716
729.85,-9.92055,-22.3652,0.0541298
729.9,-9.91893,-22.3622,0.0543806
729.95,-9.91818,-22.3601,0.0545451
730,-9.92201,-22.3626,0.054251
730.05,-9.92478,-22.3641,0.0540638
730.1,-9.92194,-22.3599,0.0544373
730.15,-9.92512,-22.3618,0.0542102
730.2,-9.91721,-22.3525,0.0550907
730.25,-9.92097,-22.355,0.054806
730.3,-9.91744,-22.3501,0.0552496
730.35,-9.92206,-22.3534,0.0548785
730.4,-9.92059,-22.3506,0.0551171
730.45,-9.92546,-22.3542,0.0547215
730.5,-9.91926,-22.3467,0.0554333
730.55,-9.92755,-22.3536,0.0546969
730.6,-9.92129,-22.3461,0.0554148
730.65,-9.92725,-22.3507,0.0549113
730.7,-9.92285,-22.345,0.055444
730.75,-9.92013,-22.3409,0.0558094
730.8,-9.92508,-22.3446,0.055407
730.85,-9.92519,-22.3434,0.05549
730.9,-9.92966,-22.3466,0.0551362
730.95,-9.92732,-22.3429,0.0554639
731,-9.92346,-22.3377,0.0559434
731.05,-9.92599,-22.339,0.0557842
731.1,-9.92419,-22.3359,0.0560593
731.15,-9.92988,-22.3403,0.0555837
731.2,-9.92485,-22.3339,0.0561813
731.25,-9.9307,-22.3385,0.0556915
731.3,-9.92864,-22.3351,0.0559918
731.35,-9.92774,-22.3329,0.0561769
731.4,-9.92851,-22.3324,0.056195
731.45,-9.92446,-22.3271,0.0566952
731.5,-9.93243,-22.3337,0.0559933
731.55,-9.92667,-22.3267,0.0566652
731.6,-9.93502,-22.3337,0.0559256
731.65,-9.92979,-22.3272,0.056544
731.7,-9.92684,-22.323,0.0569351
731.75,-9.92693,-22.3218,0.0570218
731.8,-9.9351,-22.3287,0.0563006
731.85,-9.92826,-22.3206,0.0570799
731.9,-9.93263,-22.3237,0.0567396
731.95,-9.92898,-22.3187,0.0572008
732,-9.93667,-22.3251,0.0565276
732.05,-9.93449,-22.3217,0.0568418
732.1,-9.92879,-22.3147,0.0575087
732.15,-9.92989,-22.3145,0.0574951
732.2,-9.93333,-22.3167,0.0572471
732.25,-9.93289,-22.315,0.0573874
732.3,-9.93094,-22.3118,0.0576797
732.35,-9.93901,-22.3186,0.0569692
732.4,-9.93834,-22.3167,0.057132
732.45,-9.93054,-22.3076,0.0580096
732.5,-9.93595,-22.3117,0.0575653
732.55,-9.93111,-22.3056,0.0581459
732.6,-9.93551,-22.3088,0.0578021
732.65,-9.9388,-22.3108,0.0575704
732.7,-9.93934,-22.3101,0.0576125
732.75,-9.93841,-22.3079,0.057803
732.8,-9.93723,-22.3055,0.0580178
732.85,-9.93541,-22.3024,0.058296
732.9,-9.93327,-22.299,0.0586073
732.95,-9.93256,-22.297,0.0587754
733,-9.93639,-22.2996,0.0584888
733.05,-9.94192,-22.3039,0.0580327
733.1,-9.93515,-22.2959,0.0588068
733.15,-9.93704,-22.2965,0.0587146
733.2,-9.93705,-22.2953,0.0588104
733.25,-9.93703,-22.2941,0.0589089
733.3,-9.93873,-22.2945,0.0588362
733.35,-9.93662,-22.2912,0.0591436
733.4,-9.93949,-22.2928,0.0589537
733.45,-9.93527,-22.2873,0.0594729
733.5,-9.93923,-22.2901,0.0591731
733.55,-9.93951,-22.2891,0.0592415
733.6,-9.94283,-22.2912,0.0590061
733.65,-9.94082,-22.288,0.0593042
733.7,-9.94193,-22.2879,0.0592897
733.75,-9.93843,-22.2831,0.0597368
733.8,-9.94571,-22.2892,0.0591053
733.85,-9.94459,-22.2868,0.059313
733.9,-9.9389,-22.2799,0.0599793
733.95,-9.94525,-22.2851,0.0594401
734,-9.94607,-22.2847,0.0594545
734.05,-9.94552,-22.2829,0.0596055
734.1,-9.94679,-22.2829,0.0595756
734.15,-9.94176,-22.2767,0.0601748
734.2,-9.94424,-22.278,0.0600224
734.25,-9.9458,-22.2783,0.0599627
734.3,-9.93958,-22.2709,0.0606802
734.35,-9.94064,-22.2707,0.0606703
734.4,-9.94014,-22.269,0.0608163
734.45,-9.94154,-22.2692,0.0607724
734.5,-9.94165,-22.2681,0.0608576
734.55,-9.94474,-22.27,0.0606439
734.6,-9.94143,-22.2655,0.0610706
734.65,-9.94453,-22.2674,0.0608565
734.7,-9.93928,-22.261,0.0614769
734.75,-9.94575,-22.2662,0.0609256
734.8,-9.9486,-22.2679,0.0607359
734.85,-9.94481,-22.2629,0.0612095
734.9,-9.94895,-22.2659,0.0608913
734.95,-9.94444,-22.2602,0.0614372
735,-9.94621,-22.2607,0.0613553
735.05,-9.94409,-22.2574,0.0616625
735.1,-9.94964,-22.2618,0.0612019
735.15,-9.94452,-22.2555,0.0618095
735.2,-9.95016,-22.26,0.0613395
735.25,-9.94661,-22.2552,0.061789
735.3,-9.94777,-22.2552,0.0617681
735.35,-9.95049,-22.2567,0.0615909
735.4,-9.94562,-22.2507,0.0621723
735.45,-9.95087,-22.2548,0.0617417
735.5,-9.94973,-22.2525,0.0619493
735.55,-9.94548,-22.247,0.0624689
735.6,-9.94998,-22.2504,0.0621129
735.65,-9.94991,-22.2491,0.0622141
735.7,-9.95042,-22.2485,0.0622564
735.75,-9.94721,-22.2441,0.0626713
735.8,-9.9485,-22.2442,0.062636
735.85,-9.95261,-22.2472,0.0623188
735.9,-9.95027,-22.2436,0.0626467
735.95,-9.95086,-22.2431,0.0626803
736,-9.94618,-22.2372,0.063242
736.05,-9.94376,-22.2337,0.0635777
736.1,-9.94726,-22.236,0.0633202
736.15,-9.94908,-22.2367,0.063231
736.2,-9.94957,-22.236,0.0632749
736.25,-9.94765,-22.2329,0.06356
736.3,-9.94576,-22.2299,0.0638417
736.35,-9.94893,-22.2319,0.063618
736.4,-9.95304,-22.2349,0.0632987
736.45,-9.94512,-22.2258,0.064184
736.5,-9.9536,-22.2331,0.063428
736.55,-9.94932,-22.2277,0.0639486
736.6,-9.9491,-22.2264,0.0640626
736.65,-9.95297,-22.2291,0.0637676
736.7,-9.95339,-22.2284,0.0638172
736.75,-9.94866,-22.2225,0.0643825
736.8,-9.94882,-22.2215,0.0644583
736.85,-9.95023,-22.2218,0.0644082
736.9,-9.94806,-22.2185,0.0647176
736.95,-9.95319,-22.2225,0.0642958
737,-9.9497,-22.2179,0.0647361
737.05,-9.94623,-22.2133,0.065174
737.1,-9.94695,-22.2129,0.0651927
737.15,-9.94781,-22.2126,0.0651978
737.2,-9.95412,-22.2178,0.0646577
737.25,-9.95522,-22.2177,0.0646393
737.3,-9.95272,-22.2141,0.0649799
737.35,-9.95017,-22.2105,0.065325
737.4,-9.95523,-22.2144,0.06491
737.45,-9.95024,-22.2083,0.0654988
737.5,-9.94815,-22.2051,0.0657979
737.55,-9.94839,-22.2042,0.0658649
737.6,-9.95084,-22.2055,0.0657097
737.65,-9.95212,-22.2057,0.0656714
737.7,-9.95404,-22.2065,0.0655693
737.75,-9.95685,-22.2082,0.0653781
737.8,-9.95608,-22.2063,0.065545
737.85,-9.95597,-22.2051,0.0656446
737.9,-9.95182,-22.1999,0.0661496
737.95,-9.95504,-22.202,0.0659171
738,-9.95688,-22.2027,0.0658217
738.05,-9.95108,-22.1958,0.0664907
738.1,-9.9499,-22.1935,0.0666984
738.15,-9.9514,-22.1939,0.0666367
738.2,-9.94935,-22.1908,0.0669303
738.25,-9.94847,-22.1888,0.0671072
738.3,-9.95512,-22.1944,0.0665305
738.35,-9.95312,-22.1913,0.0668193
738.4,-9.95354,-22.1906,0.0668657
738.45,-9.9579,-22.1938,0.0665178
738.5,-9.95091,-22.1858,0.0673042
738.55,-9.95773,-22.1915,0.0667102
738.6,-9.94852,-22.1812,0.0677195
738.65,-9.95215,-22.1837,0.067444
738.7,-9.94972,-22.1802,0.0677743
738.75,-9.95672,-22.1861,0.0671627
738.8,-9.95134,-22.1797,0.067788
738.85,-9.95631,-22.1836,0.067378
738.9,-9.95066,-22.1768,0.0680307
738.95,-9.95023,-22.1753,0.06816
739,-9.95012,-22.1742,0.068258
739.05,-9.95228,-22.1752,0.0681287
739.1,-9.952,-22.1739,0.068244
739.15,-9.95425,-22.1751,0.0681057
739.2,-9.9576,-22.1773,0.0678571
739.25,-9.94914,-22.1678,0.0687892
739.3,-9.95411,-22.1717,0.0683786
739.35,-9.9566,-22.1731,0.0682157
739.4,-9.95796,-22.1734,0.0681662
739.45,-9.95869,-22.1731,0.0681794
739.5,-9.95431,-22.1676,0.0687028
739.55,-9.95743,-22.1697,0.0684766
739.6,-9.95228,-22.1635,0.0690775
739.65,-9.95664,-22.1668,0.0687273
739.7,-9.95118,-22.1603,0.0693581
739.75,-9.95391,-22.1619,0.0691712
739.8,-9.95731,-22.1643,0.0689165
739.85,-9.95843,-22.1643,0.0688892
739.9,-9.95907,-22.1639,0.0689097
739.95,-9.95282,-22.1566,0.0696199
740,-9.95824,-22.161,0.0691633
740.05,-9.95183,-22.1535,0.0698888
740.1,-9.95233,-22.153,0.0699234
740.15,-9.95846,-22.1581,0.0693945
740.2,-9.95562,-22.1542,0.0697629
740.25,-9.95363,-22.1511,0.0700464
740.3,-9.95669,-22.1531,0.0698243
740.35,-9.95841,-22.1538,0.0697364
740.4,-9.95133,-22.1457,0.0705282
740.45,-9.95868,-22.152,0.0698772
740.5,-9.94992,-22.1422,0.0708369
740.55,-9.95267,-22.1439,0.070645
740.6,-9.95213,-22.1423,0.070783
740.65,-9.95303,-22.1422,0.0707763
740.7,-9.95798,-22.1461,0.0703643
740.75,-9.95074,-22.1378,0.0711721
740.8,-9.95313,-22.1392,0.0710157
740.85,-9.953,-22.138,0.0711113
740.9,-9.9582,-22.1422,0.0706744
740.95,-9.95191,-22.1349,0.0713867
741,-9.95246,-22.1344,0.0714138
741.05,-9.95324,-22.1342,0.0714184
741.1,-9.95002,-22.1299,0.0718227
741.15,-9.95538,-22.1343,0.0713688
741.2,-9.95048,-22.1283,0.0719413
741.25,-9.95177,-22.1286,0.0718945
741.3,-9.95982,-22.1356,0.0711719
741.35,-9.95828,-22.1331,0.0714078
741.4,-9.95066,-22.1244,0.0722518
741.45,-9.95931,-22.1321,0.0714677
741.5,-9.95149,-22.1232,0.0723319
741.55,-9.95925,-22.13,0.0716372
741.6,-9.95147,-22.1212,0.0724967
741.65,-9.95411,-22.1228,0.0723136
741.7,-9.95798,-22.1257,0.072008
741.75,-9.95733,-22.124,0.0721539
741.8,-9.95796,-22.1236,0.0721723
741.85,-9.95486,-22.1195,0.0725626
741.9,-9.95591,-22.1196,0.0725386
741.95,-9.95944,-22.1221,0.0722667
742,-9.95367,-22.1153,0.072924
742.05,-9.95594,-22.1166,0.0727776
742.1,-9.9522,-22.1118,0.0732317
742.15,-9.95587,-22.1145,0.072945
742.2,-9.95902,-22.1166,0.0727099
742.25,-9.95022,-22.1068,0.07367
742.3,-9.95663,-22.1123,0.0731088
742.35,-9.95217,-22.1068,0.0736353
742.4,-9.95323,-22.1069,0.0736089
742.45,-9.95483,-22.1075,0.0735287
742.5,-9.95405,-22.1057,0.0736854
742.55,-9.95566,-22.1063,0.0736039
742.6,-9.95803,-22.1077,0.0734462
742.65,-9.95404,-22.1027,0.073925
742.7,-9.951,-22.0987,0.0743075
742.75,-9.95847,-22.1052,0.0736402
742.8,-9.95576,-22.1015,0.07399
742.85,-9.95077,-22.0955,0.0745676
742.9,-9.95669,-22.1004,0.0740541
742.95,-9.95636,-22.0991,0.0741658
743,-9.95004,-22.0918,0.0748771
743.05,-9.95813,-22.0989,0.0741456
743.1,-9.95557,-22.0954,0.0744804
743.15,-9.95147,-22.0903,0.074969
743.2,-9.95222,-22.0901,0.0749722
743.25,-9.95353,-22.0904,0.0749192
743.3,-9.95878,-22.0947,0.0744714
743.35,-9.95017,-22.0851,0.0754108
743.4,-9.9584,-22.0923,0.0746659
743.45,-9.95471,-22.0877,0.0751119
743.5,-9.94964,-22.0816,0.0756971
743.55,-9.95211,-22.0831,0.0755273
743.6,-9.95071,-22.0808,0.0757447
743.65,-9.95191,-22.081,0.0757018
743.7,-9.95807,-22.0862,0.0751629
743.75,-9.94984,-22.077,0.076063
743.8,-9.95226,-22.0784,0.0758978
743.85,-9.95485,-22.0801,0.0757156
743.9,-9.95218,-22.0764,0.07606
743.95,-9.95568,-22.079,0.0757861
744,-9.9499,-22.0722,0.0764414
744.05,-9.95647,-22.0778,0.0758601
744.1,-9.95162,-22.072,0.0764224
744.15,-9.94823,-22.0677,0.0768378
744.2,-9.95084,-22.0693,0.0766531
744.25,-9.95297,-22.0705,0.0765155
744.3,-9.95708,-22.0736,0.0761813
744.35,-9.95701,-22.0726,0.0762642
744.4,-9.95419,-22.0689,0.0766219
744.45,-9.95425,-22.068,0.0766918
744.5,-9.95388,-22.0666,0.0768041
744.55,-9.95477,-22.0666,0.0767908
744.6,-9.95296,-22.0638,0.077047
744.65,-9.95007,-22.06,0.0774116
744.7,-9.95689,-22.0659,0.0768047
744.75,-9.95587,-22.0639,0.0769817
744.8,-9.95433,-22.0614,0.0772111
744.85,-9.95645,-22.0626,0.0770741
744.9,-9.95686,-22.062,0.0771081
744.95,-9.95359,-22.0578,0.0775102
745,-9.95207,-22.0554,0.0777369
745.05,-9.94745,-22.0498,0.0782739
745.1,-9.95669,-22.0581,0.0774238
745.15,-9.95382,-22.0543,0.0777856
745.2,-9.95045,-22.05,0.0781972
745.25,-9.9559,-22.0545,0.077726
745.3,-9.95485,-22.0525,0.0779056
745.35,-9.95395,-22.0507,0.0780697
745.4,-9.95205,-22.0478,0.0783339
745.45,-9.94837,-22.0432,0.0787754
745.5,-9.95103,-22.045,0.0785833
745.55,-9.9534,-22.0464,0.0784205
745.6,-9.94635,-22.0384,0.0791985
745.65,-9.95421,-22.0453,0.0784863
745.7,-9.95325,-22.0435,0.0786564
745.75,-9.94887,-22.0381,0.0791674
745.8,-9.94892,-22.0373,0.0792353
745.85,-9.95212,-22.0395,0.0789888
745.9,-9.94774,-22.0342,0.0795003
745.95,-9.95504,-22.0406,0.0788437
746,-9.94836,-22.033,0.0795847
746.05,-9.95367,-22.0374,0.0791261
746.1,-9.95192,-22.0347,0.0793739
746.15,-9.9535,-22.0354,0.0792887
746.2,-9.94599,-22.027,0.0801124
746.25,-9.95113,-22.0312,0.0796708
746.3,-9.95176,-22.0309,0.0796803
746.35,-9.95278,-22.031,0.079651
746.4,-9.95011,-22.0274,0.0799901
746.45,-9.95122,-22.0276,0.0799513
746.5,-9.94904,-22.0245,0.0802417
746.55,-9.94492,-22.0195,0.0807251
746.6,-9.95149,-22.0251,0.0801409
746.65,-9.94863,-22.0214,0.0804989
746.7,-9.95171,-22.0235,0.0802617
746.75,-9.94498,-22.0159,0.0810068
746.8,-9.94765,-22.0177,0.0808111
746.85,-9.94977,-22.0189,0.0806712
746.9,-9.95222,-22.0204,0.080498
746.95,-9.95307,-22.0204,0.0804842
747,-9.95159,-22.018,0.0807034
747.05,-9.94678,-22.0123,0.0812558
747.1,-9.95008,-22.0147,0.0809967
747.15,-9.95164,-22.0153,0.0809116
747.2,-9.94477,-22.0075,0.0816695
747.25,-9.94719,-22.0091,0.0814981
747.3,-9.94447,-22.0054,0.0818416
747.35,-9.94774,-22.0078,0.081585
747.4,-9.94345,-22.0026,0.0820848
747.45,-9.94643,-22.0047,0.0818574
747.5,-9.94709,-22.0045,0.0818618
747.55,-9.94621,-22.0027,0.0820202
747.6,-9.9446,-22.0002,0.0822519
747.65,-9.9436,-21.9983,0.0824217
747.7,-9.94439,-21.9982,0.0824126
747.75,-9.94536,-21.9983,0.0823856
747.8,-9.94961,-22.0016,0.0820315
747.85,-9.95112,-22.0023,0.0819495
747.9,-9.94321,-21.9934,0.0828108
747.95,-9.94488,-21.9942,0.0827134
748,-9.94761,-21.9961,0.0825102
748.05,-9.94761,-21.9952,0.0825796
748.1,-9.94527,-21.992,0.0828833
748.15,-9.94466,-21.9905,0.0830135
748.2,-9.94191,-21.9868,0.0833584
748.25,-9.94276,-21.9868,0.0833426
748.3,-9.94552,-21.9887,0.0831355
748.35,-9.94554,-21.9878,0.0832025
748.4,-9.94862,-21.99,0.0829644
748.45,-9.94393,-21.9844,0.0835017
748.5,-9.94491,-21.9845,0.0834725
748.55,-9.94662,-21.9854,0.0833712
748.6,-9.94723,-21.9851,0.0833786
748.65,-9.94162,-21.9786,0.0840079
748.7,-9.945,-21.9811,0.0837392
748.75,-9.93885,-21.9741,0.0844221
748.8,-9.94578,-21.9802,0.0837976
748.85,-9.94654,-21.98,0.08379
748.9,-9.94378,-21.9764,0.0841341
748.95,-9.94654,-21.9783,0.083927
749,-9.94039,-21.9713,0.0846097
749.05,-9.93841,-21.9684,0.0848758
749.1,-9.9404,-21.9695,0.0847447
749.15,-9.94276,-21.971,0.0845768
749.2,-9.9399,-21.9673,0.0849303
749.25,-9.94281,-21.9693,0.0847077
749.3,-9.94626,-21.9719,0.0844304
749.35,-9.93776,-21.9626,0.0853475
749.4,-9.94231,-21.9663,0.0849606
749.45,-9.93797,-21.961,0.0854622
749.5,-9.94127,-21.9635,0.0851996
749.55,-9.93867,-21.96,0.0855272
749.6,-9.94445,-21.9649,0.0850158
749.65,-9.94554,-21.9652,0.0849745
749.7,-9.94245,-21.9612,0.0853499
749.75,-9.94561,-21.9635,0.0851011
749.8,-9.93768,-21.9547,0.0859617
749.85,-9.93749,-21.9537,0.0860477
749.9,-9.9408,-21.9561,0.0857834
749.95,-9.93606,-21.9505,0.0863236
750,-9.94132,-21.9549,0.0858646
750.05,-9.93574,-21.9485,0.0864887
750.1,-9.94284,-21.9548,0.0858453
750.15,-9.93885,-21.9499,0.0863113
750.2,-9.9378,-21.948,0.0864824
750.25,-9.93841,-21.9478,0.086488
750.3,-9.93841,-21.9469,0.0865546
750.35,-9.93443,-21.9421,0.0870188
750.4,-9.93593,-21.9427,0.0869344
750.45,-9.94331,-21.9493,0.0862627
750.5,-9.94222,-21.9473,0.0864375
750.55,-9.93772,-21.942,0.0869535
750.6,-9.93326,-21.9367,0.0874656
750.65,-9.9343,-21.9369,0.087427
750.7,-9.9423,-21.944,0.0866927
750.75,-9.93513,-21.936,0.087476
750.8,-9.93922,-21.9393,0.0871325
750.85,-9.94081,-21.94,0.0870385
750.9,-9.93529,-21.9336,0.0876566
750.95,-9.93407,-21.9316,0.0878438
751,-9.94147,-21.9381,0.0871692
751.05,-9.93939,-21.9352,0.0874423
751.1,-9.93571,-21.9307,0.0878747
751.15,-9.93905,-21.9332,0.0876063
751.2,-9.9382,-21.9315,0.0877559
751.25,-9.9316,-21.9241,0.0884814
751.3,-9.93824,-21.9299,0.0878819
751.35,-9.93961,-21.9304,0.0878097
751.4,-9.93297,-21.9229,0.0885388
751.45,-9.93308,-21.9222,0.0885928
751.5,-9.93987,-21.9282,0.0879785
751.55,-9.93863,-21.9261,0.0881662
751.6,-9.93332,-21.92,0.088762
751.65,-9.93737,-21.9232,0.0884219
751.7,-9.93229,-21.9173,0.0889934
751.75,-9.93609,-21.9203,0.088678
751.8,-9.9309,-21.9142,0.0892611
751.85,-9.93599,-21.9185,0.0888169
751.9,-9.93596,-21.9176,0.0888834
751.95,-9.93244,-21.9133,0.0892998
752,-9.93506,-21.9151,0.0891016
752.05,-9.93411,-21.9133,0.0892606
752.1,-9.93625,-21.9146,0.0891107
752.15,-9.93457,-21.9121,0.0893422
752.2,-9.93483,-21.9116,0.0893803
752.25,-9.93513,-21.911,0.0894137
752.3,-9.93644,-21.9115,0.0893462
752.35,-9.93095,-21.9052,0.0899585
752.4,-9.93301,-21.9065,0.0898157
752.45,-9.92896,-21.9016,0.090284
752.5,-9.93243,-21.9042,0.0900012
752.55,-9.93206,-21.903,0.0901014
752.6,-9.9261,-21.8963,0.0907605
752.65,-9.92605,-21.8954,0.0908279
752.7,-9.92919,-21.8977,0.0905774
752.75,-9.93256,-21.9003,0.0903037
752.8,-9.92608,-21.893,0.0910143
752.85,-9.92603,-21.8921,0.0910821
752.9,-9.93094,-21.8962,0.0906539
752.95,-9.92799,-21.8925,0.0910114
753,-9.92823,-21.8919,0.0910507
753.05,-9.9301,-21.8929,0.0909259
753.1,-9.9261,-21.8881,0.0913889
753.15,-9.93119,-21.8924,0.0909417
753.2,-9.92729,-21.8877,0.0913946
753.25,-9.92839,-21.888,0.0913467
753.3,-9.92746,-21.8863,0.0915018
753.35,-9.92855,-21.8865,0.0914555
753.4,-9.92492,-21.8821,0.0918811
753.45,-9.92414,-21.8805,0.0920204
753.5,-9.93189,-21.8875,0.0913083
753.55,-9.93106,-21.8858,0.0914534
753.6,-9.92951,-21.8835,0.0916694
753.65,-9.92958,-21.8827,0.0917251
753.7,-9.92725,-21.8796,0.0920194
753.75,-9.92615,-21.8777,0.0921912
753.8,-9.9267,-21.8774,0.0921981
753.85,-9.92587,-21.8758,0.0923426
753.9,-9.92947,-21.8786,0.0920445
753.95,-9.92227,-21.8706,0.0928263
754,-9.92758,-21.8751,0.0923568
754.05,-9.92482,-21.8716,0.0926937
754.1,-9.92744,-21.8734,0.0924934
754.15,-9.92698,-21.8721,0.0926007
754.2,-9.92437,-21.8687,0.0929227
754.25,-9.92031,-21.8639,0.0933897
754.3,-9.92341,-21.8662,0.093141
754.35,-9.92452,-21.8665,0.0930913
754.4,-9.9206,-21.8618,0.0935438
754.45,-9.9188,-21.8592,0.0937847
754.5,-9.92716,-21.8668,0.0930102
754.55,-9.92367,-21.8625,0.0934198
754.6,-9.92394,-21.8619,0.0934536
754.65,-9.91848,-21.8557,0.0940598
754.7,-9.92029,-21.8567,0.09394
754.75,-9.92685,-21.8625,0.0933444
754.8,-9.92269,-21.8575,0.0938205
754.85,-9.92377,-21.8578,0.0937735
754.9,-9.92161,-21.8549,0.0940494
754.95,-9.92402,-21.8565,0.0938689
755,-9.92452,-21.8562,0.0938789
755.05,-9.92031,-21.8512,0.0943604
755.1,-9.92209,-21.8522,0.0942427
755.15,-9.92125,-21.8506,0.0943865
755.2,-9.91731,-21.8459,0.0948415
755.25,-9.91696,-21.8447,0.0949358
755.3,-9.91523,-21.8422,0.0951692
755.35,-9.92203,-21.8483,0.0945488
755.4,-9.92106,-21.8465,0.0947055
755.45,-9.92313,-21.8478,0.0945585
755.5,-9.92294,-21.8468,0.0946377
755.55,-9.91748,-21.8406,0.0952425
755.6,-9.917,-21.8393,0.0953502
755.65,-9.91963,-21.8412,0.0951469
755.7,-9.91393,-21.8347,0.0957768
755.75,-9.92105,-21.841,0.0951242
755.8,-9.91983,-21.839,0.0953056
755.85,-9.91743,-21.8359,0.0956046
755.9,-9.91587,-21.8335,0.0958201
755.95,-9.92095,-21.8378,0.0953718
756,-9.91696,-21.8331,0.0958294
756.05,-9.91396,-21.8293,0.0961883
756.1,-9.91577,-21.8303,0.0960673
756.15,-9.91226,-21.8261,0.0964765
756.2,-9.91402,-21.827,0.0963594
756.25,-9.91784,-21.8301,0.0960363
756.3,-9.91112,-21.8226,0.0967677
756.35,-9.91894,-21.8296,0.0960445
756.4,-9.91405,-21.824,0.0965922
756.45,-9.91539,-21.8246,0.0965172
756.5,-9.91583,-21.8242,0.0965312
756.55,-9.91166,-21.8193,0.0970067
756.6,-9.909,-21.8159,0.0973311
756.65,-9.91145,-21.8176,0.0971452
756.7,-9.91666,-21.822,0.0966823
756.75,-9.91027,-21.8148,0.0973794
756.8,-9.9126,-21.8164,0.0972057
756.85,-9.9163,-21.8193,0.096894
756.9,-9.91693,-21.8192,0.0968884
756.95,-9.90851,-21.81,0.0977891
757,-9.9145,-21.8153,0.0972482
757.05,-9.91516,-21.8152,0.0972397
757.1,-9.91151,-21.8107,0.097663
757.15,-9.90724,-21.8057,0.0981476
757.2,-9.91076,-21.8085,0.0978535
757.25,-9.91163,-21.8086,0.0978245
757.3,-9.91471,-21.8109,0.0975743
757.35,-9.90724,-21.8027,0.0983794
757.4,-9.90594,-21.8006,0.0985673
757.45,-9.90768,-21.8016,0.0984504
757.5,-9.90551,-21.7987,0.098725
757.55,-9.91046,-21.8029,0.0982882
757.6,-9.90943,-21.8011,0.0984481
757.65,-9.90929,-21.8002,0.0985195
757.7,-9.91096,-21.8011,0.0984097
757.75,-9.91193,-21.8013,0.0983702
757.8,-9.90584,-21.7945,0.0990364
757.85,-9.91102,-21.7989,0.0985758
757.9,-9.91004,-21.7972,0.0987309
757.95,-9.9093,-21.7957,0.0988625
758,-9.90604,-21.7917,0.0992449
758.05,-9.90575,-21.7906,0.0993318
758.1,-9.91107,-21.7952,0.0988568
758.15,-9.90539,-21.7888,0.0994813
758.2,-9.90777,-21.7904,0.0993001
758.25,-9.90854,-21.7904,0.09928
758.3,-9.90671,-21.7879,0.0995195
758.35,-9.90165,-21.782,0.100082
758.4,-9.90636,-21.786,0.0996683
758.45,-9.90541,-21.7843,0.0998201
758.5,-9.90216,-21.7803,0.100202
758.55,-9.90309,-21.7805,0.100164
758.6,-9.90305,-21.7797,0.100225
758.65,-9.90639,-21.7823,0.0999481
758.7,-9.9033,-21.7785,0.100313
758.75,-9.90701,-21.7814,0.0999981
758.8,-9.90146,-21.7752,0.10061
758.85,-9.9017,-21.7746,0.100643
758.9,-9.89818,-21.7704,0.10105
758.95,-9.90157,-21.773,0.100767
759,-9.90379,-21.7745,0.100601
759.05,-9.89835,-21.7683,0.101201
759.1,-9.89693,-21.7662,0.1014
759.15,-9.89837,-21.7669,0.101311
759.2,-9.90304,-21.7708,0.100901
759.25,-9.90353,-21.7706,0.100907
759.3,-9.89619,-21.7625,0.101697
759.35,-9.90502,-21.7706,0.10087
759.4,-9.90094,-21.7658,0.101334
759.45,-9.90287,-21.767,0.101197
759.5,-9.90119,-21.7646,0.10142
759.55,-9.89411,-21.7567,0.102183
759.6,-9.89599,-21.7579,0.102051
759.65,-9.89989,-21.761,0.101717
759.7,-9.89738,-21.7578,0.102023
759.75,-9.90189,-21.7616,0.101627
759.8,-9.89681,-21.7558,0.10219
759.85,-9.89273,-21.751,0.102654
759.9,-9.89243,-21.7499,0.102739
759.95,-9.89231,-21.7491,0.102806
760,-9.89753,-21.7536,0.102339
760.05,-9.89424,-21.7495,0.102724
760.1,-9.89531,-21.7499,0.102672
760.15,-9.90074,-21.7546,0.102184
760.2,-9.89104,-21.7442,0.103208
760.25,-9.89928,-21.7517,0.10244
760.3,-9.89868,-21.7504,0.102554
760.35,-9.89369,-21.7446,0.103108
760.4,-9.89241,-21.7426,0.10329
760.45,-9.89856,-21.7481,0.102731
760.5,-9.89722,-21.746,0.10292
760.55,-9.89842,-21.7465,0.102854
760.6,-9.88939,-21.7367,0.103812
760.65,-9.89688,-21.7435,0.103117
760.7,-9.88979,-21.7357,0.10388
760.75,-9.89568,-21.7408,0.103346
760.8,-9.89393,-21.7384,0.103575
760.85,-9.88977,-21.7335,0.104046
760.9,-9.89474,-21.7377,0.103603
760.95,-9.88918,-21.7315,0.104214
761,-9.8872,-21.7288,0.104465
761.05,-9.89077,-21.7316,0.104163
761.1,-9.88839,-21.7285,0.104455
761.15,-9.88856,-21.728,0.104493
761.2,-9.88628,-21.725,0.104774
761.25,-9.89166,-21.7296,0.10429
761.3,-9.88661,-21.7239,0.10485
761.35,-9.88952,-21.7261,0.104612
761.4,-9.89108,-21.7269,0.10451
761.45,-9.886,-21.7211,0.105072
761.5,-9.88906,-21.7234,0.10482
761.55,-9.8861,-21.7198,0.105169
761.6,-9.888,-21.721,0.105033
761.65,-9.8924,-21.7246,0.104647
761.7,-9.88514,-21.7167,0.105426
761.75,-9.88761,-21.7184,0.105233
761.8,-9.89052,-21.7206,0.104995
761.85,-9.88294,-21.7123,0.105807
761.9,-9.89068,-21.7194,0.105086
761.95,-9.88259,-21.7106,0.105948
762,-9.88143,-21.7087,0.106118
762.05,-9.8881,-21.7147,0.105504
762.1,-9.88149,-21.7073,0.106218
762.15,-9.88156,-21.7067,0.106264
762.2,-9.88601,-21.7104,0.105873
762.25,-9.88259,-21.7063,0.106268
762.3,-9.87882,-21.7018,0.106698
762.35,-9.88179,-21.7041,0.106454
762.4,-9.88448,-21.7061,0.106238
762.45,-9.88597,-21.7069,0.106143
762.5,-9.88365,-21.7038,0.106427
762.55,-9.88464,-21.7041,0.106381
762.6,-9.87997,-21.6988,0.106901
762.65,-9.88555,-21.7036,0.106396
762.7,-9.87699,-21.6944,0.107305
762.75,-9.88032,-21.697,0.107024
762.8,-9.88156,-21.6975,0.106953
762.85,-9.87822,-21.6935,0.107339
762.9,-9.88475,-21.6993,0.106739
762.95,-9.87783,-21.6917,0.107484
763,-9.87969,-21.6929,0.10735
763.05,-9.87956,-21.692,0.107415
763.1,-9.87996,-21.6917,0.107427
763.15,-9.874,-21.6851,0.108076
763.2,-9.87856,-21.6889,0.107673
763.25,-9.88199,-21.6917,0.107382
763.3,-9.87878,-21.6878,0.107755
763.35,-9.87653,-21.6848,0.108032
763.4,-9.87267,-21.6803,0.108471
763.45,-9.87749,-21.6844,0.108041
763.5,-9.87743,-21.6836,0.108099
763.55,-9.87269,-21.6782,0.108625
763.6,-9.87447,-21.6793,0.108499
763.65,-9.87809,-21.6822,0.108189
763.7,-9.87371,-21.6771,0.108679
763.75,-9.87022,-21.673,0.109079
763.8,-9.87071,-21.6727,0.109083
763.85,-9.87284,-21.6742,0.108921
763.9,-9.87262,-21.6733,0.108995
763.95,-9.87608,-21.676,0.1087
764,-9.87,-21.6693,0.109361
764.05,-9.87775,-21.6763,0.108637
764.1,-9.87249,-21.6704,0.109215
764.15,-9.87202,-21.6692,0.109313
764.2,-9.87565,-21.6722,0.109002
764.25,-9.87212,-21.6679,0.109406
764.3,-9.87528,-21.6704,0.109142
764.35,-9.87043,-21.6649,0.109678
764.4,-9.87386,-21.6676,0.109387
764.45,-9.87384,-21.6669,0.10944
764.5,-9.87236,-21.6647,0.109639
764.55,-9.86794,-21.6596,0.110132
764.6,-9.86809,-21.6591,0.110168
764.65,-9.86731,-21.6576,0.110297
764.7,-9.86723,-21.6569,0.110357
764.75,-9.87223,-21.6612,0.109907
764.8,-9.86518,-21.6535,0.110664
764.85,-9.87219,-21.6598,0.110014
764.9,-9.86523,-21.6521,0.11076
764.95,-9.86462,-21.6508,0.110873
765,-9.86674,-21.6523,0.110711
765.05,-9.87003,-21.6549,0.110434
765.1,-9.86497,-21.6491,0.110991
765.15,-9.86918,-21.6527,0.11062
765.2,-9.86638,-21.6492,0.110951
765.25,-9.86723,-21.6494,0.110916
765.3,-9.86826,-21.6497,0.110864
765.35,-9.86625,-21.647,0.111116
765.4,-9.86954,-21.6496,0.110837
765.45,-9.86065,-21.6401,0.111777
765.5,-9.8624,-21.6411,0.111652
765.55,-9.85991,-21.638,0.111952
765.6,-9.85907,-21.6365,0.112086
765.65,-9.86587,-21.6426,0.111457
765.7,-9.86321,-21.6392,0.111773
765.75,-9.8663,-21.6417,0.111514
765.8,-9.85987,-21.6346,0.112208
765.85,-9.86067,-21.6347,0.112178
765.9,-9.85923,-21.6326,0.112372
765.95,-9.86653,-21.6392,0.111693
766,-9.85762,-21.6296,0.112634
766.05,-9.865,-21.6363,0.111945
766.1,-9.85819,-21.6288,0.112676
766.15,-9.85974,-21.6297,0.112572
766.2,-9.85665,-21.6259,0.112931
766.25,-9.86006,-21.6287,0.112639
766.3,-9.85692,-21.6249,0.113003
766.35,-9.85709,-21.6244,0.113036
766.4,-9.85782,-21.6244,0.113013
766.45,-9.85803,-21.624,0.113042
766.5,-9.85789,-21.6232,0.113105
766.55,-9.86106,-21.6257,0.112839
766.6,-9.85487,-21.6188,0.113507
766.65,-9.85998,-21.6232,0.113046
766.7,-9.85766,-21.6203,0.113327
766.75,-9.85899,-21.6209,0.113244
766.8,-9.85526,-21.6165,0.113666
766.85,-9.85429,-21.6149,0.113813
766.9,-9.85391,-21.6139,0.1139
766.95,-9.8538,-21.6131,0.113961
767,-9.85424,-21.6128,0.113966
767.05,-9.85593,-21.6139,0.113846
767.1,-9.85363,-21.6109,0.114126
767.15,-9.85356,-21.6102,0.114182
767.2,-9.85236,-21.6083,0.114351
767.25,-9.85771,-21.613,0.113865
767.3,-9.85106,-21.6057,0.11458
767.35,-9.85373,-21.6077,0.114361
767.4,-9.85021,-21.6035,0.114763
767.45,-9.85242,-21.6051,0.114591
767.5,-9.85272,-21.6047,0.11461
767.55,-9.8506,-21.6019,0.114871
767.6,-9.85052,-21.6012,0.114928
767.65,-9.85432,-21.6043,0.114597
767.7,-9.85407,-21.6034,0.114671
767.75,-9.85122,-21.5999,0.115005
767.8,-9.84875,-21.5968,0.1153
767.85,-9.84568,-21.593,0.115656
767.9,-9.85331,-21.6,0.114941
767.95,-9.8519,-21.5979,0.115132
768,-9.84936,-21.5947,0.115435
768.05,-9.84718,-21.5919,0.115701
768.1,-9.84924,-21.5933,0.115543
768.15,-9.85083,-21.5943,0.115432
768.2,-9.84409,-21.5869,0.116155
768.25,-9.84416,-21.5863,0.116197
768.3,-9.8474,-21.5889,0.115921
768.35,-9.84726,-21.5881,0.115984
768.4,-9.84668,-21.5868,0.11609
768.45,-9.84987,-21.5894,0.11582
768.5,-9.83993,-21.5788,0.116862
768.55,-9.84012,-21.5783,0.116891
768.6,-9.84532,-21.5829,0.116419
768.65,-9.84341,-21.5803,0.116658
768.7,-9.84386,-21.5801,0.116662
768.75,-9.83818,-21.5738,0.117277
768.8,-9.84195,-21.5769,0.116949
768.85,-9.84607,-21.5803,0.116585
768.9,-9.8434,-21.577,0.1169
768.95,-9.84397,-21.5769,0.116891
769,-9.84063,-21.573,0.117273
769.05,-9.83859,-21.5703,0.117525
769.1,-9.83737,-21.5684,0.117695
769.15,-9.84427,-21.5747,0.117052
769.2,-9.83636,-21.5661,0.117892
769.25,-9.83522,-21.5643,0.118053
769.3,-9.8396,-21.568,0.117663
769.35,-9.83955,-21.5673,0.117716
769.4,-9.83567,-21.5628,0.118152
769.45,-9.83802,-21.5645,0.117964
769.5,-9.83688,-21.5627,0.118125
769.55,-9.84079,-21.566,0.117782
769.6,-9.8413,-21.5659,0.117779
769.65,-9.83256,-21.5565,0.1187
769.7,-9.83839,-21.5617,0.118165
769.75,-9.83248,-21.5551,0.118803
769.8,-9.83415,-21.5561,0.118683
769.85,-9.83356,-21.5549,0.11879
769.9,-9.83784,-21.5586,0.118409
769.95,-9.83927,-21.5593,0.118314
770,-9.83219,-21.5516,0.119069
770.05,-9.83687,-21.5557,0.118648
770.1,-9.83883,-21.557,0.1185
770.15,-9.83729,-21.5548,0.1187
770.2,-9.8304,-21.5473,0.119437
770.25,-9.83313,-21.5494,0.119211
770.3,-9.83626,-21.5519,0.118945
770.35,-9.83347,-21.5484,0.119271
770.4,-9.83066,-21.545,0.119599
770.45,-9.83146,-21.5451,0.119566
770.5,-9.82958,-21.5426,0.119802
770.55,-9.83377,-21.5462,0.119429
770.6,-9.83286,-21.5446,0.119567
770.65,-9.83009,-21.5412,0.11989
770.7,-9.83153,-21.542,0.119793
770.75,-9.83305,-21.5429,0.119688
770.8,-9.82948,-21.5387,0.120092
770.85,-9.82565,-21.5342,0.120522
770.9,-9.82746,-21.5354,0.120388
770.95,-9.83035,-21.5377,0.120145
771,-9.8292,-21.5359,0.120307
771.05,-9.83022,-21.5363,0.120251
771.1,-9.82736,-21.5328,0.120584
771.15,-9.82706,-21.5318,0.120661
771.2,-9.82969,-21.5338,0.120444
771.25,-9.823,-21.5265,0.12116
771.3,-9.82713,-21.53,0.120792
771.35,-9.82178,-21.524,0.121375
771.4,-9.82484,-21.5265,0.121115
771.45,-9.8236,-21.5246,0.121285
771.5,-9.82001,-21.5204,0.12169
771.55,-9.82635,-21.5261,0.121103
771.6,-9.82013,-21.5192,0.12177
771.65,-9.81884,-21.5173,0.121946
771.7,-9.82399,-21.5218,0.121477
771.75,-9.82123,-21.5184,0.121799
771.8,-9.82302,-21.5196,0.121666
771.85,-9.82165,-21.5176,0.12185
771.9,-9.81644,-21.5118,0.122417
771.95,-9.82577,-21.5205,0.121529
772,-9.81555,-21.5096,0.122598
772.05,-9.8188,-21.5122,0.122319
772.1,-9.82267,-21.5155,0.121977
772.15,-9.82189,-21.5141,0.122101
772.2,-9.82272,-21.5143,0.122064
772.25,-9.81838,-21.5093,0.122544
772.3,-9.81948,-21.5098,0.12248
772.35,-9.81708,-21.5068,0.122765
772.4,-9.81926,-21.5083,0.122593
772.45,-9.81252,-21.501,0.123313
772.5,-9.81336,-21.5012,0.123274
772.55,-9.81474,-21.502,0.123182
772.6,-9.81938,-21.506,0.122764
772.65,-9.81771,-21.5037,0.122976
772.7,-9.81914,-21.5045,0.122879
772.75,-9.81676,-21.5015,0.123163
772.8,-9.81876,-21.5029,0.123008
772.85,-9.81468,-21.4982,0.123462
772.9,-9.81729,-21.5001,0.123246
772.95,-9.8127,-21.4949,0.12375
773,-9.81774,-21.4994,0.123292
773.05,-9.81711,-21.4981,0.123399
773.1,-9.80922,-21.4896,0.124234
773.15,-9.8084,-21.4882,0.124361
773.2,-9.80684,-21.486,0.124563
773.25,-9.81445,-21.493,0.123847
773.3,-9.81123,-21.4891,0.124214
773.35,-9.81182,-21.4891,0.124201
773.4,-9.80841,-21.4851,0.124587
773.45,-9.81033,-21.4864,0.12444
773.5,-9.81061,-21.4861,0.124456
773.55,-9.80733,-21.4822,0.124829
773.6,-9.81286,-21.4871,0.124321
773.65,-9.80738,-21.481,0.124914
773.7,-9.80368,-21.4767,0.125329
773.75,-9.8104,-21.4828,0.124702
773.8,-9.81094,-21.4827,0.124693
773.85,-9.80869,-21.4798,0.124963
773.9,-9.80338,-21.4739,0.125539
773.95,-9.80645,-21.4764,0.125276
774,-9.80783,-21.4771,0.125184
774.05,-9.80372,-21.4724,0.125639
774.1,-9.80853,-21.4766,0.125202
774.15,-9.8049,-21.4724,0.12561
774.2,-9.79949,-21.4664,0.126196
774.25,-9.8061,-21.4724,0.12558
774.3,-9.80044,-21.4661,0.12619
774.35,-9.80739,-21.4724,0.125539
774.4,-9.80029,-21.4647,0.126295
774.45,-9.7976,-21.4614,0.126607
774.5,-9.80034,-21.4636,0.12638
774.55,-9.79863,-21.4613,0.126597
774.6,-9.80568,-21.4678,0.125937
774.65,-9.80088,-21.4624,0.126462
774.7,-9.79871,-21.4597,0.126723
774.75,-9.80457,-21.465,0.126183
774.8,-9.79773,-21.4576,0.126912
774.85,-9.8027,-21.4621,0.126459
774.9,-9.7995,-21.4584,0.126823
774.95,-9.79962,-21.4581,0.126857
775,-9.79688,-21.4549,0.127176
775.05,-9.79432,-21.4519,0.127476
775.1,-9.80151,-21.4586,0.126799
775.15,-9.79464,-21.4513,0.127526
775.2,-9.79694,-21.4532,0.127334
775.25,-9.80078,-21.4567,0.126988
775.3,-9.79098,-21.4465,0.128005
775.35,-9.79417,-21.4493,0.127721
775.4,-9.79612,-21.4509,0.127562
775.45,-9.79135,-21.4458,0.128072
775.5,-9.79796,-21.4521,0.127442
775.55,-9.79162,-21.4455,0.128104
775.6,-9.79309,-21.4467,0.127984
775.65,-9.79486,-21.4482,0.127833
775.7,-9.79523,-21.4483,0.12782
775.75,-9.79164,-21.4444,0.128202
775.8,-9.79037,-21.443,0.128352
775.85,-9.79546,-21.4478,0.127868
775.9,-9.78918,-21.4414,0.128518
775.95,-9.79116,-21.4432,0.128341
776,-9.79392,-21.4458,0.128085
776.05,-9.79073,-21.4424,0.128423
776.1,-9.79137,-21.443,0.128379
776.15,-9.79155,-21.443,0.128381
776.2,-9.78393,-21.4353,0.129162
776.25,-9.78278,-21.4341,0.129296
776.3,-9.78919,-21.4404,0.128675
776.35,-9.7851,-21.4363,0.1291
776.4,-9.7893,-21.4405,0.128695
776.45,-9.78287,-21.434,0.129351
776.5,-9.77926,-21.4305,0.129723
776.55,-9.78108,-21.4323,0.129551
776.6,-9.78246,-21.4337,0.129421
776.65,-9.78642,-21.4378,0.129029
776.7,-9.78176,-21.4332,0.129499
776.75,-9.77585,-21.4274,0.130095
776.8,-9.78408,-21.4357,0.129277
776.85,-9.78004,-21.4318,0.129682
776.9,-9.77774,-21.4296,0.129911
776.95,-9.77834,-21.4304,0.129851
777,-9.77998,-21.4322,0.129687
777.05,-9.77476,-21.4271,0.130209
777.1,-9.7795,-21.432,0.129736
777.15,-9.7731,-21.4258,0.130376
777.2,-9.77015,-21.4231,0.130671
777.25,-9.77575,-21.4289,0.130108
777.3,-9.77624,-21.4297,0.130053
777.35,-9.77248,-21.4262,0.130419
777.4,-9.77364,-21.4276,0.130293
777.45,-9.76836,-21.4226,0.130812
777.5,-9.76711,-21.4217,0.130927
777.55,-9.77156,-21.4264,0.130472
777.6,-9.77361,-21.4288,0.130256
777.65,-9.77353,-21.429,0.130252
777.7,-9.76869,-21.4245,0.130725
777.75,-9.76367,-21.4199,0.131217
777.8,-9.76299,-21.4195,0.131274
777.85,-9.7651,-21.422,0.131053
777.9,-9.76656,-21.4238,0.130897
777.95,-9.76065,-21.4183,0.131479
778,-9.7669,-21.4249,0.130844
778.05,-9.76533,-21.4237,0.130991
778.1,-9.76183,-21.4206,0.131331
778.15,-9.76007,-21.4192,0.131498
778.2,-9.76308,-21.4226,0.131188
778.25,-9.76554,-21.4255,0.130932
778.3,-9.75849,-21.4188,0.131628
778.35,-9.76034,-21.4211,0.131434
778.4,-9.75939,-21.4205,0.131519
778.45,-9.76068,-21.4222,0.13138
778.5,-9.75376,-21.4157,0.132062
778.55,-9.7551,-21.4175,0.131919
778.6,-9.76181,-21.4246,0.131238
778.65,-9.76026,-21.4235,0.131383
778.7,-9.75584,-21.4195,0.131815
778.75,-9.75022,-21.4143,0.132366
778.8,-9.75492,-21.4194,0.131885
778.85,-9.75165,-21.4166,0.132202
778.9,-9.75296,-21.4183,0.13206
778.95,-9.74949,-21.4153,0.132395
779,-9.75161,-21.4179,0.132172
779.05,-9.75234,-21.419,0.132087
779.1,-9.754,-21.4211,0.131909
779.15,-9.74885,-21.4164,0.132412
779.2,-9.75019,-21.4182,0.132266
779.25,-9.74767,-21.4162,0.132505
779.3,-9.74817,-21.4171,0.132442
779.35,-9.7495,-21.4189,0.132296
779.4,-9.74976,-21.4196,0.132256
779.45,-9.74238,-21.4127,0.132981
779.5,-9.74845,-21.4192,0.132359
779.55,-9.74562,-21.4169,0.132628
779.6,-9.74732,-21.419,0.132444
779.65,-9.74054,-21.4127,0.133106
779.7,-9.7466,-21.4192,0.132486
779.75,-9.74194,-21.415,0.132936
779.8,-9.73827,-21.4118,0.133287
779.85,-9.7379,-21.4119,0.133308
779.9,-9.74573,-21.4202,0.132509
779.95,-9.74174,-21.4167,0.132891
780,-9.74329,-21.4187,0.132719
780.05,-9.74482,-21.4207,0.132549
780.1,-9.74279,-21.4192,0.132735
780.15,-9.74166,-21.4185,0.132829
780.2,-9.74226,-21.4196,0.132752
780.25,-9.73641,-21.4142,0.133318
780.3,-9.74028,-21.4185,0.132913
780.35,-9.73618,-21.4149,0.133304
780.4,-9.73766,-21.4169,0.133137
780.45,-9.73344,-21.4131,0.133539
780.5,-9.73648,-21.4166,0.133216
780.55,-9.73067,-21.4113,0.133777
780.6,-9.73777,-21.4189,0.133046
780.65,-9.73306,-21.4146,0.133498
780.7,-9.73268,-21.4147,0.133515
780.75,-9.73171,-21.4142,0.133591
780.8,-9.73506,-21.418,0.133235
780.85,-9.73576,-21.4192,0.133143
780.9,-9.72669,-21.4106,0.134028
780.95,-9.73088,-21.4153,0.133588
781,-9.73476,-21.4196,0.133177
781.05,-9.73234,-21.4177,0.133397
781.1,-9.73426,-21.4201,0.133182
781.15,-9.73041,-21.4167,0.133545
781.2,-9.73177,-21.4185,0.133385
781.25,-9.73031,-21.4175,0.133508
781.3,-9.73235,-21.42,0.13328
781.35,-9.7306,-21.4188,0.133432
781.4,-9.72932,-21.418,0.133536
781.45,-9.72974,-21.4188,0.13347
781.5,-9.72454,-21.4141,0.133966
781.55,-9.72536,-21.4154,0.133859
781.6,-9.72785,-21.4183,0.133586
781.65,-9.72116,-21.4121,0.13423
781.7,-9.7214,-21.4128,0.134181
781.75,-9.72502,-21.4169,0.133794
781.8,-9.72301,-21.4154,0.133969
781.85,-9.71765,-21.4105,0.134479
781.9,-9.7177,-21.411,0.134449
781.95,-9.71771,-21.4115,0.134422
782,-9.71865,-21.4129,0.134302
782.05,-9.72225,-21.4169,0.133915
782.1,-9.71697,-21.4121,0.134417
782.15,-9.71554,-21.4111,0.134534
782.2,-9.71494,-21.411,0.134567
782.25,-9.7198,-21.4163,0.134055
782.3,-9.71791,-21.4149,0.134217
782.35,-9.72117,-21.4186,0.133864
782.4,-9.71724,-21.4151,0.13423
782.45,-9.71678,-21.4151,0.134248
782.5,-9.71473,-21.4135,0.134425
782.55,-9.71519,-21.4144,0.134352
782.6,-9.71282,-21.4125,0.134562
782.65,-9.71319,-21.4133,0.134497
782.7,-9.71029,-21.4109,0.134759
782.75,-9.70977,-21.4108,0.134783
782.8,-9.70917,-21.4106,0.134815
782.85,-9.7088,-21.4107,0.134823
782.9,-9.71702,-21.4194,0.133974
782.95,-9.71563,-21.4184,0.134084
783,-9.71616,-21.4194,0.134002
783.05,-9.70967,-21.4134,0.134623
783.1,-9.70958,-21.4137,0.134604
783.15,-9.71308,-21.4177,0.134225
783.2,-9.71037,-21.4154,0.134467
783.25,-9.71099,-21.4165,0.134376
783.3,-9.70859,-21.4145,0.134587
783.35,-9.70435,-21.4107,0.134982
783.4,-9.71008,-21.4168,0.13438
783.45,-9.70819,-21.4154,0.13454
783.5,-9.70442,-21.4121,0.134888
783.55,-9.71157,-21.4196,0.134144
783.6,-9.70374,-21.4122,0.134898
783.65,-9.70515,-21.4141,0.134727
783.7,-9.70132,-21.4107,0.13508
783.75,-9.70335,-21.4131,0.134848
783.8,-9.71008,-21.4203,0.134146
783.85,-9.70482,-21.4155,0.134643
783.9,-9.70056,-21.4116,0.135039
783.95,-9.7038,-21.4153,0.134685
784,-9.70853,-21.4204,0.134182
784.05,-9.70267,-21.415,0.134739
784.1,-9.70682,-21.4196,0.134294
784.15,-9.69962,-21.4128,0.134984
784.2,-9.70457,-21.4182,0.134459
784.25,-9.70626,-21.4203,0.134261
784.3,-9.69898,-21.4134,0.134959
784.35,-9.70377,-21.4186,0.13445
784.4,-9.70552,-21.4208,0.134245
784.45,-9.6969,-21.4126,0.135078
784.5,-9.70073,-21.4168,0.134665
784.55,-9.70345,-21.4199,0.134363
784.6,-9.69875,-21.4156,0.134803
784.65,-9.70293,-21.4202,0.134356
784.7,-9.69957,-21.4173,0.134661
784.75,-9.70259,-21.4207,0.134329
784.8,-9.69781,-21.4163,0.134778
784.85,-9.69247,-21.4114,0.135282
784.9,-9.70167,-21.421,0.134332
784.95,-9.69304,-21.4128,0.135165
785,-9.69623,-21.4163,0.134817
785.05,-9.69208,-21.4126,0.135202
785.1,-9.69101,-21.4119,0.135279
785.15,-9.69677,-21.4181,0.134673
785.2,-9.69444,-21.4161,0.134876
785.25,-9.68996,-21.4121,0.135295
785.3,-9.69816,-21.4206,0.134445
785.35,-9.69296,-21.4158,0.134935
785.4,-9.69361,-21.4169,0.13484
785.45,-9.69796,-21.4216,0.134376
785.5,-9.69641,-21.4205,0.134501
785.55,-9.6922,-21.4166,0.134893
785.6,-9.69108,-21.4159,0.134975
785.65,-9.69407,-21.4193,0.134646
785.7,-9.69305,-21.4186,0.134718
785.75,-9.68728,-21.4133,0.135266
785.8,-9.69235,-21.4187,0.134729
785.85,-9.69445,-21.4212,0.13449
785.9,-9.69385,-21.421,0.13452
785.95,-9.69107,-21.4186,0.134769
786,-9.68493,-21.4128,0.135353
786.05,-9.68855,-21.4168,0.134962
786.1,-9.68887,-21.4175,0.134901
786.15,-9.68842,-21.4174,0.134917
786.2,-9.68659,-21.416,0.13507
786.25,-9.68394,-21.4137,0.135306
786.3,-9.68688,-21.417,0.134982
786.35,-9.69066,-21.4211,0.134576
786.4,-9.68304,-21.4139,0.135309
786.45,-9.68556,-21.4168,0.135028
786.5,-9.68107,-21.4126,0.135447
786.55,-9.68701,-21.4189,0.134825
786.6,-9.68575,-21.418,0.134922
786.65,-9.68056,-21.4132,0.135411
786.7,-9.68263,-21.4156,0.135176
786.75,-9.67941,-21.4128,0.135469
786.8,-9.6801,-21.4138,0.135371
786.85,-9.68074,-21.4148,0.135279
786.9,-9.68268,-21.4171,0.135056
786.95,-9.68439,-21.4192,0.134857
787,-9.67972,-21.4149,0.135295
787.05,-9.68048,-21.416,0.135191
787.1,-9.67833,-21.4142,0.135377
787.15,-9.6829,-21.4191,0.134892
787.2,-9.67701,-21.4136,0.135453
787.25,-9.68419,-21.4211,0.134706
787.3,-9.68334,-21.4206,0.134763
787.35,-9.68287,-21.4205,0.134782
787.4,-9.68251,-21.4204,0.13479
787.45,-9.68141,-21.4197,0.134872
787.5,-9.6785,-21.4171,0.135135
787.55,-9.68234,-21.4213,0.134723
787.6,-9.6752,-21.4145,0.135409
787.65,-9.68296,-21.4226,0.134606
787.7,-9.67669,-21.4167,0.135205
787.75,-9.67807,-21.4184,0.135039
787.8,-9.67351,-21.4142,0.135468
787.85,-9.68052,-21.4215,0.134738
787.9,-9.67601,-21.4173,0.135162
787.95,-9.67417,-21.4158,0.135319
788,-9.67404,-21.416,0.135305
788.05,-9.67538,-21.4177,0.135143
788.1,-9.6798,-21.4224,0.134674
788.15,-9.67874,-21.4217,0.134753
788.2,-9.67523,-21.4185,0.135077
788.25,-9.67205,-21.4157,0.135367
788.3,-9.6781,-21.422,0.134736
788.35,-9.6756,-21.4199,0.134959
788.4,-9.67338,-21.418,0.135154
788.45,-9.67169,-21.4166,0.135296
788.5,-9.67122,-21.4165,0.135316
788.55,-9.67467,-21.4202,0.134945
788.6,-9.67406,-21.4199,0.13498
788.65,-9.67176,-21.4179,0.135183
788.7,-9.67009,-21.4166,0.135323
788.75,-9.6739,-21.4207,0.134916
788.8,-9.6691,-21.4162,0.135369
788.85,-9.6669,-21.4144,0.135563
788.9,-9.67055,-21.4183,0.135172
788.95,-9.6757,-21.4238,0.134631
789,-9.67271,-21.4211,0.134904
789.05,-9.67377,-21.4225,0.134772
789.1,-9.67307,-21.4221,0.134816
789.15,-9.67325,-21.4226,0.134772
789.2,-9.67237,-21.422,0.134835
789.25,-9.6657,-21.4156,0.135475
789.3,-9.66758,-21.4178,0.135263
789.35,-9.67243,-21.423,0.134752
789.4,-9.67309,-21.4239,0.13466
789.45,-9.67075,-21.4219,0.134869
789.5,-9.66406,-21.4155,0.135512
789.55,-9.66489,-21.4166,0.135404
789.6,-9.66419,-21.4162,0.135449
789.65,-9.66223,-21.4145,0.13562
789.7,-9.66229,-21.4149,0.135589
789.75,-9.66837,-21.4213,0.134956
789.8,-9.66352,-21.4167,0.135416
789.85,-9.66992,-21.4234,0.134751
789.9,-9.66379,-21.4176,0.135339
789.95,-9.66703,-21.4211,0.134991
790,-9.66202,-21.4164,0.135467
790.05,-9.66572,-21.4204,0.135073
790.1,-9.66268,-21.4176,0.135352
790.15,-9.66736,-21.4226,0.13486
790.2,-9.66903,-21.4245,0.134668
790.25,-9.66462,-21.4204,0.135085
790.3,-9.66339,-21.4195,0.135184
790.35,-9.66055,-21.4169,0.135444
790.4,-9.66421,-21.4209,0.135053
790.45,-9.66691,-21.4238,0.134759
790.5,-9.6595,-21.4167,0.135476
790.55,-9.66046,-21.4179,0.135357
790.6,-9.66449,-21.4223,0.13493
790.65,-9.66666,-21.4247,0.134689
790.7,-9.65808,-21.4164,0.135524
790.75,-9.6615,-21.4201,0.135158
790.8,-9.65728,-21.4162,0.135556
790.85,-9.66084,-21.42,0.135177
790.9,-9.65939,-21.4188,0.135299
790.95,-9.6561,-21.4158,0.135604
791,-9.65759,-21.4175,0.135432
791.05,-9.65972,-21.42,0.135195
791.1,-9.65753,-21.418,0.135392
791.15,-9.65859,-21.4193,0.135263
791.2,-9.65902,-21.4201,0.135196
791.25,-9.65715,-21.4184,0.135361
791.3,-9.65455,-21.4161,0.135598
791.35,-9.66041,-21.4222,0.134989
791.4,-9.6552,-21.4173,0.135488
791.45,-9.65674,-21.4191,0.135312
791.5,-9.65609,-21.4187,0.135354
791.55,-9.65613,-21.419,0.135327
791.6,-9.66162,-21.4248,0.134756
791.65,-9.6582,-21.4216,0.135076
791.7,-9.65317,-21.4168,0.135556
791.75,-9.6606,-21.4245,0.134791
791.8,-9.65301,-21.4172,0.135528
791.85,-9.65701,-21.4214,0.135106
791.9,-9.65185,-21.4165,0.1356
791.95,-9.65818,-21.4231,0.134945
792,-9.65513,-21.4203,0.135228
792.05,-9.65281,-21.4182,0.135438
792.1,-9.66035,-21.426,0.134663
792.15,-9.65158,-21.4175,0.135518
792.2,-9.65168,-21.4179,0.135487
792.25,-9.65088,-21.4173,0.135545
792.3,-9.65578,-21.4225,0.135034
792.35,-9.65191,-21.4188,0.1354
792.4,-9.65491,-21.4221,0.135078
792.45,-9.65861,-21.426,0.134687
792.5,-9.65169,-21.4193,0.135358
792.55,-9.65642,-21.4243,0.134864
792.6,-9.65249,-21.4206,0.135236
792.65,-9.65362,-21.422,0.135102
792.7,-9.64965,-21.4183,0.135479
792.75,-9.65639,-21.4253,0.134783
792.8,-9.65589,-21.425,0.134813
792.85,-9.64955,-21.4189,0.135426
792.9,-9.6524,-21.422,0.135121
792.95,-9.64691,-21.4167,0.135649
793,-9.65235,-21.4224,0.135084
793.05,-9.65478,-21.4251,0.134821
793.1,-9.64957,-21.4201,0.135321
793.15,-9.65073,-21.4215,0.135185
793.2,-9.64997,-21.4209,0.135241
793.25,-9.64997,-21.4212,0.135221
793.3,-9.64878,-21.4202,0.13532
793.35,-9.65066,-21.4223,0.135112
793.4,-9.64488,-21.4168,0.13567
793.45,-9.64876,-21.4209,0.135262
793.5,-9.6472,-21.4196,0.135398
793.55,-9.6486,-21.4212,0.135239
793.6,-9.65038,-21.4232,0.135041
793.65,-9.64659,-21.4196,0.135401
793.7,-9.64944,-21.4227,0.135096
793.75,-9.65154,-21.425,0.134866
793.8,-9.64717,-21.4209,0.135284
793.85,-9.64514,-21.4191,0.135467
793.9,-9.64359,-21.4177,0.135603
793.95,-9.65244,-21.4268,0.134699
794,-9.64433,-21.4189,0.135491
794.05,-9.64607,-21.4209,0.135298
794.1,-9.64987,-21.4249,0.134899
794.15,-9.64805,-21.4233,0.135062
794.2,-9.65114,-21.4266,0.134735
794.25,-9.65118,-21.4269,0.134712
794.3,-9.64632,-21.4222,0.135179
794.35,-9.64911,-21.4252,0.134881
794.4,-9.64303,-21.4193,0.13547
794.45,-9.64123,-21.4178,0.135632
794.5,-9.64874,-21.4255,0.134862
794.55,-9.64831,-21.4253,0.134886
794.6,-9.64915,-21.4263,0.134784
794.65,-9.64167,-21.419,0.135514
794.7,-9.6426,-21.4202,0.135403
794.75,-9.64288,-21.4207,0.135356
794.8,-9.6456,-21.4236,0.135066
794.85,-9.64555,-21.4238,0.135053
794.9,-9.64793,-21.4263,0.134798
794.95,-9.64507,-21.4237,0.135065
795,-9.6391,-21.4179,0.135644
795.05,-9.64012,-21.4192,0.135524
795.1,-9.63887,-21.4181,0.135632
795.15,-9.64488,-21.4243,0.135013
795.2,-9.6423,-21.4219,0.135253
795.25,-9.64411,-21.4239,0.135055
795.3,-9.64242,-21.4225,0.135207
795.35,-9.64567,-21.4259,0.134864
795.4,-9.64564,-21.4261,0.134849
795.45,-9.6426,-21.4232,0.135136
795.5,-9.64489,-21.4257,0.13489
795.55,-9.63695,-21.418,0.135666
795.6,-9.64585,-21.4271,0.13476
795.65,-9.64213,-21.4236,0.135114
795.7,-9.64257,-21.4242,0.135053
795.75,-9.64474,-21.4266,0.134819
795.8,-9.64126,-21.4233,0.13515
795.85,-9.63703,-21.4192,0.135556
795.9,-9.64218,-21.4246,0.135024
795.95,-9.64282,-21.4254,0.134944
796,-9.63697,-21.4197,0.135512
796.05,-9.63983,-21.4228,0.135209
796.1,-9.64022,-21.4234,0.135154
796.15,-9.6354,-21.4187,0.135619
796.2,-9.64096,-21.4245,0.135047
796.25,-9.64247,-21.4262,0.134879
796.3,-9.63811,-21.422,0.135298
796.35,-9.63658,-21.4207,0.135435
796.4,-9.63823,-21.4225,0.135254
796.45,-9.63643,-21.4209,0.135418
796.5,-9.64223,-21.4269,0.134822
796.55,-9.63809,-21.4229,0.13522
796.6,-9.63749,-21.4225,0.135264
796.65,-9.64222,-21.4274,0.134775
796.7,-9.63427,-21.4196,0.135554
796.75,-9.64127,-21.4268,0.134838
796.8,-9.63798,-21.4237,0.135151
796.85,-9.63852,-21.4244,0.135081
796.9,-9.63895,-21.4251,0.135022
796.95,-9.63582,-21.4221,0.13532
797,-9.63348,-21.4199,0.135538
797.05,-9.63639,-21.423,0.135232
797.1,-9.63549,-21.4223,0.135306
797.15,-9.63222,-21.4192,0.135617
797.2,-9.63159,-21.4188,0.135665
797.25,-9.6313,-21.4186,0.135679
797.3,-9.64038,-21.4279,0.134756
797.35,-9.63644,-21.4241,0.135134
797.4,-9.63209,-21.42,0.135554
797.45,-9.63649,-21.4245,0.135099
797.5,-9.63336,-21.4216,0.135396
797.55,-9.63333,-21.4217,0.135385
797.6,-9.63076,-21.4193,0.135627
797.65,-9.63819,-21.4269,0.134869
797.7,-9.63351,-21.4224,0.135322
797.75,-9.63667,-21.4257,0.134992
797.8,-9.63578,-21.425,0.135066
797.85,-9.6369,-21.4263,0.134939
797.9,-9.63869,-21.4283,0.134745
797.95,-9.62962,-21.4193,0.135637
798,-9.62911,-21.419,0.135674
798.05,-9.63686,-21.4269,0.134884
798.1,-9.63381,-21.424,0.135175
798.15,-9.63286,-21.4232,0.135255
798.2,-9.63551,-21.4261,0.134976
798.25,-9.63467,-21.4254,0.135046
798.3,-9.63089,-21.4218,0.13541
798.35,-9.6304,-21.4214,0.135444
798.4,-9.63026,-21.4215,0.135444
798.45,-9.63707,-21.4284,0.134749
798.5,-9.63361,-21.4251,0.135081
798.55,-9.63129,-21.423,0.135299
798.6,-9.63117,-21.423,0.135297
798.65,-9.63696,-21.429,0.134704
798.7,-9.63154,-21.4237,0.135232
798.75,-9.63094,-21.4233,0.135279
798.8,-9.6366,-21.4291,0.134699
798.85,-9.63041,-21.423,0.135304
798.9,-9.63603,-21.4288,0.134729
798.95,-9.62749,-21.4204,0.135569
799,-9.63585,-21.4289,0.134719
799.05,-9.62849,-21.4217,0.135441
799.1,-9.63007,-21.4235,0.135269
799.15,-9.62602,-21.4196,0.135661
799.2,-9.62624,-21.42,0.135626
799.25,-9.63329,-21.4271,0.134908
799.3,-9.63255,-21.4266,0.134969
799.35,-9.63203,-21.4262,0.135007
799.4,-9.63035,-21.4247,0.135162
799.45,-9.63155,-21.426,0.135029
799.5,-9.63211,-21.4267,0.13496
799.55,-9.63006,-21.4248,0.135151
799.6,-9.62916,-21.4241,0.135228
799.65,-9.62682,-21.4219,0.13545
799.7,-9.63397,-21.4292,0.134722
799.75,-9.62586,-21.4212,0.13552
799.8,-9.63282,-21.4283,0.134811
799.85,-9.62633,-21.422,0.135447
799.9,-9.62789,-21.4237,0.135279
799.95,-9.62485,-21.4208,0.13557
800,-9.62531,-21.4214,0.13551
800.05,-9.62355,-21.4198,0.135674
800.1,-9.62833,-21.4247,0.135183
800.15,-9.62882,-21.4253,0.135123
800.2,-9.63299,-21.4296,0.134693
800.25,-9.63249,-21.4293,0.13473
800.3,-9.63251,-21.4294,0.134716
800.35,-9.63248,-21.4296,0.134706
800.4,-9.62593,-21.4231,0.135349
800.45,-9.63171,-21.4291,0.134759
800.5,-9.62328,-21.4208,0.135589
800.55,-9.62523,-21.4229,0.135382
800.6,-9.62379,-21.4216,0.135514
800.65,-9.62708,-21.425,0.135173
800.7,-9.62511,-21.4232,0.135358
800.75,-9.62403,-21.4222,0.135454
800.8,-9.6245,-21.4228,0.135395
800.85,-9.62192,-21.4204,0.135641
800.9,-9.63046,-21.429,0.134775
800.95,-9.62938,-21.4281,0.134871
801,-9.62813,-21.427,0.134984
801.05,-9.62736,-21.4264,0.135049
801.1,-9.62438,-21.4235,0.135336
801.15,-9.62236,-21.4216,0.135526
801.2,-9.62938,-21.4288,0.134813
801.25,-9.62367,-21.4232,0.135372
801.3,-9.62367,-21.4233,0.13536
801.35,-9.62778,-21.4276,0.134938
801.4,-9.62572,-21.4256,0.135132
801.45,-9.6274,-21.4274,0.134952
801.5,-9.6286,-21.4288,0.134821
801.55,-9.62713,-21.4274,0.134957
801.6,-9.62718,-21.4276,0.134941
801.65,-9.62329,-21.4239,0.135318
801.7,-9.62243,-21.4231,0.135393
801.75,-9.62678,-21.4276,0.134947
801.8,-9.62252,-21.4235,0.135362
801.85,-9.6218,-21.4229,0.135422
801.9,-9.62625,-21.4274,0.134967
801.95,-9.62556,-21.4269,0.135024
802,-9.62075,-21.4222,0.135495
802.05,-9.62689,-21.4285,0.13487
802.1,-9.62828,-21.43,0.13472
802.15,-9.62214,-21.424,0.135323
802.2,-9.62169,-21.4236,0.135357
802.25,-9.62124,-21.4233,0.135391
802.3,-9.62414,-21.4263,0.135091
802.35,-9.62428,-21.4266,0.135065
802.4,-9.62137,-21.4238,0.135346
802.45,-9.62293,-21.4255,0.135179
802.5,-9.62212,-21.4248,0.135249
802.55,-9.61808,-21.4209,0.135643
802.6,-9.61898,-21.4219,0.135542
802.65,-9.62531,-21.4283,0.134899
802.7,-9.61937,-21.4225,0.135483
802.75,-9.61741,-21.4207,0.135668
802.8,-9.61814,-21.4215,0.135584
802.85,-9.62232,-21.4258,0.135156
802.9,-9.62459,-21.4282,0.134919
802.95,-9.62338,-21.4271,0.13503
803,-9.61935,-21.4232,0.135422
803.05,-9.62294,-21.4269,0.135053
803.1,-9.62037,-21.4245,0.1353
803.15,-9.61651,-21.4207,0.135676
803.2,-9.61632,-21.4206,0.135685
803.25,-9.62301,-21.4274,0.135006
803.3,-9.6236,-21.4282,0.134936
803.35,-9.61927,-21.4239,0.13536
803.4,-9.62535,-21.4301,0.134741
803.45,-9.6205,-21.4254,0.135216
803.5,-9.62559,-21.4306,0.134697
803.55,-9.61697,-21.4221,0.135549
803.6,-9.61838,-21.4236,0.135399
803.65,-9.62497,-21.4303,0.13473
803.7,-9.62032,-21.4258,0.135185
803.75,-9.62139,-21.427,0.135069
803.8,-9.61763,-21.4233,0.135434
803.85,-9.61599,-21.4218,0.135589
803.9,-9.61732,-21.4232,0.135447
803.95,-9.62076,-21.4268,0.135093
804,-9.62078,-21.4269,0.135081
804.05,-9.6214,-21.4276,0.135009
804.1,-9.62091,-21.4272,0.135049
804.15,-9.62195,-21.4284,0.134936
804.2,-9.619,-21.4255,0.135221
804.25,-9.62267,-21.4293,0.134845
804.3,-9.62186,-21.4286,0.134917
804.35,-9.61975,-21.4266,0.135118
804.4,-9.6177,-21.4247,0.135314
804.45,-9.61926,-21.4263,0.135149
804.5,-9.61605,-21.4232,0.135461
804.55,-9.62008,-21.4274,0.135048
804.6,-9.61532,-21.4227,0.135515
804.65,-9.61965,-21.4271,0.135073
804.7,-9.61992,-21.4275,0.135037
804.75,-9.61507,-21.4228,0.135512
804.8,-9.61619,-21.424,0.135392
804.85,-9.61716,-21.4251,0.135286
804.9,-9.61808,-21.4261,0.135185
804.95,-9.61538,-21.4235,0.135446
805,-9.6216,-21.4298,0.134815
805.05,-9.61771,-21.426,0.135195
805.1,-9.61649,-21.4249,0.135308
805.15,-9.61422,-21.4227,0.135526
805.2,-9.61702,-21.4256,0.135238
805.25,-9.62125,-21.43,0.134806
805.3,-9.62014,-21.4289,0.134908
805.35,-9.61928,-21.4282,0.134985
805.4,-9.62197,-21.431,0.134707
805.45,-9.61228,-21.4214,0.135667
805.5,-9.61497,-21.4242,0.135391
805.55,-9.61778,-21.4271,0.135101
805.6,-9.61881,-21.4282,0.134989
805.65,-9.62109,-21.4306,0.134752
805.7,-9.61504,-21.4246,0.135349
805.75,-9.61321,-21.4229,0.135523
805.8,-9.61926,-21.429,0.13491
805.85,-9.61249,-21.4224,0.135579
805.9,-9.61865,-21.4286,0.134954
805.95,-9.61275,-21.4228,0.135536
806,-9.61763,-21.4278,0.13504
806.05,-9.62067,-21.4309,0.134727
806.1,-9.61889,-21.4292,0.134897
806.15,-9.6191,-21.4295,0.134868
806.2,-9.61656,-21.4271,0.135113
806.25,-9.61514,-21.4258,0.135247
806.3,-9.62061,-21.4313,0.134693
806.35,-9.61928,-21.4301,0.134818
806.4,-9.61892,-21.4298,0.134845
806.45,-9.61539,-21.4264,0.13519
806.5,-9.61145,-21.4225,0.135576
806.55,-9.6174,-21.4286,0.134973
806.6,-9.62008,-21.4313,0.134697
806.65,-9.615,-21.4264,0.135197
806.7,-9.61877,-21.4302,0.134812
806.75,-9.61434,-21.4259,0.135248
806.8,-9.61358,-21.4252,0.135315
806.85,-9.61633,-21.4281,0.135032
806.9,-9.61113,-21.4229,0.135545
806.95,-9.61315,-21.425,0.135335
807,-9.6163,-21.4283,0.135012
807.05,-9.61386,-21.4259,0.135248
807.1,-9.61879,-21.4309,0.134748
807.15,-9.61305,-21.4253,0.135314
807.2,-9.61298,-21.4253,0.135313
807.25,-9.61194,-21.4244,0.13541
807.3,-9.61446,-21.427,0.13515
807.35,-9.61053,-21.4231,0.135536
807.4,-9.6128,-21.4255,0.135301
807.45,-9.61157,-21.4243,0.135417
807.5,-9.61182,-21.4247,0.135384
807.55,-9.60905,-21.422,0.135654
807.6,-9.61095,-21.424,0.135457
807.65,-9.6095,-21.4226,0.135594
807.7,-9.61703,-21.4302,0.134834
807.75,-9.61647,-21.4297,0.134882
807.8,-9.61368,-21.427,0.135154
807.85,-9.61675,-21.4302,0.134839
807.9,-9.61495,-21.4285,0.135013
807.95,-9.61188,-21.4255,0.135312
808,-9.61151,-21.4252,0.135342
808.05,-9.61584,-21.4296,0.134901
808.1,-9.60881,-21.4227,0.135597
808.15,-9.6112,-21.4251,0.135352
808.2,-9.61054,-21.4245,0.135411
808.25,-9.61736,-21.4314,0.134722
808.3,-9.61538,-21.4296,0.134912
808.35,-9.61405,-21.4283,0.135038
808.4,-9.61369,-21.428,0.135067
808.45,-9.61659,-21.431,0.13477
808.5,-9.60736,-21.4219,0.135686
808.55,-9.61024,-21.4248,0.135391
808.6,-9.61078,-21.4254,0.13533
808.65,-9.61655,-21.4313,0.134746
808.7,-9.61376,-21.4286,0.135018
808.75,-9.61431,-21.4292,0.134956
808.8,-9.60912,-21.4241,0.135469
808.85,-9.60893,-21.424,0.135481
808.9,-9.61563,-21.4307,0.134804
808.95,-9.61278,-21.428,0.135083
809,-9.61143,-21.4267,0.135211
809.05,-9.60846,-21.4238,0.135501
809.1,-9.61291,-21.4283,0.135049
809.15,-9.61354,-21.429,0.13498
809.2,-9.60919,-21.4248,0.135408
809.25,-9.61125,-21.4269,0.135195
809.3,-9.61139,-21.4271,0.135175
809.35,-9.61433,-21.4301,0.134874
809.4,-9.60954,-21.4254,0.135347
809.45,-9.60794,-21.4239,0.1355
809.5,-9.60789,-21.4239,0.135499
809.55,-9.6128,-21.4289,0.135001
809.6,-9.61561,-21.4318,0.134714
809.65,-9.6086,-21.4248,0.135409
809.7,-9.60596,-21.4223,0.135666
809.75,-9.60819,-21.4246,0.135437
809.8,-9.60806,-21.4245,0.135443
809.85,-9.61353,-21.4301,0.13489
809.9,-9.61449,-21.4311,0.134788
809.95,-9.61408,-21.4308,0.134822
810,-9.61252,-21.4293,0.134972
810.05,-9.61432,-21.4311,0.134786
810.1,-9.60686,-21.4237,0.135526
810.15,-9.6059,-21.4229,0.135615
810.2,-9.61354,-21.4306,0.134845
810.25,-9.61336,-21.4305,0.134857
810.3,-9.61303,-21.4302,0.134884
810.35,-9.60555,-21.4228,0.135626
810.4,-9.60524,-21.4225,0.13565
810.45,-9.61168,-21.4291,0.135
810.5,-9.61141,-21.4288,0.135021
810.55,-9.60983,-21.4273,0.135173
810.6,-9.61336,-21.4309,0.134814
810.65,-9.60762,-21.4253,0.135383
810.7,-9.60673,-21.4244,0.135466
810.75,-9.60598,-21.4238,0.135534
810.8,-9.61236,-21.4302,0.134891
810.85,-9.61168,-21.4296,0.134953
810.9,-9.61393,-21.4319,0.134721
810.95,-9.60559,-21.4236,0.13555
811,-9.61338,-21.4315,0.134765
811.05,-9.60564,-21.4238,0.135533
811.1,-9.61227,-21.4305,0.134864
811.15,-9.61294,-21.4313,0.134791
811.2,-9.60826,-21.4266,0.135254
811.25,-9.61232,-21.4308,0.134842
811.3,-9.60528,-21.4238,0.13554
811.35,-9.61053,-21.4291,0.135009
811.4,-9.61012,-21.4288,0.135045
811.45,-9.60411,-21.4228,0.135641
811.5,-9.60902,-21.4278,0.135144
811.55,-9.60711,-21.4259,0.135329
811.6,-9.61296,-21.4318,0.134739
811.65,-9.61047,-21.4294,0.134982
811.7,-9.60767,-21.4267,0.135257
811.75,-9.61122,-21.4303,0.134896
811.8,-9.60861,-21.4278,0.135151
811.85,-9.60554,-21.4247,0.135453
811.9,-9.61167,-21.4309,0.134834
811.95,-9.60882,-21.4282,0.135114
812,-9.61225,-21.4316,0.134765
812.05,-9.60817,-21.4276,0.135168
812.1,-9.6038,-21.4233,0.1356
812.15,-9.61082,-21.4304,0.134892
812.2,-9.61106,-21.4307,0.134863
812.25,-9.60586,-21.4256,0.135378
812.3,-9.61219,-21.432,0.134739
812.35,-9.60887,-21.4287,0.135066
812.4,-9.60305,-21.4229,0.135643
812.45,-9.6117,-21.4316,0.134772
812.5,-9.61008,-21.4301,0.134929
812.55,-9.61211,-21.4322,0.13472
812.6,-9.60309,-21.4232,0.135618
812.65,-9.60816,-21.4283,0.135105
812.7,-9.61092,-21.4312,0.134824
812.75,-9.60727,-21.4276,0.135184
812.8,-9.60646,-21.4268,0.13526
812.85,-9.60224,-21.4227,0.135677
812.9,-9.60389,-21.4244,0.135506
812.95,-9.60274,-21.4233,0.135617
813,-9.60255,-21.4231,0.13563
813.05,-9.60918,-21.4298,0.134962
813.1,-9.60617,-21.4269,0.135258
813.15,-9.60189,-21.4227,0.135681
813.2,-9.60609,-21.4269,0.135256
813.25,-9.61033,-21.4312,0.134827
813.3,-9.60966,-21.4306,0.134889
813.35,-9.61131,-21.4323,0.134719
813.4,-9.60253,-21.4236,0.135592
813.45,-9.60804,-21.4291,0.135036
813.5,-9.6069,-21.4281,0.135146
813.55,-9.60161,-21.4228,0.13567
813.6,-9.60309,-21.4244,0.135516
813.65,-9.60763,-21.429,0.135058
813.7,-9.60942,-21.4308,0.134874
813.75,-9.61119,-21.4326,0.134692
813.8,-9.61059,-21.4321,0.134748
813.85,-9.60876,-21.4303,0.134925
813.9,-9.60727,-21.4289,0.13507
813.95,-9.61089,-21.4325,0.134703
814,-9.60777,-21.4295,0.13501
814.05,-9.60471,-21.4265,0.135311
814.1,-9.61043,-21.4322,0.134735
814.15,-9.60833,-21.4302,0.13494
814.2,-9.6104,-21.4323,0.134729
814.25,-9.60892,-21.4309,0.134872
814.3,-9.60322,-21.4252,0.135437
814.35,-9.60454,-21.4266,0.135301
814.4,-9.60889,-21.431,0.134861
814.45,-9.6049,-21.4271,0.135255
814.5,-9.60511,-21.4273,0.13523
814.55,-9.60933,-21.4316,0.134803
814.6,-9.60202,-21.4244,0.135529
814.65,-9.60927,-21.4317,0.1348
814.7,-9.60927,-21.4317,0.134796
814.75,-9.6062,-21.4287,0.135098
814.8,-9.60774,-21.4303,0.13494
814.85,-9.60712,-21.4297,0.134998
814.9,-9.60575,-21.4284,0.13513
814.95,-9.60856,-21.4312,0.134844
815,-9.6035,-21.4262,0.135346
815.05,-9.60104,-21.4238,0.135588
815.1,-9.6086,-21.4314,0.134827
815.15,-9.60508,-21.428,0.135175
815.2,-9.60721,-21.4301,0.134958
815.25,-9.60661,-21.4296,0.135013
815.3,-9.60491,-21.4279,0.135179
815.35,-9.60648,-21.4296,0.135018
815.4,-9.6041,-21.4272,0.135251
815.45,-9.60096,-21.4241,0.135561
815.5,-9.6062,-21.4294,0.135033
815.55,-9.60075,-21.424,0.135573
815.6,-9.6046,-21.4279,0.135185
815.65,-9.6056,-21.429,0.135081
815.7,-9.6081,-21.4315,0.134826
815.75,-9.60406,-21.4275,0.135226
815.8,-9.60363,-21.4271,0.135265
815.85,-9.60048,-21.424,0.135575
815.9,-9.6078,-21.4314,0.134839
815.95,-9.60177,-21.4254,0.135438
816,-9.60468,-21.4284,0.135143
816.05,-9.60226,-21.426,0.135381
816.1,-9.6005,-21.4243,0.135553
816.15,-9.60614,-21.43,0.134985
816.2,-9.60101,-21.4249,0.135494
816.25,-9.59929,-21.4232,0.135662
816.3,-9.60192,-21.4259,0.135395
816.35,-9.60837,-21.4324,0.134746
816.4,-9.60607,-21.4301,0.134972
816.45,-9.60737,-21.4315,0.134837
816.5,-9.60668,-21.4308,0.134903
816.55,-9.59937,-21.4236,0.13563
816.6,-9.60825,-21.4325,0.134737
816.65,-9.60517,-21.4295,0.135042
816.7,-9.60438,-21.4287,0.135117
816.75,-9.60544,-21.4298,0.135008
816.8,-9.60179,-21.4262,0.135368
816.85,-9.59935,-21.4238,0.135608
816.9,-9.60202,-21.4265,0.135338
816.95,-9.60604,-21.4306,0.134931
817,-9.6005,-21.4251,0.135482
817.05,-9.59845,-21.4231,0.135683
817.1,-9.60707,-21.4318,0.134817
817.15,-9.60541,-21.4301,0.134979
817.2,-9.60441,-21.4292,0.135076
817.25,-9.60557,-21.4304,0.134955
817.3,-9.59992,-21.4248,0.135517
817.35,-9.59853,-21.4234,0.135653
817.4,-9.60659,-21.4315,0.134843
817.45,-9.59829,-21.4233,0.135669
817.5,-9.60091,-21.4259,0.135403
817.55,-9.60192,-21.427,0.135298
817.6,-9.60125,-21.4264,0.135362
817.65,-9.60215,-21.4273,0.135268
817.7,-9.59884,-21.424,0.135596
817.75,-9.60308,-21.4283,0.135168
817.8,-9.6023,-21.4276,0.135243
817.85,-9.60166,-21.427,0.135303
817.9,-9.60238,-21.4277,0.135227
817.95,-9.59935,-21.4247,0.135527
818,-9.60005,-21.4255,0.135453
818.05,-9.60012,-21.4256,0.135442
818.1,-9.59982,-21.4253,0.135469
818.15,-9.59945,-21.425,0.135503
818.2,-9.60647,-21.4321,0.134797
818.25,-9.60541,-21.4311,0.134899
818.3,-9.60614,-21.4318,0.134823
818.35,-9.59956,-21.4253,0.135477
818.4,-9.6061,-21.4319,0.134819
818.45,-9.59954,-21.4253,0.135473
818.5,-9.60702,-21.4329,0.134721
818.55,-9.59806,-21.4239,0.135614
818.6,-9.59948,-21.4254,0.135468
818.65,-9.60562,-21.4316,0.13485
818.7,-9.60504,-21.431,0.134905
818.75,-9.6055,-21.4315,0.134856
818.8,-9.60284,-21.4289,0.135118
818.85,-9.60664,-21.4328,0.134735
818.9,-9.60574,-21.4319,0.134821
818.95,-9.60119,-21.4274,0.135274
819,-9.60673,-21.433,0.134716
819.05,-9.59849,-21.4247,0.135537
819.1,-9.60498,-21.4313,0.134884
819.15,-9.59989,-21.4262,0.13539
819.2,-9.60258,-21.429,0.135118
819.25,-9.6058,-21.4322,0.134792
819.3,-9.60499,-21.4314,0.134871
819.35,-9.59693,-21.4234,0.135673
819.4,-9.59955,-21.4261,0.135408
819.45,-9.5995,-21.4261,0.13541
819.5,-9.59845,-21.425,0.135512
819.55,-9.6018,-21.4284,0.135173
819.6,-9.60186,-21.4285,0.135164
819.65,-9.60053,-21.4272,0.135294
819.7,-9.60356,-21.4303,0.134988
819.75,-9.60067,-21.4274,0.135273
819.8,-9.59833,-21.4251,0.135505
819.85,-9.60211,-21.429,0.135123
819.9,-9.60268,-21.4296,0.135063
819.95,-9.59691,-21.4238,0.135637
820,-9.60417,-21.4311,0.134908
820.05,-9.60226,-21.4292,0.135096
820.1,-9.59756,-21.4246,0.135563
820.15,-9.60627,-21.4333,0.134688
820.2,-9.60054,-21.4276,0.135259
820.25,-9.60529,-21.4324,0.13478
820.3,-9.6045,-21.4317,0.134857
820.35,-9.60614,-21.4333,0.134689
820.4,-9.60473,-21.432,0.134828
820.45,-9.60307,-21.4303,0.134991
820.5,-9.60019,-21.4275,0.135275
820.55,-9.60436,-21.4317,0.134856
820.6,-9.60448,-21.4318,0.13484
820.65,-9.59814,-21.4255,0.135472
820.7,-9.59724,-21.4247,0.135559
820.75,-9.60009,-21.4276,0.13527
820.8,-9.597,-21.4245,0.135577
820.85,-9.60532,-21.4329,0.134742
820.9,-9.60016,-21.4277,0.135255
820.95,-9.59971,-21.4273,0.135297
821,-9.59801,-21.4256,0.135464
821.05,-9.60183,-21.4295,0.13508
821.1,-9.60477,-21.4325,0.134782
821.15,-9.60316,-21.4309,0.134941
821.2,-9.59568,-21.4234,0.135686
821.25,-9.60168,-21.4295,0.135083
821.3,-9.59721,-21.425,0.135527
821.35,-9.59742,-21.4253,0.135503
821.4,-9.59724,-21.4251,0.135518
821.45,-9.60337,-21.4313,0.134902
821.5,-9.59785,-21.4258,0.135452
821.55,-9.60495,-21.4329,0.134739
821.6,-9.5992,-21.4272,0.135311
821.65,-9.59901,-21.4271,0.135327
821.7,-9.60486,-21.4329,0.13474
821.75,-9.60341,-21.4315,0.134882
821.8,-9.598,-21.4261,0.13542
821.85,-9.60309,-21.4313,0.134909
821.9,-9.60331,-21.4315,0.134884
821.95,-9.59652,-21.4248,0.13556
822,-9.59997,-21.4282,0.135212
822.05,-9.59735,-21.4256,0.135472
822.1,-9.60476,-21.4331,0.134729
822.15,-9.59837,-21.4267,0.135365
822.2,-9.59942,-21.4278,0.135256
822.25,-9.59597,-21.4244,0.1356
822.3,-9.60246,-21.4309,0.134948
822.35,-9.60045,-21.4289,0.135146
822.4,-9.59535,-21.4238,0.135654
822.45,-9.5967,-21.4252,0.135516
822.5,-9.60428,-21.4328,0.134755
822.55,-9.5975,-21.4261,0.13543
822.6,-9.6027,-21.4313,0.134908
822.65,-9.60326,-21.4319,0.13485
822.7,-9.59489,-21.4236,0.135684
822.75,-9.60264,-21.4314,0.134906
822.8,-9.59923,-21.428,0.135245
822.85,-9.59642,-21.4252,0.135523
822.9,-9.60441,-21.4332,0.134721
822.95,-9.60084,-21.4297,0.135076
823,-9.6042,-21.4331,0.134738
823.05,-9.59669,-21.4256,0.135486
823.1,-9.60026,-21.4292,0.135127
823.15,-9.59789,-21.4268,0.135361
823.2,-9.60022,-21.4292,0.135126
823.25,-9.59966,-21.4287,0.135179
823.3,-9.59587,-21.4249,0.135556
823.35,-9.60282,-21.4319,0.134858
823.4,-9.59738,-21.4265,0.1354
823.45,-9.60383,-21.4329,0.134752
823.5,-9.60402,-21.4331,0.134731
823.55,-9.60205,-21.4312,0.134925
823.6,-9.59592,-21.4251,0.135537
823.65,-9.60353,-21.4327,0.134772
823.7,-9.59521,-21.4245,0.135602
823.75,-9.60016,-21.4294,0.135106
823.8,-9.59434,-21.4236,0.135685
823.85,-9.60254,-21.4319,0.134863
823.9,-9.5955,-21.4249,0.135564
823.95,-9.59461,-21.424,0.135651
824,-9.60419,-21.4336,0.134691
824.05,-9.59476,-21.4242,0.135631
824.1,-9.59711,-21.4266,0.135394
824.15,-9.60191,-21.4314,0.134911
824.2,-9.60307,-21.4326,0.134793
824.25,-9.59708,-21.4266,0.13539
824.3,-9.59966,-21.4292,0.135129
824.35,-9.59743,-21.427,0.135351
824.4,-9.59866,-21.4283,0.135225
824.45,-9.59926,-21.4289,0.135163
824.5,-9.60348,-21.4331,0.134739
824.55,-9.59809,-21.4278,0.135275
824.6,-9.60121,-21.4309,0.134961
824.65,-9.59902,-21.4288,0.135178
824.7,-9.60129,-21.4311,0.134948
824.75,-9.59676,-21.4265,0.135399
824.8,-9.59404,-21.4238,0.135669
824.85,-9.60254,-21.4324,0.134816
824.9,-9.59498,-21.4248,0.13557
824.95,-9.59684,-21.4267,0.135382
825,-9.60183,-21.4317,0.134881
825.05,-9.59448,-21.4244,0.135614
825.1,-9.5944,-21.4244,0.13562
825.15,-9.60328,-21.4333,0.13473
825.2,-9.60357,-21.4336,0.134699
825.25,-9.59519,-21.4252,0.135535
825.3,-9.59903,-21.4291,0.135148
825.35,-9.60353,-21.4336,0.134696
825.4,-9.60337,-21.4335,0.13471
825.45,-9.60021,-21.4303,0.135024
825.5,-9.59384,-21.424,0.135659
825.55,-9.60328,-21.4335,0.134713
825.6,-9.60071,-21.4309,0.134967
825.65,-9.59671,-21.4269,0.135365
825.7,-9.60098,-21.4312,0.134936
825.75,-9.59959,-21.4299,0.135073
825.8,-9.59963,-21.4299,0.135067
825.85,-9.59651,-21.4268,0.135378
825.9,-9.6029,-21.4332,0.134736
825.95,-9.5942,-21.4246,0.135605
826,-9.60169,-21.4321,0.134853
826.05,-9.60233,-21.4327,0.134787
826.1,-9.59826,-21.4287,0.135192
826.15,-9.59889,-21.4294,0.135127
826.2,-9.59736,-21.4278,0.135278
826.25,-9.5956,-21.4261,0.135452
826.3,-9.60171,-21.4322,0.134839
826.35,-9.59749,-21.428,0.13526
826.4,-9.59425,-21.4248,0.135581
826.45,-9.60283,-21.4334,0.134722
826.5,-9.60048,-21.4311,0.134954
826.55,-9.60226,-21.4329,0.134775
826.6,-9.5935,-21.4242,0.135648
826.65,-9.6011,-21.4318,0.134886
826.7,-9.60177,-21.4325,0.134817
826.75,-9.59333,-21.4241,0.13566
826.8,-9.60257,-21.4333,0.134734
826.85,-9.59711,-21.4279,0.135278
826.9,-9.59319,-21.424,0.135668
826.95,-9.60229,-21.4331,0.134756
827,-9.59369,-21.4245,0.135614
827.05,-9.59342,-21.4243,0.13564
827.1,-9.60198,-21.4329,0.134781
827.15,-9.60083,-21.4317,0.134894
827.2,-9.59658,-21.4275,0.135317
827.25,-9.59944,-21.4304,0.135029
827.3,-9.59692,-21.4279,0.13528
827.35,-9.60273,-21.4337,0.134697
827.4,-9.60249,-21.4335,0.134719
827.45,-9.59638,-21.4274,0.135328
827.5,-9.59351,-21.4246,0.135614
827.55,-9.60078,-21.4318,0.134885
827.6,-9.59533,-21.4264,0.135428
827.65,-9.59841,-21.4295,0.135118
827.7,-9.59633,-21.4275,0.135324
827.75,-9.59937,-21.4305,0.135018
827.8,-9.60071,-21.4319,0.134883
827.85,-9.59477,-21.426,0.135475
827.9,-9.5936,-21.4248,0.13559
827.95,-9.60172,-21.4329,0.134776
828,-9.59437,-21.4256,0.135509
828.05,-9.60088,-21.4322,0.134857
828.1,-9.6008,-21.4321,0.134863
828.15,-9.59472,-21.426,0.13547
828.2,-9.59884,-21.4302,0.135056
828.25,-9.59945,-21.4308,0.134993
828.3,-9.59494,-21.4263,0.135442
828.35,-9.59833,-21.4297,0.135102
828.4,-9.5935,-21.4249,0.135583
828.45,-9.59509,-21.4265,0.135422
828.5,-9.5976,-21.429,0.13517
828.55,-9.59418,-21.4256,0.13551
828.6,-9.59552,-21.427,0.135374
828.65,-9.59661,-21.4281,0.135263
828.7,-9.60206,-21.4336,0.134716
828.75,-9.59917,-21.4307,0.135004
828.8,-9.59314,-21.4247,0.135605
828.85,-9.59609,-21.4277,0.135308
828.9,-9.59903,-21.4306,0.135013
828.95,-9.59278,-21.4244,0.135637
829,-9.59964,-21.4313,0.134949
829.05,-9.59972,-21.4314,0.134939
829.1,-9.60075,-21.4324,0.134834
829.15,-9.60219,-21.4339,0.134689
829.2,-9.59536,-21.4271,0.13537
829.25,-9.59434,-21.4261,0.13547
829.3,-9.59883,-21.4306,0.13502
829.35,-9.59336,-21.4251,0.135565
829.4,-9.59641,-21.4282,0.135258
829.45,-9.59976,-21.4316,0.134922
829.5,-9.59243,-21.4242,0.135654
829.55,-9.59815,-21.43,0.13508
829.6,-9.59802,-21.4299,0.135091
829.65,-9.60062,-21.4325,0.13483
829.7,-9.60028,-21.4322,0.134862
829.75,-9.59429,-21.4262,0.135459
829.8,-9.59752,-21.4294,0.135135
829.85,-9.59269,-21.4246,0.135616
829.9,-9.60011,-21.4321,0.134873
829.95,-9.59852,-21.4305,0.13503
830,-9.5953,-21.4273,0.135351
830.05,-9.59524,-21.4273,0.135356
830.1,-9.60026,-21.4323,0.134852
830.15,-9.59839,-21.4304,0.135038
830.2,-9.59944,-21.4315,0.134931
830.25,-9.59992,-21.432,0.134881
830.3,-9.59518,-21.4273,0.135354
830.35,-9.60022,-21.4323,0.134848
830.4,-9.59367,-21.4258,0.135501
830.45,-9.59188,-21.424,0.13568
830.5,-9.60069,-21.4329,0.134797
830.55,-9.60102,-21.4332,0.134763
830.6,-9.59931,-21.4315,0.134932
830.65,-9.59918,-21.4314,0.134943
830.7,-9.60096,-21.4332,0.134764
830.75,-9.59245,-21.4247,0.135614
830.8,-9.60131,-21.4336,0.134726
830.85,-9.5976,-21.4299,0.135096
830.9,-9.59363,-21.4259,0.135491
830.95,-9.59556,-21.4279,0.135297
831,-9.59521,-21.4275,0.135331
831.05,-9.59392,-21.4263,0.135458
831.1,-9.60159,-21.434,0.134689
831.15,-9.60113,-21.4335,0.134734
831.2,-9.59246,-21.4249,0.1356
831.25,-9.5998,-21.4322,0.134864
831.3,-9.59337,-21.4258,0.135506
831.35,-9.59795,-21.4304,0.135047
831.4,-9.60048,-21.4329,0.134793
831.45,-9.60147,-21.4339,0.134692
831.5,-9.59448,-21.427,0.13539
831.55,-9.5938,-21.4263,0.135456
831.6,-9.59475,-21.4273,0.13536
831.65,-9.59279,-21.4253,0.135554
831.7,-9.60026,-21.4328,0.134806
831.75,-9.59227,-21.4248,0.135603
831.8,-9.60082,-21.4334,0.134748
831.85,-9.59355,-21.4262,0.135473
831.9,-9.60063,-21.4332,0.134764
831.95,-9.59264,-21.4253,0.135561
832,-9.59359,-21.4262,0.135465
832.05,-9.59949,-21.4322,0.134873
832.1,-9.59185,-21.4245,0.135636
832.15,-9.60111,-21.4338,0.134709
832.2,-9.59689,-21.4296,0.135129
832.25,-9.60104,-21.4338,0.134713
832.3,-9.59181,-21.4245,0.135635
832.35,-9.59647,-21.4292,0.135168
832.4,-9.59692,-21.4297,0.135121
832.45,-9.59373,-21.4265,0.135439
832.5,-9.60033,-21.4331,0.134778
832.55,-9.60045,-21.4333,0.134764
832.6,-9.59599,-21.4288,0.135209
832.65,-9.60028,-21.4331,0.134779
832.7,-9.59995,-21.4328,0.134811
832.75,-9.59684,-21.4297,0.135121
832.8,-9.59848,-21.4314,0.134956
832.85,-9.59173,-21.4246,0.135629
832.9,-9.59321,-21.4261,0.13548
832.95,-9.59739,-21.4303,0.135061
833,-9.59165,-21.4246,0.135633
833.05,-9.59615,-21.4291,0.135182
833.1,-9.59967,-21.4326,0.134829
833.15,-9.59489,-21.4279,0.135306
833.2,-9.59744,-21.4304,0.135049
833.25,-9.59844,-21.4314,0.134948
833.3,-9.5957,-21.4287,0.135221
833.35,-9.5968,-21.4298,0.135109
833.4,-9.60056,-21.4336,0.134733
833.45,-9.5949,-21.428,0.135297
833.5,-9.59803,-21.4311,0.134983
833.55,-9.59275,-21.4258,0.13551
833.6,-9.59301,-21.4261,0.135483
833.65,-9.5985,-21.4316,0.134932
833.7,-9.5925,-21.4256,0.135531
833.75,-9.59855,-21.4317,0.134925
833.8,-9.59822,-21.4314,0.134957
833.85,-9.59299,-21.4262,0.135479
833.9,-9.59371,-21.4269,0.135405
833.95,-9.59384,-21.427,0.135391
834,-9.59544,-21.4287,0.13523
834.05,-9.59278,-21.426,0.135495
834.1,-9.59304,-21.4263,0.135468
834.15,-9.6002,-21.4334,0.134751
834.2,-9.59183,-21.4251,0.135587
834.25,-9.59177,-21.425,0.135591
834.3,-9.59583,-21.4291,0.135184
834.35,-9.59912,-21.4324,0.134855
834.4,-9.59232,-21.4256,0.135533
834.45,-9.59787,-21.4312,0.134977
834.5,-9.59535,-21.4287,0.135228
834.55,-9.59283,-21.4262,0.135479
834.6,-9.59289,-21.4263,0.135472
834.65,-9.5939,-21.4273,0.135369
834.7,-9.59662,-21.43,0.135097
834.75,-9.59924,-21.4326,0.134833
834.8,-9.59127,-21.4247,0.135629
834.85,-9.59125,-21.4247,0.13563
834.9,-9.59499,-21.4284,0.135255
834.95,-9.59078,-21.4242,0.135675
835,-9.59512,-21.4286,0.13524
835.05,-9.59201,-21.4255,0.13555
835.1,-9.59253,-21.426,0.135497
835.15,-9.59713,-21.4306,0.135035
835.2,-9.59953,-21.433,0.134795
835.25,-9.59406,-21.4276,0.135341
835.3,-9.59473,-21.4283,0.135273
835.35,-9.5968,-21.4303,0.135064
835.4,-9.59612,-21.4297,0.135132
835.45,-9.59752,-21.4311,0.13499
835.5,-9.59973,-21.4333,0.134768
835.55,-9.59066,-21.4243,0.135674
835.6,-9.59942,-21.433,0.134798
835.65,-9.5919,-21.4255,0.135548
835.7,-9.59999,-21.4336,0.134738
835.75,-9.60039,-21.434,0.134697
835.8,-9.59283,-21.4265,0.135452
835.85,-9.595,-21.4287,0.135235
835.9,-9.59869,-21.4324,0.134864
835.95,-9.59435,-21.428,0.135297
836,-9.59207,-21.4258,0.135524
836.05,-9.59326,-21.427,0.135405
836.1,-9.59641,-21.4301,0.135088
836.15,-9.5942,-21.4279,0.135308
836.2,-9.59641,-21.4301,0.135086
836.25,-9.59229,-21.426,0.135497
836.3,-9.59272,-21.4265,0.135454
836.35,-9.59696,-21.4307,0.135028
836.4,-9.59283,-21.4266,0.13544
836.45,-9.59702,-21.4308,0.135021
836.5,-9.59706,-21.4309,0.135015
836.55,-9.59728,-21.4311,0.134993
836.6,-9.59836,-21.4322,0.134883
836.65,-9.59894,-21.4328,0.134825
836.7,-9.59377,-21.4276,0.13534
836.75,-9.59726,-21.4311,0.134991
836.8,-9.59238,-21.4262,0.135478
836.85,-9.59789,-21.4318,0.134926
836.9,-9.59346,-21.4274,0.135367
836.95,-9.5979,-21.4318,0.134923
837,-9.59484,-21.4288,0.135228
837.05,-9.59263,-21.4266,0.135448
837.1,-9.59801,-21.4319,0.134909
837.15,-9.59371,-21.4277,0.135339
837.2,-9.594,-21.428,0.135309
837.25,-9.59748,-21.4314,0.13496
837.3,-9.59358,-21.4276,0.135348
837.35,-9.59632,-21.4303,0.135073
837.4,-9.59198,-21.426,0.135507
837.45,-9.59179,-21.4258,0.135525
837.5,-9.5902,-21.4242,0.135683
837.55,-9.59359,-21.4276,0.135343
837.6,-9.59459,-21.4286,0.135242
837.65,-9.59617,-21.4302,0.135083
837.7,-9.59736,-21.4314,0.134964
837.75,-9.59057,-21.4246,0.135641
837.8,-9.59804,-21.4321,0.134893
837.85,-9.59967,-21.4338,0.13473
837.9,-9.59714,-21.4312,0.134982
837.95,-9.59049,-21.4246,0.135646
838,-9.59631,-21.4304,0.135063
838.05,-9.59383,-21.428,0.13531
838.1,-9.59741,-21.4316,0.134951
838.15,-9.59433,-21.4285,0.135258
838.2,-9.59243,-21.4266,0.135447
838.25,-9.59086,-21.425,0.135604
838.3,-9.59127,-21.4255,0.135561
838.35,-9.5945,-21.4287,0.135238
838.4,-9.59845,-21.4327,0.134842
838.45,-9.59445,-21.4287,0.135241
838.5,-9.59213,-21.4263,0.135473
838.55,-9.59302,-21.4272,0.135382
838.6,-9.59682,-21.4311,0.135002
838.65,-9.59988,-21.4341,0.134694
838.7,-9.59649,-21.4307,0.135034
838.75,-9.59058,-21.4248,0.135623
838.8,-9.59714,-21.4314,0.134966
838.85,-9.59985,-21.4341,0.134694
838.9,-9.5967,-21.431,0.135008
838.95,-9.59892,-21.4332,0.134786
839,-9.59146,-21.4258,0.135532
839.05,-9.59673,-21.431,0.135003
839.1,-9.59234,-21.4267,0.135441
839.15,-9.59589,-21.4302,0.135086
839.2,-9.59275,-21.4271,0.135399
839.25,-9.59956,-21.4339,0.134717
839.3,-9.59633,-21.4307,0.13504
839.35,-9.59066,-21.425,0.135605
839.4,-9.59912,-21.4335,0.134759
839.45,-9.59336,-21.4278,0.135334
839.5,-9.59106,-21.4255,0.135564
839.55,-9.59534,-21.4298,0.135134
839.6,-9.59712,-21.4315,0.134956
839.65,-9.5984,-21.4328,0.134827
839.7,-9.59961,-21.434,0.134705
839.75,-9.5995,-21.4339,0.134716
839.8,-9.59921,-21.4337,0.134743
839.85,-9.59085,-21.4253,0.135579
839.9,-9.59397,-21.4284,0.135266
839.95,-9.59765,-21.4321,0.134897
840,-9.59529,-21.4298,0.135132
840.05,-9.5961,-21.4306,0.135051
840.1,-9.59068,-21.4252,0.135592
840.15,-9.59213,-21.4266,0.135447
840.2,-9.59601,-21.4305,0.135058
840.25,-9.59719,-21.4317,0.134938
840.3,-9.59275,-21.4273,0.135382
840.35,-9.5932,-21.4277,0.135336
840.4,-9.59711,-21.4317,0.134945
840.45,-9.59952,-21.4341,0.134703
840.5,-9.5922,-21.4268,0.135434
840.55,-9.59864,-21.4332,0.134789
840.6,-9.59634,-21.4309,0.135018
840.65,-9.59464,-21.4292,0.135188
840.7,-9.59464,-21.4292,0.135188
840.75,-9.5992,-21.4338,0.13473
840.8,-9.59432,-21.4289,0.135217
840.85,-9.59109,-21.4257,0.13554
840.9,-9.59001,-21.4246,0.135648
840.95,-9.59359,-21.4282,0.135289
841,-9.59461,-21.4293,0.135186
841.05,-9.59122,-21.4259,0.135524
841.1,-9.5991,-21.4338,0.134735
841.15,-9.5919,-21.4266,0.135454
841.2,-9.58981,-21.4245,0.135663
841.25,-9.59891,-21.4336,0.134753
841.3,-9.5916,-21.4263,0.135482
841.35,-9.59923,-21.4339,0.134719
841.4,-9.58997,-21.4247,0.135644
841.45,-9.5958,-21.4305,0.13506
841.5,-9.59711,-21.4318,0.134929
841.55,-9.5955,-21.4302,0.135089
841.6,-9.59215,-21.4269,0.135424
841.65,-9.59804,-21.4328,0.134834
841.7,-9.59789,-21.4327,0.134848
841.75,-9.59843,-21.4332,0.134794
841.8,-9.59552,-21.4303,0.135084
841.85,-9.59093,-21.4257,0.135542
841.9,-9.59192,-21.4267,0.135442
841.95,-9.59292,-21.4277,0.135342
842,-9.59076,-21.4256,0.135557
842.05,-9.59443,-21.4292,0.135189
842.1,-9.59189,-21.4267,0.135443
842.15,-9.59743,-21.4323,0.134888
842.2,-9.59941,-21.4342,0.13469
842.25,-9.59687,-21.4317,0.134943
842.3,-9.59699,-21.4318,0.134931
842.35,-9.59409,-21.429,0.13522
842.4,-9.59833,-21.4332,0.134795
842.45,-9.59737,-21.4322,0.134891
842.5,-9.59806,-21.4329,0.134821
842.55,-9.59332,-21.4282,0.135294
842.6,-9.59899,-21.4339,0.134727
842.65,-9.59756,-21.4325,0.134869
842.7,-9.59564,-21.4305,0.135061
842.75,-9.59921,-21.4341,0.134702
842.8,-9.59689,-21.4318,0.134934
842.85,-9.59767,-21.4326,0.134855
842.9,-9.59888,-21.4338,0.134734
842.95,-9.59731,-21.4323,0.134891
843,-9.59392,-21.4289,0.135228
843.05,-9.59645,-21.4314,0.134975
843.1,-9.59327,-21.4282,0.135292
843.15,-9.59654,-21.4315,0.134964
843.2,-9.59497,-21.43,0.135121
843.25,-9.59165,-21.4266,0.135452
843.3,-9.59547,-21.4305,0.13507
843.35,-9.59099,-21.426,0.135518
843.4,-9.59309,-21.4281,0.135307
843.45,-9.5979,-21.4329,0.134825
843.5,-9.59443,-21.4294,0.135172
843.55,-9.59437,-21.4294,0.135177
843.6,-9.59286,-21.4279,0.135327
843.65,-9.59685,-21.4319,0.134928
843.7,-9.59235,-21.4274,0.135377
843.75,-9.59283,-21.4279,0.135329
843.8,-9.59428,-21.4293,0.135183
843.85,-9.58991,-21.425,0.13562
843.9,-9.59749,-21.4326,0.134861
843.95,-9.59318,-21.4283,0.135291
844,-9.59786,-21.4329,0.134823
844.05,-9.59614,-21.4312,0.134994
844.1,-9.59711,-21.4322,0.134897
844.15,-9.59745,-21.4326,0.134862
844.2,-9.59431,-21.4294,0.135176
844.25,-9.59336,-21.4285,0.13527
844.3,-9.59728,-21.4324,0.134877
844.35,-9.59182,-21.427,0.135422
844.4,-9.59166,-21.4268,0.135438
844.45,-9.5968,-21.4319,0.134924
844.5,-9.58978,-21.4249,0.135626
844.55,-9.59624,-21.4314,0.134979
844.6,-9.59391,-21.4291,0.135211
844.65,-9.59372,-21.4289,0.13523
844.7,-9.59345,-21.4286,0.135256
844.75,-9.58956,-21.4247,0.135644
844.8,-9.59605,-21.4312,0.134995
844.85,-9.58961,-21.4248,0.135639
844.9,-9.59124,-21.4264,0.135475
844.95,-9.58984,-21.425,0.135614
845,-9.59821,-21.4334,0.134776
845.05,-9.59638,-21.4316,0.134959
845.1,-9.59493,-21.4302,0.135104
845.15,-9.59181,-21.427,0.135416
845.2,-9.59397,-21.4292,0.135199
845.25,-9.59802,-21.4333,0.134793
845.3,-9.59537,-21.4306,0.135057
845.35,-9.59899,-21.4342,0.134695
845.4,-9.59868,-21.4339,0.134725
845.45,-9.59362,-21.4289,0.135231
845.5,-9.59295,-21.4282,0.135298
845.55,-9.59731,-21.4326,0.134861
845.6,-9.59054,-21.4258,0.135538
845.65,-9.59083,-21.4261,0.135508
845.7,-9.59555,-21.4308,0.135036
845.75,-9.59564,-21.4309,0.135026
845.8,-9.59499,-21.4303,0.13509
845.85,-9.59363,-21.4289,0.135226
845.9,-9.59828,-21.4336,0.134761
845.95,-9.59747,-21.4328,0.134841
846,-9.59126,-21.4266,0.135462
846.05,-9.59889,-21.4342,0.134699
846.1,-9.59454,-21.4299,0.135132
846.15,-9.59601,-21.4314,0.134985
846.2,-9.59345,-21.4288,0.135241
846.25,-9.59885,-21.4342,0.1347
846.3,-9.59643,-21.4318,0.134942
846.35,-9.59036,-21.4257,0.135548
846.4,-9.58932,-21.4247,0.135651
846.45,-9.59854,-21.4339,0.134729
846.5,-9.59107,-21.4265,0.135475
846.55,-9.59842,-21.4338,0.13474
846.6,-9.59581,-21.4312,0.135001
846.65,-9.5969,-21.4323,0.134891
846.7,-9.59112,-21.4265,0.135468
846.75,-9.59068,-21.4261,0.135512
846.8,-9.59583,-21.4312,0.134997
846.85,-9.59741,-21.4328,0.134838
846.9,-9.5906,-21.426,0.135519
846.95,-9.59544,-21.4309,0.135035
847,-9.59197,-21.4274,0.135381
847.05,-9.59448,-21.4299,0.13513
847.1,-9.59369,-21.4291,0.135208
847.15,-9.59346,-21.4289,0.135231
847.2,-9.59626,-21.4317,0.13495
847.25,-9.59019,-21.4257,0.135556
847.3,-9.59006,-21.4255,0.135569
847.35,-9.59222,-21.4277,0.135352
847.4,-9.5948,-21.4303,0.135095
847.45,-9.58932,-21.4248,0.135642
847.5,-9.59068,-21.4262,0.135506
847.55,-9.59704,-21.4325,0.134869
847.6,-9.58919,-21.4247,0.135653
847.65,-9.59622,-21.4317,0.13495
847.7,-9.59405,-21.4296,0.135166
847.75,-9.59365,-21.4292,0.135207
847.8,-9.59608,-21.4316,0.134963
847.85,-9.5915,-21.427,0.135421
847.9,-9.59503,-21.4306,0.135067
847.95,-9.59643,-21.432,0.134927
848,-9.59107,-21.4266,0.135462
848.05,-9.59714,-21.4327,0.134855
848.1,-9.59589,-21.4314,0.134979
848.15,-9.59793,-21.4335,0.134775
848.2,-9.59509,-21.4306,0.135059
848.25,-9.59807,-21.4336,0.13476
848.3,-9.58967,-21.4252,0.1356
848.35,-9.59198,-21.4276,0.135368
848.4,-9.59655,-21.4321,0.13491
848.45,-9.59134,-21.4269,0.135431
848.5,-9.5985,-21.4341,0.134715
848.55,-9.58961,-21.4252,0.135604
848.6,-9.59691,-21.4325,0.134873
848.65,-9.59329,-21.4289,0.135235
848.7,-9.59416,-21.4298,0.135147
848.75,-9.59427,-21.4299,0.135136
848.8,-9.59459,-21.4302,0.135104
848.85,-9.59533,-21.431,0.135029
848.9,-9.59761,-21.4332,0.1348
848.95,-9.5905,-21.4261,0.135511
849,-9.59578,-21.4314,0.134983
849.05,-9.58942,-21.4251,0.135618
849.1,-9.59868,-21.4343,0.134692
849.15,-9.59611,-21.4318,0.134949
849.2,-9.59678,-21.4324,0.134881
849.25,-9.59388,-21.4295,0.135171
849.3,-9.59091,-21.4266,0.135468
849.35,-9.59402,-21.4297,0.135156
849.4,-9.59654,-21.4322,0.134904
849.45,-9.5971,-21.4328,0.134848
849.5,-9.59162,-21.4273,0.135395
849.55,-9.58878,-21.4245,0.135679
849.6,-9.59541,-21.4311,0.135015
849.65,-9.58869,-21.4244,0.135687
849.7,-9.59789,-21.4336,0.134767
849.75,-9.59169,-21.4274,0.135386
849.8,-9.59795,-21.4337,0.134759
849.85,-9.58875,-21.4245,0.135679
849.9,-9.59488,-21.4306,0.135066
849.95,-9.59571,-21.4314,0.134982
850,-9.59131,-21.427,0.135423
850.05,-9.59459,-21.4303,0.135093
850.1,-9.59654,-21.4323,0.134898
850.15,-9.58944,-21.4252,0.135608
850.2,-9.58911,-21.4248,0.135641
850.25,-9.59193,-21.4277,0.135358
850.3,-9.59494,-21.4307,0.135056
850.35,-9.59493,-21.4307,0.135057
850.4,-9.59851,-21.4343,0.134699
850.45,-9.5938,-21.4296,0.135169
850.5,-9.59669,-21.4325,0.13488
850.55,-9.59554,-21.4313,0.134995
850.6,-9.59449,-21.4303,0.1351
850.65,-9.59664,-21.4324,0.134885
850.7,-9.59292,-21.4287,0.135256
850.75,-9.59254,-21.4283,0.135293
850.8,-9.59179,-21.4276,0.135368
850.85,-9.59511,-21.4309,0.135036
850.9,-9.59785,-21.4336,0.134762
850.95,-9.58962,-21.4254,0.135584
851,-9.5935,-21.4293,0.135196
851.05,-9.59076,-21.4266,0.13547
851.1,-9.5897,-21.4255,0.135576
851.15,-9.59021,-21.426,0.135523
851.2,-9.59075,-21.4266,0.135469
851.25,-9.5889,-21.4247,0.135655
851.3,-9.59322,-21.429,0.135222
851.35,-9.59003,-21.4259,0.135541
851.4,-9.58897,-21.4248,0.135646
851.45,-9.58942,-21.4253,0.1356
851.5,-9.59707,-21.4329,0.134835
851.55,-9.59161,-21.4275,0.135381
851.6,-9.59536,-21.4312,0.135006
851.65,-9.59495,-21.4308,0.135046
851.7,-9.5924,-21.4283,0.135301
851.75,-9.59581,-21.4317,0.134959
851.8,-9.59824,-21.4341,0.134717
851.85,-9.5887,-21.4246,0.13567
851.9,-9.59211,-21.428,0.135329
851.95,-9.59812,-21.434,0.134728
852,-9.59387,-21.4297,0.135152
852.05,-9.59017,-21.4261,0.135521
852.1,-9.59503,-21.4309,0.135035
852.15,-9.58974,-21.4256,0.135564
852.2,-9.59819,-21.4341,0.134719
852.25,-9.58934,-21.4252,0.135603
852.3,-9.59367,-21.4296,0.13517
852.35,-9.59138,-21.4273,0.135399
852.4,-9.59585,-21.4318,0.134952
852.45,-9.59292,-21.4288,0.135244
852.5,-9.5924,-21.4283,0.135296
852.55,-9.59075,-21.4267,0.13546
852.6,-9.59509,-21.431,0.135027
852.65,-9.59351,-21.4294,0.135184
852.7,-9.59239,-21.4283,0.135296
852.75,-9.59726,-21.4332,0.134808
852.8,-9.59384,-21.4298,0.135151
852.85,-9.59703,-21.433,0.13483
852.9,-9.58872,-21.4247,0.135661
852.95,-9.59425,-21.4302,0.135109
853,-9.5979,-21.4338,0.134743
853.05,-9.59723,-21.4332,0.134809
853.1,-9.59731,-21.4333,0.134802
853.15,-9.5947,-21.4307,0.135062
853.2,-9.59364,-21.4296,0.135168
853.25,-9.59116,-21.4271,0.135416
853.3,-9.59197,-21.4279,0.135334
853.35,-9.59334,-21.4293,0.135197
853.4,-9.59132,-21.4273,0.135398
853.45,-9.59555,-21.4315,0.134975
853.5,-9.59293,-21.4289,0.135237
853.55,-9.59667,-21.4327,0.134863
853.6,-9.59721,-21.4332,0.134809
853.65,-9.58944,-21.4254,0.135585
853.7,-9.59789,-21.4339,0.13474
853.75,-9.59689,-21.4329,0.13484
853.8,-9.59028,-21.4263,0.1355
853.85,-9.59306,-21.4291,0.135222
853.9,-9.58977,-21.4258,0.135551
853.95,-9.59763,-21.4336,0.134765
854,-9.59748,-21.4335,0.134779
854.05,-9.59368,-21.4297,0.135159
854.1,-9.58989,-21.4259,0.135537
854.15,-9.59408,-21.4301,0.135118
854.2,-9.58871,-21.4247,0.135655
854.25,-9.5938,-21.4298,0.135146
854.3,-9.59287,-21.4289,0.135239
854.35,-9.59407,-21.4301,0.135118
854.4,-9.59236,-21.4284,0.135289
854.45,-9.59312,-21.4292,0.135212
854.5,-9.58985,-21.4259,0.135539
854.55,-9.5918,-21.4278,0.135344
854.6,-9.5919,-21.428,0.135334
854.65,-9.5887,-21.4248,0.135653
854.7,-9.59805,-21.4341,0.134719
854.75,-9.59709,-21.4332,0.134814
854.8,-9.59142,-21.4275,0.135381
854.85,-9.59158,-21.4276,0.135365
854.9,-9.59199,-21.4281,0.135323
854.95,-9.5943,-21.4304,0.135092
855,-9.5887,-21.4248,0.135652
855.05,-9.59649,-21.4326,0.134873
855.1,-9.59254,-21.4286,0.135267
855.15,-9.59748,-21.4336,0.134773
855.2,-9.59751,-21.4336,0.13477
855.25,-9.59201,-21.4281,0.135319
855.3,-9.59595,-21.432,0.134925
855.35,-9.58937,-21.4255,0.135582
855.4,-9.59666,-21.4328,0.134854
855.45,-9.59731,-21.4334,0.134788
855.5,-9.58859,-21.4247,0.13566
855.55,-9.59573,-21.4318,0.134945
855.6,-9.59259,-21.4287,0.13526
855.65,-9.59009,-21.4262,0.135509
855.7,-9.59142,-21.4275,0.135376
855.75,-9.59291,-21.429,0.135227
855.8,-9.5955,-21.4316,0.134967
855.85,-9.5959,-21.432,0.134927
855.9,-9.5886,-21.4247,0.135657
855.95,-9.58948,-21.4256,0.135569
856,-9.59065,-21.4268,0.135451
856.05,-9.59008,-21.4262,0.135509
856.1,-9.59291,-21.429,0.135225
856.15,-9.59418,-21.4303,0.135098
856.2,-9.59042,-21.4266,0.135474
856.25,-9.59259,-21.4287,0.135256
856.3,-9.59291,-21.4291,0.135224
856.35,-9.59347,-21.4296,0.135168
856.4,-9.59581,-21.432,0.134933
856.45,-9.59655,-21.4327,0.13486
856.5,-9.58942,-21.4256,0.135572
856.55,-9.59617,-21.4323,0.134897
856.6,-9.59469,-21.4309,0.135045
856.65,-9.59362,-21.4298,0.135151
856.7,-9.59531,-21.4315,0.134983
856.75,-9.59386,-21.43,0.135127
856.8,-9.5973,-21.4335,0.134783
856.85,-9.59292,-21.4291,0.13522
856.9,-9.5949,-21.4311,0.135022
856.95,-9.59563,-21.4318,0.134949
857,-9.59191,-21.4281,0.135321
857.05,-9.59518,-21.4314,0.134994
857.1,-9.59305,-21.4292,0.135206
857.15,-9.59618,-21.4324,0.134893
857.2,-9.59695,-21.4332,0.134816
857.25,-9.59616,-21.4324,0.134895
857.3,-9.59078,-21.427,0.135432
857.35,-9.59415,-21.4304,0.135096
857.4,-9.59376,-21.43,0.135134
857.45,-9.59108,-21.4273,0.135402
857.5,-9.59533,-21.4315,0.134977
857.55,-9.59611,-21.4323,0.134898
857.6,-9.59287,-21.4291,0.135223
857.65,-9.58995,-21.4262,0.135514
857.7,-9.59201,-21.4282,0.135308
857.75,-9.59499,-21.4312,0.135009
857.8,-9.59425,-21.4305,0.135083
857.85,-9.59663,-21.4329,0.134845
857.9,-9.59019,-21.4264,0.135489
857.95,-9.59179,-21.428,0.135329
858,-9.59491,-21.4311,0.135017
858.05,-9.59134,-21.4276,0.135373
858.1,-9.58969,-21.4259,0.135538
858.15,-9.59132,-21.4276,0.135374
858.2,-9.5967,-21.4329,0.134837
858.25,-9.59673,-21.433,0.134833
858.3,-9.59692,-21.4332,0.134814
858.35,-9.59574,-21.432,0.134932
858.4,-9.5914,-21.4277,0.135366
858.45,-9.59357,-21.4298,0.135148
858.5,-9.59312,-21.4294,0.135193
858.55,-9.59506,-21.4313,0.134999
858.6,-9.5905,-21.4268,0.135455
858.65,-9.59793,-21.4342,0.134712
858.7,-9.593,-21.4293,0.135204
858.75,-9.58921,-21.4255,0.135583
858.8,-9.59585,-21.4321,0.134919
858.85,-9.59555,-21.4318,0.134949
858.9,-9.59513,-21.4314,0.134991
858.95,-9.59138,-21.4277,0.135366
859,-9.58841,-21.4247,0.135663
859.05,-9.59223,-21.4285,0.13528
859.1,-9.58927,-21.4256,0.135576
859.15,-9.59305,-21.4293,0.135198
859.2,-9.59396,-21.4303,0.135107
859.25,-9.59306,-21.4294,0.135196
859.3,-9.58983,-21.4261,0.135519
859.35,-9.59,-21.4263,0.135502
859.4,-9.59148,-21.4278,0.135353
859.45,-9.59181,-21.4281,0.13532
859.5,-9.59358,-21.4299,0.135143
859.55,-9.58818,-21.4245,0.135683
859.6,-9.59495,-21.4313,0.135006
859.65,-9.59507,-21.4314,0.134994
859.7,-9.59131,-21.4276,0.135369
859.75,-9.59345,-21.4298,0.135155
859.8,-9.5936,-21.4299,0.13514
859.85,-9.59004,-21.4264,0.135496
859.9,-9.591,-21.4273,0.1354
859.95,-9.59682,-21.4331,0.134818
860,-9.59543,-21.4318,0.134957
860.05,-9.59594,-21.4323,0.134905
860.1,-9.5937,-21.43,0.135129
860.15,-9.59775,-21.4341,0.134724
860.2,-9.5957,-21.432,0.134929
860.25,-9.58853,-21.4249,0.135646
860.3,-9.58879,-21.4251,0.135619
860.35,-9.59338,-21.4297,0.135161
860.4,-9.59591,-21.4323,0.134907
860.45,-9.59575,-21.4321,0.134923
860.5,-9.59659,-21.4329,0.134839
860.55,-9.59616,-21.4325,0.134882
860.6,-9.58982,-21.4262,0.135515
860.65,-9.5977,-21.4341,0.134727
860.7,-9.59105,-21.4274,0.135392
860.75,-9.59563,-21.432,0.134934
860.8,-9.59261,-21.429,0.135236
860.85,-9.59273,-21.4291,0.135223
860.9,-9.59747,-21.4338,0.134749
860.95,-9.59595,-21.4323,0.134902
861,-9.5964,-21.4328,0.134856
861.05,-9.59291,-21.4293,0.135204
861.1,-9.59599,-21.4324,0.134897
861.15,-9.59321,-21.4296,0.135175
861.2,-9.58984,-21.4262,0.135511
861.25,-9.58916,-21.4255,0.135579
861.3,-9.58852,-21.4249,0.135643
861.35,-9.59532,-21.4317,0.134963
861.4,-9.59108,-21.4275,0.135387
861.45,-9.5914,-21.4278,0.135354
861.5,-9.59401,-21.4304,0.135093
861.55,-9.58838,-21.4248,0.135656
861.6,-9.58922,-21.4256,0.135572
861.65,-9.58959,-21.426,0.135535
861.7,-9.59802,-21.4344,0.134692
861.75,-9.5968,-21.4332,0.134813
861.8,-9.59,-21.4264,0.135494
861.85,-9.5887,-21.4251,0.135623
861.9,-9.59206,-21.4285,0.135287
861.95,-9.5978,-21.4342,0.134713
862,-9.59634,-21.4327,0.134858
862.05,-9.59055,-21.427,0.135438
862.1,-9.59585,-21.4323,0.134907
862.15,-9.58806,-21.4245,0.135686
862.2,-9.59015,-21.4266,0.135477
862.25,-9.5888,-21.4252,0.135611
862.3,-9.59559,-21.432,0.134933
862.35,-9.59466,-21.4311,0.135025
862.4,-9.59344,-21.4299,0.135147
862.45,-9.59497,-21.4314,0.134994
862.5,-9.59252,-21.4289,0.135239
862.55,-9.59175,-21.4282,0.135316
862.6,-9.5898,-21.4262,0.135511
862.65,-9.59042,-21.4269,0.135448
862.7,-9.59687,-21.4333,0.134803
862.75,-9.59156,-21.428,0.135334
862.8,-9.59151,-21.4279,0.135339
862.85,-9.59732,-21.4338,0.134758
862.9,-9.5888,-21.4252,0.135609
862.95,-9.59451,-21.431,0.135039
863,-9.59064,-21.4271,0.135425
863.05,-9.59474,-21.4312,0.135015
863.1,-9.59483,-21.4313,0.135007
863.15,-9.5918,-21.4282,0.135309
863.2,-9.59626,-21.4327,0.134863
863.25,-9.59478,-21.4312,0.135011
863.3,-9.59053,-21.427,0.135435
863.35,-9.5882,-21.4246,0.135669
863.4,-9.59541,-21.4319,0.134947
863.45,-9.59454,-21.431,0.135034
863.5,-9.59794,-21.4344,0.134694
863.55,-9.5937,-21.4302,0.135118
863.6,-9.59704,-21.4335,0.134784
863.65,-9.59574,-21.4322,0.134914
863.7,-9.59371,-21.4302,0.135116
863.75,-9.58914,-21.4256,0.135574
863.8,-9.59649,-21.433,0.134838
863.85,-9.59126,-21.4277,0.135361
863.9,-9.59576,-21.4322,0.134911
863.95,-9.59189,-21.4284,0.135297
864,-9.58819,-21.4247,0.135668
864.05,-9.59024,-21.4267,0.135462
864.1,-9.59561,-21.4321,0.134926
864.15,-9.58995,-21.4264,0.135491
864.2,-9.59263,-21.4291,0.135223
864.25,-9.59445,-21.4309,0.135041
864.3,-9.59348,-21.43,0.135137
864.35,-9.59611,-21.4326,0.134875
864.4,-9.59374,-21.4302,0.135112
864.45,-9.59426,-21.4307,0.135059
864.5,-9.59259,-21.4291,0.135226
864.55,-9.59636,-21.4328,0.13485
864.6,-9.59098,-21.4275,0.135387
864.65,-9.5894,-21.4259,0.135545
864.7,-9.59013,-21.4266,0.135471
864.75,-9.58922,-21.4257,0.135562
864.8,-9.59616,-21.4327,0.134868
864.85,-9.59265,-21.4292,0.135219
864.9,-9.58941,-21.4259,0.135544
864.95,-9.59356,-21.4301,0.135128
865,-9.58918,-21.4257,0.135565
865.05,-9.58934,-21.4258,0.13555
865.1,-9.58926,-21.4258,0.135558
865.15,-9.58821,-21.4247,0.135662
865.2,-9.59707,-21.4336,0.134777
865.25,-9.59496,-21.4315,0.134987
865.3,-9.58935,-21.4259,0.135548
865.35,-9.59556,-21.4321,0.134927
865.4,-9.58822,-21.4247,0.135661
865.45,-9.59711,-21.4336,0.134771
865.5,-9.58946,-21.426,0.135536
865.55,-9.58842,-21.4249,0.135641
865.6,-9.58936,-21.4259,0.135546
865.65,-9.59708,-21.4336,0.134775
865.7,-9.59038,-21.4269,0.135444
865.75,-9.594,-21.4305,0.135082
865.8,-9.59353,-21.4301,0.135128
865.85,-9.59588,-21.4324,0.134894
865.9,-9.59212,-21.4287,0.135269
865.95,-9.58929,-21.4258,0.135553
866,-9.59216,-21.4287,0.135266
866.05,-9.59674,-21.4333,0.134808
866.1,-9.59766,-21.4342,0.134715
866.15,-9.59516,-21.4317,0.134965
866.2,-9.58816,-21.4247,0.135665
866.25,-9.58982,-21.4264,0.135499
866.3,-9.59641,-21.4329,0.13484
866.35,-9.59635,-21.4329,0.134846
866.4,-9.59451,-21.4311,0.13503
866.45,-9.59784,-21.4344,0.134696
866.5,-9.59194,-21.4285,0.135286
866.55,-9.59572,-21.4323,0.134908
866.6,-9.58921,-21.4258,0.135559
866.65,-9.59323,-21.4298,0.135157
866.7,-9.59597,-21.4325,0.134882
866.75,-9.58832,-21.4249,0.135648
866.8,-9.59024,-21.4268,0.135456
866.85,-9.59737,-21.4339,0.134743
866.9,-9.59592,-21.4325,0.134887
866.95,-9.5905,-21.4271,0.135429
867,-9.59652,-21.4331,0.134827
867.05,-9.59743,-21.434,0.134736
867.1,-9.59097,-21.4275,0.135382
867.15,-9.58793,-21.4245,0.135686
867.2,-9.59656,-21.4331,0.134823
867.25,-9.5934,-21.43,0.135139
867.3,-9.59399,-21.4306,0.13508
867.35,-9.59215,-21.4287,0.135264
867.4,-9.59133,-21.4279,0.135345
867.45,-9.58816,-21.4247,0.135662
867.5,-9.59349,-21.4301,0.135129
867.55,-9.59554,-21.4321,0.134923
867.6,-9.59696,-21.4335,0.134782
867.65,-9.59321,-21.4298,0.135156
867.7,-9.59276,-21.4293,0.135201
867.75,-9.59718,-21.4338,0.134759
867.8,-9.5951,-21.4317,0.134967
867.85,-9.59123,-21.4278,0.135354
867.9,-9.5956,-21.4322,0.134917
867.95,-9.59167,-21.4283,0.13531
868,-9.59114,-21.4277,0.135363
868.05,-9.58961,-21.4262,0.135516
868.1,-9.58947,-21.4261,0.13553
868.15,-9.59243,-21.429,0.135234
868.2,-9.59492,-21.4315,0.134985
868.25,-9.59752,-21.4341,0.134725
868.3,-9.59282,-21.4294,0.135194
868.35,-9.59723,-21.4338,0.134753
868.4,-9.59696,-21.4336,0.13478
868.45,-9.59082,-21.4274,0.135394
868.5,-9.58982,-21.4264,0.135494
868.55,-9.59557,-21.4322,0.134919
868.6,-9.59034,-21.4269,0.135442
868.65,-9.59287,-21.4295,0.135188
868.7,-9.59558,-21.4322,0.134917
868.75,-9.58898,-21.4256,0.135577
868.8,-9.58836,-21.425,0.135639
868.85,-9.59166,-21.4283,0.135309
868.9,-9.59322,-21.4298,0.135154
868.95,-9.59178,-21.4284,0.135297
869,-9.59191,-21.4285,0.135284
869.05,-9.5888,-21.4254,0.135595
869.1,-9.58942,-21.426,0.135533
869.15,-9.59097,-21.4276,0.135378
869.2,-9.59411,-21.4307,0.135064
869.25,-9.59428,-21.4309,0.135047
869.3,-9.59025,-21.4269,0.135449
869.35,-9.59131,-21.4279,0.135344
869.4,-9.59761,-21.4342,0.134713
869.45,-9.58795,-21.4246,0.135679
869.5,-9.59508,-21.4317,0.134966
869.55,-9.59086,-21.4275,0.135388
869.6,-9.58967,-21.4263,0.135507
869.65,-9.59665,-21.4333,0.134808
869.7,-9.59539,-21.432,0.134934
869.75,-9.5967,-21.4333,0.134804
869.8,-9.59628,-21.4329,0.134845
869.85,-9.59032,-21.427,0.135441
869.9,-9.59604,-21.4327,0.134869
869.95,-9.59535,-21.432,0.134938
870,-9.59326,-21.4299,0.135147
870.05,-9.58797,-21.4246,0.135676
870.1,-9.59303,-21.4297,0.13517
870.15,-9.59571,-21.4323,0.134901
870.2,-9.59296,-21.4296,0.135176
870.25,-9.59073,-21.4274,0.135399
870.3,-9.59681,-21.4335,0.134791
870.35,-9.59344,-21.4301,0.135128
870.4,-9.59451,-21.4311,0.135021
870.45,-9.59215,-21.4288,0.135257
870.5,-9.59734,-21.434,0.134738
870.55,-9.58855,-21.4252,0.135617
870.6,-9.59307,-21.4297,0.135164
870.65,-9.58889,-21.4255,0.135583
870.7,-9.59165,-21.4283,0.135307
870.75,-9.58931,-21.426,0.135541
870.8,-9.59529,-21.4319,0.134942
870.85,-9.59403,-21.4307,0.135068
870.9,-9.59275,-21.4294,0.135197
870.95,-9.59504,-21.4317,0.134967
871,-9.59412,-21.4308,0.135059
871.05,-9.58996,-21.4266,0.135475
871.1,-9.58804,-21.4247,0.135668
871.15,-9.59593,-21.4326,0.134878
871.2,-9.58875,-21.4254,0.135596
871.25,-9.59557,-21.4322,0.134914
871.3,-9.59476,-21.4314,0.134994
871.35,-9.59717,-21.4338,0.134754
871.4,-9.58803,-21.4247,0.135667
871.45,-9.59295,-21.4296,0.135176
871.5,-9.59466,-21.4313,0.135004
871.55,-9.59344,-21.4301,0.135127
871.6,-9.59306,-21.4297,0.135164
871.65,-9.58984,-21.4265,0.135486
871.7,-9.5913,-21.428,0.135341
871.75,-9.58817,-21.4248,0.135653
871.8,-9.59272,-21.4294,0.135198
871.85,-9.59026,-21.4269,0.135444
871.9,-9.59376,-21.4304,0.135094
871.95,-9.58938,-21.4261,0.135531
872,-9.59456,-21.4312,0.135013
872.05,-9.59326,-21.4299,0.135144
872.1,-9.59009,-21.4268,0.135461
872.15,-9.58979,-21.4265,0.13549
872.2,-9.5943,-21.431,0.135039
872.25,-9.59389,-21.4306,0.13508
872.3,-9.59126,-21.4279,0.135343
872.35,-9.59175,-21.4284,0.135294
872.4,-9.59008,-21.4268,0.135461
872.45,-9.59616,-21.4328,0.134853
872.5,-9.58895,-21.4256,0.135574
872.55,-9.59636,-21.433,0.134833
872.6,-9.58828,-21.425,0.13564
872.65,-9.58915,-21.4258,0.135554
872.7,-9.59445,-21.4311,0.135024
872.75,-9.5892,-21.4259,0.135549
872.8,-9.59688,-21.4336,0.13478
872.85,-9.59138,-21.4281,0.13533
872.9,-9.58853,-21.4252,0.135615
872.95,-9.59708,-21.4338,0.13476
873,-9.59649,-21.4332,0.134819
873.05,-9.59536,-21.4321,0.134932
873.1,-9.59269,-21.4294,0.135199
873.15,-9.59173,-21.4284,0.135295
873.2,-9.59738,-21.4341,0.13473
873.25,-9.59615,-21.4328,0.134852
873.3,-9.59207,-21.4288,0.13526
873.35,-9.59227,-21.429,0.13524
873.4,-9.58859,-21.4253,0.135609
873.45,-9.58801,-21.4247,0.135666
873.5,-9.59383,-21.4305,0.135084
873.55,-9.59533,-21.432,0.134935
873.6,-9.59345,-21.4301,0.135122
873.65,-9.5961,-21.4328,0.134857
873.7,-9.5973,-21.434,0.134737
873.75,-9.58993,-21.4266,0.135474
873.8,-9.59217,-21.4289,0.13525
873.85,-9.59074,-21.4274,0.135393
873.9,-9.59386,-21.4306,0.135081
873.95,-9.59443,-21.4311,0.135024
874,-9.58908,-21.4258,0.135558
874.05,-9.595,-21.4317,0.134967
874.1,-9.59298,-21.4297,0.135169
874.15,-9.58955,-21.4263,0.135511
874.2,-9.59634,-21.433,0.134833
874.25,-9.58962,-21.4263,0.135505
874.3,-9.59094,-21.4276,0.135372
874.35,-9.59541,-21.4321,0.134925
874.4,-9.59319,-21.4299,0.135148
874.45,-9.59166,-21.4284,0.1353
874.5,-9.59468,-21.4314,0.134998
874.55,-9.59187,-21.4286,0.135279
874.6,-9.58922,-21.4259,0.135544
874.65,-9.58956,-21.4263,0.13551
874.7,-9.59579,-21.4325,0.134886
874.75,-9.58879,-21.4255,0.135586
874.8,-9.58791,-21.4246,0.135674
874.85,-9.59007,-21.4268,0.135459
874.9,-9.59326,-21.43,0.135139
874.95,-9.5887,-21.4254,0.135596
875,-9.59028,-21.427,0.135438
875.05,-9.58929,-21.426,0.135536
875.1,-9.59623,-21.4329,0.134843
875.15,-9.59593,-21.4326,0.134873
875.2,-9.59759,-21.4343,0.134706
875.25,-9.59573,-21.4324,0.134892
875.3,-9.58806,-21.4248,0.135659
875.35,-9.59197,-21.4287,0.135268
875.4,-9.58867,-21.4254,0.135598
875.45,-9.59413,-21.4308,0.135052
875.5,-9.5886,-21.4253,0.135604
875.55,-9.58996,-21.4267,0.135469
875.6,-9.59133,-21.4281,0.135331
875.65,-9.59379,-21.4305,0.135085
875.7,-9.59172,-21.4284,0.135292
875.75,-9.58988,-21.4266,0.135477
875.8,-9.59562,-21.4323,0.134902
875.85,-9.59487,-21.4316,0.134977
875.9,-9.5975,-21.4342,0.134714
875.95,-9.59102,-21.4277,0.135362
876,-9.58875,-21.4255,0.135589
876.05,-9.59439,-21.4311,0.135025
876.1,-9.5951,-21.4318,0.134954
876.15,-9.59018,-21.4269,0.135446
876.2,-9.59617,-21.4329,0.134847
876.25,-9.59311,-21.4298,0.135152
876.3,-9.59119,-21.4279,0.135345
876.35,-9.5963,-21.433,0.134834
876.4,-9.5954,-21.4321,0.134924
876.45,-9.59667,-21.4334,0.134796
876.5,-9.59721,-21.434,0.134742
876.55,-9.5879,-21.4246,0.135674
876.6,-9.58819,-21.4249,0.135645
876.65,-9.59566,-21.4324,0.134897
876.7,-9.59604,-21.4328,0.134859
876.75,-9.588,-21.4247,0.135663
876.8,-9.59361,-21.4304,0.135102
876.85,-9.59633,-21.4331,0.13483
876.9,-9.59219,-21.4289,0.135244
876.95,-9.59451,-21.4313,0.135012
877,-9.59268,-21.4294,0.135195
877.05,-9.59303,-21.4298,0.13516
877.1,-9.59669,-21.4334,0.134793
877.15,-9.59624,-21.433,0.134839
877.2,-9.58905,-21.4258,0.135558
877.25,-9.59064,-21.4274,0.135398
877.3,-9.58835,-21.4251,0.135628
877.35,-9.5969,-21.4336,0.134773
877.4,-9.59775,-21.4345,0.134688
877.45,-9.58808,-21.4248,0.135655
877.5,-9.59015,-21.4269,0.135448
877.55,-9.58873,-21.4255,0.13559
877.6,-9.5947,-21.4315,0.134992
877.65,-9.59748,-21.4342,0.134714
877.7,-9.59114,-21.4279,0.135348
877.75,-9.59311,-21.4299,0.135151
877.8,-9.59283,-21.4296,0.135179
877.85,-9.59457,-21.4313,0.135005
877.9,-9.59164,-21.4284,0.135298
877.95,-9.59047,-21.4272,0.135415
878,-9.59348,-21.4302,0.135114
878.05,-9.59109,-21.4279,0.135352
878.1,-9.59061,-21.4274,0.135401
878.15,-9.59391,-21.4307,0.135071
878.2,-9.589,-21.4258,0.135562
878.25,-9.58889,-21.4257,0.135572
878.3,-9.59416,-21.4309,0.135046
878.35,-9.59485,-21.4316,0.134976
878.4,-9.59746,-21.4342,0.134715
878.45,-9.5886,-21.4254,0.135602
878.5,-9.59161,-21.4284,0.135301
878.55,-9.59239,-21.4291,0.135223
878.6,-9.59387,-21.4306,0.135075
878.65,-9.59055,-21.4273,0.135407
878.7,-9.59087,-21.4276,0.135374
878.75,-9.59516,-21.4319,0.134945
878.8,-9.59344,-21.4302,0.135117
878.85,-9.59147,-21.4282,0.135314
878.9,-9.59431,-21.4311,0.13503
878.95,-9.59343,-21.4302,0.135117
879,-9.5918,-21.4286,0.135281
879.05,-9.5967,-21.4335,0.134791
879.1,-9.59441,-21.4312,0.13502
879.15,-9.58875,-21.4255,0.135585
879.2,-9.59644,-21.4332,0.134817
879.25,-9.58781,-21.4246,0.13568
879.3,-9.59411,-21.4309,0.135049
879.35,-9.59153,-21.4283,0.135308
879.4,-9.59463,-21.4314,0.134997
879.45,-9.58801,-21.4248,0.135659
879.5,-9.59425,-21.431,0.135035
879.55,-9.59037,-21.4271,0.135423
879.6,-9.59136,-21.4281,0.135324
879.65,-9.59712,-21.4339,0.134748
879.7,-9.59654,-21.4333,0.134806
879.75,-9.59262,-21.4294,0.135199
879.8,-9.58827,-21.425,0.135633
879.85,-9.59296,-21.4297,0.135165
879.9,-9.58973,-21.4265,0.135487
879.95,-9.58799,-21.4248,0.135661
880,-9.59381,-21.4306,0.135079
880.05,-9.59359,-21.4304,0.135101
880.1,-9.59264,-21.4294,0.135196
880.15,-9.58994,-21.4267,0.135466
880.2,-9.5964,-21.4332,0.13482
880.25,-9.59578,-21.4326,0.134882
880.3,-9.59736,-21.4341,0.134723
880.35,-9.5921,-21.4289,0.135249
880.4,-9.58951,-21.4263,0.135508
880.45,-9.59393,-21.4307,0.135066
880.5,-9.5878,-21.4246,0.135679
880.55,-9.59358,-21.4304,0.135102
880.6,-9.5929,-21.4297,0.135169
880.65,-9.59448,-21.4313,0.135011
880.7,-9.5946,-21.4314,0.135
880.75,-9.59161,-21.4284,0.135298
880.8,-9.59456,-21.4313,0.135004
880.85,-9.59098,-21.4278,0.135361
880.9,-9.59541,-21.4322,0.134919
880.95,-9.59146,-21.4282,0.135313
881,-9.59126,-21.428,0.135333
881.05,-9.59193,-21.4287,0.135266
881.1,-9.5941,-21.4309,0.135049
881.15,-9.59489,-21.4317,0.13497
881.2,-9.59132,-21.4281,0.135327
881.25,-9.59291,-21.4297,0.135167
881.3,-9.58978,-21.4266,0.135481
881.35,-9.59186,-21.4287,0.135273
881.4,-9.58814,-21.4249,0.135644
881.45,-9.59178,-21.4286,0.135281
881.5,-9.59213,-21.4289,0.135246
881.55,-9.59423,-21.431,0.135036
881.6,-9.59765,-21.4344,0.134694
881.65,-9.59705,-21.4338,0.134754
881.7,-9.59644,-21.4332,0.134814
881.75,-9.59633,-21.4331,0.134826
881.8,-9.5951,-21.4319,0.134948
881.85,-9.59609,-21.4329,0.13485
881.9,-9.59071,-21.4275,0.135387
881.95,-9.5969,-21.4337,0.134769
882,-9.5923,-21.4291,0.135228
882.05,-9.59079,-21.4276,0.135379
882.1,-9.59275,-21.4296,0.135183
882.15,-9.59748,-21.4343,0.13471
882.2,-9.59755,-21.4344,0.134703
882.25,-9.58963,-21.4264,0.135495
882.3,-9.59138,-21.4282,0.135321
882.35,-9.59439,-21.4312,0.135019
882.4,-9.5929,-21.4297,0.135168
882.45,-9.58906,-21.4259,0.135552
882.5,-9.58814,-21.4249,0.135644
882.55,-9.59644,-21.4332,0.134814
882.6,-9.59328,-21.4301,0.13513
882.65,-9.59452,-21.4313,0.135006
882.7,-9.59362,-21.4304,0.135096
882.75,-9.59688,-21.4337,0.13477
882.8,-9.58972,-21.4265,0.135485
882.85,-9.59568,-21.4325,0.134889
882.9,-9.59103,-21.4278,0.135355
882.95,-9.59015,-21.427,0.135442
883,-9.58975,-21.4266,0.135482
883.05,-9.59545,-21.4323,0.134913
883.1,-9.59667,-21.4335,0.13479
883.15,-9.58969,-21.4265,0.135488
883.2,-9.59479,-21.4316,0.134979
883.25,-9.5954,-21.4322,0.134917
883.3,-9.58831,-21.4251,0.135626
883.35,-9.59218,-21.429,0.135239
883.4,-9.59378,-21.4306,0.135079
883.45,-9.59131,-21.4281,0.135326
883.5,-9.59137,-21.4282,0.13532
883.55,-9.58837,-21.4252,0.13562
883.6,-9.5944,-21.4312,0.135018
883.65,-9.59642,-21.4332,0.134816
883.7,-9.58815,-21.425,0.135642
883.75,-9.59424,-21.4311,0.135033
883.8,-9.58834,-21.4252,0.135623
883.85,-9.59182,-21.4286,0.135275
883.9,-9.59093,-21.4277,0.135364
883.95,-9.59353,-21.4303,0.135104
884,-9.59318,-21.43,0.135139
884.05,-9.59136,-21.4282,0.13532
884.1,-9.59227,-21.4291,0.13523
884.15,-9.58875,-21.4256,0.135581
884.2,-9.58818,-21.425,0.135638
884.25,-9.58818,-21.425,0.135638
884.3,-9.58793,-21.4247,0.135663
884.35,-9.5902,-21.427,0.135436
884.4,-9.59616,-21.433,0.13484
884.45,-9.59126,-21.4281,0.13533
884.5,-9.59265,-21.4295,0.135191
884.55,-9.58822,-21.425,0.135635
884.6,-9.58901,-21.4258,0.135555
884.65,-9.59163,-21.4284,0.135294
884.7,-9.59021,-21.427,0.135436
884.75,-9.5961,-21.4329,0.134847
884.8,-9.58933,-21.4262,0.135523
884.85,-9.59082,-21.4276,0.135374
884.9,-9.59058,-21.4274,0.135398
884.95,-9.59542,-21.4322,0.134915
885,-9.59443,-21.4313,0.135013
885.05,-9.59425,-21.4311,0.135031
885.1,-9.59609,-21.4329,0.134847
885.15,-9.59113,-21.428,0.135343
885.2,-9.59297,-21.4298,0.135159
885.25,-9.59655,-21.4334,0.134801
885.3,-9.59768,-21.4345,0.134688
885.35,-9.59362,-21.4304,0.135094
885.4,-9.59068,-21.4275,0.135388
885.45,-9.59092,-21.4277,0.135364
885.5,-9.58946,-21.4263,0.13551
885.55,-9.59616,-21.433,0.134839
885.6,-9.59459,-21.4314,0.134997
885.65,-9.59404,-21.4309,0.135052
885.7,-9.59722,-21.4341,0.134733
885.75,-9.59508,-21.4319,0.134948
885.8,-9.59453,-21.4314,0.135003
885.85,-9.59747,-21.4343,0.134709
885.9,-9.59759,-21.4344,0.134697
885.95,-9.593,-21.4298,0.135155
886,-9.59104,-21.4279,0.135352
886.05,-9.59256,-21.4294,0.1352
886.1,-9.59353,-21.4304,0.135103
886.15,-9.59236,-21.4292,0.13522
886.2,-9.59649,-21.4333,0.134806
886.25,-9.59605,-21.4329,0.134851
886.3,-9.59077,-21.4276,0.135379
886.35,-9.58813,-21.425,0.135642
886.4,-9.58918,-21.426,0.135537
886.45,-9.59366,-21.4305,0.135089
886.5,-9.59586,-21.4327,0.134869
886.55,-9.59592,-21.4328,0.134863
886.6,-9.59022,-21.4271,0.135433
886.65,-9.59427,-21.4311,0.135028
886.7,-9.58937,-21.4262,0.135518
886.75,-9.59551,-21.4323,0.134904
886.8,-9.59314,-21.43,0.135141
886.85,-9.58936,-21.4262,0.135519
886.9,-9.59145,-21.4283,0.13531
886.95,-9.59613,-21.433,0.134842
887,-9.5926,-21.4294,0.135195
887.05,-9.59322,-21.4301,0.135133
887.1,-9.59461,-21.4314,0.134994
887.15,-9.5895,-21.4263,0.135505
887.2,-9.58957,-21.4264,0.135497
887.25,-9.59415,-21.431,0.13504
887.3,-9.5969,-21.4337,0.134765
887.35,-9.59642,-21.4333,0.134813
887.4,-9.59394,-21.4308,0.135061
887.45,-9.59681,-21.4336,0.134774
887.5,-9.59174,-21.4286,0.135281
887.55,-9.59729,-21.4341,0.134725
887.6,-9.59168,-21.4285,0.135286
887.65,-9.59759,-21.4344,0.134696
887.7,-9.59197,-21.4288,0.135258
887.75,-9.5905,-21.4273,0.135405
887.8,-9.59596,-21.4328,0.134859
887.85,-9.59506,-21.4319,0.134949
887.9,-9.59095,-21.4278,0.135359
887.95,-9.59746,-21.4343,0.134709
888,-9.59104,-21.4279,0.135351
888.05,-9.58914,-21.426,0.135541
888.1,-9.5957,-21.4325,0.134884
888.15,-9.59359,-21.4304,0.135096
888.2,-9.59573,-21.4326,0.134881
888.25,-9.5974,-21.4342,0.134715
888.3,-9.59142,-21.4283,0.135312
888.35,-9.59119,-21.428,0.135335
888.4,-9.58909,-21.4259,0.135546
888.45,-9.59519,-21.432,0.134935
888.5,-9.58965,-21.4265,0.13549
888.55,-9.59401,-21.4309,0.135053
888.6,-9.59074,-21.4276,0.13538
888.65,-9.59658,-21.4334,0.134796
888.7,-9.59584,-21.4327,0.13487
888.75,-9.59264,-21.4295,0.13519
888.8,-9.59306,-21.4299,0.135148
888.85,-9.59506,-21.4319,0.134948
888.9,-9.59139,-21.4282,0.135315
888.95,-9.58932,-21.4262,0.135522
889,-9.5942,-21.431,0.135034
889.05,-9.59546,-21.4323,0.134908
889.1,-9.58894,-21.4258,0.135559
889.15,-9.58821,-21.4251,0.135633
889.2,-9.59538,-21.4322,0.134916
889.25,-9.59324,-21.4301,0.135129
889.3,-9.59103,-21.4279,0.13535
889.35,-9.59366,-21.4305,0.135087
889.4,-9.59063,-21.4275,0.135391
889.45,-9.59432,-21.4312,0.135022
889.5,-9.59345,-21.4303,0.135108
889.55,-9.594,-21.4309,0.135054
889.6,-9.59579,-21.4326,0.134875
889.65,-9.59149,-21.4283,0.135305
889.7,-9.58992,-21.4268,0.135462
889.75,-9.59385,-21.4307,0.135069
889.8,-9.59122,-21.4281,0.135332
889.85,-9.59367,-21.4305,0.135086
889.9,-9.59738,-21.4342,0.134716
889.95,-9.59264,-21.4295,0.13519
890,-9.5912,-21.428,0.135334
890.05,-9.58936,-21.4262,0.135518
890.1,-9.58898,-21.4258,0.135556
890.15,-9.59427,-21.4311,0.135026
890.2,-9.58827,-21.4251,0.135626
890.25,-9.59715,-21.434,0.134738
890.3,-9.58925,-21.4261,0.135529
890.35,-9.59367,-21.4305,0.135087
890.4,-9.59455,-21.4314,0.134999
890.45,-9.59297,-21.4298,0.135156
890.5,-9.59532,-21.4322,0.134921
890.55,-9.59108,-21.4279,0.135345
890.6,-9.59076,-21.4276,0.135377
890.65,-9.59661,-21.4335,0.134793
890.7,-9.59162,-21.4285,0.135291
890.75,-9.58848,-21.4253,0.135606
890.8,-9.59219,-21.429,0.135234
890.85,-9.59499,-21.4319,0.134954
890.9,-9.59448,-21.4313,0.135005
890.95,-9.59516,-21.432,0.134937
891,-9.59165,-21.4285,0.135288
891.05,-9.59027,-21.4271,0.135426
891.1,-9.5915,-21.4284,0.135303
891.15,-9.58977,-21.4266,0.135476
891.2,-9.5941,-21.431,0.135043
891.25,-9.59375,-21.4306,0.135078
891.3,-9.59596,-21.4328,0.134857
891.35,-9.58766,-21.4245,0.135687
891.4,-9.58977,-21.4266,0.135476
891.45,-9.59568,-21.4325,0.134885
891.5,-9.59264,-21.4295,0.135189
891.55,-9.5933,-21.4302,0.135122
891.6,-9.59737,-21.4342,0.134716
891.65,-9.59396,-21.4308,0.135057
891.7,-9.58992,-21.4268,0.135461
891.75,-9.58798,-21.4248,0.135654
891.8,-9.59345,-21.4303,0.135108
891.85,-9.5915,-21.4284,0.135302
891.9,-9.59399,-21.4309,0.135053
891.95,-9.59033,-21.4272,0.135419
892,-9.59682,-21.4337,0.134771
892.05,-9.59166,-21.4285,0.135287
892.1,-9.59376,-21.4306,0.135077
892.15,-9.58992,-21.4268,0.13546
892.2,-9.59061,-21.4275,0.135392
892.25,-9.58772,-21.4246,0.13568
892.3,-9.59074,-21.4276,0.135378
892.35,-9.59514,-21.432,0.134938
892.4,-9.59506,-21.4319,0.134946
892.45,-9.59756,-21.4344,0.134696
892.5,-9.59264,-21.4295,0.135188
892.55,-9.58906,-21.4259,0.135547
892.6,-9.59018,-21.427,0.135435
892.65,-9.59648,-21.4333,0.134804
892.7,-9.59117,-21.428,0.135335
892.75,-9.59662,-21.4335,0.13479
892.8,-9.59258,-21.4294,0.135194
892.85,-9.58948,-21.4263,0.135504
892.9,-9.59663,-21.4335,0.13479
892.95,-9.59469,-21.4316,0.134983
893,-9.5975,-21.4344,0.134702
893.05,-9.59161,-21.4285,0.135291
893.1,-9.59035,-21.4272,0.135418
893.15,-9.59722,-21.4341,0.13473
893.2,-9.58791,-21.4248,0.135661
893.25,-9.59261,-21.4295,0.135191
893.3,-9.59756,-21.4344,0.134696
893.35,-9.59371,-21.4306,0.135081
893.4,-9.59646,-21.4333,0.134806
893.45,-9.5939,-21.4308,0.135062
893.5,-9.59639,-21.4333,0.134813
893.55,-9.59563,-21.4325,0.134889
893.6,-9.58791,-21.4248,0.135661
893.65,-9.59249,-21.4294,0.135203
893.7,-9.5879,-21.4248,0.135662
893.75,-9.59087,-21.4277,0.135365
893.8,-9.59257,-21.4294,0.135195
893.85,-9.59099,-21.4279,0.135353
893.9,-9.58836,-21.4252,0.135616
893.95,-9.58998,-21.4268,0.135454
894,-9.5909,-21.4278,0.135362
894.05,-9.59335,-21.4302,0.135117
894.1,-9.59139,-21.4283,0.135313
894.15,-9.59343,-21.4303,0.135109
894.2,-9.59218,-21.4291,0.135234
894.25,-9.59491,-21.4318,0.134961
894.3,-9.5924,-21.4293,0.135211
894.35,-9.59712,-21.434,0.13474
894.4,-9.59674,-21.4336,0.134777
894.45,-9.59138,-21.4283,0.135313
894.5,-9.59416,-21.431,0.135035
894.55,-9.5966,-21.4335,0.134792
894.6,-9.59535,-21.4322,0.134917
894.65,-9.59686,-21.4337,0.134766
894.7,-9.59618,-21.4331,0.134834
894.75,-9.59561,-21.4325,0.134891
894.8,-9.59182,-21.4287,0.135269
894.85,-9.59609,-21.433,0.134843
894.9,-9.59167,-21.4285,0.135284
894.95,-9.59064,-21.4275,0.135388
895,-9.59234,-21.4292,0.135217
895.05,-9.59042,-21.4273,0.13541
895.1,-9.58862,-21.4255,0.135589
895.15,-9.5926,-21.4295,0.135191
895.2,-9.59527,-21.4321,0.134925
895.25,-9.58887,-21.4257,0.135564
895.3,-9.59583,-21.4327,0.134869
895.35,-9.59019,-21.4271,0.135433
895.4,-9.59222,-21.4291,0.13523
895.45,-9.59654,-21.4334,0.134798
895.5,-9.59252,-21.4294,0.135199
895.55,-9.59547,-21.4323,0.134904
895.6,-9.59224,-21.4291,0.135227
895.65,-9.59627,-21.4331,0.134825
895.7,-9.59126,-21.4281,0.135325
895.75,-9.59678,-21.4337,0.134773
895.8,-9.59353,-21.4304,0.135098
895.85,-9.59602,-21.4329,0.134849
895.9,-9.59626,-21.4331,0.134826
895.95,-9.59263,-21.4295,0.135188
896,-9.58976,-21.4266,0.135475
896.05,-9.59278,-21.4297,0.135174
896.1,-9.59159,-21.4285,0.135292
896.15,-9.59747,-21.4343,0.134705
896.2,-9.592,-21.4289,0.135252
896.25,-9.59013,-21.427,0.135438
896.3,-9.59544,-21.4323,0.134908
896.35,-9.59618,-21.4331,0.134833
896.4,-9.58858,-21.4255,0.135593
896.45,-9.58947,-21.4263,0.135505
896.5,-9.58918,-21.4261,0.135533
896.55,-9.59328,-21.4302,0.135123
896.6,-9.59224,-21.4291,0.135227
896.65,-9.59016,-21.427,0.135435
896.7,-9.58825,-21.4251,0.135626
896.75,-9.58987,-21.4267,0.135464
896.8,-9.59139,-21.4283,0.135312
896.85,-9.59644,-21.4333,0.134807
896.9,-9.59242,-21.4293,0.135209
896.95,-9.59597,-21.4328,0.134854
897,-9.59533,-21.4322,0.134918
897.05,-9.5973,-21.4342,0.134721
897.1,-9.5938,-21.4307,0.135071
897.15,-9.58994,-21.4268,0.135457
897.2,-9.59593,-21.4328,0.134858
897.25,-9.59743,-21.4343,0.134708
897.3,-9.58908,-21.426,0.135543
897.35,-9.59182,-21.4287,0.135269
897.4,-9.59581,-21.4327,0.13487
897.45,-9.5877,-21.4246,0.135681
897.5,-9.59682,-21.4337,0.134769
897.55,-9.58793,-21.4248,0.135658
897.6,-9.59284,-21.4297,0.135167
897.65,-9.59077,-21.4277,0.135373
897.7,-9.58776,-21.4246,0.135675
897.75,-9.5972,-21.4341,0.134731
897.8,-9.59327,-21.4302,0.135124
897.85,-9.59556,-21.4324,0.134895
897.9,-9.59574,-21.4326,0.134877
897.95,-9.59422,-21.4311,0.135029
898,-9.59739,-21.4343,0.134712
898.05,-9.59728,-21.4342,0.134723
898.1,-9.58987,-21.4267,0.135464
898.15,-9.592,-21.4289,0.135251
898.2,-9.5898,-21.4267,0.13547
898.25,-9.59048,-21.4274,0.135403
898.3,-9.59423,-21.4311,0.135028
898.35,-9.59356,-21.4304,0.135095
898.4,-9.58928,-21.4262,0.135523
898.45,-9.58901,-21.4259,0.13555
898.5,-9.5919,-21.4288,0.135261
898.55,-9.59698,-21.4339,0.134753
898.6,-9.58867,-21.4256,0.135583
898.65,-9.58806,-21.4249,0.135644
898.7,-9.58928,-21.4262,0.135522
898.75,-9.59696,-21.4338,0.134754
898.8,-9.58786,-21.4247,0.135665
898.85,-9.59073,-21.4276,0.135377
898.9,-9.59115,-21.428,0.135335
898.95,-9.59603,-21.4329,0.134847
899,-9.5908,-21.4277,0.13537
899.05,-9.59033,-21.4272,0.135417
899.1,-9.59633,-21.4332,0.134817
899.15,-9.59601,-21.4329,0.13485
899.2,-9.59348,-21.4304,0.135103
899.25,-9.59646,-21.4333,0.134804
899.3,-9.59557,-21.4325,0.134893
899.35,-9.58911,-21.426,0.135539
899.4,-9.59439,-21.4313,0.135012
899.45,-9.59368,-21.4306,0.135082
899.5,-9.5957,-21.4326,0.134881
899.55,-9.59415,-21.431,0.135036
899.6,-9.59333,-21.4302,0.135117
899.65,-9.58793,-21.4248,0.135657
899.7,-9.58851,-21.4254,0.135599
899.75,-9.5955,-21.4324,0.1349
899.8,-9.59078,-21.4277,0.135372
899.85,-9.59511,-21.432,0.13494
899.9,-9.59143,-21.4283,0.135307
899.95,-9.59243,-21.4293,0.135208
900,-9.59648,-21.4334,0.134802
900.05,-9.5957,-21.4326,0.134881
900.1,-9.59178,-21.4287,0.135273
900.15,-9.59753,-21.4344,0.134698
900.2,-9.59613,-21.433,0.134837
900.25,-9.59343,-21.4303,0.135107
900.3,-9.59686,-21.4337,0.134764
900.35,-9.59636,-21.4332,0.134814
900.4,-9.59653,-21.4334,0.134797
900.45,-9.59038,-21.4273,0.135412
900.5,-9.59476,-21.4316,0.134974
900.55,-9.5897,-21.4266,0.13548
900.6,-9.59308,-21.43,0.135142
900.65,-9.59346,-21.4304,0.135104
900.7,-9.58808,-21.425,0.135642
900.75,-9.58893,-21.4258,0.135557
900.8,-9.59229,-21.4292,0.135221
900.85,-9.59602,-21.4329,0.134848
900.9,-9.59042,-21.4273,0.135409
900.95,-9.58905,-21.4259,0.135545
901,-9.59207,-21.429,0.135243
901.05,-9.58848,-21.4254,0.135602
901.1,-9.59557,-21.4325,0.134893
901.15,-9.58778,-21.4247,0.135672
901.2,-9.58879,-21.4257,0.135571
901.25,-9.59645,-21.4333,0.134805
901.3,-9.59565,-21.4325,0.134885
901.35,-9.59194,-21.4288,0.135256
901.4,-9.59393,-21.4308,0.135057
901.45,-9.58946,-21.4263,0.135504
901.5,-9.59674,-21.4336,0.134776
901.55,-9.59279,-21.4297,0.135171
901.6,-9.59753,-21.4344,0.134697
901.65,-9.59089,-21.4278,0.135361
901.7,-9.59268,-21.4296,0.135181
901.75,-9.59603,-21.4329,0.134847
901.8,-9.59669,-21.4336,0.134781
901.85,-9.59192,-21.4288,0.135258
901.9,-9.59476,-21.4317,0.134974
901.95,-9.5956,-21.4325,0.13489
902,-9.59467,-21.4316,0.134983
902.05,-9.5919,-21.4288,0.13526
902.1,-9.58767,-21.4246,0.135683
902.15,-9.59013,-21.427,0.135437
902.2,-9.58773,-21.4246,0.135677
902.25,-9.58813,-21.425,0.135637
902.3,-9.59143,-21.4283,0.135307
902.35,-9.5924,-21.4293,0.13521
902.4,-9.59652,-21.4334,0.134797
902.45,-9.59422,-21.4311,0.135028
902.5,-9.59383,-21.4307,0.135067
902.55,-9.59097,-21.4279,0.135352
902.6,-9.59508,-21.432,0.134942
902.65,-9.59177,-21.4287,0.135273
902.7,-9.59112,-21.428,0.135337
902.75,-9.59625,-21.4331,0.134825
902.8,-9.5906,-21.4275,0.13539
902.85,-9.58915,-21.426,0.135535
902.9,-9.59056,-21.4275,0.135394
902.95,-9.59691,-21.4338,0.134759
903,-9.59098,-21.4279,0.135351
903.05,-9.58967,-21.4266,0.135482
903.1,-9.59207,-21.429,0.135243
903.15,-9.59088,-21.4278,0.135361
903.2,-9.59294,-21.4298,0.135156
903.25,-9.59713,-21.434,0.134737
903.3,-9.58929,-21.4262,0.13552
903.35,-9.59201,-21.4289,0.135249
903.4,-9.59142,-21.4283,0.135307
903.45,-9.59643,-21.4333,0.134807
903.5,-9.58998,-21.4269,0.135452
903.55,-9.58847,-21.4254,0.135603
903.6,-9.5907,-21.4276,0.135379
903.65,-9.59003,-21.4269,0.135447
903.7,-9.59097,-21.4279,0.135352
903.75,-9.59081,-21.4277,0.135368
903.8,-9.59053,-21.4274,0.135396
903.85,-9.59478,-21.4317,0.134971
903.9,-9.59559,-21.4325,0.134891
903.95,-9.58943,-21.4263,0.135506
904,-9.59138,-21.4283,0.135311
904.05,-9.59179,-21.4287,0.13527
904.1,-9.59278,-21.4297,0.135171
904.15,-9.58884,-21.4257,0.135565
904.2,-9.59594,-21.4328,0.134855
904.25,-9.59628,-21.4332,0.134821
904.3,-9.59747,-21.4344,0.134703
904.35,-9.58892,-21.4258,0.135557
904.4,-9.58781,-21.4247,0.135668
904.45,-9.59041,-21.4273,0.135409
904.5,-9.58821,-21.4251,0.135629
904.55,-9.59117,-21.4281,0.135332
904.6,-9.59246,-21.4294,0.135203
904.65,-9.59265,-21.4296,0.135184
904.7,-9.59444,-21.4313,0.135006
904.75,-9.58778,-21.4247,0.135671
904.8,-9.59216,-21.4291,0.135233
904.85,-9.59611,-21.433,0.134839
904.9,-9.59216,-21.4291,0.135233
904.95,-9.59596,-21.4329,0.134853
905,-9.59492,-21.4318,0.134958
905.05,-9.59452,-21.4314,0.134997
905.1,-9.59681,-21.4337,0.134768
905.15,-9.588,-21.4249,0.135649
905.2,-9.59693,-21.4338,0.134757
905.25,-9.59017,-21.4271,0.135433
905.3,-9.59119,-21.4281,0.13533
905.35,-9.58984,-21.4267,0.135465
905.4,-9.59733,-21.4342,0.134716
905.45,-9.58916,-21.4261,0.135533
905.5,-9.59165,-21.4286,0.135284
905.55,-9.5911,-21.428,0.13534
905.6,-9.59333,-21.4302,0.135116
905.65,-9.59681,-21.4337,0.134768
905.7,-9.59232,-21.4292,0.135217
905.75,-9.59165,-21.4286,0.135284
905.8,-9.59548,-21.4324,0.134901
905.85,-9.59217,-21.4291,0.135232
905.9,-9.59296,-21.4299,0.135154
905.95,-9.59567,-21.4326,0.134882
906,-9.59496,-21.4319,0.134953
906.05,-9.59354,-21.4304,0.135095
906.1,-9.58923,-21.4261,0.135526
906.15,-9.5898,-21.4267,0.135469
906.2,-9.58858,-21.4255,0.135592
906.25,-9.59605,-21.4329,0.134844
906.3,-9.58996,-21.4269,0.135453
906.35,-9.59312,-21.43,0.135137
906.4,-9.59454,-21.4314,0.134995
906.45,-9.59451,-21.4314,0.134998
906.5,-9.59146,-21.4284,0.135303
906.55,-9.59184,-21.4287,0.135266
906.6,-9.59141,-21.4283,0.135308
906.65,-9.59066,-21.4276,0.135383
906.7,-9.59222,-21.4291,0.135227
906.75,-9.59072,-21.4276,0.135377
906.8,-9.59321,-21.4301,0.135128
906.85,-9.59579,-21.4327,0.13487
906.9,-9.59294,-21.4298,0.135155
906.95,-9.59292,-21.4298,0.135157
907,-9.59733,-21.4342,0.134716
907.05,-9.59698,-21.4339,0.134751
907.1,-9.5964,-21.4333,0.134809
907.15,-9.59305,-21.4299,0.135144
907.2,-9.59617,-21.4331,0.134832
907.25,-9.59111,-21.428,0.135338
907.3,-9.59708,-21.434,0.134741
907.35,-9.59404,-21.4309,0.135045
907.4,-9.59566,-21.4326,0.134883
907.45,-9.59242,-21.4293,0.135207
907.5,-9.5921,-21.429,0.135239
907.55,-9.593,-21.4299,0.135149
907.6,-9.58835,-21.4253,0.135614
907.65,-9.59371,-21.4306,0.135078
907.7,-9.59519,-21.4321,0.13493
907.75,-9.58931,-21.4262,0.135518
907.8,-9.59214,-21.429,0.135235
907.85,-9.59754,-21.4344,0.134695
907.9,-9.59481,-21.4317,0.134968
907.95,-9.58906,-21.426,0.135543
908,-9.59443,-21.4313,0.135006
908.05,-9.58866,-21.4256,0.135583
908.1,-9.59328,-21.4302,0.135121
908.15,-9.58822,-21.4251,0.135626
908.2,-9.5917,-21.4286,0.135279
908.25,-9.58788,-21.4248,0.135661
908.3,-9.59133,-21.4282,0.135316
908.35,-9.5973,-21.4342,0.134719
908.4,-9.59606,-21.433,0.134843
908.45,-9.59666,-21.4336,0.134783
908.5,-9.5926,-21.4295,0.135189
908.55,-9.59578,-21.4327,0.134871
908.6,-9.59602,-21.4329,0.134847
908.65,-9.59139,-21.4283,0.13531
908.7,-9.59121,-21.4281,0.135328
908.75,-9.59458,-21.4315,0.134991
908.8,-9.59488,-21.4318,0.134961
908.85,-9.59068,-21.4276,0.135381
908.9,-9.591,-21.4279,0.135349
908.95,-9.59293,-21.4298,0.135156
909,-9.59548,-21.4324,0.1349
909.05,-9.59548,-21.4324,0.1349
909.1,-9.58831,-21.4252,0.135617
909.15,-9.59622,-21.4331,0.134827
909.2,-9.59158,-21.4285,0.135291
909.25,-9.59589,-21.4328,0.13486
909.3,-9.58791,-21.4248,0.135658
909.35,-9.5961,-21.433,0.134839
909.4,-9.59581,-21.4327,0.134867
909.45,-9.59511,-21.432,0.134938
909.5,-9.59755,-21.4345,0.134694
909.55,-9.59263,-21.4295,0.135186
909.6,-9.59615,-21.4331,0.134833
909.65,-9.59322,-21.4301,0.135127
909.7,-9.59324,-21.4301,0.135125
909.75,-9.59024,-21.4271,0.135424
909.8,-9.59348,-21.4304,0.1351
909.85,-9.59696,-21.4339,0.134753
909.9,-9.58993,-21.4268,0.135456
909.95,-9.59193,-21.4288,0.135256
910,-9.596,-21.4329,0.134849
910.05,-9.59492,-21.4318,0.134957
910.1,-9.59009,-21.427,0.135439
910.15,-9.59441,-21.4313,0.135008
910.2,-9.58869,-21.4256,0.135579
910.25,-9.59369,-21.4306,0.13508
910.3,-9.59137,-21.4283,0.135311
910.35,-9.59596,-21.4329,0.134853
910.4,-9.59675,-21.4337,0.134774
910.45,-9.59476,-21.4317,0.134972
910.5,-9.59127,-21.4282,0.135321
910.55,-9.59462,-21.4315,0.134986
910.6,-9.59263,-21.4295,0.135185
910.65,-9.59197,-21.4289,0.135251
910.7,-9.59323,-21.4301,0.135126
910.75,-9.5966,-21.4335,0.134789
910.8,-9.59025,-21.4272,0.135423
910.85,-9.59353,-21.4304,0.135096
910.9,-9.59509,-21.432,0.13494
910.95,-9.58845,-21.4254,0.135603
911,-9.59102,-21.4279,0.135346
911.05,-9.59502,-21.4319,0.134946
911.1,-9.59347,-21.4304,0.135102
911.15,-9.58957,-21.4265,0.135492
911.2,-9.59063,-21.4275,0.135386
911.25,-9.5891,-21.426,0.135539
911.3,-9.5922,-21.4291,0.135229
911.35,-9.5965,-21.4334,0.134798
911.4,-9.58844,-21.4253,0.135604
911.45,-9.59451,-21.4314,0.134997
911.5,-9.59082,-21.4277,0.135367
911.55,-9.59683,-21.4337,0.134765
911.6,-9.59182,-21.4287,0.135267
911.65,-9.5933,-21.4302,0.135118
911.7,-9.59363,-21.4305,0.135086
911.75,-9.5929,-21.4298,0.135159
911.8,-9.58938,-21.4263,0.135511
911.85,-9.59739,-21.4343,0.13471
911.9,-9.59125,-21.4282,0.135324
911.95,-9.58852,-21.4254,0.135597
912,-9.59454,-21.4314,0.134995
912.05,-9.59491,-21.4318,0.134958
912.1,-9.59553,-21.4324,0.134896
912.15,-9.58956,-21.4265,0.135492
912.2,-9.58927,-21.4262,0.135521
912.25,-9.59114,-21.4281,0.135334
912.3,-9.58855,-21.4255,0.135594
912.35,-9.59191,-21.4288,0.135257
912.4,-9.59706,-21.434,0.134742
912.45,-9.59602,-21.4329,0.134846
912.5,-9.59276,-21.4297,0.135173
912.55,-9.59047,-21.4274,0.135401
912.6,-9.59344,-21.4303,0.135105
912.65,-9.58861,-21.4255,0.135587
912.7,-9.59243,-21.4293,0.135206
912.75,-9.59646,-21.4334,0.134803
912.8,-9.5901,-21.427,0.135438
912.85,-9.59702,-21.4339,0.134747
912.9,-9.59535,-21.4323,0.134914
912.95,-9.59093,-21.4278,0.135355
913,-9.59392,-21.4308,0.135056
913.05,-9.58856,-21.4255,0.135593
913.1,-9.59016,-21.4271,0.135433
913.15,-9.58813,-21.425,0.135635
913.2,-9.59425,-21.4312,0.135024
913.25,-9.59617,-21.4331,0.134831
913.3,-9.59342,-21.4303,0.135106
913.35,-9.59601,-21.4329,0.134847
913.4,-9.59595,-21.4329,0.134853
913.45,-9.59706,-21.434,0.134743
913.5,-9.59692,-21.4338,0.134756
913.55,-9.59288,-21.4298,0.13516
913.6,-9.59436,-21.4313,0.135013
913.65,-9.59484,-21.4317,0.134965
913.7,-9.59483,-21.4317,0.134965
913.75,-9.59602,-21.4329,0.134846
913.8,-9.58837,-21.4253,0.135611
913.85,-9.59577,-21.4327,0.134871
913.9,-9.59033,-21.4272,0.135416
913.95,-9.58782,-21.4247,0.135666
914,-9.59419,-21.4311,0.135029
914.05,-9.59547,-21.4324,0.134901
914.1,-9.59069,-21.4276,0.13538
914.15,-9.59002,-21.4269,0.135446
914.2,-9.59648,-21.4334,0.1348
914.25,-9.59551,-21.4324,0.134898
914.3,-9.58887,-21.4258,0.135562
914.35,-9.58897,-21.4259,0.135551
914.4,-9.59492,-21.4318,0.134957
914.45,-9.59661,-21.4335,0.134788
914.5,-9.5923,-21.4292,0.135219
914.55,-9.59123,-21.4281,0.135326
914.6,-9.59755,-21.4345,0.134693
914.65,-9.59484,-21.4318,0.134964
914.7,-9.59175,-21.4287,0.135273
914.75,-9.59419,-21.4311,0.135029
914.8,-9.59341,-21.4303,0.135107
914.85,-9.59756,-21.4345,0.134692
914.9,-9.5926,-21.4295,0.135188
914.95,-9.59175,-21.4287,0.135273
915,-9.59701,-21.4339,0.134747
915.05,-9.59191,-21.4288,0.135257
915.1,-9.59703,-21.4339,0.134746
915.15,-9.59376,-21.4307,0.135072
915.2,-9.58914,-21.4261,0.135534
915.25,-9.59425,-21.4312,0.135023
915.3,-9.59217,-21.4291,0.135231
915.35,-9.5899,-21.4268,0.135458
915.4,-9.59242,-21.4293,0.135207
915.45,-9.59489,-21.4318,0.134959
915.5,-9.59012,-21.427,0.135437
915.55,-9.589,-21.4259,0.135548
915.6,-9.59276,-21.4297,0.135172
915.65,-9.59319,-21.4301,0.135129
915.7,-9.59141,-21.4283,0.135307
915.75,-9.59163,-21.4285,0.135285
915.8,-9.59109,-21.428,0.135339
915.85,-9.59267,-21.4296,0.135181
915.9,-9.593,-21.4299,0.135148
915.95,-9.5884,-21.4253,0.135608
916,-9.59167,-21.4286,0.135282
916.05,-9.58769,-21.4246,0.135679
916.1,-9.59202,-21.4289,0.135246
916.15,-9.59161,-21.4285,0.135287
916.2,-9.59492,-21.4318,0.134956
916.25,-9.59616,-21.4331,0.134832
916.3,-9.5882,-21.4251,0.135628
916.35,-9.59073,-21.4276,0.135376
916.4,-9.59611,-21.433,0.134837
916.45,-9.59319,-21.4301,0.135129
916.5,-9.59487,-21.4318,0.134961
916.55,-9.59552,-21.4324,0.134896
916.6,-9.5975,-21.4344,0.134699
916.65,-9.59429,-21.4312,0.135019
916.7,-9.59167,-21.4286,0.135281
916.75,-9.58903,-21.4259,0.135545
916.8,-9.59094,-21.4278,0.135354
916.85,-9.59624,-21.4331,0.134825
916.9,-9.59132,-21.4282,0.135316
916.95,-9.59575,-21.4327,0.134873
917,-9.59352,-21.4304,0.135096
917.05,-9.59383,-21.4307,0.135065
917.1,-9.59714,-21.4341,0.134734
917.15,-9.58868,-21.4256,0.135581
917.2,-9.58942,-21.4263,0.135506
917.25,-9.59094,-21.4279,0.135354
917.3,-9.5927,-21.4296,0.135178
917.35,-9.59291,-21.4298,0.135157
917.4,-9.596,-21.4329,0.134848
917.45,-9.58809,-21.425,0.135639
917.5,-9.5937,-21.4306,0.135078
917.55,-9.59006,-21.427,0.135442
917.6,-9.58817,-21.4251,0.135631
917.65,-9.58812,-21.425,0.135636
917.7,-9.59407,-21.431,0.135041
917.75,-9.59549,-21.4324,0.134899
917.8,-9.59668,-21.4336,0.134781
917.85,-9.59466,-21.4316,0.134982
917.9,-9.58861,-21.4255,0.135587
917.95,-9.59518,-21.4321,0.13493
918,-9.59025,-21.4272,0.135423
918.05,-9.59588,-21.4328,0.13486
918.1,-9.59309,-21.43,0.135139
918.15,-9.59014,-21.4271,0.135434
918.2,-9.59256,-21.4295,0.135192
918.25,-9.59716,-21.4341,0.134732
918.3,-9.59156,-21.4285,0.135292
918.35,-9.59589,-21.4328,0.134859
918.4,-9.59579,-21.4327,0.134869
918.45,-9.59528,-21.4322,0.13492
918.5,-9.59404,-21.431,0.135044
918.55,-9.59171,-21.4286,0.135277
918.6,-9.59151,-21.4284,0.135297
918.65,-9.59357,-21.4305,0.135091
918.7,-9.59278,-21.4297,0.13517
918.75,-9.59333,-21.4302,0.135115
918.8,-9.59691,-21.4338,0.134757
918.85,-9.58787,-21.4248,0.135661
918.9,-9.58863,-21.4255,0.135585
918.95,-9.5953,-21.4322,0.134918
919,-9.58836,-21.4253,0.135612
919.05,-9.59473,-21.4316,0.134975
919.1,-9.58776,-21.4247,0.135672
919.15,-9.58893,-21.4258,0.135555
919.2,-9.59524,-21.4322,0.134924
919.25,-9.59423,-21.4311,0.135025
919.3,-9.59681,-21.4337,0.134767
919.35,-9.59431,-21.4312,0.135017
919.4,-9.59128,-21.4282,0.13532
919.45,-9.58782,-21.4247,0.135666
919.5,-9.59189,-21.4288,0.135259
919.55,-9.59393,-21.4308,0.135055
919.6,-9.59609,-21.433,0.134839
919.65,-9.59738,-21.4343,0.13471
919.7,-9.59646,-21.4334,0.134801
919.75,-9.59105,-21.428,0.135343
919.8,-9.59694,-21.4338,0.134754
919.85,-9.59042,-21.4273,0.135406
919.9,-9.58934,-21.4263,0.135514
919.95,-9.59512,-21.432,0.134936
920,-9.5881,-21.425,0.135638
920.05,-9.59577,-21.4327,0.134871
920.1,-9.58922,-21.4261,0.135526
920.15,-9.59201,-21.4289,0.135247
920.2,-9.59174,-21.4287,0.135274
920.25,-9.59439,-21.4313,0.135009
920.3,-9.58773,-21.4246,0.135675
920.35,-9.59104,-21.428,0.135344
920.4,-9.59466,-21.4316,0.134982
920.45,-9.58875,-21.4257,0.135572
920.5,-9.58874,-21.4257,0.135574
920.55,-9.59541,-21.4323,0.134907
920.6,-9.59588,-21.4328,0.13486
920.65,-9.5889,-21.4258,0.135558
920.7,-9.59674,-21.4337,0.134774
920.75,-9.59352,-21.4304,0.135096
920.8,-9.59552,-21.4324,0.134896
920.85,-9.59594,-21.4329,0.134853
920.9,-9.59023,-21.4271,0.135425
920.95,-9.5892,-21.4261,0.135528
921,-9.59616,-21.4331,0.134832
921.05,-9.59452,-21.4314,0.134996
921.1,-9.59552,-21.4324,0.134896
921.15,-9.59465,-21.4316,0.134983
921.2,-9.5943,-21.4312,0.135018
921.25,-9.59438,-21.4313,0.135009
921.3,-9.5881,-21.425,0.135638
921.35,-9.59363,-21.4305,0.135085
921.4,-9.5972,-21.4341,0.134727
921.45,-9.58983,-21.4267,0.135465
921.5,-9.59114,-21.4281,0.135333
921.55,-9.5877,-21.4246,0.135678
921.6,-9.588,-21.4249,0.135648
921.65,-9.59276,-21.4297,0.135172
921.7,-9.5921,-21.429,0.135237
921.75,-9.59214,-21.4291,0.135234
921.8,-9.58955,-21.4265,0.135493
921.85,-9.59223,-21.4291,0.135225
921.9,-9.59557,-21.4325,0.134891
921.95,-9.59661,-21.4335,0.134787
922,-9.59338,-21.4303,0.13511
922.05,-9.59671,-21.4336,0.134777
922.1,-9.59442,-21.4313,0.135006
922.15,-9.59166,-21.4286,0.135282
922.2,-9.588,-21.4249,0.135648
922.25,-9.59355,-21.4305,0.135093
922.3,-9.59757,-21.4345,0.13469
922.35,-9.59591,-21.4328,0.134856
922.4,-9.59189,-21.4288,0.135259
922.45,-9.5902,-21.4271,0.135428
922.5,-9.59751,-21.4344,0.134697
922.55,-9.59045,-21.4274,0.135403
922.6,-9.59712,-21.434,0.134736
922.65,-9.59543,-21.4323,0.134905
922.7,-9.59749,-21.4344,0.134698
922.75,-9.59381,-21.4307,0.135067
922.8,-9.59221,-21.4291,0.135227
922.85,-9.58799,-21.4249,0.135649
922.9,-9.58984,-21.4268,0.135464
922.95,-9.59181,-21.4287,0.135267
923,-9.59022,-21.4271,0.135426
923.05,-9.59338,-21.4303,0.13511
923.1,-9.59191,-21.4288,0.135257
923.15,-9.59061,-21.4275,0.135386
923.2,-9.58854,-21.4255,0.135594
923.25,-9.59641,-21.4333,0.134807
923.3,-9.59515,-21.4321,0.134933
923.35,-9.59048,-21.4274,0.135399
923.4,-9.59104,-21.428,0.135344
923.45,-9.59312,-21.43,0.135136
923.5,-9.58949,-21.4264,0.135499
923.55,-9.59682,-21.4337,0.134766
923.6,-9.59222,-21.4291,0.135226
923.65,-9.5963,-21.4332,0.134818
923.7,-9.59087,-21.4278,0.135361
923.75,-9.59262,-21.4295,0.135186
923.8,-9.59225,-21.4292,0.135223
923.85,-9.59084,-21.4278,0.135363
923.9,-9.59093,-21.4278,0.135355
923.95,-9.59653,-21.4335,0.134794
924,-9.59344,-21.4304,0.135104
924.05,-9.59084,-21.4278,0.135364
924.1,-9.58938,-21.4263,0.13551
924.15,-9.59296,-21.4299,0.135152
924.2,-9.58867,-21.4256,0.135581
924.25,-9.58927,-21.4262,0.135521
924.3,-9.58916,-21.4261,0.135531
924.35,-9.59328,-21.4302,0.13512
924.4,-9.58965,-21.4266,0.135482
924.45,-9.5914,-21.4283,0.135308
924.5,-9.59749,-21.4344,0.134699
924.55,-9.59227,-21.4292,0.135221
924.6,-9.59717,-21.4341,0.13473
924.65,-9.5918,-21.4287,0.135268
924.7,-9.59528,-21.4322,0.13492
924.75,-9.58811,-21.425,0.135637
924.8,-9.59061,-21.4275,0.135387
924.85,-9.59283,-21.4297,0.135165
924.9,-9.59099,-21.4279,0.135348
924.95,-9.59404,-21.431,0.135044
925,-9.58834,-21.4253,0.135614
925.05,-9.59288,-21.4298,0.13516
925.1,-9.59326,-21.4302,0.135122
925.15,-9.59296,-21.4299,0.135152
925.2,-9.59158,-21.4285,0.13529
925.25,-9.59653,-21.4334,0.134795
925.3,-9.58798,-21.4249,0.13565
925.35,-9.59622,-21.4331,0.134826
925.4,-9.58977,-21.4267,0.135471
925.45,-9.59131,-21.4282,0.135317
925.5,-9.59515,-21.4321,0.134932
925.55,-9.59561,-21.4325,0.134887
925.6,-9.59455,-21.4315,0.134993
925.65,-9.59693,-21.4338,0.134755
925.7,-9.59096,-21.4279,0.135351
925.75,-9.59561,-21.4325,0.134886
925.8,-9.5886,-21.4255,0.135588
925.85,-9.59252,-21.4294,0.135195
925.9,-9.59129,-21.4282,0.135319
925.95,-9.59065,-21.4276,0.135382
926,-9.59632,-21.4332,0.134816
926.05,-9.59117,-21.4281,0.135331
926.1,-9.59532,-21.4322,0.134916
926.15,-9.59589,-21.4328,0.134858
926.2,-9.59537,-21.4323,0.134911
926.25,-9.593,-21.4299,0.135148
926.3,-9.5964,-21.4333,0.134808
926.35,-9.58837,-21.4253,0.135611
926.4,-9.58822,-21.4251,0.135625
926.45,-9.58979,-21.4267,0.135468
926.5,-9.59481,-21.4317,0.134967
926.55,-9.58896,-21.4259,0.135551
926.6,-9.59507,-21.432,0.134941
926.65,-9.59047,-21.4274,0.135401
926.7,-9.59432,-21.4312,0.135015
926.75,-9.58904,-21.426,0.135543
926.8,-9.58939,-21.4263,0.135508
926.85,-9.5947,-21.4316,0.134977
926.9,-9.58766,-21.4246,0.135681
926.95,-9.59156,-21.4285,0.135292
927,-9.58841,-21.4253,0.135607
927.05,-9.59522,-21.4321,0.134926
927.1,-9.58957,-21.4265,0.135491
927.15,-9.59536,-21.4323,0.134912
927.2,-9.59455,-21.4315,0.134993
927.25,-9.59293,-21.4298,0.135155
927.3,-9.59337,-21.4303,0.135111
927.35,-9.59554,-21.4325,0.134893
927.4,-9.58785,-21.4248,0.135662
927.45,-9.59705,-21.434,0.134742
927.5,-9.5886,-21.4255,0.135588
927.55,-9.59657,-21.4335,0.134791
927.6,-9.59062,-21.4275,0.135385
927.65,-9.59632,-21.4332,0.134816
927.7,-9.59486,-21.4318,0.134961
927.75,-9.58839,-21.4253,0.135609
927.8,-9.59171,-21.4286,0.135276
927.85,-9.59366,-21.4306,0.135081
927.9,-9.58916,-21.4261,0.135532
927.95,-9.59234,-21.4293,0.135214
928,-9.59585,-21.4328,0.134862
928.05,-9.59636,-21.4333,0.134811
928.1,-9.5937,-21.4306,0.135077
928.15,-9.59332,-21.4302,0.135115
928.2,-9.58923,-21.4261,0.135525
928.25,-9.59043,-21.4273,0.135405
928.3,-9.59476,-21.4317,0.134971
928.35,-9.59102,-21.4279,0.135346
928.4,-9.59753,-21.4344,0.134695
928.45,-9.59483,-21.4317,0.134965
928.5,-9.59498,-21.4319,0.13495
928.55,-9.58834,-21.4253,0.135614
928.6,-9.59244,-21.4294,0.135203
928.65,-9.59694,-21.4339,0.134753
928.7,-9.59609,-21.433,0.134838
928.75,-9.58939,-21.4263,0.135509
928.8,-9.59227,-21.4292,0.13522
928.85,-9.59186,-21.4288,0.135262
928.9,-9.59733,-21.4342,0.134715
928.95,-9.59252,-21.4294,0.135195
929,-9.59131,-21.4282,0.135317
929.05,-9.58833,-21.4252,0.135615
929.1,-9.59149,-21.4284,0.135298
929.15,-9.59433,-21.4313,0.135014
929.2,-9.59704,-21.434,0.134743
929.25,-9.58876,-21.4257,0.135572
929.3,-9.59512,-21.432,0.134936
929.35,-9.59115,-21.4281,0.135332
929.4,-9.59482,-21.4317,0.134966
929.45,-9.59667,-21.4336,0.13478
929.5,-9.59589,-21.4328,0.134858
929.55,-9.59307,-21.43,0.13514
929.6,-9.59544,-21.4324,0.134904
929.65,-9.59199,-21.4289,0.135248
929.7,-9.58879,-21.4257,0.135568
929.75,-9.59707,-21.434,0.134741
929.8,-9.59482,-21.4317,0.134966
929.85,-9.59596,-21.4329,0.134852
929.9,-9.59049,-21.4274,0.135399
929.95,-9.59475,-21.4317,0.134973
930,-9.59318,-21.4301,0.135129
930.05,-9.58787,-21.4248,0.135661
930.1,-9.59548,-21.4324,0.134899
930.15,-9.58802,-21.4249,0.135645
930.2,-9.59721,-21.4341,0.134727
930.25,-9.59398,-21.4309,0.13505
930.3,-9.58981,-21.4267,0.135466
930.35,-9.59188,-21.4288,0.135259
930.4,-9.58823,-21.4252,0.135624
930.45,-9.58954,-21.4265,0.135493
930.5,-9.59681,-21.4337,0.134767
930.55,-9.59194,-21.4289,0.135253
930.6,-9.59027,-21.4272,0.135421
930.65,-9.5907,-21.4276,0.135378
930.7,-9.58868,-21.4256,0.13558
930.75,-9.58971,-21.4266,0.135477
930.8,-9.59186,-21.4288,0.135262
930.85,-9.59619,-21.4331,0.134828
930.9,-9.59326,-21.4302,0.135121
930.95,-9.58907,-21.426,0.13554
931,-9.59527,-21.4322,0.134921
931.05,-9.59156,-21.4285,0.135292
931.1,-9.59455,-21.4315,0.134993
931.15,-9.59311,-21.43,0.135137
931.2,-9.59595,-21.4329,0.134852
931.25,-9.59574,-21.4327,0.134874
931.3,-9.59257,-21.4295,0.13519
931.35,-9.59317,-21.4301,0.13513
931.4,-9.59409,-21.431,0.135038
931.45,-9.59546,-21.4324,0.134901
931.5,-9.59032,-21.4272,0.135416
931.55,-9.58968,-21.4266,0.13548
931.6,-9.59573,-21.4326,0.134875
931.65,-9.5882,-21.4251,0.135627
931.7,-9.5901,-21.427,0.135437
931.75,-9.59534,-21.4323,0.134914
931.8,-9.59458,-21.4315,0.13499
931.85,-9.59231,-21.4292,0.135216
931.9,-9.58962,-21.4265,0.135485
931.95,-9.59521,-21.4321,0.134926
932,-9.59425,-21.4312,0.135022
932.05,-9.58883,-21.4257,0.135565
932.1,-9.58955,-21.4265,0.135492
932.15,-9.59692,-21.4338,0.134755
932.2,-9.59193,-21.4288,0.135255
932.25,-9.59063,-21.4275,0.135384
932.3,-9.58903,-21.426,0.135544
932.35,-9.59618,-21.4331,0.134829
932.4,-9.58923,-21.4261,0.135525
932.45,-9.59469,-21.4316,0.134978
932.5,-9.58766,-21.4246,0.135682
932.55,-9.59689,-21.4338,0.134758
932.6,-9.58865,-21.4256,0.135582
932.65,-9.5946,-21.4315,0.134987
932.7,-9.5924,-21.4293,0.135207
932.75,-9.597,-21.4339,0.134747
932.8,-9.59274,-21.4297,0.135173
932.85,-9.59738,-21.4343,0.13471
932.9,-9.59257,-21.4295,0.13519
932.95,-9.58924,-21.4262,0.135524
933,-9.59524,-21.4322,0.134924
933.05,-9.59529,-21.4322,0.134918
933.1,-9.59131,-21.4282,0.135316
933.15,-9.59337,-21.4303,0.135111
933.2,-9.5959,-21.4328,0.134858
933.25,-9.59382,-21.4307,0.135066
933.3,-9.5911,-21.428,0.135337
933.35,-9.59287,-21.4298,0.13516
933.4,-9.58853,-21.4254,0.135595
933.45,-9.59312,-21.43,0.135135
933.5,-9.59048,-21.4274,0.135399
933.55,-9.59518,-21.4321,0.134929
933.6,-9.59435,-21.4313,0.135012
933.65,-9.59244,-21.4294,0.135203
933.7,-9.59451,-21.4314,0.134997
933.75,-9.58868,-21.4256,0.13558
933.8,-9.59547,-21.4324,0.1349
933.85,-9.59594,-21.4329,0.134854
933.9,-9.59726,-21.4342,0.134721
933.95,-9.5971,-21.434,0.134738
934,-9.59303,-21.43,0.135144
934.05,-9.59732,-21.4342,0.134715
934.1,-9.59639,-21.4333,0.134808
934.15,-9.59409,-21.431,0.135039
934.2,-9.59433,-21.4312,0.135015
934.25,-9.59119,-21.4281,0.135328
934.3,-9.59349,-21.4304,0.135098
934.35,-9.58947,-21.4264,0.135501
934.4,-9.59097,-21.4279,0.13535
934.45,-9.58847,-21.4254,0.135601
934.5,-9.59111,-21.428,0.135337
934.55,-9.58861,-21.4255,0.135586
934.6,-9.59616,-21.4331,0.134831
934.65,-9.59482,-21.4317,0.134965
934.7,-9.59438,-21.4313,0.13501
934.75,-9.59446,-21.4314,0.135002
934.8,-9.59104,-21.428,0.135344
934.85,-9.58788,-21.4248,0.135659
934.9,-9.58973,-21.4267,0.135474
934.95,-9.59197,-21.4289,0.135251
935,-9.59341,-21.4303,0.135107
935.05,-9.59262,-21.4295,0.135186
935.1,-9.58955,-21.4265,0.135492
935.15,-9.59016,-21.4271,0.135431
935.2,-9.59746,-21.4344,0.134702
935.25,-9.59646,-21.4334,0.134802
935.3,-9.59124,-21.4282,0.135323
935.35,-9.59533,-21.4323,0.134914
935.4,-9.5948,-21.4317,0.134968
935.45,-9.59091,-21.4278,0.135357
935.5,-9.59483,-21.4317,0.134965
935.55,-9.59023,-21.4272,0.135424
935.6,-9.59063,-21.4275,0.135385
935.65,-9.59362,-21.4305,0.135085
935.7,-9.59672,-21.4336,0.134776
935.75,-9.59736,-21.4343,0.134712
935.8,-9.59722,-21.4341,0.134726
935.85,-9.59261,-21.4295,0.135186
935.9,-9.58923,-21.4261,0.135525
935.95,-9.59059,-21.4275,0.135388
936,-9.59348,-21.4304,0.1351
936.05,-9.59273,-21.4297,0.135174
936.1,-9.5916,-21.4285,0.135287
936.15,-9.59204,-21.429,0.135243
936.2,-9.58996,-21.4269,0.135452
936.25,-9.58838,-21.4253,0.135609
936.3,-9.5889,-21.4258,0.135558
936.35,-9.59339,-21.4303,0.135108
936.4,-9.58867,-21.4256,0.135581
936.45,-9.59103,-21.428,0.135344
936.5,-9.58776,-21.4247,0.135671
936.55,-9.59448,-21.4314,0.135
936.6,-9.59605,-21.433,0.134842
936.65,-9.58971,-21.4266,0.135476
936.7,-9.59704,-21.434,0.134743
936.75,-9.59591,-21.4328,0.134856
936.8,-9.58857,-21.4255,0.13559
936.85,-9.59068,-21.4276,0.135379
936.9,-9.59364,-21.4306,0.135083
936.95,-9.59577,-21.4327,0.13487
937,-9.59399,-21.4309,0.135048
937.05,-9.59087,-21.4278,0.13536
937.1,-9.58841,-21.4253,0.135607
937.15,-9.59702,-21.4339,0.134745
937.2,-9.5969,-21.4338,0.134758
937.25,-9.59753,-21.4344,0.134695
937.3,-9.59678,-21.4337,0.13477
937.35,-9.59651,-21.4334,0.134796
937.4,-9.59254,-21.4295,0.135194
937.45,-9.5884,-21.4253,0.135607
937.5,-9.58951,-21.4264,0.135497
937.55,-9.58842,-21.4253,0.135606
937.6,-9.59354,-21.4305,0.135093
937.65,-9.59351,-21.4304,0.135096
937.7,-9.59286,-21.4298,0.135162
937.75,-9.5959,-21.4328,0.134858
937.8,-9.5943,-21.4312,0.135017
937.85,-9.59416,-21.4311,0.135032
937.9,-9.59169,-21.4286,0.135278
937.95,-9.59537,-21.4323,0.13491
938,-9.59759,-21.4345,0.134688
938.05,-9.59186,-21.4288,0.135262
938.1,-9.59225,-21.4292,0.135222
938.15,-9.59604,-21.433,0.134843
938.2,-9.59397,-21.4309,0.13505
938.25,-9.59169,-21.4286,0.135278
938.3,-9.59435,-21.4313,0.135012
938.35,-9.59495,-21.4319,0.134953
938.4,-9.59478,-21.4317,0.13497
938.45,-9.5904,-21.4273,0.135408
938.5,-9.59312,-21.43,0.135135
938.55,-9.59117,-21.4281,0.135331
938.6,-9.59367,-21.4306,0.135081
938.65,-9.59393,-21.4309,0.135054
938.7,-9.59059,-21.4275,0.135389
938.75,-9.59297,-21.4299,0.135151
938.8,-9.59386,-21.4308,0.135061
938.85,-9.58977,-21.4267,0.135471
938.9,-9.59188,-21.4288,0.135259
938.95,-9.5888,-21.4257,0.135567
939,-9.59057,-21.4275,0.13539
939.05,-9.59379,-21.4307,0.135068
939.1,-9.58962,-21.4265,0.135486
939.15,-9.59651,-21.4334,0.134796
939.2,-9.58971,-21.4266,0.135477
939.25,-9.59488,-21.4318,0.13496
939.3,-9.59481,-21.4317,0.134966
939.35,-9.59641,-21.4333,0.134806
939.4,-9.59144,-21.4284,0.135304
939.45,-9.58891,-21.4258,0.135557
939.5,-9.59418,-21.4311,0.135029
939.55,-9.59143,-21.4283,0.135305
939.6,-9.59316,-21.4301,0.135131
939.65,-9.58883,-21.4258,0.135564
939.7,-9.58987,-21.4268,0.13546
939.75,-9.58954,-21.4265,0.135494
939.8,-9.59292,-21.4298,0.135155
939.85,-9.59663,-21.4335,0.134785
939.9,-9.59689,-21.4338,0.134759
939.95,-9.5901,-21.427,0.135437
940,-9.58942,-21.4263,0.135505
940.05,-9.59241,-21.4293,0.135206
940.1,-9.59367,-21.4306,0.13508
940.15,-9.59549,-21.4324,0.134898
940.2,-9.58875,-21.4257,0.135573
940.25,-9.59666,-21.4336,0.134781
940.3,-9.59086,-21.4278,0.135361
940.35,-9.59501,-21.4319,0.134947
940.4,-9.58883,-21.4257,0.135565
940.45,-9.59514,-21.4321,0.134933
940.5,-9.59621,-21.4331,0.134827
940.55,-9.5918,-21.4287,0.135267
940.6,-9.59134,-21.4283,0.135313
940.65,-9.58823,-21.4251,0.135625
940.7,-9.59072,-21.4276,0.135376
940.75,-9.59345,-21.4304,0.135103
940.8,-9.59551,-21.4324,0.134897
940.85,-9.58793,-21.4249,0.135654
940.9,-9.59226,-21.4292,0.135221
940.95,-9.58934,-21.4263,0.135513
941,-9.58924,-21.4262,0.135524
941.05,-9.58884,-21.4258,0.135563
941.1,-9.59317,-21.4301,0.13513
941.15,-9.5948,-21.4317,0.134967
941.2,-9.59007,-21.427,0.13544
941.25,-9.59545,-21.4324,0.134902
941.3,-9.59674,-21.4337,0.134773
941.35,-9.5954,-21.4323,0.134907
941.4,-9.59448,-21.4314,0.135
941.45,-9.59603,-21.433,0.134844
941.5,-9.5879,-21.4248,0.135657
941.55,-9.5963,-21.4332,0.134817
941.6,-9.59085,-21.4278,0.135363
941.65,-9.59397,-21.4309,0.13505
941.7,-9.5942,-21.4311,0.135028
941.75,-9.59199,-21.4289,0.135248
941.8,-9.59303,-21.43,0.135144
941.85,-9.59746,-21.4344,0.134701
941.9,-9.5894,-21.4263,0.135507
941.95,-9.59426,-21.4312,0.135021
942,-9.59501,-21.4319,0.134947
942.05,-9.58801,-21.4249,0.135646
942.1,-9.58847,-21.4254,0.135601
942.15,-9.58875,-21.4257,0.135573
942.2,-9.58864,-21.4256,0.135583
942.25,-9.59159,-21.4285,0.135289
942.3,-9.5946,-21.4315,0.134987
942.35,-9.59655,-21.4335,0.134792
942.4,-9.59192,-21.4288,0.135256
942.45,-9.58926,-21.4262,0.135521
942.5,-9.5883,-21.4252,0.135618
942.55,-9.59356,-21.4305,0.135092
942.6,-9.5905,-21.4274,0.135397
942.65,-9.59387,-21.4308,0.13506
942.7,-9.59076,-21.4277,0.135371
942.75,-9.59298,-21.4299,0.13515
942.8,-9.59172,-21.4286,0.135275
942.85,-9.58991,-21.4268,0.135457
942.9,-9.59078,-21.4277,0.135369
942.95,-9.5886,-21.4255,0.135587
943,-9.58834,-21.4253,0.135613
943.05,-9.59108,-21.428,0.135339
943.1,-9.59731,-21.4342,0.134717
943.15,-9.59159,-21.4285,0.135289
943.2,-9.59746,-21.4344,0.134702
943.25,-9.59391,-21.4308,0.135057
943.3,-9.59598,-21.4329,0.134849
943.35,-9.59289,-21.4298,0.135158
943.4,-9.59377,-21.4307,0.13507
943.45,-9.58779,-21.4247,0.135669
943.5,-9.58956,-21.4265,0.135492
943.55,-9.59118,-21.4281,0.13533
943.6,-9.5882,-21.4251,0.135627
943.65,-9.59043,-21.4273,0.135405
943.7,-9.59233,-21.4292,0.135214
943.75,-9.58924,-21.4262,0.135523
943.8,-9.59441,-21.4313,0.135006
943.85,-9.58933,-21.4263,0.135514
943.9,-9.58819,-21.4251,0.135628
943.95,-9.58873,-21.4257,0.135574
944,-9.59099,-21.4279,0.135348
944.05,-9.58889,-21.4258,0.135558
944.1,-9.59469,-21.4316,0.134978
944.15,-9.5939,-21.4308,0.135058
944.2,-9.59517,-21.4321,0.134931
944.25,-9.58786,-21.4248,0.135661
944.3,-9.58928,-21.4262,0.13552
944.35,-9.58929,-21.4262,0.135518
944.4,-9.59017,-21.4271,0.135431
944.45,-9.59246,-21.4294,0.135202
944.5,-9.5903,-21.4272,0.135418
944.55,-9.59091,-21.4278,0.135356
944.6,-9.59594,-21.4329,0.134853
944.65,-9.59001,-21.4269,0.135447
944.7,-9.5949,-21.4318,0.134958
944.75,-9.5958,-21.4327,0.134867
944.8,-9.59631,-21.4332,0.134816
944.85,-9.59328,-21.4302,0.135119
944.9,-9.59109,-21.428,0.135338
944.95,-9.59248,-21.4294,0.135199
945,-9.59347,-21.4304,0.1351
945.05,-9.59305,-21.43,0.135142
945.1,-9.59607,-21.433,0.134841
945.15,-9.59407,-21.431,0.13504
945.2,-9.59588,-21.4328,0.134859
945.25,-9.5908,-21.4277,0.135368
945.3,-9.59572,-21.4326,0.134876
945.35,-9.5927,-21.4296,0.135177
945.4,-9.59253,-21.4294,0.135194
945.45,-9.59631,-21.4332,0.134816
945.5,-9.59384,-21.4308,0.135064
945.55,-9.59592,-21.4328,0.134855
945.6,-9.58761,-21.4245,0.135686
945.65,-9.59093,-21.4279,0.135354
945.7,-9.59222,-21.4291,0.135225
945.75,-9.59518,-21.4321,0.134929
945.8,-9.5912,-21.4281,0.135328
945.85,-9.5939,-21.4308,0.135057
945.9,-9.59687,-21.4338,0.13476
945.95,-9.59377,-21.4307,0.135071
946,-9.58876,-21.4257,0.135572
946.05,-9.58957,-21.4265,0.13549
946.1,-9.59708,-21.434,0.134739
946.15,-9.5971,-21.434,0.134737
946.2,-9.59198,-21.4289,0.135249
946.25,-9.59438,-21.4313,0.135009
946.3,-9.5953,-21.4322,0.134917
946.35,-9.5907,-21.4276,0.135377
946.4,-9.59006,-21.427,0.135441
946.45,-9.5888,-21.4257,0.135567
946.5,-9.59559,-21.4325,0.134889
946.55,-9.59594,-21.4329,0.134854
946.6,-9.59426,-21.4312,0.135022
946.65,-9.59405,-21.431,0.135042
946.7,-9.59241,-21.4293,0.135206
946.75,-9.59254,-21.4295,0.135193
946.8,-9.59725,-21.4342,0.134722
946.85,-9.59053,-21.4275,0.135394
946.9,-9.58764,-21.4246,0.135683
946.95,-9.59218,-21.4291,0.135229
947,-9.58925,-21.4262,0.135522
947.05,-9.59388,-21.4308,0.135059
947.1,-9.59051,-21.4274,0.135396
947.15,-9.58926,-21.4262,0.135521
947.2,-9.59722,-21.4341,0.134725
947.25,-9.59513,-21.4321,0.134934
947.3,-9.59684,-21.4338,0.134763
947.35,-9.59082,-21.4277,0.135365
947.4,-9.59143,-21.4284,0.135304
947.45,-9.59612,-21.433,0.134835
947.5,-9.59699,-21.4339,0.134748
947.55,-9.59259,-21.4295,0.135188
947.6,-9.5881,-21.425,0.135638
947.65,-9.59647,-21.4334,0.1348
947.7,-9.5921,-21.429,0.135238
947.75,-9.59248,-21.4294,0.135199
947.8,-9.59325,-21.4302,0.135122
947.85,-9.5898,-21.4267,0.135467
947.9,-9.59558,-21.4325,0.134889
947.95,-9.59572,-21.4326,0.134876
948,-9.591,-21.4279,0.135347
948.05,-9.59357,-21.4305,0.13509
948.1,-9.59406,-21.431,0.135042
948.15,-9.58766,-21.4246,0.135681
948.2,-9.59003,-21.427,0.135444
948.25,-9.58887,-21.4258,0.13556
948.3,-9.59261,-21.4295,0.135186
948.35,-9.58969,-21.4266,0.135479
948.4,-9.5918,-21.4287,0.135267
948.45,-9.59266,-21.4296,0.135182
948.5,-9.59427,-21.4312,0.13502
948.55,-9.59345,-21.4304,0.135102
948.6,-9.58894,-21.4259,0.135553
948.65,-9.59719,-21.4341,0.134729
948.7,-9.59512,-21.432,0.134936
948.75,-9.58857,-21.4255,0.13559
948.8,-9.59472,-21.4316,0.134975
948.85,-9.59436,-21.4313,0.135011
948.9,-9.59179,-21.4287,0.135268
948.95,-9.58856,-21.4255,0.135591
949,-9.59288,-21.4298,0.135159
949.05,-9.59119,-21.4281,0.135329
949.1,-9.59355,-21.4305,0.135092
949.15,-9.59338,-21.4303,0.135109
949.2,-9.59006,-21.427,0.135441
949.25,-9.58805,-21.425,0.135642
949.3,-9.58826,-21.4252,0.135621
949.35,-9.59571,-21.4326,0.134876
949.4,-9.59026,-21.4272,0.135421
949.45,-9.59625,-21.4332,0.134822
949.5,-9.59383,-21.4308,0.135064
949.55,-9.59367,-21.4306,0.135081
949.6,-9.59222,-21.4291,0.135225
949.65,-9.59029,-21.4272,0.135418
949.7,-9.59373,-21.4307,0.135074
949.75,-9.59466,-21.4316,0.134982
949.8,-9.59156,-21.4285,0.135291
949.85,-9.58875,-21.4257,0.135573
949.9,-9.59675,-21.4337,0.134773
949.95,-9.59577,-21.4327,0.13487
950,-9.59381,-21.4307,0.135067
950.05,-9.59342,-21.4303,0.135105
950.1,-9.59163,-21.4286,0.135284
950.15,-9.59515,-21.4321,0.134932
950.2,-9.59301,-21.4299,0.135146
950.25,-9.58915,-21.4261,0.135532
950.3,-9.59613,-21.433,0.134835
950.35,-9.59014,-21.4271,0.135434
950.4,-9.59591,-21.4328,0.134856
950.45,-9.59032,-21.4272,0.135415
950.5,-9.5911,-21.428,0.135337
950.55,-9.5912,-21.4281,0.135327
950.6,-9.59391,-21.4308,0.135056
950.65,-9.59705,-21.434,0.134742
950.7,-9.59698,-21.4339,0.134749
950.75,-9.59637,-21.4333,0.13481
950.8,-9.59751,-21.4344,0.134696
950.85,-9.58765,-21.4246,0.135682
950.9,-9.59449,-21.4314,0.134998
950.95,-9.59017,-21.4271,0.13543
951,-9.5963,-21.4332,0.134817
951.05,-9.59073,-21.4276,0.135375
951.1,-9.59624,-21.4332,0.134823
951.15,-9.59093,-21.4279,0.135354
951.2,-9.59342,-21.4303,0.135105
951.25,-9.59238,-21.4293,0.135209
951.3,-9.58799,-21.4249,0.135648
951.35,-9.59739,-21.4343,0.134708
951.4,-9.59353,-21.4305,0.135094
951.45,-9.59714,-21.4341,0.134733
951.5,-9.59556,-21.4325,0.134891
951.55,-9.58974,-21.4267,0.135473
951.6,-9.59297,-21.4299,0.13515
951.65,-9.5896,-21.4265,0.135488
951.7,-9.5973,-21.4342,0.134717
951.75,-9.58838,-21.4253,0.135609
951.8,-9.59115,-21.4281,0.135332
951.85,-9.59583,-21.4328,0.134864
951.9,-9.59092,-21.4278,0.135355
951.95,-9.58946,-21.4264,0.135501
952,-9.58856,-21.4255,0.135592
952.05,-9.59442,-21.4313,0.135005
952.1,-9.59307,-21.43,0.135141
952.15,-9.59487,-21.4318,0.13496
952.2,-9.59388,-21.4308,0.135059
952.25,-9.59245,-21.4294,0.135202
952.3,-9.59365,-21.4306,0.135083
952.35,-9.5938,-21.4307,0.135068
952.4,-9.59251,-21.4294,0.135196
952.45,-9.59054,-21.4275,0.135393
952.5,-9.59637,-21.4333,0.13481
952.55,-9.59122,-21.4281,0.135326
952.6,-9.59367,-21.4306,0.13508
952.65,-9.59502,-21.4319,0.134945
952.7,-9.59455,-21.4315,0.134992
952.75,-9.5895,-21.4264,0.135498
952.8,-9.5898,-21.4267,0.135467
952.85,-9.59495,-21.4319,0.134952
952.9,-9.58929,-21.4262,0.135518
952.95,-9.59574,-21.4327,0.134873
953,-9.59449,-21.4314,0.134998
953.05,-9.59726,-21.4342,0.134721
953.1,-9.58788,-21.4248,0.135659
953.15,-9.58986,-21.4268,0.135461
953.2,-9.58926,-21.4262,0.135521
953.25,-9.59759,-21.4345,0.134689
953.3,-9.59065,-21.4276,0.135382
953.35,-9.59281,-21.4297,0.135166
953.4,-9.59582,-21.4327,0.134865
953.45,-9.59398,-21.4309,0.13505
953.5,-9.59468,-21.4316,0.134979
953.55,-9.59678,-21.4337,0.134769
953.6,-9.5908,-21.4277,0.135367
953.65,-9.59015,-21.4271,0.135432
953.7,-9.59405,-21.431,0.135042
953.75,-9.59709,-21.434,0.134738
953.8,-9.59501,-21.4319,0.134947
953.85,-9.5901,-21.427,0.135437
953.9,-9.59329,-21.4302,0.135119
953.95,-9.58992,-21.4268,0.135455
954,-9.59305,-21.43,0.135143
954.05,-9.59206,-21.429,0.135241
954.1,-9.59354,-21.4305,0.135093
954.15,-9.58912,-21.426,0.135535
954.2,-9.58949,-21.4264,0.135499
954.25,-9.59049,-21.4274,0.135398
954.3,-9.59102,-21.4279,0.135345
954.35,-9.59169,-21.4286,0.135278
954.4,-9.58784,-21.4248,0.135663
954.45,-9.59271,-21.4296,0.135176
954.5,-9.58984,-21.4268,0.135464
954.55,-9.59474,-21.4317,0.134973
954.6,-9.59238,-21.4293,0.13521
954.65,-9.59012,-21.427,0.135435
954.7,-9.59701,-21.4339,0.134747
954.75,-9.59404,-21.431,0.135043
954.8,-9.59011,-21.427,0.135436
954.85,-9.59006,-21.427,0.135441
954.9,-9.58925,-21.4262,0.135522
954.95,-9.58834,-21.4253,0.135614
955,-9.59644,-21.4334,0.134803
955.05,-9.59633,-21.4333,0.134814
955.1,-9.59752,-21.4344,0.134695
955.15,-9.58964,-21.4266,0.135483
955.2,-9.58888,-21.4258,0.135559
955.25,-9.59398,-21.4309,0.13505
955.3,-9.58914,-21.4261,0.135534
955.35,-9.59629,-21.4332,0.134818
955.4,-9.59648,-21.4334,0.134799
955.45,-9.59483,-21.4317,0.134965
955.5,-9.58861,-21.4255,0.135586
955.55,-9.59193,-21.4289,0.135254
955.6,-9.58929,-21.4262,0.135518
955.65,-9.59455,-21.4315,0.134992
955.7,-9.59346,-21.4304,0.135102
955.75,-9.59118,-21.4281,0.135329
955.8,-9.59745,-21.4344,0.134702
955.85,-9.59688,-21.4338,0.134759
955.9,-9.59528,-21.4322,0.134919
955.95,-9.5877,-21.4246,0.135677
956,-9.592,-21.4289,0.135247
956.05,-9.59752,-21.4344,0.134695
956.1,-9.59484,-21.4318,0.134963
956.15,-9.59678,-21.4337,0.134769
956.2,-9.59005,-21.427,0.135443
956.25,-9.59425,-21.4312,0.135022
956.3,-9.59322,-21.4301,0.135125
956.35,-9.59256,-21.4295,0.135191
956.4,-9.59671,-21.4336,0.134776
956.45,-9.59487,-21.4318,0.13496
956.5,-9.5933,-21.4302,0.135117
956.55,-9.59555,-21.4325,0.134892
956.6,-9.59361,-21.4305,0.135086
956.65,-9.59323,-21.4301,0.135125
956.7,-9.5876,-21.4245,0.135687
956.75,-9.5949,-21.4318,0.134957
956.8,-9.5896,-21.4265,0.135487
956.85,-9.58914,-21.4261,0.135533
956.9,-9.59359,-21.4305,0.135088
956.95,-9.58849,-21.4254,0.135598
957,-9.59637,-21.4333,0.13481
957.05,-9.59461,-21.4315,0.134986
957.1,-9.59283,-21.4297,0.135165
957.15,-9.58807,-21.425,0.135641
957.2,-9.59157,-21.4285,0.13529
957.25,-9.58869,-21.4256,0.135579
957.3,-9.59165,-21.4286,0.135282
957.35,-9.59142,-21.4283,0.135305
957.4,-9.58797,-21.4249,0.13565
957.45,-9.58933,-21.4263,0.135514
957.5,-9.59152,-21.4284,0.135295
957.55,-9.59237,-21.4293,0.13521
957.6,-9.58926,-21.4262,0.135522
957.65,-9.58877,-21.4257,0.13557
957.7,-9.59155,-21.4285,0.135292
957.75,-9.59171,-21.4286,0.135277
957.8,-9.59542,-21.4323,0.134905
957.85,-9.59717,-21.4341,0.13473
957.9,-9.59667,-21.4336,0.13478
957.95,-9.59454,-21.4315,0.134993
958,-9.59445,-21.4314,0.135002
958.05,-9.59238,-21.4293,0.13521
958.1,-9.5925,-21.4294,0.135197
958.15,-9.59046,-21.4274,0.135401
958.2,-9.58801,-21.4249,0.135647
958.25,-9.5925,-21.4294,0.135197
958.3,-9.58777,-21.4247,0.135671
958.35,-9.59001,-21.4269,0.135446
958.4,-9.59405,-21.431,0.135042
958.45,-9.59376,-21.4307,0.135071
958.5,-9.59091,-21.4278,0.135356
958.55,-9.59282,-21.4297,0.135165
958.6,-9.59078,-21.4277,0.13537
958.65,-9.59614,-21.4331,0.134833
958.7,-9.59329,-21.4302,0.135118
958.75,-9.59475,-21.4317,0.134972
958.8,-9.59723,-21.4341,0.134724
958.85,-9.59735,-21.4343,0.134713
958.9,-9.58858,-21.4255,0.13559
958.95,-9.5876,-21.4245,0.135687
959,-9.58908,-21.426,0.135539
959.05,-9.5925,-21.4294,0.135197
959.1,-9.59237,-21.4293,0.13521
959.15,-9.59074,-21.4277,0.135373
959.2,-9.59368,-21.4306,0.135079
959.25,-9.59633,-21.4332,0.134815
959.3,-9.59485,-21.4318,0.134962
959.35,-9.5915,-21.4284,0.135297
959.4,-9.5959,-21.4328,0.134857
959.45,-9.59393,-21.4308,0.135055
959.5,-9.58845,-21.4254,0.135602
959.55,-9.59276,-21.4297,0.135171
959.6,-9.58871,-21.4256,0.135577
959.65,-9.59335,-21.4303,0.135112
959.7,-9.59563,-21.4325,0.134885
959.75,-9.58912,-21.426,0.135536
959.8,-9.58826,-21.4252,0.135622
959.85,-9.5958,-21.4327,0.134868
959.9,-9.59153,-21.4285,0.135294
959.95,-9.59471,-21.4316,0.134976
960,-9.59196,-21.4289,0.135251
960.05,-9.59485,-21.4318,0.134963
960.1,-9.58993,-21.4269,0.135454
960.15,-9.59514,-21.4321,0.134933
960.2,-9.59339,-21.4303,0.135108
960.25,-9.59563,-21.4325,0.134884
960.3,-9.59229,-21.4292,0.135218
960.35,-9.59302,-21.4299,0.135145
960.4,-9.59538,-21.4323,0.13491
960.45,-9.59327,-21.4302,0.13512
960.5,-9.59302,-21.4299,0.135145
960.55,-9.59686,-21.4338,0.134761
960.6,-9.58818,-21.4251,0.135629
960.65,-9.5878,-21.4247,0.135667
960.7,-9.59001,-21.4269,0.135446
960.75,-9.59426,-21.4312,0.135021
960.8,-9.59653,-21.4335,0.134794
960.85,-9.59726,-21.4342,0.134721
960.9,-9.58817,-21.4251,0.13563
960.95,-9.59484,-21.4318,0.134964
961,-9.59359,-21.4305,0.135088
961.05,-9.58902,-21.4259,0.135545
961.1,-9.59,-21.4269,0.135447
961.15,-9.5947,-21.4316,0.134977
961.2,-9.59478,-21.4317,0.13497
961.25,-9.58803,-21.425,0.135644
961.3,-9.59622,-21.4331,0.134825
961.35,-9.59544,-21.4324,0.134904
961.4,-9.59623,-21.4331,0.134824
961.45,-9.59016,-21.4271,0.135431
961.5,-9.59255,-21.4295,0.135192
961.55,-9.59059,-21.4275,0.135388
961.6,-9.59741,-21.4343,0.134706
961.65,-9.59489,-21.4318,0.134959
961.7,-9.58814,-21.4251,0.135633
961.75,-9.59321,-21.4301,0.135127
961.8,-9.59292,-21.4298,0.135156
961.85,-9.59284,-21.4298,0.135163
961.9,-9.58863,-21.4256,0.135584
961.95,-9.5907,-21.4276,0.135378
962,-9.58852,-21.4254,0.135596
962.05,-9.59406,-21.431,0.135042
962.1,-9.58996,-21.4269,0.135451
962.15,-9.5891,-21.426,0.135537
962.2,-9.59426,-21.4312,0.135021
962.25,-9.59238,-21.4293,0.13521
962.3,-9.59577,-21.4327,0.13487
962.35,-9.59319,-21.4301,0.135128
962.4,-9.59204,-21.429,0.135243
962.45,-9.59634,-21.4333,0.134813
962.5,-9.59043,-21.4274,0.135404
962.55,-9.58804,-21.425,0.135643
962.6,-9.58777,-21.4247,0.13567
962.65,-9.59283,-21.4298,0.135164
962.7,-9.59515,-21.4321,0.134932
962.75,-9.59495,-21.4319,0.134952
962.8,-9.59326,-21.4302,0.135121
962.85,-9.59378,-21.4307,0.135069
962.9,-9.59279,-21.4297,0.135168
962.95,-9.59189,-21.4288,0.135258
963,-9.59634,-21.4333,0.134813
963.05,-9.58774,-21.4247,0.135673
963.1,-9.59489,-21.4318,0.134958
963.15,-9.59616,-21.4331,0.134831
963.2,-9.59503,-21.432,0.134944
963.25,-9.59543,-21.4324,0.134904
963.3,-9.59177,-21.4287,0.13527
963.35,-9.59035,-21.4273,0.135412
963.4,-9.59067,-21.4276,0.13538
963.45,-9.5928,-21.4297,0.135167
963.5,-9.59345,-21.4304,0.135102
963.55,-9.59159,-21.4285,0.135288
963.6,-9.58926,-21.4262,0.135521
963.65,-9.59581,-21.4327,0.134866
963.7,-9.59309,-21.43,0.135138
963.75,-9.59592,-21.4328,0.134855
963.8,-9.59059,-21.4275,0.135388
963.85,-9.59127,-21.4282,0.135321
963.9,-9.59152,-21.4284,0.135296
963.95,-9.59504,-21.432,0.134943
964,-9.59001,-21.4269,0.135446
964.05,-9.59435,-21.4313,0.135012
964.1,-9.59549,-21.4324,0.134899
964.15,-9.59018,-21.4271,0.135429
964.2,-9.58958,-21.4265,0.135489
964.25,-9.59304,-21.43,0.135143
964.3,-9.59753,-21.4345,0.134694
964.35,-9.59525,-21.4322,0.134923
964.4,-9.58922,-21.4261,0.135525
964.45,-9.59273,-21.4296,0.135175
964.5,-9.58954,-21.4265,0.135493
964.55,-9.58797,-21.4249,0.13565
964.6,-9.59287,-21.4298,0.13516
964.65,-9.59683,-21.4338,0.134764
964.7,-9.59653,-21.4335,0.134794
964.75,-9.5903,-21.4272,0.135417
964.8,-9.59467,-21.4316,0.13498
964.85,-9.5907,-21.4276,0.135377
964.9,-9.59305,-21.43,0.135142
964.95,-9.58774,-21.4247,0.135673
965,-9.59591,-21.4328,0.134856
965.05,-9.58891,-21.4258,0.135557
965.1,-9.59174,-21.4287,0.135273
965.15,-9.59757,-21.4345,0.13469
965.2,-9.59713,-21.434,0.134735
965.25,-9.59724,-21.4342,0.134724
965.3,-9.5959,-21.4328,0.134857
965.35,-9.59012,-21.427,0.135435
965.4,-9.5909,-21.4278,0.135357
965.45,-9.58982,-21.4267,0.135465
965.5,-9.59757,-21.4345,0.13469
965.55,-9.59332,-21.4302,0.135115
965.6,-9.59657,-21.4335,0.13479
965.65,-9.59546,-21.4324,0.134901
965.7,-9.59591,-21.4328,0.134857
965.75,-9.58856,-21.4255,0.135591
965.8,-9.5909,-21.4278,0.135357
965.85,-9.59584,-21.4328,0.134863
965.9,-9.59621,-21.4331,0.134826
965.95,-9.59253,-21.4294,0.135195
966,-9.59097,-21.4279,0.13535
966.05,-9.58815,-21.4251,0.135632
966.1,-9.5929,-21.4298,0.135157
966.15,-9.59625,-21.4332,0.134823
966.2,-9.59739,-21.4343,0.134708
966.25,-9.59183,-21.4288,0.135264
966.3,-9.58895,-21.4259,0.135552
966.35,-9.59446,-21.4314,0.135001
966.4,-9.59494,-21.4319,0.134953
966.45,-9.59441,-21.4313,0.135006
966.5,-9.59461,-21.4315,0.134986
966.55,-9.59326,-21.4302,0.135122
966.6,-9.59572,-21.4326,0.134875
966.65,-9.58875,-21.4257,0.135572
966.7,-9.59323,-21.4302,0.135124
966.75,-9.59525,-21.4322,0.134922
966.8,-9.58839,-21.4253,0.135608
966.85,-9.59154,-21.4285,0.135293
966.9,-9.58778,-21.4247,0.135669
966.95,-9.5917,-21.4286,0.135277
967,-9.59376,-21.4307,0.135071
967.05,-9.58775,-21.4247,0.135672
967.1,-9.59742,-21.4343,0.134705
967.15,-9.59274,-21.4297,0.135173
967.2,-9.59561,-21.4325,0.134886
967.25,-9.59573,-21.4327,0.134874
967.3,-9.5937,-21.4306,0.135077
967.35,-9.58892,-21.4258,0.135555
967.4,-9.59398,-21.4309,0.135049
967.45,-9.59231,-21.4292,0.135216
967.5,-9.59385,-21.4308,0.135062
967.55,-9.59735,-21.4343,0.134712
967.6,-9.59287,-21.4298,0.13516
967.65,-9.58915,-21.4261,0.135532
967.7,-9.59601,-21.4329,0.134847
967.75,-9.59266,-21.4296,0.135181
967.8,-9.59339,-21.4303,0.135108
967.85,-9.59736,-21.4343,0.134711
967.9,-9.58953,-21.4265,0.135494
967.95,-9.59073,-21.4277,0.135374
968,-9.59418,-21.4311,0.13503
968.05,-9.59655,-21.4335,0.134792
968.1,-9.59639,-21.4333,0.134808
968.15,-9.5923,-21.4292,0.135217
968.2,-9.5877,-21.4246,0.135677
968.25,-9.59203,-21.429,0.135244
968.3,-9.58996,-21.4269,0.135452
968.35,-9.5885,-21.4254,0.135597
968.4,-9.59597,-21.4329,0.13485
968.45,-9.59014,-21.4271,0.135433
968.5,-9.5926,-21.4295,0.135187
968.55,-9.59214,-21.4291,0.135233
968.6,-9.59029,-21.4272,0.135418
968.65,-9.59243,-21.4293,0.135205
968.7,-9.59728,-21.4342,0.134719
968.75,-9.58831,-21.4252,0.135617
968.8,-9.59056,-21.4275,0.135391
968.85,-9.59338,-21.4303,0.135109
968.9,-9.58963,-21.4266,0.135484
968.95,-9.59694,-21.4339,0.134753
969,-9.5881,-21.425,0.135637
969.05,-9.59588,-21.4328,0.134859
969.1,-9.5967,-21.4336,0.134777
969.15,-9.59337,-21.4303,0.13511
969.2,-9.59744,-21.4344,0.134704
969.25,-9.59511,-21.432,0.134936
969.3,-9.58844,-21.4254,0.135603
969.35,-9.59323,-21.4302,0.135124
969.4,-9.59487,-21.4318,0.13496
969.45,-9.59038,-21.4273,0.13541
969.5,-9.59636,-21.4333,0.134811
969.55,-9.59145,-21.4284,0.135302
969.6,-9.58933,-21.4263,0.135514
969.65,-9.59516,-21.4321,0.134931
969.7,-9.59616,-21.4331,0.134831
969.75,-9.58944,-21.4264,0.135504
969.8,-9.58959,-21.4265,0.135488
969.85,-9.58852,-21.4254,0.135595
969.9,-9.59034,-21.4273,0.135413
969.95,-9.58797,-21.4249,0.13565
970,-9.59106,-21.428,0.135341
970.05,-9.59534,-21.4323,0.134913
970.1,-9.59251,-21.4294,0.135196
970.15,-9.59375,-21.4307,0.135072
970.2,-9.59017,-21.4271,0.13543
970.25,-9.59219,-21.4291,0.135228
970.3,-9.59446,-21.4314,0.135001
970.35,-9.59314,-21.4301,0.135134
970.4,-9.58798,-21.4249,0.135649
970.45,-9.5965,-21.4334,0.134797
970.5,-9.59248,-21.4294,0.135199
970.55,-9.58848,-21.4254,0.135599
970.6,-9.59478,-21.4317,0.134969
970.65,-9.59159,-21.4285,0.135289
970.7,-9.59426,-21.4312,0.135022
970.75,-9.59462,-21.4315,0.134985
970.8,-9.5891,-21.426,0.135537
970.85,-9.5951,-21.432,0.134937
970.9,-9.59025,-21.4272,0.135422
970.95,-9.59638,-21.4333,0.134809
971,-9.58788,-21.4248,0.135659
971.05,-9.58902,-21.4259,0.135545
971.1,-9.59024,-21.4272,0.135424
971.15,-9.58961,-21.4265,0.135486
971.2,-9.59659,-21.4335,0.134789
971.25,-9.5888,-21.4257,0.135567
971.3,-9.59145,-21.4284,0.135302
971.35,-9.58858,-21.4255,0.135589
971.4,-9.58972,-21.4266,0.135475
971.45,-9.59419,-21.4311,0.135028
971.5,-9.58896,-21.4259,0.135552
971.55,-9.59319,-21.4301,0.135128
971.6,-9.59194,-21.4289,0.135254
971.65,-9.59387,-21.4308,0.13506
971.7,-9.58935,-21.4263,0.135513
971.75,-9.59451,-21.4314,0.134996
971.8,-9.58846,-21.4254,0.135601
971.85,-9.59622,-21.4331,0.134826
971.9,-9.59005,-21.427,0.135442
971.95,-9.58885,-21.4258,0.135562
972,-9.59512,-21.432,0.134936
972.05,-9.59494,-21.4319,0.134953
972.1,-9.58973,-21.4267,0.135474
972.15,-9.5923,-21.4292,0.135217
972.2,-9.58893,-21.4259,0.135554
972.25,-9.59639,-21.4333,0.134808
972.3,-9.58933,-21.4263,0.135514
972.35,-9.59043,-21.4274,0.135404
972.4,-9.59389,-21.4308,0.135058
972.45,-9.59199,-21.4289,0.135248
972.5,-9.58921,-21.4261,0.135526
972.55,-9.59418,-21.4311,0.13503
972.6,-9.59342,-21.4303,0.135106
972.65,-9.59185,-21.4288,0.135262
972.7,-9.59619,-21.4331,0.134828
972.75,-9.59241,-21.4293,0.135207
972.8,-9.59306,-21.43,0.135141
972.85,-9.59004,-21.427,0.135443
972.9,-9.59339,-21.4303,0.135108
972.95,-9.59519,-21.4321,0.134928
973,-9.59664,-21.4336,0.134784
973.05,-9.59475,-21.4317,0.134972
973.1,-9.59078,-21.4277,0.135369
973.15,-9.59098,-21.4279,0.135349
973.2,-9.59102,-21.4279,0.135345
973.25,-9.59253,-21.4295,0.135194
973.3,-9.58789,-21.4248,0.135658
973.35,-9.59189,-21.4288,0.135258
973.4,-9.59115,-21.4281,0.135332
973.45,-9.59035,-21.4273,0.135412
973.5,-9.59315,-21.4301,0.135133
973.55,-9.58867,-21.4256,0.13558
973.6,-9.58769,-21.4246,0.135678
973.65,-9.59528,-21.4322,0.134919
973.7,-9.59338,-21.4303,0.13511
973.75,-9.58902,-21.4259,0.135545
973.8,-9.59408,-21.431,0.13504
973.85,-9.59511,-21.432,0.134936
973.9,-9.59186,-21.4288,0.135261
973.95,-9.59037,-21.4273,0.13541
974,-9.5895,-21.4264,0.135497
974.05,-9.59348,-21.4304,0.135099
974.1,-9.59695,-21.4339,0.134752
974.15,-9.59532,-21.4322,0.134915
974.2,-9.58774,-21.4247,0.135673
974.25,-9.59555,-21.4325,0.134893
974.3,-9.59013,-21.4271,0.135434
974.35,-9.5932,-21.4301,0.135127
974.4,-9.58799,-21.4249,0.135648
974.45,-9.59593,-21.4329,0.134854
974.5,-9.59079,-21.4277,0.135368
974.55,-9.59703,-21.434,0.134744
974.6,-9.59309,-21.43,0.135138
974.65,-9.59398,-21.4309,0.13505
974.7,-9.59041,-21.4273,0.135406
974.75,-9.59652,-21.4334,0.134796
974.8,-9.58891,-21.4258,0.135556
974.85,-9.59071,-21.4276,0.135376
974.9,-9.59081,-21.4277,0.135366
974.95,-9.59246,-21.4294,0.135201
975,-9.59346,-21.4304,0.135101
975.05,-9.59636,-21.4333,0.134811
975.1,-9.59354,-21.4305,0.135094
975.15,-9.59356,-21.4305,0.135091
975.2,-9.59405,-21.431,0.135042
975.25,-9.58932,-21.4262,0.135516
975.3,-9.59499,-21.4319,0.134948
975.35,-9.59053,-21.4275,0.135394
975.4,-9.59683,-21.4338,0.134764
975.45,-9.58925,-21.4262,0.135522
975.5,-9.59331,-21.4302,0.135116
975.55,-9.58874,-21.4257,0.135573
975.6,-9.59514,-21.4321,0.134933
975.65,-9.59266,-21.4296,0.135181
975.7,-9.59647,-21.4334,0.134801
975.75,-9.59528,-21.4322,0.134919
975.8,-9.59061,-21.4275,0.135386
975.85,-9.589,-21.4259,0.135547
975.9,-9.59088,-21.4278,0.135359
975.95,-9.59101,-21.4279,0.135346
976,-9.59734,-21.4343,0.134713
976.05,-9.59408,-21.431,0.135039
976.1,-9.59045,-21.4274,0.135402
976.15,-9.59283,-21.4298,0.135164
976.2,-9.59046,-21.4274,0.135401
976.25,-9.59326,-21.4302,0.135121
976.3,-9.59175,-21.4287,0.135272
976.35,-9.59177,-21.4287,0.13527
976.4,-9.59638,-21.4333,0.134809
976.45,-9.59497,-21.4319,0.13495
976.5,-9.59664,-21.4336,0.134783
976.55,-9.59225,-21.4292,0.135222
976.6,-9.59374,-21.4307,0.135074
976.65,-9.59258,-21.4295,0.135189
976.7,-9.58821,-21.4251,0.135626
976.75,-9.59019,-21.4271,0.135428
976.8,-9.5943,-21.4312,0.135017
976.85,-9.5956,-21.4325,0.134887
976.9,-9.59312,-21.43,0.135135
976.95,-9.59353,-21.4305,0.135094
977,-9.59726,-21.4342,0.134721
977.05,-9.58883,-21.4258,0.135564
977.1,-9.59468,-21.4316,0.134979
977.15,-9.5948,-21.4317,0.134967
977.2,-9.5939,-21.4308,0.135057
977.25,-9.59355,-21.4305,0.135092
977.3,-9.59249,-21.4294,0.135199
977.35,-9.59692,-21.4338,0.134755
977.4,-9.59496,-21.4319,0.134952
977.45,-9.59577,-21.4327,0.13487
977.5,-9.59033,-21.4273,0.135414
977.55,-9.5947,-21.4316,0.134977
977.6,-9.59226,-21.4292,0.135221
977.65,-9.59318,-21.4301,0.135129
977.7,-9.58993,-21.4269,0.135454
977.75,-9.59512,-21.432,0.134935
977.8,-9.58885,-21.4258,0.135562
977.85,-9.59409,-21.431,0.135038
977.9,-9.5893,-21.4262,0.135517
977.95,-9.58764,-21.4246,0.135684
978,-9.59146,-21.4284,0.135301
978.05,-9.58834,-21.4253,0.135613
978.1,-9.59229,-21.4292,0.135218
978.15,-9.5876,-21.4245,0.135687
978.2,-9.59333,-21.4303,0.135114
978.25,-9.5929,-21.4298,0.135157
978.3,-9.5902,-21.4271,0.135428
978.35,-9.59003,-21.427,0.135444
978.4,-9.59091,-21.4278,0.135356
978.45,-9.59572,-21.4326,0.134875
978.5,-9.59597,-21.4329,0.13485
978.55,-9.59058,-21.4275,0.135389
978.6,-9.59696,-21.4339,0.134751
978.65,-9.59305,-21.43,0.135142
978.7,-9.58779,-21.4247,0.135668
978.75,-9.59326,-21.4302,0.135121
978.8,-9.589,-21.4259,0.135547
978.85,-9.59268,-21.4296,0.135179
978.9,-9.59259,-21.4295,0.135189
978.95,-9.59636,-21.4333,0.134811
979,-9.59086,-21.4278,0.135362
979.05,-9.59532,-21.4322,0.134915
979.1,-9.59347,-21.4304,0.135101
979.15,-9.59552,-21.4324,0.134895
979.2,-9.59091,-21.4278,0.135356
979.25,-9.5958,-21.4327,0.134867
979.3,-9.59305,-21.43,0.135142
979.35,-9.59217,-21.4291,0.13523
979.4,-9.5923,-21.4292,0.135218
979.45,-9.59475,-21.4317,0.134972
979.5,-9.59221,-21.4291,0.135226
979.55,-9.59616,-21.4331,0.134831
979.6,-9.5955,-21.4324,0.134897
979.65,-9.5969,-21.4338,0.134757
979.7,-9.59617,-21.4331,0.13483
979.75,-9.59123,-21.4282,0.135324
979.8,-9.59221,-21.4291,0.135226
979.85,-9.58877,-21.4257,0.135571
979.9,-9.59367,-21.4306,0.13508
979.95,-9.59553,-21.4324,0.134895
980,-9.59689,-21.4338,0.134758
980.05,-9.59204,-21.429,0.135243
980.1,-9.58851,-21.4254,0.135596
980.15,-9.59625,-21.4332,0.134822
980.2,-9.5975,-21.4344,0.134697
980.25,-9.5887,-21.4256,0.135577
980.3,-9.59192,-21.4288,0.135255
980.35,-9.58891,-21.4258,0.135557
980.4,-9.59378,-21.4307,0.135069
980.45,-9.59691,-21.4338,0.134756
980.5,-9.58767,-21.4246,0.13568
980.55,-9.59704,-21.434,0.134743
980.6,-9.59464,-21.4316,0.134983
980.65,-9.59354,-21.4305,0.135093
980.7,-9.59497,-21.4319,0.13495
980.75,-9.58796,-21.4249,0.135652
980.8,-9.59175,-21.4287,0.135272
980.85,-9.59042,-21.4273,0.135405
980.9,-9.59253,-21.4295,0.135194
980.95,-9.59645,-21.4334,0.134802
981,-9.59757,-21.4345,0.13469
981.05,-9.59714,-21.4341,0.134733
981.1,-9.59501,-21.4319,0.134946
981.15,-9.59548,-21.4324,0.134899
981.2,-9.59645,-21.4334,0.134803
981.25,-9.59359,-21.4305,0.135089
981.3,-9.58911,-21.426,0.135536
981.35,-9.59106,-21.428,0.135341
981.4,-9.59476,-21.4317,0.134972
981.45,-9.59519,-21.4321,0.134929
981.5,-9.58899,-21.4259,0.135548
981.55,-9.59405,-21.431,0.135042
981.6,-9.58963,-21.4266,0.135484
981.65,-9.5899,-21.4268,0.135457
981.7,-9.59271,-21.4296,0.135176
981.75,-9.58953,-21.4265,0.135494
981.8,-9.59101,-21.4279,0.135346
981.85,-9.59704,-21.434,0.134744
981.9,-9.59084,-21.4278,0.135363
981.95,-9.5972,-21.4341,0.134727
982,-9.59635,-21.4333,0.134812
982.05,-9.59092,-21.4278,0.135355
982.1,-9.59664,-21.4336,0.134783
982.15,-9.5934,-21.4303,0.135108
982.2,-9.59687,-21.4338,0.13476
982.25,-9.59402,-21.4309,0.135046
982.3,-9.59375,-21.4307,0.135072
982.35,-9.59102,-21.4279,0.135345
982.4,-9.59684,-21.4338,0.134763
982.45,-9.58869,-21.4256,0.135579
982.5,-9.58988,-21.4268,0.135459
982.55,-9.59682,-21.4337,0.134765
982.6,-9.58823,-21.4252,0.135624
982.65,-9.5973,-21.4342,0.134718
982.7,-9.5947,-21.4316,0.134977
982.75,-9.59708,-21.434,0.134739
982.8,-9.59329,-21.4302,0.135119
982.85,-9.59622,-21.4331,0.134825
982.9,-9.59054,-21.4275,0.135393
982.95,-9.59045,-21.4274,0.135403
983,-9.59381,-21.4307,0.135066
983.05,-9.59194,-21.4289,0.135253
983.1,-9.5969,-21.4338,0.134757
983.15,-9.59584,-21.4328,0.134863
983.2,-9.59425,-21.4312,0.135023
983.25,-9.59202,-21.4289,0.135245
983.3,-9.58778,-21.4247,0.135669
983.35,-9.58766,-21.4246,0.135681
983.4,-9.59146,-21.4284,0.135301
983.45,-9.59103,-21.428,0.135344
983.5,-9.59726,-21.4342,0.134721
983.55,-9.59021,-21.4271,0.135426
983.6,-9.59436,-21.4313,0.135012
983.65,-9.59631,-21.4332,0.134816
983.7,-9.59601,-21.4329,0.134846
983.75,-9.59363,-21.4306,0.135084
983.8,-9.59273,-21.4297,0.135174
983.85,-9.59217,-21.4291,0.13523
983.9,-9.59706,-21.434,0.134742
983.95,-9.59197,-21.4289,0.13525
984,-9.59326,-21.4302,0.135121
984.05,-9.58934,-21.4263,0.135513
984.1,-9.59119,-21.4281,0.135328
984.15,-9.5939,-21.4308,0.135057
984.2,-9.58904,-21.426,0.135544
984.25,-9.5883,-21.4252,0.135618
984.3,-9.59338,-21.4303,0.135109
984.35,-9.59473,-21.4316,0.134975
984.4,-9.59692,-21.4338,0.134755
984.45,-9.59633,-21.4333,0.134814
984.5,-9.59758,-21.4345,0.13469
984.55,-9.59313,-21.4301,0.135134
984.6,-9.59067,-21.4276,0.13538
984.65,-9.59688,-21.4338,0.134759
984.7,-9.59137,-21.4283,0.13531
984.75,-9.59732,-21.4342,0.134715
984.8,-9.5913,-21.4282,0.135317
984.85,-9.59156,-21.4285,0.135291
984.9,-9.59739,-21.4343,0.134709
984.95,-9.59516,-21.4321,0.134931
985,-9.59499,-21.4319,0.134948
985.05,-9.59705,-21.434,0.134742
985.1,-9.58778,-21.4247,0.135669
985.15,-9.59175,-21.4287,0.135272
985.2,-9.59576,-21.4327,0.134871
985.25,-9.5962,-21.4331,0.134827
985.3,-9.58778,-21.4247,0.135669
985.35,-9.59089,-21.4278,0.135358
985.4,-9.59078,-21.4277,0.13537
985.45,-9.59724,-21.4342,0.134723
985.5,-9.59527,-21.4322,0.13492
985.55,-9.59644,-21.4334,0.134803
985.6,-9.58899,-21.4259,0.135549
985.65,-9.58887,-21.4258,0.13556
985.7,-9.59274,-21.4297,0.135173
985.75,-9.59043,-21.4273,0.135405
985.8,-9.58957,-21.4265,0.13549
985.85,-9.58853,-21.4255,0.135594
985.9,-9.59756,-21.4345,0.134692
985.95,-9.58889,-21.4258,0.135558
986,-9.59727,-21.4342,0.13472
986.05,-9.59754,-21.4345,0.134693
986.1,-9.59442,-21.4313,0.135005
986.15,-9.59034,-21.4273,0.135413
986.2,-9.59682,-21.4337,0.134765
986.25,-9.5882,-21.4251,0.135627
986.3,-9.59007,-21.427,0.13544
986.35,-9.59053,-21.4275,0.135394
986.4,-9.59216,-21.4291,0.135231
986.45,-9.58986,-21.4268,0.135461
986.5,-9.5881,-21.425,0.135637
986.55,-9.58956,-21.4265,0.135491
986.6,-9.58931,-21.4262,0.135516
986.65,-9.58828,-21.4252,0.135619
986.7,-9.59372,-21.4306,0.135076
986.75,-9.59748,-21.4344,0.134699
986.8,-9.59689,-21.4338,0.134758
986.85,-9.59391,-21.4308,0.135057
986.9,-9.59078,-21.4277,0.13537
986.95,-9.59007,-21.427,0.13544
987,-9.59355,-21.4305,0.135092
987.05,-9.58845,-21.4254,0.135602
987.1,-9.58891,-21.4258,0.135556
987.15,-9.59494,-21.4319,0.134953
987.2,-9.58972,-21.4266,0.135475
987.25,-9.59406,-21.431,0.135041
987.3,-9.58777,-21.4247,0.13567
987.35,-9.59169,-21.4286,0.135278
987.4,-9.595,-21.4319,0.134947
987.45,-9.58773,-21.4247,0.135674
987.5,-9.59298,-21.4299,0.135149
987.55,-9.59467,-21.4316,0.13498
987.6,-9.58768,-21.4246,0.13568
987.65,-9.58981,-21.4267,0.135466
987.7,-9.59742,-21.4343,0.134706
987.75,-9.5969,-21.4338,0.134757
987.8,-9.59041,-21.4273,0.135406
987.85,-9.58989,-21.4268,0.135458
987.9,-9.58984,-21.4268,0.135464
987.95,-9.59498,-21.4319,0.134949
988,-9.59215,-21.4291,0.135232
988.05,-9.59034,-21.4273,0.135413
988.1,-9.59694,-21.4339,0.134753
988.15,-9.59387,-21.4308,0.13506
988.2,-9.59103,-21.428,0.135344
988.25,-9.59306,-21.43,0.135141
988.3,-9.59375,-21.4307,0.135072
988.35,-9.59032,-21.4272,0.135415
988.4,-9.58937,-21.4263,0.13551
988.45,-9.59693,-21.4339,0.134754
988.5,-9.59279,-21.4297,0.135168
988.55,-9.59533,-21.4323,0.134914
988.6,-9.58779,-21.4247,0.135669
988.65,-9.59411,-21.431,0.135036
988.7,-9.59268,-21.4296,0.135179
988.75,-9.58991,-21.4268,0.135456
988.8,-9.59058,-21.4275,0.13539
988.85,-9.59286,-21.4298,0.135162
988.9,-9.59401,-21.4309,0.135046
988.95,-9.58798,-21.4249,0.135649
989,-9.59299,-21.4299,0.135148
989.05,-9.5894,-21.4263,0.135508
989.1,-9.59505,-21.432,0.134942
989.15,-9.59307,-21.43,0.13514
989.2,-9.59161,-21.4285,0.135286
989.25,-9.59487,-21.4318,0.13496
989.3,-9.59238,-21.4293,0.135209
989.35,-9.59443,-21.4313,0.135005
989.4,-9.59716,-21.4341,0.134731
989.45,-9.59462,-21.4315,0.134985
989.5,-9.59181,-21.4287,0.135266
989.55,-9.59172,-21.4286,0.135275
989.6,-9.59736,-21.4343,0.134711
989.65,-9.59115,-21.4281,0.135332
989.7,-9.588,-21.4249,0.135647
989.75,-9.5908,-21.4277,0.135368
989.8,-9.59662,-21.4335,0.134785
989.85,-9.59415,-21.4311,0.135032
989.9,-9.59352,-21.4304,0.135095
989.95,-9.5884,-21.4253,0.135608
990,-9.59349,-21.4304,0.135098
990.05,-9.58872,-21.4256,0.135576
990.1,-9.59613,-21.4331,0.134834
990.15,-9.59368,-21.4306,0.135079
990.2,-9.59523,-21.4322,0.134924
990.25,-9.59121,-21.4281,0.135326
990.3,-9.596,-21.4329,0.134848
990.35,-9.58821,-21.4251,0.135626
990.4,-9.59647,-21.4334,0.1348
990.45,-9.59241,-21.4293,0.135206
990.5,-9.58859,-21.4255,0.135588
990.55,-9.59187,-21.4288,0.13526
990.6,-9.59421,-21.4311,0.135026
990.65,-9.59604,-21.433,0.134843
990.7,-9.59735,-21.4343,0.134712
990.75,-9.58822,-21.4251,0.135625
990.8,-9.59332,-21.4302,0.135115
990.85,-9.59213,-21.4291,0.135234
990.9,-9.59505,-21.432,0.134942
990.95,-9.59289,-21.4298,0.135159
991,-9.58916,-21.4261,0.135532
991.05,-9.58926,-21.4262,0.135521
991.1,-9.59701,-21.4339,0.134746
991.15,-9.58892,-21.4258,0.135555
991.2,-9.59282,-21.4297,0.135165
991.25,-9.59741,-21.4343,0.134706
991.3,-9.59212,-21.429,0.135235
991.35,-9.59185,-21.4288,0.135263
991.4,-9.59397,-21.4309,0.13505
991.45,-9.58805,-21.425,0.135643
991.5,-9.59265,-21.4296,0.135183
991.55,-9.58987,-21.4268,0.13546
991.6,-9.58917,-21.4261,0.135531
991.65,-9.59118,-21.4281,0.135329
991.7,-9.59595,-21.4329,0.134852
991.75,-9.5968,-21.4337,0.134767
991.8,-9.59479,-21.4317,0.134968
991.85,-9.59435,-21.4313,0.135012
991.9,-9.59741,-21.4343,0.134706
991.95,-9.59367,-21.4306,0.13508
992,-9.58916,-21.4261,0.135531
992.05,-9.58841,-21.4253,0.135607
992.1,-9.58794,-21.4249,0.135653
992.15,-9.59577,-21.4327,0.13487
992.2,-9.59685,-21.4338,0.134762
992.25,-9.58769,-21.4246,0.135678
992.3,-9.5964,-21.4333,0.134807
992.35,-9.59258,-21.4295,0.13519
992.4,-9.59223,-21.4292,0.135224
992.45,-9.59385,-21.4308,0.135062
992.5,-9.58787,-21.4248,0.135661
992.55,-9.59379,-21.4307,0.135068
992.6,-9.59552,-21.4324,0.134895
992.65,-9.59728,-21.4342,0.134719
992.7,-9.59511,-21.432,0.134936
992.75,-9.59074,-21.4277,0.135373
992.8,-9.5971,-21.434,0.134737
992.85,-9.58964,-21.4266,0.135483
992.9,-9.59499,-21.4319,0.134948
992.95,-9.59348,-21.4304,0.135099
993,-9.59009,-21.427,0.135438
993.05,-9.59004,-21.427,0.135443
993.1,-9.59575,-21.4327,0.134872
993.15,-9.59166,-21.4286,0.135281
993.2,-9.59362,-21.4305,0.135085
993.25,-9.59411,-21.431,0.135037
993.3,-9.59086,-21.4278,0.135361
993.35,-9.59082,-21.4277,0.135365
993.4,-9.59086,-21.4278,0.135361
993.45,-9.59068,-21.4276,0.135379
993.5,-9.5969,-21.4338,0.134758
993.55,-9.59243,-21.4294,0.135204
993.6,-9.59149,-21.4284,0.135298
993.65,-9.59724,-21.4342,0.134723
993.7,-9.5906,-21.4275,0.135387
993.75,-9.59075,-21.4277,0.135372
993.8,-9.59734,-21.4343,0.134713
993.85,-9.58941,-21.4263,0.135507
993.9,-9.59573,-21.4327,0.134874
993.95,-9.59197,-21.4289,0.13525
994,-9.59566,-21.4326,0.134881
994.05,-9.596,-21.4329,0.134847
994.1,-9.58816,-21.4251,0.135631
994.15,-9.59358,-21.4305,0.135089
994.2,-9.59568,-21.4326,0.134879
994.25,-9.59568,-21.4326,0.134879
994.3,-9.59673,-21.4337,0.134774
994.35,-9.59519,-21.4321,0.134928
994.4,-9.58772,-21.4246,0.135675
994.45,-9.59413,-21.4311,0.135034
994.5,-9.59107,-21.428,0.13534
994.55,-9.59022,-21.4271,0.135425
994.6,-9.59657,-21.4335,0.13479
994.65,-9.58923,-21.4262,0.135524
994.7,-9.59428,-21.4312,0.135019
994.75,-9.5926,-21.4295,0.135187
994.8,-9.59574,-21.4327,0.134873
994.85,-9.59755,-21.4345,0.134692
994.9,-9.59583,-21.4328,0.134864
994.95,-9.589,-21.4259,0.135547
995,-9.59064,-21.4276,0.135384
995.05,-9.59513,-21.4321,0.134934
995.1,-9.59383,-21.4308,0.135064
995.15,-9.59453,-21.4315,0.134994
995.2,-9.59477,-21.4317,0.13497
995.25,-9.59684,-21.4338,0.134763
995.3,-9.58768,-21.4246,0.135679
995.35,-9.59451,-21.4314,0.134996
995.4,-9.58865,-21.4256,0.135582
995.45,-9.59581,-21.4327,0.134866
995.5,-9.58889,-21.4258,0.135559
995.55,-9.59672,-21.4336,0.134775
995.6,-9.59421,-21.4311,0.135026
995.65,-9.58945,-21.4264,0.135502
995.7,-9.59271,-21.4296,0.135176
995.75,-9.5923,-21.4292,0.135217
995.8,-9.59753,-21.4345,0.134694
995.85,-9.59184,-21.4288,0.135263
995.9,-9.58989,-21.4268,0.135458
995.95,-9.58766,-21.4246,0.135681
996,-9.58837,-21.4253,0.13561
996.05,-9.59337,-21.4303,0.13511
996.1,-9.59028,-21.4272,0.135419
996.15,-9.59735,-21.4343,0.134712
996.2,-9.595,-21.4319,0.134947
996.25,-9.59697,-21.4339,0.13475
996.3,-9.59236,-21.4293,0.135211
996.35,-9.59314,-21.4301,0.135133
996.4,-9.59692,-21.4338,0.134755
996.45,-9.59059,-21.4275,0.135388
996.5,-9.59455,-21.4315,0.134992
996.55,-9.58996,-21.4269,0.135451
996.6,-9.58812,-21.425,0.135635
996.65,-9.59079,-21.4277,0.135368
996.7,-9.5969,-21.4338,0.134757
996.75,-9.5953,-21.4322,0.134917
996.8,-9.59003,-21.427,0.135444
996.85,-9.59698,-21.4339,0.134749
996.9,-9.59222,-21.4291,0.135226
996.95,-9.59109,-21.428,0.135338
997,-9.5952,-21.4321,0.134927
997.05,-9.59351,-21.4304,0.135097
997.1,-9.59021,-21.4271,0.135426
997.15,-9.59181,-21.4287,0.135266
997.2,-9.59536,-21.4323,0.134911
997.25,-9.59532,-21.4322,0.134915
997.3,-9.59652,-21.4334,0.134795
997.35,-9.59529,-21.4322,0.134918
997.4,-9.58957,-21.4265,0.13549
997.45,-9.58882,-21.4257,0.135566
997.5,-9.59535,-21.4323,0.134912
997.55,-9.59035,-21.4273,0.135412
997.6,-9.59459,-21.4315,0.134988
997.65,-9.58804,-21.425,0.135644
997.7,-9.59011,-21.427,0.135437
997.75,-9.592,-21.4289,0.135248
997.8,-9.59741,-21.4343,0.134706
997.85,-9.59487,-21.4318,0.13496
997.9,-9.59754,-21.4345,0.134693
997.95,-9.59674,-21.4337,0.134774
998,-9.58786,-21.4248,0.135661
998.05,-9.5945,-21.4314,0.134997
998.1,-9.5891,-21.426,0.135537
998.15,-9.58839,-21.4253,0.135608
998.2,-9.58769,-21.4246,0.135678
998.25,-9.5884,-21.4253,0.135607
998.3,-9.59609,-21.433,0.134838
998.35,-9.59013,-21.4271,0.135434
998.4,-9.58779,-21.4247,0.135668
998.45,-9.59071,-21.4276,0.135376
998.5,-9.59362,-21.4305,0.135085
998.55,-9.59539,-21.4323,0.134908
998.6,-9.59662,-21.4335,0.134785
998.65,-9.59624,-21.4332,0.134823
998.7,-9.58961,-21.4265,0.135486
998.75,-9.59438,-21.4313,0.135009
998.8,-9.59397,-21.4309,0.13505
998.85,-9.58853,-21.4255,0.135594
998.9,-9.59208,-21.429,0.13524
998.95,-9.59594,-21.4329,0.134853
999,-9.58975,-21.4267,0.135472
999.05,-9.58983,-21.4268,0.135464
999.1,-9.5887,-21.4256,0.135577
999.15,-9.59674,-21.4337,0.134773
999.2,-9.59027,-21.4272,0.13542
999.25,-9.59121,-21.4281,0.135326
999.3,-9.59114,-21.4281,0.135333
999.35,-9.59008,-21.427,0.135439
999.4,-9.58848,-21.4254,0.135599
999.45,-9.59109,-21.428,0.135338
999.5,-9.58922,-21.4261,0.135525
999.55,-9.58875,-21.4257,0.135573
999.6,-9.58799,-21.4249,0.135648
999.65,-9.59073,-21.4277,0.135374
999.7,-9.58954,-21.4265,0.135493
999.75,-9.58808,-21.425,0.135639
999.8,-9.59154,-21.4285,0.135293
999.85,-9.58803,-21.425,0.135644
999.9,-9.59061,-21.4275,0.135386
999.95,-9.59173,-21.4287,0.135274
1000,-9.59115,-21.4281,0.135333
